{"format_version":"1.9.0","credit":"Made with Blockbench","texture_size":[64,64],"textures":{"0":"item/2a42436891524834a03f8bc6d74b9062/90ecf6e7ad204dabb8a2a7d36088271a"},"elements":[{"from":[5,21,6],"to":[11,22,12],"rotation":{"angle":0,"axis":"y","origin":[5,21,6]},"faces":{"north":{"uv":[1,7,2.5,7.25],"texture":"#0"},"east":{"uv":[7,1,8.5,1.25],"texture":"#0"},"south":{"uv":[7,1.25,8.5,1.5],"texture":"#0"},"west":{"uv":[7,1.5,8.5,1.75],"texture":"#0"},"up":{"uv":[4.5,5.5,3,4],"texture":"#0"},"down":{"uv":[6,4,4.5,5.5],"texture":"#0"}}},{"from":[4,19,5],"to":[12,21,13],"rotation":{"angle":0,"axis":"y","origin":[4,19,5]},"faces":{"north":{"uv":[5.5,3,7.5,3.5],"texture":"#0"},"east":{"uv":[5.5,3.5,7.5,4],"texture":"#0"},"south":{"uv":[1,6,3,6.5],"texture":"#0"},"west":{"uv":[6,4,8,4.5],"texture":"#0"},"up":{"uv":[2,2,0,0],"texture":"#0"},"down":{"uv":[2,2,0,4],"texture":"#0"}}},{"from":[5,11,6],"to":[11,19,12],"rotation":{"angle":0,"axis":"y","origin":[5,11,6]},"faces":{"north":{"uv":[0,4,1.5,6],"texture":"#0"},"east":{"uv":[4,0,5.5,2],"texture":"#0"},"south":{"uv":[1.5,4,3,6],"texture":"#0"},"west":{"uv":[4,2,5.5,4],"texture":"#0"},"up":{"uv":[7,1.5,5.5,0],"texture":"#0"},"down":{"uv":[7,1.5,5.5,3],"texture":"#0"}}},{"from":[6,5,7],"to":[10,11,11],"rotation":{"angle":0,"axis":"y","origin":[6,5,7]},"faces":{"north":{"uv":[3,5.5,4,7],"texture":"#0"},"east":{"uv":[4,5.5,5,7],"texture":"#0"},"south":{"uv":[5,5.5,6,7],"texture":"#0"},"west":{"uv":[0,6,1,7.5],"texture":"#0"},"up":{"uv":[7,5.5,6,4.5],"texture":"#0"},"down":{"uv":[7,5.5,6,6.5],"texture":"#0"}}},{"from":[7,2,8],"to":[9,5,10],"rotation":{"angle":0,"axis":"y","origin":[7,2,8]},"faces":{"north":{"uv":[7,1.75,7.5,2.5],"texture":"#0"},"east":{"uv":[2.5,7,3,7.75],"texture":"#0"},"south":{"uv":[3,7,3.5,7.75],"texture":"#0"},"west":{"uv":[3.5,7,4,7.75],"texture":"#0"},"up":{"uv":[7.5,3,7,2.5],"texture":"#0"},"down":{"uv":[4.5,7,4,7.5],"texture":"#0"}}},{"from":[4,22,5],"to":[12,24,13],"rotation":{"angle":0,"axis":"y","origin":[4,22,5]},"faces":{"north":{"uv":[1,6.5,3,7],"texture":"#0"},"east":{"uv":[6,6.5,8,7],"texture":"#0"},"south":{"uv":[7,0,9,0.5],"texture":"#0"},"west":{"uv":[7,0.5,9,1],"texture":"#0"},"up":{"uv":[4,2,2,0],"texture":"#0"},"down":{"uv":[4,2,2,4],"texture":"#0"}}}],"display":{"thirdperson_righthand":{"rotation":[90,0,0],"translation":[0,-1.25,-9.25],"scale":[0.7,0.7,0.7]},"thirdperson_lefthand":{"rotation":[90,0,0],"translation":[0,-1,-9.5],"scale":[0.7,0.7,0.7]},"firstperson_righthand":{"rotation":[45,10,0],"translation":[1,1,-8.25],"scale":[0.7,0.7,0.7]},"firstperson_lefthand":{"rotation":[45,10,0],"translation":[1,1,-8.25],"scale":[0.7,0.7,0.7]},"ground":{"rotation":[-90,0,0]},"gui":{"rotation":[-19,32,-7],"translation":[0,-3.75,0],"scale":[0.7,0.7,0.7]},"head":{"rotation":[90,0,0],"translation":[0,1.5,-30.5],"scale":[1.5,1.5,1.5]},"fixed":{"rotation":[-4,29,9],"translation":[0,-5.25,0]}},"groups":[{"name":"group","origin":[5,21,6],"color":0,"children":[0,1,2,3,4,5]}]}