{"providers":[{"type":"bitmap","chars":["一"],"height":16,"file":"minecraft:font/863e57313454430abb01bbca19008d1d/a0aeef5619a344419788a00a15495f7c.png","ascent":16},{"type":"bitmap","chars":["丁"],"height":8,"file":"minecraft:font/bf36dfbda84a415f8d89fe816115147d/02ca0f75e22e467c8fc2135ec0ccb4ef.png","ascent":8},{"type":"bitmap","chars":["丂"],"height":8,"file":"minecraft:font/9292dd9a498a40f1b4b33d556484dd2c/f2023531e1e14334a809fd31f259f949.png","ascent":8},{"type":"bitmap","chars":["七"],"height":8,"file":"minecraft:font/69de15e335894d2dacf6d3f33be65116/090560338c444ffe8f55c281769ec03a.png","ascent":8},{"type":"bitmap","chars":["丄"],"height":8,"file":"minecraft:font/ca35ee2681bf4e6eba854349945465fb/e0e862ac905145a7826858d101ad9615.png","ascent":8},{"type":"bitmap","chars":["丅"],"height":8,"file":"minecraft:font/d51716b64282430f98bc3698b9435569/eb97511c911347f4942eb7bb459e3229.png","ascent":8},{"type":"bitmap","chars":["丆"],"height":8,"file":"minecraft:font/3c3ffad3d69849eb95e71b2e61d2935e/dd29d7eb40c04f029dd684888f8e3c1a.png","ascent":8},{"type":"bitmap","chars":["万"],"height":8,"file":"minecraft:font/184675676ca849078875d609f4f2de1d/0a09dd422e014446b1cc4ff05c36cfd5.png","ascent":8},{"type":"bitmap","chars":["丈"],"height":8,"file":"minecraft:font/98404875e3184248931dd49f9c2cc309/6e4aaafc3b354664aaa7f69b687ce915.png","ascent":8},{"type":"bitmap","chars":["三"],"height":8,"file":"minecraft:font/e0b1387584d2499489fd49db6c9d1054/5e89cef7f55e47fdaaaa668296814d72.png","ascent":8},{"type":"bitmap","chars":["上"],"height":8,"file":"minecraft:font/1cd0ce73229e43679b3160e119de30ad/222f356555ea4ba48ff0d5b8d915096e.png","ascent":8},{"type":"bitmap","chars":["下"],"height":8,"file":"minecraft:font/f99d5dd65d7c4aae80c4f023166de920/3174be6565ad4cc08479851542d5bdfe.png","ascent":8},{"type":"bitmap","chars":["丌"],"height":8,"file":"minecraft:font/a9c8c52b322a4bd68af864fff9d225f5/5b9a3c77770a41d49399e3043f2144df.png","ascent":8},{"type":"bitmap","chars":["不"],"height":8,"file":"minecraft:font/03ad199b37004682b28300d140ff1369/f22537bf80044de1bcb62e98d0e7cee8.png","ascent":8},{"type":"bitmap","chars":["与"],"height":8,"file":"minecraft:font/446ada2c18ca4aeda927a5ea216a62d3/1e60a536f26c42e5a73501579b1a7008.png","ascent":8},{"type":"bitmap","chars":["丏"],"height":8,"file":"minecraft:font/990d3610350e47a5901e47ed4ee2bc9b/03abee6b01ee4efc8226200690b9cab7.png","ascent":8},{"type":"bitmap","chars":["丐"],"height":8,"file":"minecraft:font/59b3b3a2c21543939a0aa3dd652d3d56/0a9e9088e5504cf284f27b9d27dcc335.png","ascent":8},{"type":"bitmap","chars":["丑"],"height":8,"file":"minecraft:font/60d29ec480c546a79d22e51fde3b7588/8206c30334df4c8781d9edd4db2d9f05.png","ascent":8},{"type":"bitmap","chars":["丒"],"height":8,"file":"minecraft:font/e440b96a56854039b4641321b76d5323/7ad6ffde6bf8472aba8fb915ffc1ee7f.png","ascent":8},{"type":"bitmap","chars":["专"],"height":8,"file":"minecraft:font/b0f1c1a4000945f38acdd4acb7262777/ea521435b8c646c8ae6e887e21644acd.png","ascent":8},{"type":"bitmap","chars":["且"],"height":8,"file":"minecraft:font/352d393b64c84a3eb3521391265ae03d/e85529ba15b94b249f67070cb6f32a42.png","ascent":8},{"type":"bitmap","chars":["丕"],"height":8,"file":"minecraft:font/f9abc94e319a462cba61f51a38d430d6/60cdfd6dc143460ca073c3bb22973b06.png","ascent":8},{"type":"bitmap","chars":["世"],"height":8,"file":"minecraft:font/dd2ff1d904294870ae47f15765584c4b/f625070902464506883ec3d1f21f7d6a.png","ascent":8},{"type":"bitmap","chars":["丗"],"height":8,"file":"minecraft:font/c52943eceb37470f9d0b25e6cb9679b8/98a0f45dc7f44bccaa191699060249e7.png","ascent":8},{"type":"bitmap","chars":["丘"],"height":8,"file":"minecraft:font/d49bc3bf1b02480389901b35b1c206d9/85ef2e4e23054257a2830ccd97d5921f.png","ascent":8},{"type":"bitmap","chars":["丙"],"height":8,"file":"minecraft:font/4f72de563fa049f393444308e643a9a4/9e1e499ef9254100817113e7e1ce3dfb.png","ascent":8},{"type":"bitmap","chars":["业"],"height":8,"file":"minecraft:font/8a290594667f4e7c977671e723e86bfa/55993e051d9646228f90da5fbb511542.png","ascent":8},{"type":"bitmap","chars":["丛"],"height":8,"file":"minecraft:font/e42e46c565c14d6cb56c1335c596d02f/2311a63b14cd4d809e6011724f47d1d7.png","ascent":8},{"type":"bitmap","chars":["东"],"height":8,"file":"minecraft:font/4769dc5f44d44c838f0e1dd128263591/7044caced25d41fdbaffc2dc625dcc53.png","ascent":8},{"type":"bitmap","chars":["丝"],"height":8,"file":"minecraft:font/f576b6379ecc405890d1118fa027647b/572d5eff7c2648f6981552e3cc1aa1af.png","ascent":8},{"type":"bitmap","chars":["丞"],"height":8,"file":"minecraft:font/50c2dce3b239408ba244b7e9b3a0fbfd/e015fef1ee2a467993da0c5dcc8d2a5b.png","ascent":8},{"type":"bitmap","chars":["丟"],"height":8,"file":"minecraft:font/ff69140b1de4429480b56114071e2b48/4a55a9c9108e46c59aef69b885f0b429.png","ascent":8},{"type":"bitmap","chars":["丠"],"height":8,"file":"minecraft:font/edbd4622e0c5496cb77de61fd628cf83/7cbbaf31db3b46c6a5e426eb7b211fa3.png","ascent":8},{"type":"bitmap","chars":["両"],"height":8,"file":"minecraft:font/ac24122e5ee94a0aae6ea09b8b4b0231/b8f59261146e41d2a14720cd41e048f6.png","ascent":8},{"type":"bitmap","chars":["丢"],"height":8,"file":"minecraft:font/a5b11e70577741abaf68abe525e8f0cc/5293ab5f651849dcadd21c3b1fc0951e.png","ascent":8},{"type":"bitmap","chars":["丣"],"height":8,"file":"minecraft:font/251a756027e04b55a3a6684013b1f053/10345b04ee1d4cc89dcf6f107878cf91.png","ascent":8},{"type":"bitmap","chars":["两"],"height":8,"file":"minecraft:font/bf72b4f532b34bbbad9e18dfa892098c/3540658d7a2044afa0bebb55bf04d0f4.png","ascent":8},{"type":"bitmap","chars":["严"],"height":8,"file":"minecraft:font/f0c6b092ad2a48d79674f513ee7f601e/969fe16ade434166928e4c9d4a595e01.png","ascent":8},{"type":"bitmap","chars":["並"],"height":8,"file":"minecraft:font/b6723034180a478e8f98f474a11790ab/7037e8a11a2b4912871ca6b569e3e588.png","ascent":8},{"type":"bitmap","chars":["丧"],"height":8,"file":"minecraft:font/eb0c8a8eb2d44155935bef2b8b76b4c4/3223163c39e64da1924f3b83f2a34e3a.png","ascent":8},{"type":"bitmap","chars":["丨"],"height":8,"file":"minecraft:font/ab6d7d9d6cb54a26a462c10b0bb86b84/d59eab56cbaa4358a03f9126da14aa05.png","ascent":8},{"type":"bitmap","chars":["丩"],"height":8,"file":"minecraft:font/34134e1137414f4ca62256129e2a61f1/e6ef43ee12a54ec89d324a7b92b9b137.png","ascent":8},{"type":"bitmap","chars":["个"],"height":8,"file":"minecraft:font/0b48e6969879414aaa4a4f9e65442475/ddf17535619c4f5b87cbbb0997357175.png","ascent":8},{"type":"bitmap","chars":["丫"],"height":8,"file":"minecraft:font/7fe417b82fdf4cc6b96d6ccefa99c1a2/c7c3ff265bd94ccabcdf30ab0d8834b5.png","ascent":8},{"type":"bitmap","chars":["丬"],"height":8,"file":"minecraft:font/5c848b10cf2d4c95acb057ff8d583d94/59412547191543c7ad3cb3d79e723baa.png","ascent":8},{"type":"bitmap","chars":["中"],"height":8,"file":"minecraft:font/ef83a91966ac4660a4ba6fff2a1a7b4a/e18b9034e30e46fc9b4ccccfb6982aae.png","ascent":8},{"type":"bitmap","chars":["丮"],"height":8,"file":"minecraft:font/b1cfa28928274ed5af24904907f1cbb0/c5e8ec64882643f2b83747b5eb93d8b4.png","ascent":8},{"type":"bitmap","chars":["丯"],"height":8,"file":"minecraft:font/892a0dc5aef245fabb3a52bc107ae05e/bdbb13e956114774a12ee49def50f527.png","ascent":8},{"type":"bitmap","chars":["丰"],"height":8,"file":"minecraft:font/bba423a1642c40da88fb9aee3f100af8/caeab12f7a57418db34737fa5eea94c0.png","ascent":8},{"type":"bitmap","chars":["丱"],"height":8,"file":"minecraft:font/4166a29b40c848fda291976a6ee245ec/bc2a9a440b5b4a42b37c8af51b1f8845.png","ascent":8},{"type":"bitmap","chars":["串"],"height":8,"file":"minecraft:font/d77e9344967c4cc99735a22cdab85182/7adfd27be6ac48a4a7a1d48bce401141.png","ascent":8},{"type":"bitmap","chars":["丳"],"height":8,"file":"minecraft:font/0e43318477d642a3a18e2ddcf9263326/9c5101ece99a45a2b31e31d2b5aa0ce2.png","ascent":8},{"type":"bitmap","chars":["垙"],"height":16000,"file":"minecraft:font/7fa34f2400ab4c858da12b8d2845cfcd/37e9793c1693484596044bad13d200b7.png","ascent":16000},{"type":"bitmap","chars":["亖"],"height":8,"file":"minecraft:font/8af021900b48495489a41e0ebd24b851/7c5a50c20d4d44fda51d9146bd8ee3d3.png","ascent":8},{"type":"bitmap","chars":["亗"],"height":8,"file":"minecraft:font/e7427ae087184779809424bf580a1394/99f7aa9387924c8eb3d5df6794261d4c.png","ascent":8},{"type":"bitmap","chars":["亘"],"height":8,"file":"minecraft:font/de9b5fb4cc7c4887b7814f4239ef7f2d/c6bfc3f9e5944dbf9898c7dd81fa671c.png","ascent":8},{"type":"bitmap","chars":["亙"],"height":8,"file":"minecraft:font/5cea396e73e040bbae07a2f02baa3a48/c2dd3b4a7f834b78a5a033a124e7e90a.png","ascent":8},{"type":"bitmap","chars":["亚"],"height":8,"file":"minecraft:font/5ae964cd59f4426388df5df1ee34017c/eaf30a77b8e644f2a4db04e629538c0b.png","ascent":8},{"type":"bitmap","chars":["些"],"height":8,"file":"minecraft:font/24de856985224d40af4696f2f60f0abb/7e70d123df0b465bb23b8cb6c3a7ab7a.png","ascent":8},{"type":"bitmap","chars":["亜"],"height":8,"file":"minecraft:font/eed4da2e72a7401999947438e391944c/14732c914f67450f9a95ea5878e14248.png","ascent":8},{"type":"bitmap","chars":["亝"],"height":8,"file":"minecraft:font/0b805278d20045ad9833caa338d8f582/a7732a1603864cf2ad5ac9768e4a0d66.png","ascent":8},{"type":"bitmap","chars":["亞"],"height":8,"file":"minecraft:font/d96faed7eae04fa8ab166019b0e60dcb/f32f49fab3864aebaa833737f9e5520f.png","ascent":8},{"type":"bitmap","chars":["亟"],"height":8,"file":"minecraft:font/0903f45c87ac448eba69ba6213309063/18f94cb1f53c4812947e1af710389a2b.png","ascent":8},{"type":"bitmap","chars":["亠"],"height":8,"file":"minecraft:font/fbb2ba57bf80474ea054273c70f9c0c2/404f1ba55d594539b1180a5812229e0c.png","ascent":8},{"type":"bitmap","chars":["亡"],"height":8,"file":"minecraft:font/369ff195c031414dad8270522adfaa29/f01e8877a8054318a4d37f31840abab7.png","ascent":8},{"type":"bitmap","chars":["亢"],"height":8,"file":"minecraft:font/e971d85b958c4f72acd8c61441e7c9e3/2a5efe54a73948b195f2d15407beb77b.png","ascent":8},{"type":"bitmap","chars":["亣"],"height":8,"file":"minecraft:font/d49c402619544c2e89dcea058c10cce8/1a7b2ae2d02f4b59822bcec4b717e35b.png","ascent":8},{"type":"bitmap","chars":["交"],"height":8,"file":"minecraft:font/8ea763e198674e70beb2fed4610face9/6c63f69847d347aeb8165e37237564a0.png","ascent":8},{"type":"bitmap","chars":["亥"],"height":8,"file":"minecraft:font/d31280d44a864949b51bbaf2e6d03dfa/37303ae67a7f428392d989c38c912373.png","ascent":8},{"type":"bitmap","chars":["亦"],"height":8,"file":"minecraft:font/92b4bb3902c344e5b7f33764de4f35cd/49deca5ec3024dac98078a6881ae85e1.png","ascent":8},{"type":"bitmap","chars":["产"],"height":8,"file":"minecraft:font/efb3a370e3a143e58617fd1ee53e3a9c/e29c95b58a284759a6e451ff463b8af3.png","ascent":8},{"type":"bitmap","chars":["亨"],"height":8,"file":"minecraft:font/b537a23c74eb4215ada1366757e24e05/e22be80e43d24789b8cc9b0d61a3b994.png","ascent":8},{"type":"bitmap","chars":["亩"],"height":8,"file":"minecraft:font/17bd3d72c8a84442a244572560cd69b0/7529433bbda645698a21b7440ece6f8a.png","ascent":8},{"type":"bitmap","chars":["亪"],"height":8,"file":"minecraft:font/4942dec6e5b246bebd4ff26f238faa8d/2ec2a3a6ed4f4b7fa5b0db451b5e0a68.png","ascent":8},{"type":"bitmap","chars":["享"],"height":8,"file":"minecraft:font/5d73a192ebf34ab99cab9ed961237e8e/2cc288916f33402f9fa84fcb7c192a3f.png","ascent":8},{"type":"bitmap","chars":["京"],"height":8,"file":"minecraft:font/ef07e1472e6a4d2cac105e53a7ec09e8/45131d36e67141978450a9727283bbb3.png","ascent":8},{"type":"bitmap","chars":["亭"],"height":8,"file":"minecraft:font/c2bea190afd5406ea81c67abd034f211/616282a9680f4b76b54ab162ba33fe81.png","ascent":8},{"type":"bitmap","chars":["亮"],"height":8,"file":"minecraft:font/8fb277dd80f6488cb341a744274f0e52/4db820945a66495b9daae13ff410f8d7.png","ascent":8},{"type":"bitmap","chars":["亯"],"height":8,"file":"minecraft:font/3fd8dba6bcc84b228f7e0716f2cdd089/8e71533a931f4afaaf27ddf64003d3f3.png","ascent":8},{"type":"bitmap","chars":["亰"],"height":8,"file":"minecraft:font/11b8f67139cb49f88e3aed90a1a0ef90/666db71eb3104d8c993dd0a6dd7c5eb5.png","ascent":8},{"type":"bitmap","chars":["亱"],"height":8,"file":"minecraft:font/fe881ca8cd334206905a5c67c96e8313/6faaa7ac57c642b2b88576eaad3ee82e.png","ascent":8},{"type":"bitmap","chars":["亲"],"height":8,"file":"minecraft:font/a2b6482ae6e049b1a2780198cf00ccc2/1d7104648d1742dabfdc8ffd598e1992.png","ascent":8},{"type":"bitmap","chars":["亳"],"height":8,"file":"minecraft:font/54e1dc30a5e7418c800069731da38612/01faeb5547e84021b49b9718e3781245.png","ascent":8},{"type":"bitmap","chars":["亴"],"height":8,"file":"minecraft:font/13e021a3b335458187b6a86e3fea94ed/fbe2c28c57ac4607a771054f0466adc4.png","ascent":8},{"type":"bitmap","chars":["亵"],"height":8,"file":"minecraft:font/a22822fae7d14871b730396cd01a2a90/71bb0af772fb49c8b2db921a68ba0cc4.png","ascent":8},{"type":"bitmap","chars":["亶"],"height":8,"file":"minecraft:font/3c6a873769fa43b49f39d3d37f5951b6/bc1accb53666425da73153f330e99aca.png","ascent":8},{"type":"bitmap","chars":["亷"],"height":8,"file":"minecraft:font/87ce092b24c24e37838937d13663fcee/3c85b63c877d40f4bbb59f5783c5ca9c.png","ascent":8},{"type":"bitmap","chars":["亸"],"height":8,"file":"minecraft:font/1f11883f2aec455a82dd875c65f6b55e/7bcd317f90b841ee8f611a0cbf88b3a7.png","ascent":8},{"type":"bitmap","chars":["亹"],"height":8,"file":"minecraft:font/69e44500917b4c13b1870b6f656d1283/d793dd2a1e6a472f943540353b1f5d45.png","ascent":8},{"type":"bitmap","chars":["人"],"height":8,"file":"minecraft:font/87c427de8eb2436aa96620ede0c3a5e8/0b7850ae2a9a4f6182742c23912562d8.png","ascent":8},{"type":"bitmap","chars":["亻"],"height":8,"file":"minecraft:font/e6459d75011a444c90dbf8ced4f52cf1/72142440022f41dbb532e19431bd4124.png","ascent":8},{"type":"bitmap","chars":["亼"],"height":8,"file":"minecraft:font/2b1c241f296843a5a16cad6446e13201/43f74f63e59d45048b3b69dd223f8532.png","ascent":8},{"type":"bitmap","chars":["亽"],"height":8,"file":"minecraft:font/27234781448640d0b2cff4dcdad6d8ba/a504d85369a241dcae23ec9e41e1c207.png","ascent":8},{"type":"bitmap","chars":["亾"],"height":8,"file":"minecraft:font/00975b32ecde43b0974327bc62393890/d8823e15e9444354b1aa1cd1f7c01f86.png","ascent":8},{"type":"bitmap","chars":["亿"],"height":8,"file":"minecraft:font/7f953881743d42e8b90731540749f912/ffe783a11ed94198a59102e8c1fde544.png","ascent":8},{"type":"bitmap","chars":["什"],"height":8,"file":"minecraft:font/9e28417f516b4058b5c82aff37058597/dd73565883984b4fb4b4d48b35d6165d.png","ascent":8},{"type":"bitmap","chars":["仁"],"height":8,"file":"minecraft:font/9f970ec215f541c3bf15106f1187e4d5/4e3a28f7f8d542229e036d4b3d6e6517.png","ascent":8},{"type":"bitmap","chars":["仂"],"height":8,"file":"minecraft:font/04d55f71e19d42838c9a97c7e51b1803/458ea7cd3a72461a8f7568dfa21d47bb.png","ascent":8},{"type":"bitmap","chars":["仃"],"height":8,"file":"minecraft:font/17fcb9fdf5614ee09200f54a36b09948/c74509457d064a9c88f60b04ced87221.png","ascent":8},{"type":"bitmap","chars":["仄"],"height":8,"file":"minecraft:font/968f97eb21ee4f6a94b35daae5462116/dcf488a2ad9748e5aa732983167c0f4b.png","ascent":8},{"type":"bitmap","chars":["仅"],"height":8,"file":"minecraft:font/7e44db571ae94ca6a747e15c16a34459/8c9b6e05f00c498d90ea6f255eac983c.png","ascent":8},{"type":"bitmap","chars":["仆"],"height":8,"file":"minecraft:font/7b7f73ace22a4030b02738a168602d9f/b538c269ef08402b9abaf07553439b18.png","ascent":8},{"type":"bitmap","chars":["仇"],"height":8,"file":"minecraft:font/7a15bcb195eb461a93319bb3e70b5b9e/386547d16dc546f79b8d11d63133a65c.png","ascent":8},{"type":"bitmap","chars":["仈"],"height":8,"file":"minecraft:font/bed975ac05374dc7b980d6bbe32e0706/c8643796e0294120bbccfb0c629c3712.png","ascent":8},{"type":"bitmap","chars":["仉"],"height":8,"file":"minecraft:font/0c2afbcc3e554bac8f0f7b49fac6e03f/a031d8d903dd40d5a31858a20e0d9036.png","ascent":8},{"type":"bitmap","chars":["今"],"height":8,"file":"minecraft:font/7a49e809aa294b0f817bb380fb0ead33/314073cf40fd4e1d8af2726484679fd7.png","ascent":8},{"type":"bitmap","chars":["介"],"height":8,"file":"minecraft:font/a402d11be44249f489c27790801be0a5/e30e6ef0f91345edb389d73251313e9e.png","ascent":8},{"type":"bitmap","chars":["仌"],"height":8,"file":"minecraft:font/8626ae330090447d899e36490568556a/8cbe192d0264439885ab9e841b294919.png","ascent":8},{"type":"bitmap","chars":["仍"],"height":8,"file":"minecraft:font/e961960cae2a49a69890106214b7e25b/1e6455f4615c443883da9569938836f3.png","ascent":8},{"type":"bitmap","chars":["从"],"height":8,"file":"minecraft:font/106f90ce0b8b44b5a492f1901a70888f/d519d5eee26841ce81023c7f501bac30.png","ascent":8},{"type":"bitmap","chars":["仏"],"height":8,"file":"minecraft:font/2dce80d7bafa457d9fccca98973d79f5/51c9012b3a524fff802e618a36d5096e.png","ascent":8},{"type":"bitmap","chars":["仐"],"height":8,"file":"minecraft:font/79d1b9e5057d4ae6b95e2bb9d63537d6/deab5e67f1ab4d6086f487cd17fa1732.png","ascent":8},{"type":"bitmap","chars":["仑"],"height":8,"file":"minecraft:font/1a2f54dd9ddd4ff8b92e3c8cf45564b6/5f745812d38d4a149b8ef68f54924532.png","ascent":8},{"type":"bitmap","chars":["仒"],"height":8,"file":"minecraft:font/6dadd18b84b143138c44f201660013eb/bb364f56ac2048dca299ecf8bf6e6e9c.png","ascent":8},{"type":"bitmap","chars":["仓"],"height":8,"file":"minecraft:font/0f1f591bb7e843d397ecca525db81a5b/c595f89fee9b43878832ab45708243f4.png","ascent":8},{"type":"bitmap","chars":["仔"],"height":8,"file":"minecraft:font/87f1222483144752ab610769a22b6080/5be99d4e0693432b83f0a208033f7d18.png","ascent":8},{"type":"bitmap","chars":["仕"],"height":8,"file":"minecraft:font/a23fedb61ac747b78cf0923784404c87/f2a2bf17793749cda339b4b69b8a7a33.png","ascent":8},{"type":"bitmap","chars":["他"],"height":8,"file":"minecraft:font/d25e119c24fe4a9aaa7eec788d02f3a1/340498179df64567bb425cc94a8c30f5.png","ascent":8},{"type":"bitmap","chars":["仗"],"height":8,"file":"minecraft:font/75f08dcac1b648358f6612d7a5ac47e7/cf19574d691a4e6596bd7b5ff5e79b78.png","ascent":8},{"type":"bitmap","chars":["付"],"height":8,"file":"minecraft:font/fc8d9cab0ebd48229eebda9b4aaa8b5f/fa536b5803ae4a98b34072897b4052b0.png","ascent":8},{"type":"bitmap","chars":["仙"],"height":8,"file":"minecraft:font/67b35c7b2a654e07b77a8ddc753d6137/da3fca2ea7e646618ef3890a6ec2d8ae.png","ascent":8},{"type":"bitmap","chars":["仚"],"height":8,"file":"minecraft:font/1d27f65610d44f6993575d62eae009c6/79c0f82d066a49bbb4fa9c60180394ed.png","ascent":8},{"type":"bitmap","chars":["仛"],"height":8,"file":"minecraft:font/a4e9b3a3647743d2b7e8cebdec3b6c8d/7c3836b5e1a64c66b89f739c4e1b647f.png","ascent":8},{"type":"bitmap","chars":["仜"],"height":8,"file":"minecraft:font/71e2f4011e31430a8e9e0bcef6aa70bf/ba916d5ff7174b98a1da1be5c899e278.png","ascent":8},{"type":"bitmap","chars":["仝"],"height":8,"file":"minecraft:font/62dd0b1e36a14ac4a7639de1d9c1286f/c0f78e24580e4e8e84744bd26a41429f.png","ascent":8},{"type":"bitmap","chars":["仞"],"height":8,"file":"minecraft:font/eff9ed0ca95a453bb3b682821f1cbf89/4950d6e8bbc64d67b47886465bc3ccb7.png","ascent":8},{"type":"bitmap","chars":["仟"],"height":8,"file":"minecraft:font/d50cedbd2bc3439c8f9d8d751f1d5a0f/4ba6abb02d724d719f027a765cf334c8.png","ascent":8},{"type":"bitmap","chars":["仠"],"height":8,"file":"minecraft:font/8a97c4561016405bafd0dd94545a7ae1/a627230e09204b79ba2c5a608eaffaf5.png","ascent":8},{"type":"bitmap","chars":["仡"],"height":8,"file":"minecraft:font/4cd39abaaa6445b28ebdfc90c9a68d16/b4dee3aa792d4070950b1260926cc06f.png","ascent":8},{"type":"bitmap","chars":["仢"],"height":8,"file":"minecraft:font/a94de217153b4cee9a7b7aa2222f96e6/2279eedd1d954814b393f8fe805c42a6.png","ascent":8},{"type":"bitmap","chars":["代"],"height":8,"file":"minecraft:font/a49b6274b1124472ad1fd0580c386b77/85b4b5b5468548b384a2cf0969c68dff.png","ascent":8},{"type":"bitmap","chars":["令"],"height":8,"file":"minecraft:font/3c9d8e6c7baf45b38cce42d3e3866ac2/bb7b0f595a5d49ae834d42436731b882.png","ascent":8},{"type":"bitmap","chars":["以"],"height":8,"file":"minecraft:font/cbff256fd6b94319952e29905f8d55a5/f78e911ceab04a27a9c3b1b1ef2cdf20.png","ascent":8},{"type":"bitmap","chars":["仦"],"height":8,"file":"minecraft:font/8a2d4753059d4d5fb1dc33a6720d8a55/4aa7df86b1b543a4859581d7999311cd.png","ascent":8},{"type":"bitmap","chars":["仧"],"height":8,"file":"minecraft:font/0c94a78b46494116b3730e73f3075024/ee4ff282747d417799044c194065d892.png","ascent":8},{"type":"bitmap","chars":["仨"],"height":8,"file":"minecraft:font/7de9671961984ec38f6e907bfb6e4f24/b8803cf9139947be99e50bb983476153.png","ascent":8},{"type":"bitmap","chars":["仩"],"height":8,"file":"minecraft:font/f1b863c4777440c7ad565dff41e14300/17483808b6a44f44957ab35f378de94f.png","ascent":8},{"type":"bitmap","chars":["仪"],"height":8,"file":"minecraft:font/2966e7dedf0248028a6da8b4074e81b3/15c8de94e4864e49a7a9d6402cad8552.png","ascent":8},{"type":"bitmap","chars":["仫"],"height":8,"file":"minecraft:font/1edc8e8addc54a71a37110e02853ea5d/3f2be1bd33c24f83b75de9b827dc8f5b.png","ascent":8},{"type":"bitmap","chars":["们"],"height":8,"file":"minecraft:font/8593dc6b84e44eaab38e2521b91503aa/802956a0f4c9464d8f7ed4cd3f21dc6f.png","ascent":8},{"type":"bitmap","chars":["仭"],"height":8,"file":"minecraft:font/3094be14b45f4f2a9feb87af9307045d/9df0510a7a76475392a872519e7fffc6.png","ascent":8},{"type":"bitmap","chars":["仮"],"height":8,"file":"minecraft:font/76ee02b57ce64672a265fae3bff08a71/a734bbb654cc42de83a6331cbcc85d1e.png","ascent":8},{"type":"bitmap","chars":["仯"],"height":8,"file":"minecraft:font/83783b0bd87d40bcb842c3a8363c39f5/e1ffc2957bd1484892b5a390d3a18a64.png","ascent":8},{"type":"bitmap","chars":["仰"],"height":8,"file":"minecraft:font/7a979e3e86454513bcf9bdc54e29544c/198c80a37d1345a59a19c32a0d888d78.png","ascent":8},{"type":"bitmap","chars":["仱"],"height":8,"file":"minecraft:font/fc310a5ad8e945b3be44ce9f216768a5/feada4c600af42d0971bddefffda9120.png","ascent":8},{"type":"bitmap","chars":["仲"],"height":8,"file":"minecraft:font/994b8033afd24a9caa2fea8139d0e1d0/1ff916f3782e4f9695f1a891810fb19c.png","ascent":8},{"type":"bitmap","chars":["临"],"height":8,"file":"minecraft:font/45b237e798c34be5a1f3f33309fe773e/06576dad4b8643dd91ccc122fa40ee5c.png","ascent":8},{"type":"bitmap","chars":["丵"],"height":8,"file":"minecraft:font/232ccbb5cddc438fae2f1dda34d29c9d/97f4b3ff72e24ee3b5f46eeb1c3984a6.png","ascent":8},{"type":"bitmap","chars":["丶"],"height":8,"file":"minecraft:font/ec27df225f6849d6ad94180209bb2a57/5abd6319303d44688a58cf09c7693496.png","ascent":8},{"type":"bitmap","chars":["丷"],"height":8,"file":"minecraft:font/e319f5ff3a4b446f88b3214104ba366f/db10900bcc0e47b68ef41ede4fea0862.png","ascent":8},{"type":"bitmap","chars":["丸"],"height":8,"file":"minecraft:font/3f55eb1b07144289a0407eddc5497478/254b86c968594391a6292d58a225d1ba.png","ascent":8},{"type":"bitmap","chars":["丹"],"height":8,"file":"minecraft:font/e417680988a640eeb62f4401b5a379b1/2cad3129b62a4d41a6c596813e64ed4f.png","ascent":8},{"type":"bitmap","chars":["为"],"height":8,"file":"minecraft:font/cd60ce831b374c0f83f02ac9c825e9d2/287fa4b7404b4e74bb7cb710795e9a28.png","ascent":8},{"type":"bitmap","chars":["主"],"height":8,"file":"minecraft:font/77390b9852c5413683843a68ca782c1d/6538110f05e2441680e56aec19fec804.png","ascent":8},{"type":"bitmap","chars":["丼"],"height":8,"file":"minecraft:font/b30628da4ced48e9aba8a7276d651268/efb4ce4101a445768755012b84ee4998.png","ascent":8},{"type":"bitmap","chars":["丽"],"height":8,"file":"minecraft:font/cacac9b539494f43bd8fba18d43744d9/895269c3962645e48a4ab552c1ee5905.png","ascent":8},{"type":"bitmap","chars":["举"],"height":8,"file":"minecraft:font/095f8ac7617342b0bd149cc26ec1c18a/d9b82e0711fb439584c94852a9072d8a.png","ascent":8},{"type":"bitmap","chars":["丿"],"height":8,"file":"minecraft:font/48f605e4416342f4b05dcb156d27d1ff/923a2ca42a9745ad986cd0f23e4f4d3c.png","ascent":8},{"type":"bitmap","chars":["乀"],"height":8,"file":"minecraft:font/7f6f3e151e2a4026848f6e5688d913fc/851b2b6d8d964f32b6d71c304746c6ba.png","ascent":8},{"type":"bitmap","chars":["乁"],"height":8,"file":"minecraft:font/05353ba1ea894fc88dbadd0fe18b24e6/ed5f733d42fd409c8e9c0c823516ccc7.png","ascent":8},{"type":"bitmap","chars":["乂"],"height":8,"file":"minecraft:font/638a55164b1d422499b59309e7c61795/05d94aadfd824f22940c7ee3af5e908c.png","ascent":8},{"type":"bitmap","chars":["乃"],"height":8,"file":"minecraft:font/136f52cdb228487b90d1b07a3268eb1f/d4cd2dd7107544b3907d01bce303767a.png","ascent":8},{"type":"bitmap","chars":["乄"],"height":8,"file":"minecraft:font/9c7c3192fed74bb3851e2bb0e423692b/429301b6840d4d3f943859dd6fc51b9e.png","ascent":8},{"type":"bitmap","chars":["久"],"height":8,"file":"minecraft:font/07655cc64acd4a9e909944c0009fc6d3/8e054050018c442288c52b4c78e12082.png","ascent":8},{"type":"bitmap","chars":["乆"],"height":8,"file":"minecraft:font/31f5656bcb7940fe936bc057a6aa8566/aafaad729d3248c1bd1af9b2021ccdf1.png","ascent":8},{"type":"bitmap","chars":["乇"],"height":8,"file":"minecraft:font/af5148f5a9f6414b86904574c68f62a9/a42dee76c40a4f8e966b1e26900658d8.png","ascent":8},{"type":"bitmap","chars":["么"],"height":8,"file":"minecraft:font/ec0316f3d6ba4dd490a4aca2ea660fc7/53383848f8e34385bd6345f9b227f784.png","ascent":8},{"type":"bitmap","chars":["义"],"height":8,"file":"minecraft:font/db3ca652a8164dd58b7e18dfe4195a0e/f9a4661e47994e5f8eacf02a74693cb5.png","ascent":8},{"type":"bitmap","chars":["乊"],"height":8,"file":"minecraft:font/711944ccf4fc48c9a143119e475a598f/e2cfb3008dfd4f8a89223fffcdf96652.png","ascent":8},{"type":"bitmap","chars":["之"],"height":8,"file":"minecraft:font/ee5c3b2707dd4b0fb99c3546f6ccc55c/f0eb3c8310ed4d31b6c04edda0e3e904.png","ascent":8},{"type":"bitmap","chars":["乌"],"height":8,"file":"minecraft:font/2242985a2c5d4c079789ec29c9c5f940/ac2a50031adf434aaca3bdcc5808705b.png","ascent":8},{"type":"bitmap","chars":["乍"],"height":8,"file":"minecraft:font/174371e1d6704d7cb1131332362133e7/3abd5733ec124678aec974f391a9055b.png","ascent":8},{"type":"bitmap","chars":["乎"],"height":8,"file":"minecraft:font/6bcb82089d904d0db1b6021b021be772/c79865f5b1cc4a57adcf9bb8833a0d38.png","ascent":8},{"type":"bitmap","chars":["乏"],"height":8,"file":"minecraft:font/93dd38b5656f4de9877a7724da532b80/07feca2416d3418aa38cc9e0f5067642.png","ascent":8},{"type":"bitmap","chars":["乐"],"height":8,"file":"minecraft:font/059a9743d5a34c3fa092e55fceb23f37/5786eeeea48a4d649227ff9b4d77bc7c.png","ascent":8},{"type":"bitmap","chars":["乑"],"height":8,"file":"minecraft:font/32da0dec7cbe4cd6957006c8194a4a18/5842194d1c674a3897e366ad41984ccc.png","ascent":8},{"type":"bitmap","chars":["乒"],"height":8,"file":"minecraft:font/912ee5b3c23e4c9ea5a9e452a82d5966/3ed08456c5dd42baa00113bd36491395.png","ascent":8},{"type":"bitmap","chars":["乓"],"height":8,"file":"minecraft:font/573d6978f2d44d84bba2b3f68addd36e/864a611cba184b00b2894ec53b0324bd.png","ascent":8},{"type":"bitmap","chars":["乔"],"height":8,"file":"minecraft:font/4670ef5360674c91b7a11022e21b1e3e/c6c3077adf404194a64992a55c436674.png","ascent":8},{"type":"bitmap","chars":["乕"],"height":8,"file":"minecraft:font/3a842d3a6805411b944a27685dd3cdaf/ea26f708ab554ad69fa78b6d608ff507.png","ascent":8},{"type":"bitmap","chars":["乖"],"height":8,"file":"minecraft:font/9434458f261a4a6caa8397deb5843756/ec6778f947b4420e923d111fb753ebaf.png","ascent":8},{"type":"bitmap","chars":["乗"],"height":8,"file":"minecraft:font/fb86a6858a6544f89b662ca87d201750/7bca968327be4f3295c6298c8c7ce34c.png","ascent":8},{"type":"bitmap","chars":["乘"],"height":8,"file":"minecraft:font/3c0f81c1abd14675b76a2ff95f555628/88933f5abf904031aec39f814be037ae.png","ascent":8},{"type":"bitmap","chars":["乙"],"height":8,"file":"minecraft:font/3500314723e94f56a3bff48606f60975/7c8b79fc2db74a4a8bd0492e9a2d095a.png","ascent":8},{"type":"bitmap","chars":["乚"],"height":8,"file":"minecraft:font/e66e87814af74855b4d8faf3f0d412a9/38aa6071e1244fdfb53126ad3b05ea05.png","ascent":8},{"type":"bitmap","chars":["乛"],"height":8,"file":"minecraft:font/d010497f4da74a8c8bd9c88b25a41be9/1abf329735eb4ebeb782a086d869f2f7.png","ascent":8},{"type":"bitmap","chars":["乜"],"height":8,"file":"minecraft:font/e01c068afdfb4724b6283ec30150e950/2cb58f6043bb48f9b118ee3f10483c98.png","ascent":8},{"type":"bitmap","chars":["九"],"height":8,"file":"minecraft:font/922d899a63854de38b9f274ced7225b2/b9083c38cf134d39b157035e64a72f26.png","ascent":8},{"type":"bitmap","chars":["乞"],"height":8,"file":"minecraft:font/f0094eb45749448e96920f48b03a274e/b229a2529e244cd8be5d9f3209f29cc5.png","ascent":8},{"type":"bitmap","chars":["也"],"height":8,"file":"minecraft:font/9e44539ae706450e8ee1ecd0973243f7/6a42813ae0224f5ea0a2b37cb4ffd15a.png","ascent":8},{"type":"bitmap","chars":["习"],"height":8,"file":"minecraft:font/ff92e6d4957d48308c2c204aec0414b2/1f9dd9a1072f4fda838c184e62af8162.png","ascent":8},{"type":"bitmap","chars":["乡"],"height":8,"file":"minecraft:font/cebeaecbc624437f94968dd2f639c5c3/1c89035dbe3f4a79831885c1ca4ec6a2.png","ascent":8},{"type":"bitmap","chars":["乢"],"height":8,"file":"minecraft:font/bef0e0528cf341788c1e68a4a9dc721d/cf4553a3ac874e7089dfba62b4f5b0be.png","ascent":8},{"type":"bitmap","chars":["乣"],"height":8,"file":"minecraft:font/46e00e48f7e542b79068139476d49fdf/758e02fb90cb4d93a1e7fe1fb3bed77a.png","ascent":8},{"type":"bitmap","chars":["乤"],"height":8,"file":"minecraft:font/dbcee48dfd1547e3a4d928ab1ffee49c/60f4d862b55149819503d22dfef350db.png","ascent":8},{"type":"bitmap","chars":["乥"],"height":8,"file":"minecraft:font/7ee4b65022bb4d7faff96a2c3f5c8872/8754e2174077462ba64cc927ecf74bc6.png","ascent":8},{"type":"bitmap","chars":["书"],"height":8,"file":"minecraft:font/0ef364a5865149329fc72a2ac484679c/4a05cede07bc47639aa4be56fd15eb95.png","ascent":8},{"type":"bitmap","chars":["乧"],"height":8,"file":"minecraft:font/812407b08c1849d991f4bfceaa12f2fe/c27298a7a105451f825e9184dc8247df.png","ascent":8},{"type":"bitmap","chars":["乨"],"height":8,"file":"minecraft:font/ad4f03279458449ea5028189282add58/e4b3169d8bbb4c7a8815267416bf486b.png","ascent":8},{"type":"bitmap","chars":["乩"],"height":8,"file":"minecraft:font/235120cd86c54933bf30d8cf0ccf1a0e/4bd1de20482a40e893d47e8be6f1583f.png","ascent":8},{"type":"bitmap","chars":["乪"],"height":8,"file":"minecraft:font/c652ba296b5f42d9b79a56b67fbbda96/10e4e22fd96e4da7a37c0d67f888016d.png","ascent":8},{"type":"bitmap","chars":["乫"],"height":8,"file":"minecraft:font/1c82187e46db400a9ba8bc3835be66ac/52e83c96c8054f3684cf6ed5e185cc54.png","ascent":8},{"type":"bitmap","chars":["乬"],"height":8,"file":"minecraft:font/64bd6222e18c49fe9cfe6ba7e5f1bcfe/8ee6c46d244c468ba7aabcfe8a32ab82.png","ascent":8},{"type":"bitmap","chars":["乭"],"height":8,"file":"minecraft:font/27356a4d0e6e42f1ad76494478b869d4/c56098a23913485685fccc89f2127934.png","ascent":8},{"type":"bitmap","chars":["乮"],"height":8,"file":"minecraft:font/427f44d7c52b429594d6cc0410f2790e/b4b2c0693908418e84159ded6d1e62b1.png","ascent":8},{"type":"bitmap","chars":["乯"],"height":8,"file":"minecraft:font/246766076bd8423e84fccd9dcbfdf602/2d01452da3c047dc9b8720976da0ef16.png","ascent":8},{"type":"bitmap","chars":["买"],"height":8,"file":"minecraft:font/ec3c6b859ec44c8483d44592d0138206/0966a300ac8b41f692b18a5153a9c634.png","ascent":8},{"type":"bitmap","chars":["乱"],"height":8,"file":"minecraft:font/a450d408a92e4e588b3a0c88a16d6543/6e4801ed35cb452cb680b060f45ed7a3.png","ascent":8},{"type":"bitmap","chars":["乲"],"height":8,"file":"minecraft:font/1cbc3ec82b544cdb8f84a02de8b356f3/413458d581624f0da3c46339d5aa5ddd.png","ascent":8},{"type":"bitmap","chars":["乳"],"height":8,"file":"minecraft:font/fba238dbf03a4c96b39e5dfe7747925f/2decc611d3e94d16bdeef834fb5775ea.png","ascent":8},{"type":"bitmap","chars":["乴"],"height":8,"file":"minecraft:font/973649a4436544caba4a5fd84e42101e/7ac2b6d4e08844ef9e998da92fcd2f8b.png","ascent":8},{"type":"bitmap","chars":["乵"],"height":8,"file":"minecraft:font/07b96802e7c44ff4961f4ba1334b1d2e/26c2d6860e6148b392c80434b72c6bc2.png","ascent":8},{"type":"bitmap","chars":["乶"],"height":8,"file":"minecraft:font/bc7c002259e6441f995b47b06457d92c/99244da1c6084aa5b0f6c0b5933b2159.png","ascent":8},{"type":"bitmap","chars":["乷"],"height":8,"file":"minecraft:font/1f363c759d7848e391be11530a8fd1a8/61508102556f493a812b6c9fc756c050.png","ascent":8},{"type":"bitmap","chars":["乸"],"height":8,"file":"minecraft:font/b4bb77868b3848bdb6e38d2a496af284/1e875fcfeff34bf2b3384d793e379776.png","ascent":8},{"type":"bitmap","chars":["乹"],"height":8,"file":"minecraft:font/3f0a6265046e4fdd8d0d29789133548f/e39abab5d196432d9393fe4f9a5827d0.png","ascent":8},{"type":"bitmap","chars":["乺"],"height":8,"file":"minecraft:font/f4b6744b7fe74a44900302a49d8ecfb3/680e86f9410c4ce985238258b43cd432.png","ascent":8},{"type":"bitmap","chars":["乻"],"height":8,"file":"minecraft:font/5f5801e5bf784dc0946ececbf20c9347/061a60bfe78d422194f0c2f4e44f3856.png","ascent":8},{"type":"bitmap","chars":["乼"],"height":8,"file":"minecraft:font/017aec1a28e948be96cbe291204a5361/d47a8142fbcc4d538de9eebfb86db5a9.png","ascent":8},{"type":"bitmap","chars":["乽"],"height":8,"file":"minecraft:font/e15b02f5d5494ac186e60aa7e612104f/62a2ea6bbe704818b34005f02dc69c7d.png","ascent":8},{"type":"bitmap","chars":["乾"],"height":8,"file":"minecraft:font/600cf2acbcfc4659bb4511ad4b068548/5bf44c0f01d04b06865973da93a7ea64.png","ascent":8},{"type":"bitmap","chars":["乿"],"height":8,"file":"minecraft:font/46e66ee3a7914220a13ca0fc225ca2e0/838ab42536004d2287a1f81fdf560bc0.png","ascent":8},{"type":"bitmap","chars":["亀"],"height":8,"file":"minecraft:font/9316935f96694be2b83bdb0522caec3a/cea3df35281d4c789b96187fa682990b.png","ascent":8},{"type":"bitmap","chars":["亁"],"height":8,"file":"minecraft:font/efc3b04bbdb24ee3add240a1f003a7e7/6083c592971a45d6acbc482e06277a3e.png","ascent":8},{"type":"bitmap","chars":["亂"],"height":8,"file":"minecraft:font/059fa8eff29144a08860e2656083cc61/27f88636a8bc431ebe5c313e457a94c0.png","ascent":8},{"type":"bitmap","chars":["亃"],"height":8,"file":"minecraft:font/c7b0b6022cdf4ec29ee3ffa34e27c880/2fc3b783cfa84f45b4eccb20e772d5c8.png","ascent":8},{"type":"bitmap","chars":["亄"],"height":8,"file":"minecraft:font/46677285def74540930667d72931f482/3b670d806e9445e78cbad96862bd7e37.png","ascent":8},{"type":"bitmap","chars":["亅"],"height":8,"file":"minecraft:font/89b5ea77460749f1bc81d165d9bef63c/5a0165f087cc45d6af2d1337628992af.png","ascent":8},{"type":"bitmap","chars":["了"],"height":8,"file":"minecraft:font/2991652c87ea4b3b99dbd02e6dc6bed8/6bb45f009e56484c803d620aa40cf845.png","ascent":8},{"type":"bitmap","chars":["亇"],"height":8,"file":"minecraft:font/bacbe190b4da4c33909b7d020f5f7efb/8d684260e6494cc2a6b21b4168a549c1.png","ascent":8},{"type":"bitmap","chars":["予"],"height":8,"file":"minecraft:font/d0435f6deba849d4ab0f3f59b80fd395/dafac179623d4b02b7bdb9b8e4c4e79e.png","ascent":8},{"type":"bitmap","chars":["争"],"height":8,"file":"minecraft:font/8c8181cad4084b6abf80938059f2573e/c85476ebbfa34919870155cb5e0d9d89.png","ascent":8},{"type":"bitmap","chars":["亊"],"height":8,"file":"minecraft:font/e2e039745f7c4d1a8ac1417ece42fa34/17abec9e67e44fbb8b91982ccf922025.png","ascent":8},{"type":"bitmap","chars":["事"],"height":8,"file":"minecraft:font/ca0726d696684e518cd44913f4572939/baec8ca837484ebda720875c1b0d7c59.png","ascent":8},{"type":"bitmap","chars":["二"],"height":8,"file":"minecraft:font/3bf0b12b7e85441d8f1db157da6d5935/37eff8d84f0c434bbbb1c53b4e2fc700.png","ascent":8},{"type":"bitmap","chars":["亍"],"height":8,"file":"minecraft:font/8f99effd6d5f425788a38a189f8030b1/78d44d45f22443d08403d5e2df020135.png","ascent":8},{"type":"bitmap","chars":["于"],"height":8,"file":"minecraft:font/8de85a0cfae448309e7dc7ff8eb160f1/cd1abccd5c684bbf8163e6c1e5063d09.png","ascent":8},{"type":"bitmap","chars":["亏"],"height":8,"file":"minecraft:font/2fb65e8e7e21404eba002fd1f6702691/b8763552c2ca4ab6b64fefae957ea961.png","ascent":8},{"type":"bitmap","chars":["亐"],"height":8,"file":"minecraft:font/db7b5e86d566437ba0eeb526e482c6c6/c5f4557bc86e4d5e8b405753a7e3be80.png","ascent":8},{"type":"bitmap","chars":["云"],"height":8,"file":"minecraft:font/48fc7cf616844f37baa6f903d3c5c8f8/f9b63279cbbd4a7788047e833352a60a.png","ascent":8},{"type":"bitmap","chars":["互"],"height":8,"file":"minecraft:font/81752bfbb7fd4ce8bea851c6f1a55d5a/24c04dadf5cf49efb373c5aabea7a45e.png","ascent":8},{"type":"bitmap","chars":["亓"],"height":8,"file":"minecraft:font/a1914ba461af4576bc1646bc830ce016/c0b74a766dac4c9697350f7be41ca455.png","ascent":8},{"type":"bitmap","chars":["五"],"height":8,"file":"minecraft:font/e889ec4e34e04ab98aa1d58036c803c8/6aeda1bce3dc47dab5c3aae1dc6b1e98.png","ascent":8},{"type":"bitmap","chars":["井"],"height":8,"file":"minecraft:font/d906c9d033c54e1fac8209c539f3519c/382a99a3f4d44fe7b8ca2f292eaf9e3b.png","ascent":8},{"type":"bitmap","chars":["亖"],"height":8,"file":"minecraft:font/87ba1511207f4883981ec67691abf6b4/428cd517e492407d88ad1787c3bdb5fb.png","ascent":8},{"type":"bitmap","chars":["亗"],"height":8,"file":"minecraft:font/d7fe7562eaec4cc19095bf285fd3f640/9ee0f85df25b435da1c7f60891961a21.png","ascent":8},{"type":"bitmap","chars":["亘"],"height":8,"file":"minecraft:font/12b70b1105544b1f9eca679a1d378c1d/da4055a385e140e6b6d8e9e166d37917.png","ascent":8},{"type":"bitmap","chars":["亙"],"height":8,"file":"minecraft:font/c2c78e2ef47a4fb2ad6e478331c65b05/6db66c4c319f412181d27efb8f212d97.png","ascent":8},{"type":"bitmap","chars":["亚"],"height":8,"file":"minecraft:font/971ced8da22a491aaa2d1aedc882a1d5/03accd635e0e41cebb840720b4bef8f9.png","ascent":8},{"type":"bitmap","chars":["些"],"height":8,"file":"minecraft:font/ac7d6493af084b08adcfb0e3599be2d0/c99cc78acc584e95abb6ad2442f4008e.png","ascent":8},{"type":"bitmap","chars":["亜"],"height":8,"file":"minecraft:font/5ad29507c185475e82375ed7c4c93e1d/cfeb212b47164bbca49f4c82857c0877.png","ascent":8},{"type":"bitmap","chars":["亝"],"height":8,"file":"minecraft:font/f921772ce44341628321c8600db65ba6/d831d8ba966242bcb9eeb172683e6e7c.png","ascent":8},{"type":"bitmap","chars":["亞"],"height":8,"file":"minecraft:font/7cdb5900a3534f458158144855aa54e8/91246f75ca134f21a41a11c2cc46e760.png","ascent":8},{"type":"bitmap","chars":["亟"],"height":8,"file":"minecraft:font/de8b9324fac54a4999e813428daa0808/c2148484709b4cb7a417b4537083fd9d.png","ascent":8},{"type":"bitmap","chars":["亠"],"height":8,"file":"minecraft:font/03ed67ecd601455c859fb509c4df3a9f/50f8817b71a444af97afc63388e89740.png","ascent":8},{"type":"bitmap","chars":["亡"],"height":8,"file":"minecraft:font/d17b701e3fdf458284463be2e45aa40b/824a89cd566f41b08a12b6ce9b66baf3.png","ascent":8},{"type":"bitmap","chars":["亢"],"height":8,"file":"minecraft:font/dfe79724ed6c4c1ca17efe3eff247870/763953d35077480782742113fc88ebc6.png","ascent":8},{"type":"bitmap","chars":["亣"],"height":8,"file":"minecraft:font/fed4c1cd81834086b497e5e8b067775b/afe5dbaec583478797a975414668bd68.png","ascent":8},{"type":"bitmap","chars":["交"],"height":8,"file":"minecraft:font/aef28e8174384b37a7859bbeaf31b034/10522ef1ddd14ba897b231b7f6552c87.png","ascent":8},{"type":"bitmap","chars":["亥"],"height":8,"file":"minecraft:font/a2916b2011494385b36504e68965a8f4/057754ba1fb34765a200de6684057231.png","ascent":8},{"type":"bitmap","chars":["亦"],"height":8,"file":"minecraft:font/aef92ee07ce24f109bc3531c7bb391ab/402b0483347a4db083ec0f9eb5ba3a71.png","ascent":8},{"type":"bitmap","chars":["产"],"height":8,"file":"minecraft:font/0576b011814e47588a57b570821b20ce/36cac89812094ad38083cb5b344683db.png","ascent":8},{"type":"bitmap","chars":["亨"],"height":8,"file":"minecraft:font/07b68cb6a7424fa0ab3f1a0346355826/830979fca413442a9b45e0715f671245.png","ascent":8},{"type":"bitmap","chars":["亩"],"height":8,"file":"minecraft:font/818976bd709d41b485fee04c123b8e9c/a69aa05f6f1043638c9814ca3e119c19.png","ascent":8},{"type":"bitmap","chars":["亪"],"height":8,"file":"minecraft:font/4728b749b1854be2a23f47ad188e03c2/2624c861ca1b4272a450f009fe2eb4de.png","ascent":8},{"type":"bitmap","chars":["享"],"height":8,"file":"minecraft:font/8cc8df10cdf147f2a0d4836e7f156921/db81c6e6574e48b3b7823cf9558863b3.png","ascent":8},{"type":"bitmap","chars":["京"],"height":8,"file":"minecraft:font/6b42e7312be34c0d94ac0799f3670cc2/325e14f382c54ff092be6f04091b7a18.png","ascent":8},{"type":"bitmap","chars":["亭"],"height":8,"file":"minecraft:font/ea53673806934aafa78d66fe5f57480a/033edc8fa142411d9eec225f7a705065.png","ascent":8},{"type":"bitmap","chars":["亮"],"height":8,"file":"minecraft:font/5dcd761aece045c8a8c51d7fcc0f5653/d95e2a228f874d9aae01ed2e5b776402.png","ascent":8},{"type":"bitmap","chars":["亯"],"height":8,"file":"minecraft:font/1aa779c9e80249468d7fae3c3fdae6c4/714d7d17e54b4adf9de6fdc6274dc529.png","ascent":8},{"type":"bitmap","chars":["亰"],"height":8,"file":"minecraft:font/7350674ccd734ee0bfd94dc464659907/bc41aa4b7c4c48f5b97391ebbc573923.png","ascent":8},{"type":"bitmap","chars":["亱"],"height":8,"file":"minecraft:font/c7c470fcdc6d4e4394295d2dce8ec32d/4271724474cb408bac89a5439af6d468.png","ascent":8},{"type":"bitmap","chars":["亲"],"height":8,"file":"minecraft:font/0b2a42f7c5234073b2e8dab6dc421fdd/eecc167c80294fa79468490d0e7c35fb.png","ascent":8},{"type":"bitmap","chars":["亳"],"height":8,"file":"minecraft:font/68986ee0637648f9888a4615a6c2cf4d/45df6d06fd714b7b96b989ca92890748.png","ascent":8},{"type":"bitmap","chars":["亴"],"height":8,"file":"minecraft:font/503959954bb843eb9d220186ceb8e3a9/0502afc45ed440d49346b9ce4d880075.png","ascent":8},{"type":"bitmap","chars":["亵"],"height":8,"file":"minecraft:font/b9288aceb18342f39820a50315e125cb/e55ff175ffba47abaaec2c44a83d802e.png","ascent":8},{"type":"bitmap","chars":["亶"],"height":8,"file":"minecraft:font/b51227a6c1c344128af1392d26f57fbd/c5dbadf043814db396f258b6f113fae0.png","ascent":8},{"type":"bitmap","chars":["亷"],"height":8,"file":"minecraft:font/5a022c069d964d86a7a5fe90f074be09/6455b067ff0144178d2095b8590e1b8a.png","ascent":8},{"type":"bitmap","chars":["亸"],"height":8,"file":"minecraft:font/69ae0b9a1a40417096f304dae0b13d9a/eae3a4f0cd874631b17bbb4aca2dea3d.png","ascent":8},{"type":"bitmap","chars":["亹"],"height":8,"file":"minecraft:font/2e93d1f710e947a99226e2bf298cfafc/4d86e92181914bf0b62419166446f9d1.png","ascent":8},{"type":"bitmap","chars":["人"],"height":8,"file":"minecraft:font/afb1f8e03aec4ac2b74b0d87e0040c73/acf1f0b5c2eb44d0bb33c1bcd1ee368d.png","ascent":8},{"type":"bitmap","chars":["亻"],"height":8,"file":"minecraft:font/5b0fc920bb314ad3bcf0dc495fc6b43c/7f9bd9eccd62452ba8c5fdee5f8a11ef.png","ascent":8},{"type":"bitmap","chars":["亼"],"height":8,"file":"minecraft:font/91a7321e94354df4a4f9da69dad8fdd6/7c77e70e6cbf4b8487baa2e66b5ba189.png","ascent":8},{"type":"bitmap","chars":["亽"],"height":8,"file":"minecraft:font/c2c3076480564326ac191f1b35b8630e/5177d61063284404a1558137e52f2955.png","ascent":8},{"type":"bitmap","chars":["亾"],"height":8,"file":"minecraft:font/90e35265138c47588cc898a12044d6f6/d2adc6ee154e40f086c559c149d2dce4.png","ascent":8},{"type":"bitmap","chars":["亿"],"height":8,"file":"minecraft:font/dccb374f5318437193d925cd5a6cbc41/d2fcd82b83244012b9c0ccace03908fd.png","ascent":8},{"type":"bitmap","chars":["什"],"height":8,"file":"minecraft:font/9bd12460d79344ee996b4caed22a7d75/7f3c24485e3944d29df8492d001d67cf.png","ascent":8},{"type":"bitmap","chars":["仁"],"height":8,"file":"minecraft:font/48427625148446cea04d941e59efeb6e/59b7445e814144bbbe747c8889e21489.png","ascent":8},{"type":"bitmap","chars":["仂"],"height":8,"file":"minecraft:font/682f1cff78664aeea1afcd73029ed1fe/f06bcd6e031e4fffb0ed926f1592f35d.png","ascent":8},{"type":"bitmap","chars":["仃"],"height":8,"file":"minecraft:font/4ecec03f0cd54056bfc4a44c6fd6e64b/48e400e3e4e744488c0bf065b745a7ff.png","ascent":8},{"type":"bitmap","chars":["仄"],"height":8,"file":"minecraft:font/e80b6347ed034e62a07d89b46c77b4d6/3341999b53d344b689d2a1e40e066148.png","ascent":8},{"type":"bitmap","chars":["仅"],"height":8,"file":"minecraft:font/cb42c98e52a141749ab95b68095c5803/684238e62b8d4112a721c21fa62baa2e.png","ascent":8},{"type":"bitmap","chars":["仆"],"height":8,"file":"minecraft:font/d7b6a41bb853449f878320abe083cf0d/7acbd4bc6b0544819623ce379f4e040e.png","ascent":8},{"type":"bitmap","chars":["仇"],"height":8,"file":"minecraft:font/dee445df959843f999b1b6e71e8edc11/e0a6f823f8a94087889f0c8ced58ee37.png","ascent":8},{"type":"bitmap","chars":["仈"],"height":8,"file":"minecraft:font/a26bbdeb1b4d4e549178d7b2b447ce48/d64b0d165aaa469e8928a56ffb3efcd7.png","ascent":8},{"type":"bitmap","chars":["仉"],"height":8,"file":"minecraft:font/f3ff4ce9582841f492e7a922b70d2196/84cd928b3d59485eae81f916607a8fb3.png","ascent":8},{"type":"bitmap","chars":["今"],"height":8,"file":"minecraft:font/719ea435ff99461fa0cae730dc21adcb/4237873d81374d9392033a9786c1e8e4.png","ascent":8},{"type":"bitmap","chars":["介"],"height":8,"file":"minecraft:font/45bd0ae5d08d41d38e53a5cc479b1c26/337fe8a04a4c41fb9a512ec737de9d4c.png","ascent":8},{"type":"bitmap","chars":["仌"],"height":8,"file":"minecraft:font/859b65d49c90429da2d49f14651990a0/ae17be4144f24cfc907f3546d0630bd7.png","ascent":8},{"type":"bitmap","chars":["仍"],"height":8,"file":"minecraft:font/3c6adeb7574f485d9875923a56b22e68/063fac3737604ad29b30dc237b426cde.png","ascent":8},{"type":"bitmap","chars":["从"],"height":8,"file":"minecraft:font/cefe27c96ac94a4cb76baa766242f213/7685426a88a4430eab964cc2da09d3a6.png","ascent":8},{"type":"bitmap","chars":["仏"],"height":8,"file":"minecraft:font/69bfa48fd9a14891b9526788cc90dbfd/1647f8060fb34506b344eccfbdcebe6b.png","ascent":8},{"type":"bitmap","chars":["仐"],"height":8,"file":"minecraft:font/e40d43985f8345baa40476a834fcd498/f8235bb14b324f349f42042b4f3d56ae.png","ascent":8},{"type":"bitmap","chars":["仑"],"height":8,"file":"minecraft:font/bcccfb6ec49441e9b96ab09e60aa6cc0/39e5e55797494424af66163fc143a879.png","ascent":8},{"type":"bitmap","chars":["仒"],"height":8,"file":"minecraft:font/b4520e2fa1f94b8d8bed9e9f1651a6f1/fa9fd6c52fd74f7d850769710bb57561.png","ascent":8},{"type":"bitmap","chars":["仓"],"height":8,"file":"minecraft:font/37eceda9ab724edebe040a82e2034646/1d551ccdc3634c78b410fb0d18df8ded.png","ascent":8},{"type":"bitmap","chars":["仔"],"height":8,"file":"minecraft:font/3a7faa52c8a74a57ab45a594459be1ef/b2f52fc6982a43a583c8b7aa42797197.png","ascent":8},{"type":"bitmap","chars":["仕"],"height":8,"file":"minecraft:font/1ecb61a60749410eac622ad6b9889db4/8333bf3eb50c4285a1361c45ddc9717c.png","ascent":8},{"type":"bitmap","chars":["他"],"height":8,"file":"minecraft:font/994528b7fab64c6ab811448e1c25daba/977c8dabfcc047299c4c98474a2b8295.png","ascent":8},{"type":"bitmap","chars":["仗"],"height":8,"file":"minecraft:font/25ab7ae4d55b45878d430a2af50aee36/5501fa5ee3fa48d193b47b8ebfe94222.png","ascent":8},{"type":"bitmap","chars":["付"],"height":8,"file":"minecraft:font/4b73b9786cff4a40b460a7edc319ae97/02dc3f1febd94d8696cbe8fe2c696dec.png","ascent":8},{"type":"bitmap","chars":["仙"],"height":8,"file":"minecraft:font/3b161d44bd1743f0bc714ec6300ff21e/2595030252c045628871715aff0b2e11.png","ascent":8},{"type":"bitmap","chars":["仚"],"height":8,"file":"minecraft:font/6da94668b81843b0b0bfdd65e15bf985/d8e0daebfe754be5918333cbacd283a8.png","ascent":8},{"type":"bitmap","chars":["仛"],"height":8,"file":"minecraft:font/7ac335ea70a14459b1fa0297ad965924/074e470d1034484296a20ad1613ca21f.png","ascent":8},{"type":"bitmap","chars":["仜"],"height":8,"file":"minecraft:font/4028e7912d094fe382eda2393ca5ba92/a3b8df88b5bc4a2a8daf9180aad5918c.png","ascent":8},{"type":"bitmap","chars":["仝"],"height":8,"file":"minecraft:font/7399fee8e70e4adeb246e6eb555d76e1/b3c9c75dbc67460aaf6ad815e8e2ec75.png","ascent":8},{"type":"bitmap","chars":["仞"],"height":8,"file":"minecraft:font/01a12df5d3e4432c8b823a76853a6054/7ee8e662110b4befbd0c65345f618744.png","ascent":8},{"type":"bitmap","chars":["仟"],"height":8,"file":"minecraft:font/22ccb79ddf38417897f4c5f0bae72204/971c5fccdecd408a8e81d3c7cc0d7261.png","ascent":8},{"type":"bitmap","chars":["仠"],"height":8,"file":"minecraft:font/8691b00887f4457c91d95ee4a9e2a33c/73adefcc8c2c4b4693ebed21399f531e.png","ascent":8},{"type":"bitmap","chars":["仡"],"height":8,"file":"minecraft:font/9523aec963144de58b71b191587bc413/3616eec7d5b047229082bdeaf1d48e4d.png","ascent":8},{"type":"bitmap","chars":["仢"],"height":8,"file":"minecraft:font/49fcd59ac71446888433d5ad5d716ee1/4064b28d6feb4154b3a1060ff80f9ef5.png","ascent":8},{"type":"bitmap","chars":["代"],"height":8,"file":"minecraft:font/eb1c42cadcf5490dbcc26e4c220230a8/a833da8fdc544e12852954d8582f96a3.png","ascent":8},{"type":"bitmap","chars":["令"],"height":8,"file":"minecraft:font/7bcb5253b20846cda7861bb07e3e7bff/36f777d39be34dd09ea8faee338aaa3b.png","ascent":8},{"type":"bitmap","chars":["以"],"height":8,"file":"minecraft:font/82f53f908d1243fb991ab099b511130e/e800b96874c54b4f8e22f09ef13541fb.png","ascent":8},{"type":"bitmap","chars":["仦"],"height":8,"file":"minecraft:font/570e6002efb34a3694076918153d0bfa/dbcb4e5cbb2b406fbcdf9f9bb3267986.png","ascent":8},{"type":"bitmap","chars":["仧"],"height":8,"file":"minecraft:font/37f52b2aa559404a84fdebe8142c7d2e/8c9632e69eda40418c266c68e4bd8993.png","ascent":8},{"type":"bitmap","chars":["仨"],"height":8,"file":"minecraft:font/98bf736f8e54466d876f6cd3e0423a6c/c209d7ceb02444cfbf1542246dd478f3.png","ascent":8},{"type":"bitmap","chars":["仩"],"height":8,"file":"minecraft:font/c44e19d81c8f49e29481a7a0b64ac7a1/5565b7cec4694a05a0b27daa3f18a901.png","ascent":8},{"type":"bitmap","chars":["仪"],"height":8,"file":"minecraft:font/8f8ec38d415a4ee5a2a2887853ad0de0/ee4a5652633a407b8391be561ee20d25.png","ascent":8},{"type":"bitmap","chars":["仫"],"height":8,"file":"minecraft:font/94821da680e24b4e8642d94a0612fa3c/db3e49f61a31478797493f105e06f1fa.png","ascent":8},{"type":"bitmap","chars":["们"],"height":8,"file":"minecraft:font/4bb5a61b81564499b05308e233e99d71/8de608851cb04946bb3ec0b82438e009.png","ascent":8},{"type":"bitmap","chars":["仭"],"height":8,"file":"minecraft:font/cf14f4c73a7444eab9b87fdcdb2e171f/5dcfeec0bf354dfea2faa8d10bc64ecf.png","ascent":8},{"type":"bitmap","chars":["仮"],"height":8,"file":"minecraft:font/f8ced6339e1a468bbb5a8877eea3c5a2/a1f348f86d2b4350be378a37eb0e5c44.png","ascent":8},{"type":"bitmap","chars":["仯"],"height":8,"file":"minecraft:font/5c600935699140c6b7b365dbaecec471/0f513f8d436343d38e6f440ea11e7904.png","ascent":8},{"type":"bitmap","chars":["仰"],"height":8,"file":"minecraft:font/d866f0e79c2340e3871ab5560269fb59/eb162ddedebe4cbc837a0f04a61fd63d.png","ascent":8},{"type":"bitmap","chars":["仱"],"height":8,"file":"minecraft:font/572d3de427064dc284bafe9b5924ed76/0f2a0411916a49309f139e7c34287982.png","ascent":8},{"type":"bitmap","chars":["仲"],"height":8,"file":"minecraft:font/cca291a53464422484300761f7c30f80/2572420a1080482d801c4c2c7293c505.png","ascent":8},{"type":"bitmap","chars":["垗"],"height":8,"file":"minecraft:font/9f706463236c43e6845f272d5ae88618/049f7ed5e8304926bb5a00131b418296.png","ascent":8},{"type":"bitmap","chars":["仳"],"height":8,"file":"minecraft:font/233e08f45d144a37b0b31b4cb2722b0b/941faf9d74194705a2778729e5b24fab.png","ascent":8},{"type":"bitmap","chars":["仴"],"height":8,"file":"minecraft:font/c4d8859dc3d7404d9ab76890c27f8364/6bb78dd03ec842c0ac4b483bef21ffaf.png","ascent":8},{"type":"bitmap","chars":["仵"],"height":8,"file":"minecraft:font/7d317f21e668421f8107ccfa5b0058f2/899207f95ff64663b4ef4c3c38ae625e.png","ascent":8},{"type":"bitmap","chars":["件"],"height":8,"file":"minecraft:font/2268ee17a1c54f66bf92361f7c77a763/da6f616cc818426f9e74f71a2934509a.png","ascent":8},{"type":"bitmap","chars":["价"],"height":8,"file":"minecraft:font/cc442394d4544da1851ab487546c112e/fd4742c10d6443979dd8d49accd27dde.png","ascent":8},{"type":"bitmap","chars":["仸"],"height":8,"file":"minecraft:font/16e5210d4043459eabd703348b4ba9e5/bbd68c91cdee406da35c12ec864f50ac.png","ascent":8},{"type":"bitmap","chars":["仹"],"height":8,"file":"minecraft:font/74080615ec114fffa815b05c72c0f70a/7c7f1e032afe415ba84d8a157904fc9e.png","ascent":8},{"type":"bitmap","chars":["仺"],"height":8,"file":"minecraft:font/660d1bb38fd14223a2e06e8eec3e90cf/2a83aa75f4494284ac99eb8a8640d319.png","ascent":8},{"type":"bitmap","chars":["任"],"height":8,"file":"minecraft:font/5c8a07bfaf6d415f9ab1ce633fbccbb9/d6d23f48f1734800b1cf378dfaa3f7ae.png","ascent":8},{"type":"bitmap","chars":["仼"],"height":8,"file":"minecraft:font/09dfc7700a2d4af4a76078e614e29d78/5669ba74fab04b7bbcc914134950621c.png","ascent":8},{"type":"bitmap","chars":["份"],"height":8,"file":"minecraft:font/32a77d6d65574086b12143ac42794cbb/aa3c32e8b3fc4e8f9915ae55878b737b.png","ascent":8},{"type":"bitmap","chars":["仾"],"height":8,"file":"minecraft:font/905aeddf35fa412d8bb130779ab57db5/942b73605f8d4faa87c3bcb2971e8948.png","ascent":8},{"type":"bitmap","chars":["仿"],"height":8,"file":"minecraft:font/365dad7ce71f432d9a5ff25457d725a2/17058fed0c1f4fb7a6f5a8879a143dde.png","ascent":8},{"type":"bitmap","chars":["伀"],"height":8,"file":"minecraft:font/d886919a57ad4f12975b75dc54de3bbf/039c7f1084f944a0a22551b9148689f7.png","ascent":8},{"type":"bitmap","chars":["企"],"height":8,"file":"minecraft:font/217d4af615da4f2eafdd6f5d3367a32e/ef1e04a4e1f349a6ad8fcbbe9584490c.png","ascent":8},{"type":"bitmap","chars":["伂"],"height":8,"file":"minecraft:font/0bc4c4b1a2a7428b86aba99a96ddac75/099e5da189a741599568ff8865fe0b86.png","ascent":8},{"type":"bitmap","chars":["伃"],"height":8,"file":"minecraft:font/d96e3ea79c144db3911e321c64a43b9a/c0a9139014c14737bf663d847926adea.png","ascent":8},{"type":"bitmap","chars":["伄"],"height":8,"file":"minecraft:font/cd495c924bed470398d129f41afd1c77/abeb7ae0ca94454dac55d8bfbb8bd0ac.png","ascent":8},{"type":"bitmap","chars":["伅"],"height":8,"file":"minecraft:font/b9e97782a84343d7aec9129a1f161fa6/5c88ce29e9814ecb95c05084c126eddb.png","ascent":8},{"type":"bitmap","chars":["伆"],"height":8,"file":"minecraft:font/97d9520588f14d6080dcf8f15badd4a4/62338a57ffe64dc3a7bee013d32f3993.png","ascent":8},{"type":"bitmap","chars":["伇"],"height":8,"file":"minecraft:font/63ddf146a7e64915ae0323fd4d0c5c88/6656af79669e49839cc52ac5d5721ed3.png","ascent":8},{"type":"bitmap","chars":["伈"],"height":8,"file":"minecraft:font/78665e7f656c48eabbd41161e17cd844/1c79e3b549ac4365a51621c67176955c.png","ascent":8},{"type":"bitmap","chars":["伉"],"height":8,"file":"minecraft:font/6cff732d651d4efb9ba15410a7dd57b6/a446ff8145034bd59d81611f5b43db02.png","ascent":8},{"type":"bitmap","chars":["伊"],"height":8,"file":"minecraft:font/7de87f40d08a4fcaba55b80b867dbc5a/31c85d06f17b4ebe92ff8057826ac0a1.png","ascent":8},{"type":"bitmap","chars":["伋"],"height":8,"file":"minecraft:font/383bd86f77ea489eb3cc6fbff7975285/e82804d733ad46138a5057152ca3b911.png","ascent":8},{"type":"bitmap","chars":["伌"],"height":8,"file":"minecraft:font/61e481edba3246668c5b47268fdad782/ee3b4caedb9743d59fe20bdf2ec6fc1d.png","ascent":8},{"type":"bitmap","chars":["伍"],"height":8,"file":"minecraft:font/5ad82a74fc9447ba845feacd72898f42/21bfd9d315d8460fbe51ae70a342e660.png","ascent":8},{"type":"bitmap","chars":["伎"],"height":8,"file":"minecraft:font/721403ebd2fd420482961b3c538fe1a2/1f99c04e63934201acf7eb1af90cb00b.png","ascent":8},{"type":"bitmap","chars":["伏"],"height":8,"file":"minecraft:font/081207ee46cf4481b5e5a5db2635078f/bfb7dd8354b946d7abf193fbcf08250b.png","ascent":8},{"type":"bitmap","chars":["伐"],"height":8,"file":"minecraft:font/28c8a607ebff4d2bae7cf7351a54a9bc/ae1410ca2b394406968bf5f9cc39762f.png","ascent":8},{"type":"bitmap","chars":["休"],"height":8,"file":"minecraft:font/8246fc15bccb49e0865992b6324873fa/8f7e851427c247e5a588a6b85fad5826.png","ascent":8},{"type":"bitmap","chars":["伒"],"height":8,"file":"minecraft:font/76a5a920bca9498fb3a681d2559564c0/e91b3fd7529141cf9b8e019f934c19c8.png","ascent":8},{"type":"bitmap","chars":["伓"],"height":8,"file":"minecraft:font/ff7a0709001d479d92b8f2893941ca19/dcaa6446c1f54c1a96c57f6813f1e9a7.png","ascent":8},{"type":"bitmap","chars":["伔"],"height":8,"file":"minecraft:font/1abcc8193e1142b79fd3c511bcc97da0/dc75de23cf1143a48e973f2799bab4f0.png","ascent":8},{"type":"bitmap","chars":["伕"],"height":8,"file":"minecraft:font/7501d11d5a4d455bb03c779c5b71fa8e/38fbdb79fe414be5912fd610074396d4.png","ascent":8},{"type":"bitmap","chars":["伖"],"height":8,"file":"minecraft:font/2e2298df96334c7f8894c52ff5275096/edc26eeb6b014d8684d1b270a0ab75ff.png","ascent":8},{"type":"bitmap","chars":["众"],"height":8,"file":"minecraft:font/628f3d1754894d0990ac0c277960150b/f053db0d9bb240ff90bce83be0a72dee.png","ascent":8},{"type":"bitmap","chars":["优"],"height":8,"file":"minecraft:font/a192bda6fd7548d4aa026b0a84659875/c7cf04e565524a918e373be77aa23e3a.png","ascent":8},{"type":"bitmap","chars":["伙"],"height":8,"file":"minecraft:font/3fc787b31b2748909f205b5173574877/553f8c47b93241ce80a75d4a199a399e.png","ascent":8},{"type":"bitmap","chars":["会"],"height":8,"file":"minecraft:font/2943a0d990de459ca60e3a136d2391f9/bbb6b79e49354aa391145dc04e2234dc.png","ascent":8},{"type":"bitmap","chars":["偹"],"height":8,"file":"minecraft:font/c135d7ac6da84c3f9adcd94f1c41335d/00bd6511bfb84138a24567a0fee4bce3.png","ascent":8},{"type":"bitmap","chars":["偺"],"height":8,"file":"minecraft:font/a9749afcf4534935968b23c4ee00644c/88202e4848174a0091f6f803c2c8e8fa.png","ascent":8},{"type":"bitmap","chars":["偻"],"height":8,"file":"minecraft:font/576321b6875c4e6595c069ccc617f71a/2f41e9d947a94bb09cde999726a3633b.png","ascent":8},{"type":"bitmap","chars":["偼"],"height":8,"file":"minecraft:font/c0b41e95b9b54f7f80be487dfa9c1353/2f8819f82c4944b0bbc1c35c0924ddc4.png","ascent":8},{"type":"bitmap","chars":["偽"],"height":8,"file":"minecraft:font/f86cc97e99f64c9d8b369811323826b1/9be938c32d344d59b42991cd449225c5.png","ascent":8},{"type":"bitmap","chars":["偾"],"height":8,"file":"minecraft:font/499312949ebb48f681c8e2f245a0e3cc/9cbac5261027448da7b9faa9a1621e7a.png","ascent":8},{"type":"bitmap","chars":["偿"],"height":8,"file":"minecraft:font/a24cb9f4d2ec49c4ab03a9a15c96a633/6aaff80c577943bb92c85f2c276123e8.png","ascent":8},{"type":"bitmap","chars":["傀"],"height":8,"file":"minecraft:font/379e81496e2a4193a542063ac42194f9/dab9c9923fa742f9b0ca41d5c94f1569.png","ascent":8},{"type":"bitmap","chars":["傁"],"height":8,"file":"minecraft:font/f5f5136c6b994c56a2aad20ef6af1fdf/c2fb05384a444704a59c539d6105fd02.png","ascent":8},{"type":"bitmap","chars":["傂"],"height":8,"file":"minecraft:font/26d2fbe0644746729ea4000437d8fbce/8ec251e08b4349dc97b3368743b048c2.png","ascent":8},{"type":"bitmap","chars":["傃"],"height":8,"file":"minecraft:font/54aca84577174cc59ea6483102e9884e/6da56b2e409140fbaecb306f1399f7f7.png","ascent":8},{"type":"bitmap","chars":["傄"],"height":8,"file":"minecraft:font/8cf377019a8e4592b3a9d4c772cea54b/322e240132684b3392f571ce49d5cd87.png","ascent":8},{"type":"bitmap","chars":["傅"],"height":8,"file":"minecraft:font/de11a9f5ae6546688923c77a708e2cf8/48b8f22129c643f4ba39ff69f4a70191.png","ascent":8},{"type":"bitmap","chars":["傆"],"height":8,"file":"minecraft:font/5547cfab90b948d097a43ed720370007/5b387d35bc7f42e09bac19a4b01331bb.png","ascent":8},{"type":"bitmap","chars":["傇"],"height":8,"file":"minecraft:font/cf0b05fc45bf4a74ace2e187d23818eb/9280cfbf09e242168ed96e4f565dfa17.png","ascent":8},{"type":"bitmap","chars":["傈"],"height":8,"file":"minecraft:font/e7735b00f35348cda668cd43c4f137ed/d14a9eab145b43eab88f053843337f1f.png","ascent":8},{"type":"bitmap","chars":["傉"],"height":8,"file":"minecraft:font/0885dcdb37dd4a30b5cc6bb1b808dadb/d476aa2718e7486ea100966bb6f5fc1c.png","ascent":8},{"type":"bitmap","chars":["傊"],"height":8,"file":"minecraft:font/62256345fad14675b374a98496f8025c/35bd303dea0e4c4d98f6114acdb6725b.png","ascent":8},{"type":"bitmap","chars":["傋"],"height":8,"file":"minecraft:font/7c077f067e824158a961ef8ecd953066/ce9aa05301004311bca914cd2ce98bba.png","ascent":8},{"type":"bitmap","chars":["傌"],"height":8,"file":"minecraft:font/171b0d42d11c4cf98ba79d7cf832b3de/097bd5cc0ee54936a35f154fd745b3a1.png","ascent":8},{"type":"bitmap","chars":["垃"],"height":8,"file":"minecraft:font/95a14ab888eb448981915a3ce6f2410b/b53213261ab749bb8045bbc3ae58c3c1.png","ascent":8},{"type":"bitmap","chars":["垄"],"height":8,"file":"minecraft:font/e50e5c33dcc94bd9ba018f83ccf4573c/f0d6095476d14acb8e0b5b19ec8e142e.png","ascent":8},{"type":"bitmap","chars":["垅"],"height":8,"file":"minecraft:font/7b589b127e6449f4a2432873205682b8/b9c9d33995ca4b6a96a47bc101298278.png","ascent":8},{"type":"bitmap","chars":["垆"],"height":8,"file":"minecraft:font/a2a0ba46388142dd85d2c6b574341999/ccdb41aded8a4f6c859edc32dded6820.png","ascent":8},{"type":"bitmap","chars":["垇"],"height":8,"file":"minecraft:font/f79e9026e44f41399d39760d94b2a055/2558728e0cca4d768ef98e6e786b2f5f.png","ascent":8},{"type":"bitmap","chars":["垈"],"height":8,"file":"minecraft:font/a244900f061647f0baee46327ace395c/8ced9f0a0ebf4016a1f8e16601cb1a9b.png","ascent":8},{"type":"bitmap","chars":["垉"],"height":8,"file":"minecraft:font/9e948c29ca4341dda0d54adde2f59f8b/fc76ef40b11941d0854fc42bc5f3c6de.png","ascent":8},{"type":"bitmap","chars":["垊"],"height":8,"file":"minecraft:font/8d91290cf4364bcb8bfa0cd2ce0042bb/9c455b3613974d26b976c7adb2170c09.png","ascent":8},{"type":"bitmap","chars":["型"],"height":8,"file":"minecraft:font/08e99d4c755c4c7c8d1e26d6af484bb4/303c4efebbbb4624aa9302495b12ec15.png","ascent":8},{"type":"bitmap","chars":["垌"],"height":8,"file":"minecraft:font/317d796d617549f8a610c4cfc90dd68f/6249ad9c599047e2b074025c2619d2e8.png","ascent":8},{"type":"bitmap","chars":["垍"],"height":8,"file":"minecraft:font/5ad1dd20ea384673bc15380ee531e41c/92970f53bf854a148bf6f67b31b9a885.png","ascent":8},{"type":"bitmap","chars":["垎"],"height":8,"file":"minecraft:font/74edcb91f61046f59be9952d9c0c6281/ae1be7a034b24289bb888055a9edad08.png","ascent":8},{"type":"bitmap","chars":["垏"],"height":8,"file":"minecraft:font/d516564a3ab7419096afd2e52bd8962d/38f3407f5d6b4be99fc5d7187cdc1125.png","ascent":8},{"type":"bitmap","chars":["垐"],"height":8,"file":"minecraft:font/2a383afd05ef4651bc20fc3ce5dafe7e/0d5639bec0784175bf5f79773eca29b3.png","ascent":8},{"type":"bitmap","chars":["垑"],"height":8,"file":"minecraft:font/0311cd12879b402a8ff9038c9dc762c7/fe51d0d77b4548858a72e8b00b07fdd8.png","ascent":8},{"type":"bitmap","chars":["垒"],"height":8,"file":"minecraft:font/c6644d64f36c4e2b8130d54eac83eeea/f46dea658f7e4506bc97dd6cfae0d7cd.png","ascent":8},{"type":"bitmap","chars":["垓"],"height":8,"file":"minecraft:font/80caf625ce714ba5854fa58b20aecef7/9c0675332f554cae80a021c2fce75efc.png","ascent":8},{"type":"bitmap","chars":["垔"],"height":8,"file":"minecraft:font/5a2932284105456c9fca715af64c4352/94612a278b4d47dbacae4a0bcf2ce473.png","ascent":8},{"type":"bitmap","chars":["垕"],"height":8,"file":"minecraft:font/2736480bb6a14f7ba7643980fb7d2113/65dfd5ad9d1242c682a011237f56514a.png","ascent":8},{"type":"bitmap","chars":["垖"],"height":8,"file":"minecraft:font/b2326690daef4bbf8c10c8668671a479/7fcc4b16ab1248dba46ff6f9aa7cbced.png","ascent":8},{"type":"bitmap","file":"font/pixel.png","ascent":-1000,"height":-2,"chars":["ᨓ"]},{"type":"bitmap","file":"font/pixel.png","ascent":-10000,"height":1,"chars":["ᨒ"]},{"type":"bitmap","file":"font/pixel.png","ascent":-10000,"height":-2,"chars":["⻙"]}]}