{"providers":[{"ascent":16,"type":"bitmap","chars":["垜"],"height":16,"file":"minecraft:font/15ff299039214e29b48e53882e8e23b7/78763cbada5a4dd8bd40a58fa5463c7c.png"},{"ascent":16,"type":"bitmap","chars":["垟"],"height":16,"file":"minecraft:font/56f3e60a13ff44ffb568e778c3bcefcf/6ff2af5866084a3eb3810638dbc9d369.png"},{"ascent":16,"type":"bitmap","chars":["一"],"height":16,"file":"minecraft:font/1d4ddf2a90c34187ac1a06a3bdb4cea0/982da20566d84c50b4e050ec7b2c8e04.png"},{"ascent":8,"type":"bitmap","chars":["丁"],"height":8,"file":"minecraft:font/d85a4c47bb3d46daa4898b6db3d9c53b/adfd01c85d4f4938a1d13048a337009c.png"},{"ascent":8,"type":"bitmap","chars":["垞"],"height":8,"file":"minecraft:font/15cc7b663fb04389922367d4594050b3/04ce5cee02b24a0e9bbbbbcd67850582.png"},{"ascent":8,"type":"bitmap","chars":["垠"],"height":8,"file":"minecraft:font/621c02914ad642a681b24a3b8cd4d157/19ed50b980d94b4f86ccdcbf9103a6b2.png"},{"ascent":8,"type":"bitmap","chars":["丂"],"height":8,"file":"minecraft:font/8011395fbf8444cdbe4d2d3399624a05/6a0d2e5b4a194e49af89e6331d300527.png"},{"ascent":8,"type":"bitmap","chars":["七"],"height":8,"file":"minecraft:font/bc1dd5cd2c62490cb0cb8cf864bb1977/46bab8201ae64bf28e008fa5d60fb890.png"},{"ascent":8,"type":"bitmap","chars":["丄"],"height":8,"file":"minecraft:font/190eb7d1431e4f2db6e2abe326e13328/7f4346c14b2d448a8ef7aada7dee51ff.png"},{"ascent":8,"type":"bitmap","chars":["丅"],"height":8,"file":"minecraft:font/6832dec54064462a8844b840121ac434/7fc440cf5fbf4d8e8e830bcc04d3b22f.png"},{"ascent":8,"type":"bitmap","chars":["丆"],"height":8,"file":"minecraft:font/9ab6665a88974141a8abd024156daeca/9b5c87069a9344a794e04e82fb737f59.png"},{"ascent":8,"type":"bitmap","chars":["万"],"height":8,"file":"minecraft:font/89fecc1968534e978c7d34d4b9cd7f46/6a81063111d744d8bb81958cbe5f867e.png"},{"ascent":8,"type":"bitmap","chars":["丈"],"height":8,"file":"minecraft:font/8d7a54d49c3142d591513f2bc6da93b7/29202ceb6885407d8bf0e98e034c5d1f.png"},{"ascent":8,"type":"bitmap","chars":["三"],"height":8,"file":"minecraft:font/51c1e446d8e64d44b4479394af95c39e/2de11d28847944b7b28615cb7a0e0812.png"},{"ascent":8,"type":"bitmap","chars":["上"],"height":8,"file":"minecraft:font/8d8a2ab9d7c0452cb95934f158400546/3704ae7d54ff4708b38515b5af60f4e5.png"},{"ascent":8,"type":"bitmap","chars":["下"],"height":8,"file":"minecraft:font/60d76d4c930641869033185d49067d44/a391491079014e53ba8fa07166977825.png"},{"ascent":8,"type":"bitmap","chars":["丌"],"height":8,"file":"minecraft:font/38ae7c4c18074f5583cd80f424d6c45c/5e81530bec6144f796397d87cb921e48.png"},{"ascent":8,"type":"bitmap","chars":["不"],"height":8,"file":"minecraft:font/005a81a8131d4a8ea76b5f748433c9eb/d7677eba387f42b387058768edb6aff1.png"},{"ascent":8,"type":"bitmap","chars":["与"],"height":8,"file":"minecraft:font/1da187227cd54081969e44e9ba1063a8/5add7e41560047febdb6d9c0e957f5a5.png"},{"ascent":8,"type":"bitmap","chars":["丏"],"height":8,"file":"minecraft:font/4bdf344e40074ac0b92ba93f3ec4b280/9552e2ace6b94fd88e78c24e4f067419.png"},{"ascent":8,"type":"bitmap","chars":["丐"],"height":8,"file":"minecraft:font/688a02aedf0943c6adf86ced5dc61ddd/83d27b90c0644bd8ab5f44117ad7ec44.png"},{"ascent":8,"type":"bitmap","chars":["丑"],"height":8,"file":"minecraft:font/c3e1e210b97c4dfdb643a7f147faccc0/9ad27066bc8849518978501c316cd20a.png"},{"ascent":8,"type":"bitmap","chars":["丒"],"height":8,"file":"minecraft:font/256fdecf25cf41a7bcae551a5e84dc25/b9f1fdb08c3e4873955b3953e3631a74.png"},{"ascent":8,"type":"bitmap","chars":["专"],"height":8,"file":"minecraft:font/c1ef8c8e32af419db360453f16230d12/c102aa56bcea4719ae1e430d09c9451e.png"},{"ascent":8,"type":"bitmap","chars":["且"],"height":8,"file":"minecraft:font/ae542bd34eb9483689d73e5775eaff6a/c3e328613ee44df2bbae413151262db9.png"},{"ascent":8,"type":"bitmap","chars":["丕"],"height":8,"file":"minecraft:font/fda7e8b36834453f837163c7e4407b74/3a7e52aed3cf418a86b3a32a3466741f.png"},{"ascent":8,"type":"bitmap","chars":["世"],"height":8,"file":"minecraft:font/07c154ed01e74258bc5c04de317f07c6/8682b1d81ac8489eb9cdac554af9a894.png"},{"ascent":8,"type":"bitmap","chars":["丗"],"height":8,"file":"minecraft:font/04408444de724de1817016cdf9eff6e3/c0b47142298f473d9ed9905ec2f4686d.png"},{"ascent":8,"type":"bitmap","chars":["丘"],"height":8,"file":"minecraft:font/a6f2dd71bfa043c8909813f2b1486c4b/acbac2578f6e48879230c9491e1579a8.png"},{"ascent":8,"type":"bitmap","chars":["丙"],"height":8,"file":"minecraft:font/d5e998fdde184d628edd8596be05a6b7/f467667b2d8b4299b6f2641a586cee66.png"},{"ascent":8,"type":"bitmap","chars":["业"],"height":8,"file":"minecraft:font/38f1eafacd8646598dad538142c08788/c0e0201996a5421fb2d3bd03c1dd7ddb.png"},{"ascent":8,"type":"bitmap","chars":["丛"],"height":8,"file":"minecraft:font/bf71005d3ed24b929e1fa5f7fec4a891/dc44a075a2d1458ea08f75f5f7a50569.png"},{"ascent":8,"type":"bitmap","chars":["东"],"height":8,"file":"minecraft:font/105dfe424db5457186c19571fa32515f/1f9d8cdb61b1452cabfbc1a8b7507725.png"},{"ascent":8,"type":"bitmap","chars":["丝"],"height":8,"file":"minecraft:font/40f1a12cab1d48449d112782593c5a7d/7b3b7c1e03aa483d848bb761b8e82c3b.png"},{"ascent":8,"type":"bitmap","chars":["丞"],"height":8,"file":"minecraft:font/dd1aab10df8b420faae40f76b5650c94/e20ecc3c63fd413ba4552700780b0beb.png"},{"ascent":8,"type":"bitmap","chars":["丟"],"height":8,"file":"minecraft:font/3af1a70964f949c2b4a986abfa91855b/ac19b79c7a744cb5a61d02a251f02d17.png"},{"ascent":8,"type":"bitmap","chars":["丠"],"height":8,"file":"minecraft:font/6ffadfada3144c2f85e6db75d6310b0e/9fc3845302144d438236f5b2252beef9.png"},{"ascent":8,"type":"bitmap","chars":["両"],"height":8,"file":"minecraft:font/3a589d7d4ed74a5080895cddabe4e5d7/d4debe8141954e7fada0a519f7db95f7.png"},{"ascent":8,"type":"bitmap","chars":["丢"],"height":8,"file":"minecraft:font/ae5571ce20b94a029db37e5798e01660/9c644c811ba644a5881af35a541c59e1.png"},{"ascent":8,"type":"bitmap","chars":["丣"],"height":8,"file":"minecraft:font/6e4fb30a88024540aea4d9db563d25b6/e71402f8f45244dab2512a9c3ebd1118.png"},{"ascent":8,"type":"bitmap","chars":["两"],"height":8,"file":"minecraft:font/77438051e5fa481abca8e665a33d6d50/bf475c87a35a4262987e6145e992fcd9.png"},{"ascent":8,"type":"bitmap","chars":["严"],"height":8,"file":"minecraft:font/d88faa6342264e41b5837caa3ccf8967/179a02953bcc4835b8f3dbfcac97f886.png"},{"ascent":8,"type":"bitmap","chars":["並"],"height":8,"file":"minecraft:font/7e772193ed95464ca4856b54b0c34327/641cb712427441efa92fb6973e8b9205.png"},{"ascent":8,"type":"bitmap","chars":["丧"],"height":8,"file":"minecraft:font/579b38371b604fbfa3f9102fc96e7c05/fef8540a22694b77b4366ba199b624c9.png"},{"ascent":8,"type":"bitmap","chars":["丨"],"height":8,"file":"minecraft:font/7f2108896e32416f92d22c59144194a0/0f4efafab4e44c3a8ed0fb7a83aed35c.png"},{"ascent":8,"type":"bitmap","chars":["丩"],"height":8,"file":"minecraft:font/05be2fda05d04bcf9607ef4862b691f2/d6877029bedf4f89873b83038e8a6aad.png"},{"ascent":8,"type":"bitmap","chars":["个"],"height":8,"file":"minecraft:font/69cecb15c35f4d52870f296c44ccfcc1/6ad9aac1057b4880a6332acae151079c.png"},{"ascent":8,"type":"bitmap","chars":["丫"],"height":8,"file":"minecraft:font/a4fd90ec593f4e489faad28c8042f96d/3d862eb3b18e4f449952451a43875689.png"},{"ascent":8,"type":"bitmap","chars":["丬"],"height":8,"file":"minecraft:font/ac02ca7415334ea1b7d5d004e5324827/b9d1d80bbb814af581c26f5dffee299d.png"},{"ascent":8,"type":"bitmap","chars":["中"],"height":8,"file":"minecraft:font/33a9a3e3390c4208aa409a34b9227f10/7cefbf80d9dc4e7098fd50b78289f4b2.png"},{"ascent":8,"type":"bitmap","chars":["丮"],"height":8,"file":"minecraft:font/525959bf30f6422181e4f050369fe3b1/7830ca1b6a1d48b1b34d81f203a4ed34.png"},{"ascent":8,"type":"bitmap","chars":["丯"],"height":8,"file":"minecraft:font/b5ae89a5f47545539b86f4d473445f06/16a08f8d047546da98569f8354d5d861.png"},{"ascent":8,"type":"bitmap","chars":["丰"],"height":8,"file":"minecraft:font/62cd3828fce14fbcbc6a6628f603c197/e3a99db4aa0f4339bc4efd70b71f7322.png"},{"ascent":8,"type":"bitmap","chars":["丱"],"height":8,"file":"minecraft:font/0e147756e30648e9a648f3a036b1f495/fba4a61524bc4b61bce00f7a267102a3.png"},{"ascent":8,"type":"bitmap","chars":["串"],"height":8,"file":"minecraft:font/aaa52fb3bb7f4dd2b28f128353f68401/c962943a0516430eb6a164efa7c5bf62.png"},{"ascent":8,"type":"bitmap","chars":["丳"],"height":8,"file":"minecraft:font/41ef7135119f4bb69d13b97bfdc81e28/73b68885f0514e5a834c6d6d30464bb3.png"},{"ascent":16000,"type":"bitmap","chars":["垙"],"height":16000,"file":"minecraft:font/05c16b61271348e49ca9c821e5e4c7fe/aabd9274bc2a42e4815095301c1f32b5.png"},{"ascent":8,"type":"bitmap","chars":["亖"],"height":8,"file":"minecraft:font/c03796007fa548caacc192468f7af184/33e743d8b55f4e69857154372f5b6b46.png"},{"ascent":8,"type":"bitmap","chars":["亗"],"height":8,"file":"minecraft:font/187c6c3c62184622800f12a8d9b60d74/8aab09c6ad534df9a78b8b32df86d851.png"},{"ascent":8,"type":"bitmap","chars":["亘"],"height":8,"file":"minecraft:font/77c7a1505d6748ae879247489d3c3f36/513ed88f9b264f899ca2cf128c9ee5c8.png"},{"ascent":8,"type":"bitmap","chars":["亙"],"height":8,"file":"minecraft:font/0fa91faa67b34293910a664719ed4f02/1c23a7f73b354b42897f2388d3880e5f.png"},{"ascent":8,"type":"bitmap","chars":["亚"],"height":8,"file":"minecraft:font/e750baf2eff84261834fd49b435a7cd4/4d336a328cbb41c799cb5869b9aecb5d.png"},{"ascent":8,"type":"bitmap","chars":["些"],"height":8,"file":"minecraft:font/e65ffb4145c744cb9592cd254109a937/62c6b95171ae4aba9072115a831509a0.png"},{"ascent":8,"type":"bitmap","chars":["亜"],"height":8,"file":"minecraft:font/9985eadaec144eb99d6b808dc1945e9c/8110bfa848a44c19a42ba40237a88837.png"},{"ascent":8,"type":"bitmap","chars":["亝"],"height":8,"file":"minecraft:font/bd4fb5f8921f4fc1a08c6fac87571a4c/c4732ea8fca04e25abbc7a24ebb00508.png"},{"ascent":8,"type":"bitmap","chars":["亞"],"height":8,"file":"minecraft:font/73a943c8d7c6468fb00c8a95a104bf20/d3481cd360364a53980ac88c062f33c6.png"},{"ascent":8,"type":"bitmap","chars":["亟"],"height":8,"file":"minecraft:font/ad7b2df4c1de41e4a76bda96f60a56eb/45168cf09e0b4d84a122b536aa778107.png"},{"ascent":8,"type":"bitmap","chars":["亠"],"height":8,"file":"minecraft:font/058b6d4565654ce0951b675095a89b82/e2a8136307fe45c1996ebdfa1e78bd1b.png"},{"ascent":8,"type":"bitmap","chars":["亡"],"height":8,"file":"minecraft:font/73aa5055500640099884321a6829effa/905ce02c0aa8468dafac422b5ee1450e.png"},{"ascent":8,"type":"bitmap","chars":["亢"],"height":8,"file":"minecraft:font/206e89f21593496ca7887b33f315f354/92d9a7f02e804c44b030464ea8042062.png"},{"ascent":8,"type":"bitmap","chars":["亣"],"height":8,"file":"minecraft:font/a82f69b6328243a1bf6255b4cb29f6aa/6f48589a98d7445f80245a7693c89c8b.png"},{"ascent":8,"type":"bitmap","chars":["交"],"height":8,"file":"minecraft:font/53d48242f353405c8f8a451f0a418573/a486b822bb174970a474cf09e3387e19.png"},{"ascent":8,"type":"bitmap","chars":["亥"],"height":8,"file":"minecraft:font/182ace083b0f4d8f962a8f6f0a52c1c2/f0213ee7c8764e5792446c3778022a04.png"},{"ascent":8,"type":"bitmap","chars":["亦"],"height":8,"file":"minecraft:font/f33c59a2faa145b98f441e0a0cf8cbfa/734522172aff4ab38ee06d8e39b1ad9b.png"},{"ascent":8,"type":"bitmap","chars":["产"],"height":8,"file":"minecraft:font/2f0db226bc204bf7a28162c1c1a38c9e/d263f0858c0e475d9386e6382a12ca3d.png"},{"ascent":8,"type":"bitmap","chars":["亨"],"height":8,"file":"minecraft:font/39e0c364b1d7439c90c75653a52507be/715899bbf24346dc8b28e2ab9a5b623f.png"},{"ascent":8,"type":"bitmap","chars":["亩"],"height":8,"file":"minecraft:font/ef4d0baa08154f1fb254a3d42756cefa/9b124bbd8f414b1a91c37a52540e1c27.png"},{"ascent":8,"type":"bitmap","chars":["亪"],"height":8,"file":"minecraft:font/28c319e236b5484aad71ff2d5ecf5422/a124208a9fe342d09ecc0473ac2a1dd3.png"},{"ascent":8,"type":"bitmap","chars":["享"],"height":8,"file":"minecraft:font/267bdea9acb84cba9868abe8234c8241/b1b9eafacebc47e5a967f07535fe8007.png"},{"ascent":8,"type":"bitmap","chars":["京"],"height":8,"file":"minecraft:font/8904c49b2453476da2dd6b8f7e7042ed/f7180cf449794b42bd86a019a7bb2a1f.png"},{"ascent":8,"type":"bitmap","chars":["亭"],"height":8,"file":"minecraft:font/7766f27e43944960bbdf6e08e884a408/de144a7e3e1e47ec876657d7837326d3.png"},{"ascent":8,"type":"bitmap","chars":["亮"],"height":8,"file":"minecraft:font/9cb892f37089473987a1c16ce0905c0e/ce44ee55dfa5432ca0d1f90505e25768.png"},{"ascent":8,"type":"bitmap","chars":["亯"],"height":8,"file":"minecraft:font/2495f356ed3f475e8ed75d45a58ea21c/58f6b668ebc647359c85670481f6c999.png"},{"ascent":8,"type":"bitmap","chars":["亰"],"height":8,"file":"minecraft:font/fc511df0bd5b41c1aa1f6ee89c33e4e7/7dc81635558e41c69bd3bf70ffa81229.png"},{"ascent":8,"type":"bitmap","chars":["亱"],"height":8,"file":"minecraft:font/08875c73700a4679b71b718f932f28c6/b0228893ed6340c396c9e6581cd2c503.png"},{"ascent":8,"type":"bitmap","chars":["亲"],"height":8,"file":"minecraft:font/115e5218ec324a3c951dab29703e0c9b/b9bf8ae795c5481cbbb71fb697958577.png"},{"ascent":8,"type":"bitmap","chars":["亳"],"height":8,"file":"minecraft:font/fb80ac7b5b634250a053c25e743b90f7/8fdf5f6222d74e63bbef5d49b582fa52.png"},{"ascent":8,"type":"bitmap","chars":["亴"],"height":8,"file":"minecraft:font/5681f14f0a2f44f691d11afd5d1543d4/70cdb9474853440581bd7978a9f57094.png"},{"ascent":8,"type":"bitmap","chars":["亵"],"height":8,"file":"minecraft:font/fbe4db6ade1f4bd1b821eadd384b1308/f840268ddd1c4af6aeb6ca228eaeaf40.png"},{"ascent":8,"type":"bitmap","chars":["亶"],"height":8,"file":"minecraft:font/3a63e37a0a53420da186c7526a624c73/9be3aef6477b45de8edc7b8ccf0e1e19.png"},{"ascent":8,"type":"bitmap","chars":["亷"],"height":8,"file":"minecraft:font/811478f440a34035904833d6a13c07dd/c87a3f6117f24a7d8f04ddadc5fb7ae4.png"},{"ascent":8,"type":"bitmap","chars":["亸"],"height":8,"file":"minecraft:font/31f865438e034723bc362d8690315a97/1b8c5671620740ffb4341665cd3fb116.png"},{"ascent":8,"type":"bitmap","chars":["亹"],"height":8,"file":"minecraft:font/722886f3326241528079eaca5f75352d/13a1d63555f64c499d0786f15cd30734.png"},{"ascent":8,"type":"bitmap","chars":["人"],"height":8,"file":"minecraft:font/e2d0858f7f974c66b5d8d8e25c7bc99f/174bdc27c1b64dc8a36f479c0fd04c24.png"},{"ascent":8,"type":"bitmap","chars":["亻"],"height":8,"file":"minecraft:font/41ef8abf7fde4ddd9e2bb2a6ab049d20/cbddcdc968524fb08b8b0e381dfc1086.png"},{"ascent":8,"type":"bitmap","chars":["亼"],"height":8,"file":"minecraft:font/251e80b1fba844129fb53f71d619b6dc/2a28cfc13aea4f1da3f461d4a1e4dbe4.png"},{"ascent":8,"type":"bitmap","chars":["亽"],"height":8,"file":"minecraft:font/f6bc26041c674936826756862e6d6e56/fca6c709c6eb41bea817304e024069e4.png"},{"ascent":8,"type":"bitmap","chars":["亾"],"height":8,"file":"minecraft:font/32a2110690e340a492402322bd44db0a/eb630ab9561d4e49ae89da60eeae8853.png"},{"ascent":8,"type":"bitmap","chars":["亿"],"height":8,"file":"minecraft:font/73ca593c48e34ba7a910a2da02f5e1bb/da2ca0d0586e40e9b06a437f17c8f916.png"},{"ascent":8,"type":"bitmap","chars":["什"],"height":8,"file":"minecraft:font/32e1654e3c7a477c8dc1483374bd90cf/f8904572118d4987846b8dc63edabc01.png"},{"ascent":8,"type":"bitmap","chars":["仁"],"height":8,"file":"minecraft:font/bf50c80a05654a42ade938b995aba3e9/f0d51c07127d48e0813aac79a6f0cde1.png"},{"ascent":8,"type":"bitmap","chars":["仂"],"height":8,"file":"minecraft:font/97a0952d8c1c4927aee087d9974be0ff/946866ea6a1d4200b2e5e65b6aed56a2.png"},{"ascent":8,"type":"bitmap","chars":["仃"],"height":8,"file":"minecraft:font/f2bd0e62349e4fa799d509c54d65dd86/bfd2fef660d14663a8b3dcafe8f2b5ee.png"},{"ascent":8,"type":"bitmap","chars":["仄"],"height":8,"file":"minecraft:font/f91103538f3047f2bc07dc98903a7859/effbec430aa647c782f8b6730b488726.png"},{"ascent":8,"type":"bitmap","chars":["仅"],"height":8,"file":"minecraft:font/6c124cc03e3d417d9fe4a21f59806897/0a8492ca19444d3583e9a033d7db3eb4.png"},{"ascent":8,"type":"bitmap","chars":["仆"],"height":8,"file":"minecraft:font/6534dc2b5e2743cfb941963d957a0d79/56a430d3d70c4478a12aa014c8ad77d1.png"},{"ascent":8,"type":"bitmap","chars":["仇"],"height":8,"file":"minecraft:font/8ae8a2e31ae545e190e1dd67067322af/ef025f6d0b08412a8c4fe381faff1f56.png"},{"ascent":8,"type":"bitmap","chars":["仈"],"height":8,"file":"minecraft:font/19680aba5f4b448c92ef061c46077356/6d85578b6db04b8181031d7d29d80bf1.png"},{"ascent":8,"type":"bitmap","chars":["仉"],"height":8,"file":"minecraft:font/1058a26ccabe499ab3ea6121369b0069/84f584107e8041e79132eef491d2019c.png"},{"ascent":8,"type":"bitmap","chars":["今"],"height":8,"file":"minecraft:font/d69256e0d2a54a47a31bdd1af56e468c/cd7c966640154511886f4c8e69edc442.png"},{"ascent":8,"type":"bitmap","chars":["介"],"height":8,"file":"minecraft:font/d9b66c6fb4a54493b39ff71ee9cd49f1/f70b8fefa722489eb2dde059b81fd3df.png"},{"ascent":8,"type":"bitmap","chars":["仌"],"height":8,"file":"minecraft:font/7824af689cd04833a7d4b4c3cbcb8bb9/e32cbd1b77b84f51b857a675c4b21693.png"},{"ascent":8,"type":"bitmap","chars":["仍"],"height":8,"file":"minecraft:font/4444efc0c55e4fd08b32ea95b6663ade/dbe189e8180d475699019bf1cb4c748b.png"},{"ascent":8,"type":"bitmap","chars":["从"],"height":8,"file":"minecraft:font/0967e69db93e4b04b1006a6eaa9a55ef/9551a0909c944c4693aa5301408f9f12.png"},{"ascent":8,"type":"bitmap","chars":["仏"],"height":8,"file":"minecraft:font/47137d13af934b26a5a9f438dbb4c11e/c687eaa9b45943e4a57c741be9f08cbc.png"},{"ascent":8,"type":"bitmap","chars":["仐"],"height":8,"file":"minecraft:font/1969a4554d154d2d9207f24cd780160d/c21b6a080e40494789361b4c81c899f4.png"},{"ascent":8,"type":"bitmap","chars":["仑"],"height":8,"file":"minecraft:font/2db3c63ace484159a550f5cd7bae53b8/02f367403f78414ab3c3de8e3a3bf956.png"},{"ascent":8,"type":"bitmap","chars":["仒"],"height":8,"file":"minecraft:font/7176bab575df4e69a6c4181d3321f8cb/e0b6ca289bd2482b9828e870d8276eb3.png"},{"ascent":8,"type":"bitmap","chars":["仓"],"height":8,"file":"minecraft:font/abb820dd01124be89946a91585dacfe9/788b26ffded04d63aca543e17f57eb61.png"},{"ascent":8,"type":"bitmap","chars":["仔"],"height":8,"file":"minecraft:font/f90153fccb4541118aaaa7a57584ad7b/787f9929b075486b96306ac1ebbea3e9.png"},{"ascent":8,"type":"bitmap","chars":["仕"],"height":8,"file":"minecraft:font/f800b775ba724d379e4dacec53bbcf1c/76b38ab48c1c4466b134aea6ccd10c28.png"},{"ascent":8,"type":"bitmap","chars":["他"],"height":8,"file":"minecraft:font/c026940ab18d49ab8d32e85d0a903d48/4848d52c6f0a49748312be7ab68b1454.png"},{"ascent":8,"type":"bitmap","chars":["仗"],"height":8,"file":"minecraft:font/b8a9a45907064a38b776461c5c900997/d76d8d60bc0746e49264be2822433877.png"},{"ascent":8,"type":"bitmap","chars":["付"],"height":8,"file":"minecraft:font/4150efff9618475196c75778efab95fe/693fafa7bebe4f1f936fad810b83c4d5.png"},{"ascent":8,"type":"bitmap","chars":["仙"],"height":8,"file":"minecraft:font/3335360d2a104c46b4f29aedbdb692ba/5560c61a94fd467c9a488a86b65f8aec.png"},{"ascent":8,"type":"bitmap","chars":["仚"],"height":8,"file":"minecraft:font/eedb5a0a09c64fa4924ed491b021ae24/c6d2c6c615cc4b9e84737e9e0a1b35e9.png"},{"ascent":8,"type":"bitmap","chars":["仛"],"height":8,"file":"minecraft:font/3e7eb8afd6fb463292d070fe671ad9b1/336081a53d254da4ac4babda4a0e58c5.png"},{"ascent":8,"type":"bitmap","chars":["仜"],"height":8,"file":"minecraft:font/3494f6045f8f48498731ba4bff634163/85b2b8b2cabd4046b24954a7d0fc7cd9.png"},{"ascent":8,"type":"bitmap","chars":["仝"],"height":8,"file":"minecraft:font/1d1eb787f40c4139af13c286d09449ea/c5c1e411e70f497cabae904f749cc122.png"},{"ascent":8,"type":"bitmap","chars":["仞"],"height":8,"file":"minecraft:font/ec5e13c0f1fd4753ac188d1d5261e384/29654ba1309c4f8eb8126fc10949b5eb.png"},{"ascent":8,"type":"bitmap","chars":["仟"],"height":8,"file":"minecraft:font/d6539ba180e24f4a9b9807a409f73432/25337a5ae75c48b7940d20bb72f747a2.png"},{"ascent":8,"type":"bitmap","chars":["仠"],"height":8,"file":"minecraft:font/e6df670d48d345f3897463806a59155e/880a592202ac46599c97fa524ec54a4f.png"},{"ascent":8,"type":"bitmap","chars":["仡"],"height":8,"file":"minecraft:font/76aa0d417f194e4ab64a8ca764cd4b14/a14a6f39e18c4e87b4632cdc125d5a5d.png"},{"ascent":8,"type":"bitmap","chars":["仢"],"height":8,"file":"minecraft:font/2b79043592b947a2a6d34510a0520df4/88e69e8205634cc99265a879210f5e6f.png"},{"ascent":8,"type":"bitmap","chars":["代"],"height":8,"file":"minecraft:font/a8d4121df4ab46b39ada4fc29cd8d7f3/1185fee95f7e4276a8f470afe25fdadd.png"},{"ascent":8,"type":"bitmap","chars":["令"],"height":8,"file":"minecraft:font/c1f5fe370e9f4973a04c22454c03fec4/d37e69beec144ce3a46bdbe23f856dd2.png"},{"ascent":8,"type":"bitmap","chars":["以"],"height":8,"file":"minecraft:font/ec2c29eb1754483b9fa69014f5738486/47b7f42a927d47c19a775866059d076b.png"},{"ascent":8,"type":"bitmap","chars":["仦"],"height":8,"file":"minecraft:font/cf1698318af64280bd0899db3f89ddf7/4a428c0ac3f543ba8a0b51afb50a2ca0.png"},{"ascent":8,"type":"bitmap","chars":["仧"],"height":8,"file":"minecraft:font/3c649cf873ff47bfb10242dcf2d4a05c/4215557a670e4429a5a90a360f15704c.png"},{"ascent":8,"type":"bitmap","chars":["仨"],"height":8,"file":"minecraft:font/8f495acdc5044117aa04efb6fce682b2/3ac412208cd745519393d33ca06ac05b.png"},{"ascent":8,"type":"bitmap","chars":["仩"],"height":8,"file":"minecraft:font/50b1078260ba45a1b816e3dba1f7aadf/f162192a87aa403bb7fcad844e329859.png"},{"ascent":8,"type":"bitmap","chars":["仪"],"height":8,"file":"minecraft:font/ece8feeac7cf4c068751e3d1e362fe52/414afdecdff4418cb423a2983281e864.png"},{"ascent":8,"type":"bitmap","chars":["仫"],"height":8,"file":"minecraft:font/90da8d4b8cf5495bad3d462d1c99a402/3111927ab16a4c58adfddf4ffc362586.png"},{"ascent":8,"type":"bitmap","chars":["们"],"height":8,"file":"minecraft:font/742d211501344691b1b5cbf011f3762b/b53d39a5975240d9963bfcfa162ac151.png"},{"ascent":8,"type":"bitmap","chars":["仭"],"height":8,"file":"minecraft:font/9f22c3b5ec7c4fca8cb5e2011d0343b6/c9f1ba0584174cea8431c2735d44d711.png"},{"ascent":8,"type":"bitmap","chars":["仮"],"height":8,"file":"minecraft:font/4ba80baf0f62466fb8c93da3e2ef8282/22c1de08240043dcae40aa881a544cdd.png"},{"ascent":8,"type":"bitmap","chars":["仯"],"height":8,"file":"minecraft:font/cc7a265688284d288f9a6c2f7f5bf7cb/17d8f2567b944609ba85cefc8d1f958e.png"},{"ascent":8,"type":"bitmap","chars":["仰"],"height":8,"file":"minecraft:font/562c4f3297484172aa89db681e08290d/5be652db5f4d458ca43ecf96da0cd57b.png"},{"ascent":8,"type":"bitmap","chars":["仱"],"height":8,"file":"minecraft:font/958d02cec02d4210abf010d198e50f14/5bd7dd6f1a494ecba6df39e9b1f1229f.png"},{"ascent":8,"type":"bitmap","chars":["仲"],"height":8,"file":"minecraft:font/a8ee9562191c48ad8178ef1f1f3e5f2a/03ec136d441f4871ac01cbcd69a82250.png"},{"ascent":8,"type":"bitmap","chars":["临"],"height":8,"file":"minecraft:font/77e2d224cf0341e9a0a807facb461d56/93754dda06104be0b0120b7f5935ad46.png"},{"ascent":8,"type":"bitmap","chars":["丵"],"height":8,"file":"minecraft:font/87162efeaa3e43b182ca435cca611f17/c13344eb829a4e46927080bbe1683482.png"},{"ascent":8,"type":"bitmap","chars":["丶"],"height":8,"file":"minecraft:font/f16986d8229a43caa82c9a4148cb6a6e/8f595ba8998e4602a8b81dd76851cef8.png"},{"ascent":8,"type":"bitmap","chars":["丷"],"height":8,"file":"minecraft:font/de158aebc7a44b199f627501665fa434/895b7c22bb0c4626a31985912eda7a7e.png"},{"ascent":8,"type":"bitmap","chars":["丸"],"height":8,"file":"minecraft:font/633fa3c962914c8986161bac14d40bfc/b387314714f34167862e922100c2c0d6.png"},{"ascent":8,"type":"bitmap","chars":["丹"],"height":8,"file":"minecraft:font/e9134cf87246442e9eb701030c6265cb/dbc6508285d44e38b4cfcab158d931ef.png"},{"ascent":8,"type":"bitmap","chars":["为"],"height":8,"file":"minecraft:font/3cc632991d2a4bbba088b1e7fb65bf19/6e3bebd433fc40b7b25600d699e312c6.png"},{"ascent":8,"type":"bitmap","chars":["主"],"height":8,"file":"minecraft:font/11f1553d2bf84fb4b1031c02dcd865de/b6b425c18931407fbb90dd25293bb5f4.png"},{"ascent":8,"type":"bitmap","chars":["丼"],"height":8,"file":"minecraft:font/356a892f073246a1b07ca727e46a1a1c/0db97dbdd63c493cb6da02771c4f8ada.png"},{"ascent":8,"type":"bitmap","chars":["丽"],"height":8,"file":"minecraft:font/39f49ec4b9b7498cb7cd8abc197c8e8e/5d41762bf9ea4619b9a1ac5160cb40bd.png"},{"ascent":8,"type":"bitmap","chars":["举"],"height":8,"file":"minecraft:font/ef7f90e21a4847929cd028cd044436cd/5d6fcdd9720b4648a22f286924cba54b.png"},{"ascent":8,"type":"bitmap","chars":["丿"],"height":8,"file":"minecraft:font/01b268857d9c4c6cb11b9149c32bd43d/40b43ae47671409aa9a462bea19ec605.png"},{"ascent":8,"type":"bitmap","chars":["乀"],"height":8,"file":"minecraft:font/f4a86ea38de243728f50494b64570a8a/d31ad3980f884f03afd200be1a88c3f1.png"},{"ascent":8,"type":"bitmap","chars":["乁"],"height":8,"file":"minecraft:font/482119918dcd4bb9ad7e9d547cb09694/71aea3de96ad4a1799ed4a34d9ec8b6c.png"},{"ascent":8,"type":"bitmap","chars":["乂"],"height":8,"file":"minecraft:font/d58cfdac2b534c1083f7be11d2fb7322/788d3155359147fe9f1db1a5b0bb21eb.png"},{"ascent":8,"type":"bitmap","chars":["乃"],"height":8,"file":"minecraft:font/59bac10a1f4c412e87f57beeaf4e4ccc/8a00df31751e4e64ad8e4e89bc914159.png"},{"ascent":8,"type":"bitmap","chars":["乄"],"height":8,"file":"minecraft:font/d09ec55eea8c49b9b4bf4db711750be1/7847ebc90afd4c35a0035100998b743b.png"},{"ascent":8,"type":"bitmap","chars":["久"],"height":8,"file":"minecraft:font/f5f43250d5f64f99a5e42eaa61a5e1bb/6a5a49fd67814ad9b7ebdef041109301.png"},{"ascent":8,"type":"bitmap","chars":["乆"],"height":8,"file":"minecraft:font/242d80615b7f4299a0af5feb3f3b4b30/21ec54c33aba436dae23c0ff169beee6.png"},{"ascent":8,"type":"bitmap","chars":["乇"],"height":8,"file":"minecraft:font/5e4d0a2a5a2842288fbcda54fb410055/2383114b4b654d5382e191144808d16b.png"},{"ascent":8,"type":"bitmap","chars":["么"],"height":8,"file":"minecraft:font/0a91f0b3cf474dec89d3c5e6cced712b/94411e5ded5e4ae3889e4d0c44a8c0e0.png"},{"ascent":8,"type":"bitmap","chars":["义"],"height":8,"file":"minecraft:font/8f2e118262ad4fc888ca666849ee6d16/477b217354b34a88bb03e784822255da.png"},{"ascent":8,"type":"bitmap","chars":["乊"],"height":8,"file":"minecraft:font/05710fae0386490485f912aad8ffe86f/33050a620b574cf38fc3d046cbc06d35.png"},{"ascent":8,"type":"bitmap","chars":["之"],"height":8,"file":"minecraft:font/b87313e80a424c01aca96718fb4def32/9cd4c173073b4f1cbb0ced7dc452aa49.png"},{"ascent":8,"type":"bitmap","chars":["乌"],"height":8,"file":"minecraft:font/84b821d53e4146ddbd1bf05096c4fde9/9461fc5f22c54cc8bae17426fecdb49e.png"},{"ascent":8,"type":"bitmap","chars":["乍"],"height":8,"file":"minecraft:font/99e937fd8d8d4fcf8dc28e7c8364fb53/1451ee0150a14320ab5ef6355177bd55.png"},{"ascent":8,"type":"bitmap","chars":["乎"],"height":8,"file":"minecraft:font/b27f969f459f4f3b8c11168a8c54fb65/e5efa3a7f28442a1bf955cab50707c0e.png"},{"ascent":8,"type":"bitmap","chars":["乏"],"height":8,"file":"minecraft:font/fe36ae4762f54ac7afc5cf08d9410041/be634c2d28934baa9c2dba3d80ed8c7f.png"},{"ascent":8,"type":"bitmap","chars":["乐"],"height":8,"file":"minecraft:font/15446a89134b4a52a4c9fffc3568f50a/4d87906d6abe44139d72121f867bca15.png"},{"ascent":8,"type":"bitmap","chars":["乑"],"height":8,"file":"minecraft:font/44ddd3b63ba6400cafbb4406750f17a4/11531849c1794345949e08125ac26e62.png"},{"ascent":8,"type":"bitmap","chars":["乒"],"height":8,"file":"minecraft:font/94ef44742f894e37ae0f3364b17e4f56/7a865d16dfc64678b361e3e6f06b516b.png"},{"ascent":8,"type":"bitmap","chars":["乓"],"height":8,"file":"minecraft:font/7e83bad7f3734ed7888602de56422338/ee05f02c2ee549478e1e016acf931443.png"},{"ascent":8,"type":"bitmap","chars":["乔"],"height":8,"file":"minecraft:font/492e874e900443abbaaa18791c55a7b2/61d95d28809a417082096c1ac47a6e92.png"},{"ascent":8,"type":"bitmap","chars":["乕"],"height":8,"file":"minecraft:font/c5a48c2168e74e00bd8ffb4fae46a85e/70c725689f77458892f28970433b1611.png"},{"ascent":8,"type":"bitmap","chars":["乖"],"height":8,"file":"minecraft:font/f68c0436ec7f49b789b00344a344f4ce/c1a9f683f46345fb8ccd394a36b30f93.png"},{"ascent":8,"type":"bitmap","chars":["乗"],"height":8,"file":"minecraft:font/39f6e5af0a7941cd995998ea242b8c18/1d7c07d961e74863996a2ec0c20af3ba.png"},{"ascent":8,"type":"bitmap","chars":["乘"],"height":8,"file":"minecraft:font/f14b0bd70a814209a1ac1c59fa943ecd/4de26a87c449497e875a36a6ae74c3f5.png"},{"ascent":8,"type":"bitmap","chars":["乙"],"height":8,"file":"minecraft:font/d6df790171264cbaabca4dfb7b76c232/e091dfb20c5f4f9e8315fd6507cedb65.png"},{"ascent":8,"type":"bitmap","chars":["乚"],"height":8,"file":"minecraft:font/82e2874604cf40caaba1085c8fda36ad/77267eff63f04c89a33dc2de9d02e8e3.png"},{"ascent":8,"type":"bitmap","chars":["乛"],"height":8,"file":"minecraft:font/b19701330a7f4fb1a6e3935355720485/6f547b7715ac46da94777f76cf62ef72.png"},{"ascent":8,"type":"bitmap","chars":["乜"],"height":8,"file":"minecraft:font/19d0502653f244209ee4181d6c783957/c4d58fb6054c4374bc46db99bf905041.png"},{"ascent":8,"type":"bitmap","chars":["九"],"height":8,"file":"minecraft:font/695598a1b1074395826bb34499dbed48/ee8b7b1cd537440c92ae2dcd6e330ae3.png"},{"ascent":8,"type":"bitmap","chars":["乞"],"height":8,"file":"minecraft:font/d776e1bcbbf841c9abbed483ce98392c/4aacbb272386404c902db29b1f99b9f9.png"},{"ascent":8,"type":"bitmap","chars":["也"],"height":8,"file":"minecraft:font/0dea78bf81fc4322bec0390d0b3014d0/4f33bb896d0c4900ad15cf197f6fb39c.png"},{"ascent":8,"type":"bitmap","chars":["习"],"height":8,"file":"minecraft:font/f53754dfebd3448caba79bb068d6d6cf/bf8212838a3749b8b9b1796ad4783419.png"},{"ascent":8,"type":"bitmap","chars":["乡"],"height":8,"file":"minecraft:font/1a42f1003ced42fa83775251a7744e05/248c9e9c8f0f4e5481593470de944b35.png"},{"ascent":8,"type":"bitmap","chars":["乢"],"height":8,"file":"minecraft:font/fef7181850fa4832b6521dfb71cd008e/5ae8209e3daf4d7cbd9d1e4428dac733.png"},{"ascent":8,"type":"bitmap","chars":["乣"],"height":8,"file":"minecraft:font/5a103738d0c141c2900245906dc47dd5/0351cef042f74c3ebd40f845cd51c10a.png"},{"ascent":8,"type":"bitmap","chars":["乤"],"height":8,"file":"minecraft:font/78f974c5cc2345b8bf9fa61fc722bff3/72b6b3b81e3747e4ad9910ae35741dbc.png"},{"ascent":8,"type":"bitmap","chars":["乥"],"height":8,"file":"minecraft:font/ca957ee853bb422eb7d5b8ba7c774d33/6ddb45620fd644da99c3863294976f1a.png"},{"ascent":8,"type":"bitmap","chars":["书"],"height":8,"file":"minecraft:font/0773c972c523435cbf5d007303c54c12/3138b0c892e04bdb8080950aa699a3be.png"},{"ascent":8,"type":"bitmap","chars":["乧"],"height":8,"file":"minecraft:font/2e2cb247481f47fbac2ada87c999c832/de4644a2b25747a2a194a8b84b2bcb49.png"},{"ascent":8,"type":"bitmap","chars":["乨"],"height":8,"file":"minecraft:font/4367bae2a5a44a30b452e3a4807179f2/f32334da315f4901adae6e85d152ef9e.png"},{"ascent":8,"type":"bitmap","chars":["乩"],"height":8,"file":"minecraft:font/38cb6e11dbb04a22bcc018153b70a6a1/4779066c16be411c93a4a68e28d57bbe.png"},{"ascent":8,"type":"bitmap","chars":["乪"],"height":8,"file":"minecraft:font/0b8b24fe3f5c4ac98b4a22f125ef9da1/4be49d4628ff40d085da20234fcec214.png"},{"ascent":8,"type":"bitmap","chars":["乫"],"height":8,"file":"minecraft:font/c069c6a5289548399c678d1f89321be0/5e62f6bba4f24d61b7918dc8985a93ab.png"},{"ascent":8,"type":"bitmap","chars":["乬"],"height":8,"file":"minecraft:font/4da12f49e6e84ecfb17930fa9fad93da/4af5b38223e64a72a65e05c95cd5d13a.png"},{"ascent":8,"type":"bitmap","chars":["乭"],"height":8,"file":"minecraft:font/518d0a17caed44ee92d7f07701b94cdb/371241c707be4c2492d0d808682ea880.png"},{"ascent":8,"type":"bitmap","chars":["乮"],"height":8,"file":"minecraft:font/9035d0f11d7f4a3a85d4af9829b5e966/1a564a845abd45bb8f541d859b959e88.png"},{"ascent":8,"type":"bitmap","chars":["乯"],"height":8,"file":"minecraft:font/e09271b14d0a45f18ed4505ea583880f/046a9aa5dd174ad9a376aa7f912e5da0.png"},{"ascent":8,"type":"bitmap","chars":["买"],"height":8,"file":"minecraft:font/9da924df860b483bbeb03925fad727e1/a5106d13d2084537a6811a402d456b50.png"},{"ascent":8,"type":"bitmap","chars":["乱"],"height":8,"file":"minecraft:font/5ab9481f6ffb40538147ac48e7efa01a/1c782b0a48e244cc97e8c9a97d6920c5.png"},{"ascent":8,"type":"bitmap","chars":["乲"],"height":8,"file":"minecraft:font/fff06cbb0eca4119b58f3cae63371705/95008ce3a774447fb4e222419498aa6f.png"},{"ascent":8,"type":"bitmap","chars":["乳"],"height":8,"file":"minecraft:font/05c49c355c8a4b49a0a03eb2e2d4c429/f8d2bdc3ef194a8ba3b5d1088fcfe373.png"},{"ascent":8,"type":"bitmap","chars":["乴"],"height":8,"file":"minecraft:font/c18076ac4712485a84586a0517b43992/70f45e71c7f34c79ae7ed272f3fa93f6.png"},{"ascent":8,"type":"bitmap","chars":["乵"],"height":8,"file":"minecraft:font/7a39e628b9d64ec0be823bd80b667c03/82bc1470a9dd420ea0522064e0de0d87.png"},{"ascent":8,"type":"bitmap","chars":["乶"],"height":8,"file":"minecraft:font/0bed2ad63ba2446980679d588b4b1f46/0e8771cf1f2a4ac88ac687e7baf66929.png"},{"ascent":8,"type":"bitmap","chars":["乷"],"height":8,"file":"minecraft:font/9aa3f28e2c3a4932997fa8e5fb8be23a/7cea0869305e448b9f1b2e3c7e86ac3f.png"},{"ascent":8,"type":"bitmap","chars":["乸"],"height":8,"file":"minecraft:font/db6f7e6363df4a50984ab9373b1a5ebd/a8dabe6a044147329ee6b0b1418f66cd.png"},{"ascent":8,"type":"bitmap","chars":["乹"],"height":8,"file":"minecraft:font/5a1ceb2e87274b979497be035b41c45e/51d1ae9c557e456f86a385137b890bee.png"},{"ascent":8,"type":"bitmap","chars":["乺"],"height":8,"file":"minecraft:font/847b9e7219f54d9da649dd85b1373c34/49cb8eb3ec014a578502c22f09b56459.png"},{"ascent":8,"type":"bitmap","chars":["乻"],"height":8,"file":"minecraft:font/f87b4fa517c64b549cd2b88125dde28e/957b31104f4443de9f86bf400f66e08c.png"},{"ascent":8,"type":"bitmap","chars":["乼"],"height":8,"file":"minecraft:font/9912bfc9617d4eeebfdef10f2019e660/db13371db9034e69b5d03a7f0be5635d.png"},{"ascent":8,"type":"bitmap","chars":["乽"],"height":8,"file":"minecraft:font/2f3faff1193e481d8e84564705daf2c7/943ea9b583b64e39a74f56af461675f3.png"},{"ascent":8,"type":"bitmap","chars":["乾"],"height":8,"file":"minecraft:font/011697e3e6564691b057bcd8472266be/dbe0833f867946d8951425ad5c79c973.png"},{"ascent":8,"type":"bitmap","chars":["乿"],"height":8,"file":"minecraft:font/5e070468d0184af8bcce17632bec57b9/77cfa9160197435089479b3b18cc0e70.png"},{"ascent":8,"type":"bitmap","chars":["亀"],"height":8,"file":"minecraft:font/4dc2158776f748dea016e8cbbe44f57a/e367f46ca99f4ceda37e9e7431b128a5.png"},{"ascent":8,"type":"bitmap","chars":["亁"],"height":8,"file":"minecraft:font/f4887454a3c1466b9e307b05a8f0b101/69f7d630bdb846beb0631d96e7239682.png"},{"ascent":8,"type":"bitmap","chars":["亂"],"height":8,"file":"minecraft:font/445c2297ad97427bbe96cf7fa880837c/4bf5720d4bb848d48b64f614feffa83e.png"},{"ascent":8,"type":"bitmap","chars":["亃"],"height":8,"file":"minecraft:font/c189fd5bbbdf46c2862d5bfa4d37a3fe/5c1faf26dfa744d48be3c527bd9fb2be.png"},{"ascent":8,"type":"bitmap","chars":["亄"],"height":8,"file":"minecraft:font/9fe2d35c799645a1acdda80500d67cc1/768e6114ca9341b7be2c175b6df9b23c.png"},{"ascent":8,"type":"bitmap","chars":["亅"],"height":8,"file":"minecraft:font/e4e0eab7f6a448c0a76bbefb36d8278d/8739d58379f74485aad8a285d6236359.png"},{"ascent":8,"type":"bitmap","chars":["了"],"height":8,"file":"minecraft:font/2c274a60fcc7491ab3811d18c629ab7a/5bb85ef917eb4ea287efbd0069edecc0.png"},{"ascent":8,"type":"bitmap","chars":["亇"],"height":8,"file":"minecraft:font/681517291d1a4a30ba0a6960ba80aa52/fb53c5c611024aacb9409cc5f97f9c54.png"},{"ascent":8,"type":"bitmap","chars":["予"],"height":8,"file":"minecraft:font/d686d29b997b4606a5d02e4bee617bd0/8cf84b1636444aacb30e5463caafda62.png"},{"ascent":8,"type":"bitmap","chars":["争"],"height":8,"file":"minecraft:font/eb0d4378919445b59b4f475bd7a713c1/516bfa2baa364fa2af478638551388ff.png"},{"ascent":8,"type":"bitmap","chars":["亊"],"height":8,"file":"minecraft:font/4a9fd48365374e34ae833b6602f08c74/f8edad333c43447cbf6c1f59efab4e55.png"},{"ascent":8,"type":"bitmap","chars":["事"],"height":8,"file":"minecraft:font/ce2468d40bae4ebca2bafd11647404e7/0cf431dc5cfa4d75a95ebdb2af760a93.png"},{"ascent":8,"type":"bitmap","chars":["二"],"height":8,"file":"minecraft:font/9f56e7cd590c45b7a2b10c3ed21024c3/c76563acfca64849bcf0f17c6242075a.png"},{"ascent":8,"type":"bitmap","chars":["亍"],"height":8,"file":"minecraft:font/ef1bcfb04d3a4ffc93eddd80d7086bfe/a129ea47b1f8424d98b909f5f192ecff.png"},{"ascent":8,"type":"bitmap","chars":["于"],"height":8,"file":"minecraft:font/60b86115629c463eb6c9ca4b2843c257/a4c81bcc6b8345d39be21447316d468b.png"},{"ascent":8,"type":"bitmap","chars":["亏"],"height":8,"file":"minecraft:font/4e1e40fda7854d1684c4405030259b70/0d5816954f2746bfb023661b2471e652.png"},{"ascent":8,"type":"bitmap","chars":["亐"],"height":8,"file":"minecraft:font/bf78192e01e049abad58184bc9841cb2/8c5fae7e6b644e1b93959f6902ba7127.png"},{"ascent":8,"type":"bitmap","chars":["云"],"height":8,"file":"minecraft:font/da68b197154d4ebf9bd5f42ff8230218/a8ff3a26d0204b23bb6bf7c2ab9fe9c8.png"},{"ascent":8,"type":"bitmap","chars":["互"],"height":8,"file":"minecraft:font/c21cf7f90fcd4e66b4049f0006c7f8bb/6952474b19ee45c0814202af372fb0e3.png"},{"ascent":8,"type":"bitmap","chars":["亓"],"height":8,"file":"minecraft:font/a65759d769a648f48ca961b92e1c2d73/98c8c3465ac34182b3c08ed927c824b7.png"},{"ascent":8,"type":"bitmap","chars":["五"],"height":8,"file":"minecraft:font/b0ad8b3648564991881b2b91c220b74c/a43efd80cfd646e5ba533f58e515346f.png"},{"ascent":8,"type":"bitmap","chars":["井"],"height":8,"file":"minecraft:font/f48ca743c1f240ecbf8c8ca8cf356edc/3d76b3ec91d546c9a38f21827f1486d7.png"},{"ascent":8,"type":"bitmap","chars":["亖"],"height":8,"file":"minecraft:font/c91a94d151cd4f90b611734f36b11193/400ae921620e43cdae80225d08665289.png"},{"ascent":8,"type":"bitmap","chars":["亗"],"height":8,"file":"minecraft:font/a16626fcd9b247ff8e80285aa6f9e846/ce261c3626bb4d0a87525dca948deafb.png"},{"ascent":8,"type":"bitmap","chars":["亘"],"height":8,"file":"minecraft:font/510a4035da4049b48d24f479e12f92ab/36ebce7fba6e4bf4b7fb953cf57f1b32.png"},{"ascent":8,"type":"bitmap","chars":["亙"],"height":8,"file":"minecraft:font/899f88c87a6d4deb829e63e965adfe81/b04414ad3f0041199012711c542a9d68.png"},{"ascent":8,"type":"bitmap","chars":["亚"],"height":8,"file":"minecraft:font/58ced1e467cb45a5a7cd443a336ac35f/bed62c06bd7c4b46985d048b885336f0.png"},{"ascent":8,"type":"bitmap","chars":["些"],"height":8,"file":"minecraft:font/8b277576dba54857bd83562ea0ace806/7795664b9d094830bc516478003a67e5.png"},{"ascent":8,"type":"bitmap","chars":["亜"],"height":8,"file":"minecraft:font/b3678e3fc64d4d34a35e47f064c91108/c92af79e81224c67800d20bb8810f312.png"},{"ascent":8,"type":"bitmap","chars":["亝"],"height":8,"file":"minecraft:font/ec2fdf5ab8be4131a8839f97caeacb49/bc50234f404947cca3955f58ebacacc8.png"},{"ascent":8,"type":"bitmap","chars":["亞"],"height":8,"file":"minecraft:font/a5cd5819bb4e459994526028f5f7de14/18052213c991442c93e07cf636e47d95.png"},{"ascent":8,"type":"bitmap","chars":["亟"],"height":8,"file":"minecraft:font/ed7d3ce14195492bb46b70244b497d15/bac07f82106f4c16baa73d3a25d0294a.png"},{"ascent":8,"type":"bitmap","chars":["亠"],"height":8,"file":"minecraft:font/5d3eb68d8dbf4bc485c1db641de3681d/b83cd67c207a45ef8fc2d3fe33fcd423.png"},{"ascent":8,"type":"bitmap","chars":["亡"],"height":8,"file":"minecraft:font/eeda2337abf941d7b514d36e5a416dc8/9864f2d4c5ef4e81879cf89f8e5f6c1e.png"},{"ascent":8,"type":"bitmap","chars":["亢"],"height":8,"file":"minecraft:font/5158cb27fddf436aa85f7a27cca4051d/ee6084fea9394fa6ace7179014445d5b.png"},{"ascent":8,"type":"bitmap","chars":["亣"],"height":8,"file":"minecraft:font/6da0abf50f4a4c13968da679ca7494c3/5f730cd32ebe46ac992afdacd741e79b.png"},{"ascent":8,"type":"bitmap","chars":["交"],"height":8,"file":"minecraft:font/b5780374e2e24fd8832eaee5ec1b48e9/28ef2a70acbb47b598ce55e0bb47bbac.png"},{"ascent":8,"type":"bitmap","chars":["亥"],"height":8,"file":"minecraft:font/604ee76bede5499581171444056461e0/cf24d0abf93346d5854d37c41c3297c4.png"},{"ascent":8,"type":"bitmap","chars":["亦"],"height":8,"file":"minecraft:font/c9409a49426c4c35a5a0df43525ce8e6/09e36e81ddbf4d7d9a7d1256747a2e29.png"},{"ascent":8,"type":"bitmap","chars":["产"],"height":8,"file":"minecraft:font/3799a1c222b2457e973ad4bfecfe896e/caa49299189145eca7148100949e789c.png"},{"ascent":8,"type":"bitmap","chars":["亨"],"height":8,"file":"minecraft:font/6c83cc4d6ab04c749e7ea3875dcea13d/64bfb985b9b04698a832da2caa0727bf.png"},{"ascent":8,"type":"bitmap","chars":["亩"],"height":8,"file":"minecraft:font/9e0ece1da130403e839a814da3aa8a27/90b8b70f0fe04216ae69b0036e6b630d.png"},{"ascent":8,"type":"bitmap","chars":["亪"],"height":8,"file":"minecraft:font/c4947b3395e7479584febdd2cdadbded/3f5a9ecc5aad475cbd65d305ae959622.png"},{"ascent":8,"type":"bitmap","chars":["享"],"height":8,"file":"minecraft:font/84653d592d784b2ab142f24ad5ec4b54/71fed85c61904381b7ae52fffa8594bf.png"},{"ascent":8,"type":"bitmap","chars":["京"],"height":8,"file":"minecraft:font/518b5ceeb08d406387259ab1922477e6/3e92eceeb2514f359778d993e8395a7d.png"},{"ascent":8,"type":"bitmap","chars":["亭"],"height":8,"file":"minecraft:font/3aec9ba4499343e7a443eac42a23a051/8e5a44b085fa40dbaae1666ec586b200.png"},{"ascent":8,"type":"bitmap","chars":["亮"],"height":8,"file":"minecraft:font/dcc060aa91474fa3a434fa4a998c09aa/5bfe8ce0b41741f8b9579dcfe8b7336f.png"},{"ascent":8,"type":"bitmap","chars":["亯"],"height":8,"file":"minecraft:font/80052d1aa93540ad93f590c3241377a8/e177f5d900a3473f86f16412921a3317.png"},{"ascent":8,"type":"bitmap","chars":["亰"],"height":8,"file":"minecraft:font/fcf8fed3291f4e2daf83debbdc08ac60/8bb281150b79408a8139644191d33f1c.png"},{"ascent":8,"type":"bitmap","chars":["亱"],"height":8,"file":"minecraft:font/318d798f2b584721a18ca1e77276dc0a/13307942d06f4fb39fd6baedfc238fe5.png"},{"ascent":8,"type":"bitmap","chars":["亲"],"height":8,"file":"minecraft:font/68793deb29b844429b96c8bb54e71007/6aeb35fa15234383a13336e12a1bc1f9.png"},{"ascent":8,"type":"bitmap","chars":["亳"],"height":8,"file":"minecraft:font/302f6bc7225b4c31987eed5fc85c31fe/2d89329192d74f9786fa05d615e85c4d.png"},{"ascent":8,"type":"bitmap","chars":["亴"],"height":8,"file":"minecraft:font/e0e0d1b7202f404c8718481bc5e9c133/3222e8f0c2a442c5b24c3974b25baf64.png"},{"ascent":8,"type":"bitmap","chars":["亵"],"height":8,"file":"minecraft:font/04340d2f879d4d1e94a9829f5245ec14/703e9ec6d1b44b8089c1ebdf72b731ec.png"},{"ascent":8,"type":"bitmap","chars":["亶"],"height":8,"file":"minecraft:font/e0f5363f712c4109b25589bd17721a4b/f2d5194e9f0a4160a33c50e60088c415.png"},{"ascent":8,"type":"bitmap","chars":["亷"],"height":8,"file":"minecraft:font/70f52fcc19984f14b8e38cb66557161b/64eb251d369c471a873b10c383e5607c.png"},{"ascent":8,"type":"bitmap","chars":["亸"],"height":8,"file":"minecraft:font/5b05087ffab44634b04ac47c9d66e6d8/6999e87a01d04c82bbf5c0008eee7780.png"},{"ascent":8,"type":"bitmap","chars":["亹"],"height":8,"file":"minecraft:font/3e21416e049d41319dd8cd728989dd9d/127fbabf91be4967942579c86e8db0bc.png"},{"ascent":8,"type":"bitmap","chars":["人"],"height":8,"file":"minecraft:font/a91f9e103c044a65b32c44c0d7187dd5/6a858f662b05471f8c7a78b67d71e8ec.png"},{"ascent":8,"type":"bitmap","chars":["亻"],"height":8,"file":"minecraft:font/332af35471f546c2865c605e37ce102a/c279a96c6e5f43d28f57dcd172842200.png"},{"ascent":8,"type":"bitmap","chars":["亼"],"height":8,"file":"minecraft:font/fcd0f5c493084202a29c99d86f50901e/c891fe3851cd4223b25d11d9dfbecce6.png"},{"ascent":8,"type":"bitmap","chars":["亽"],"height":8,"file":"minecraft:font/9d8b6607db1b46849f48e313ab294640/608a81cfb6254b729c748feb6b3127ae.png"},{"ascent":8,"type":"bitmap","chars":["亾"],"height":8,"file":"minecraft:font/9bd22e386bb84470ae18d857e2d661b2/33d88712cd6745ffa1475e447ad25330.png"},{"ascent":8,"type":"bitmap","chars":["亿"],"height":8,"file":"minecraft:font/3af1fce8e68e4d508fa450361baae8b1/f3492019bc884471825a5bcdc806cdcf.png"},{"ascent":8,"type":"bitmap","chars":["什"],"height":8,"file":"minecraft:font/4deb1f071a2e46d680a14b24f9550893/312f7f3643544fac8e909bdf9876e396.png"},{"ascent":8,"type":"bitmap","chars":["仁"],"height":8,"file":"minecraft:font/37618121fd664027abd0c1809d3464f3/20fa4d47d4b04e219fba20f1f32e92ef.png"},{"ascent":8,"type":"bitmap","chars":["仂"],"height":8,"file":"minecraft:font/59ab7bba97464fa982875bd48afb790a/fe777a1df04e4047b4931ffbd39441c4.png"},{"ascent":8,"type":"bitmap","chars":["仃"],"height":8,"file":"minecraft:font/0b5244059dac499988b889cd500f408d/765877ec22a84cbe89f1ad79366bcf72.png"},{"ascent":8,"type":"bitmap","chars":["仄"],"height":8,"file":"minecraft:font/048da9e59494431ba104e8971ca09a49/eab71deb93734122bed63ed5daa3adac.png"},{"ascent":8,"type":"bitmap","chars":["仅"],"height":8,"file":"minecraft:font/92ec79a6c08542469554d13f7636a6ca/1f95c3cc81a44d87a9be2b17728ca88c.png"},{"ascent":8,"type":"bitmap","chars":["仆"],"height":8,"file":"minecraft:font/3ff3b4c8a00645aaab37af591ee8d609/5b6e265f8885478ca2e31b4fd7c139c6.png"},{"ascent":8,"type":"bitmap","chars":["仇"],"height":8,"file":"minecraft:font/1e81215f7b814ed4bbaeb318e296f96b/397b3a3220e7457b818e95d3b28b9fff.png"},{"ascent":8,"type":"bitmap","chars":["仈"],"height":8,"file":"minecraft:font/60a4593266b0450399a950aecdacff6d/2c5a664dbd11400988a23824184f0745.png"},{"ascent":8,"type":"bitmap","chars":["仉"],"height":8,"file":"minecraft:font/04a4e987781d4b9bbb98fc9d9dd52567/7ad164431bd240028971a1f87edf3143.png"},{"ascent":8,"type":"bitmap","chars":["今"],"height":8,"file":"minecraft:font/78e3a08633f446ff86f0a26ccfa119ed/57af5a94408846aa93f2d8d0ff211926.png"},{"ascent":8,"type":"bitmap","chars":["介"],"height":8,"file":"minecraft:font/a63622cc02f3420eb05b21c1b19bc288/9c854f3100fa4c3faf3559f608d386a2.png"},{"ascent":8,"type":"bitmap","chars":["仌"],"height":8,"file":"minecraft:font/a2b35eef9dbe47129e947dfd54485e72/136cfbf5ae06448b8b747a9e57690476.png"},{"ascent":8,"type":"bitmap","chars":["仍"],"height":8,"file":"minecraft:font/6d1f34449dcb41be9697ea8b6c07e4f2/8c4841a28bfd4923919a8622dcc7f9b0.png"},{"ascent":8,"type":"bitmap","chars":["从"],"height":8,"file":"minecraft:font/3b1b30cb853042408fc66e80856622ef/0421c53315db4a8391c50e646477a26f.png"},{"ascent":8,"type":"bitmap","chars":["仏"],"height":8,"file":"minecraft:font/22d755d5eb7a4d018dd76fa25bdbf304/3a9377f212b745b5bdb88acb37efe02b.png"},{"ascent":8,"type":"bitmap","chars":["仐"],"height":8,"file":"minecraft:font/487f9bcf70cb456a8d2a96024f3dcbd9/f3296e18aafb48ebbb404e7f3f9d6142.png"},{"ascent":8,"type":"bitmap","chars":["仑"],"height":8,"file":"minecraft:font/d16e7eb4483a40128c2f151414e1d01d/dc4c1a6d509d4b28accc80a3b3b76521.png"},{"ascent":8,"type":"bitmap","chars":["仒"],"height":8,"file":"minecraft:font/a71142cbdaa74362b88e0b0b6f8fe25e/87e47a3fc97345caa792f0824b99299c.png"},{"ascent":8,"type":"bitmap","chars":["仓"],"height":8,"file":"minecraft:font/67c30f04f05e4f6ab019882a575f714e/a645edc7980548a1bed6e16f07898775.png"},{"ascent":8,"type":"bitmap","chars":["仔"],"height":8,"file":"minecraft:font/c113681d63aa47efa4cf3c77493eaf6e/67bfc72adf904feca7ee6373935aa832.png"},{"ascent":8,"type":"bitmap","chars":["仕"],"height":8,"file":"minecraft:font/45c277931b1b4399a7d1534193b0c60b/7aec72227e7743768bffcd5ddf7afb08.png"},{"ascent":8,"type":"bitmap","chars":["他"],"height":8,"file":"minecraft:font/120ef57ac8fb467a9870d0b2d1f029d6/cda22f2c74fe4d0eac6aa845b3007d9a.png"},{"ascent":8,"type":"bitmap","chars":["仗"],"height":8,"file":"minecraft:font/b9a3861c5093432a9bcac4af82b15c02/92ea46df453145c782ef3a2cbbf3e048.png"},{"ascent":8,"type":"bitmap","chars":["付"],"height":8,"file":"minecraft:font/59fd1d0961f14f4a9663a9397e59c5f2/eb49430cf4f5408caebd2ab29ec5d1d9.png"},{"ascent":8,"type":"bitmap","chars":["仙"],"height":8,"file":"minecraft:font/063526a9ace64e7492a64e9c79b5e53b/d65459701a6f466f8ff21d6469259d29.png"},{"ascent":8,"type":"bitmap","chars":["仚"],"height":8,"file":"minecraft:font/1b1c2b184dce4954b83cbd21e2db91d4/bfb21e5a45bf400a90b7f7d1ee3f8fae.png"},{"ascent":8,"type":"bitmap","chars":["仛"],"height":8,"file":"minecraft:font/c65ec23016e4454f9138a9dd4c423e86/826916e2faff4517b579279ca4abb1a3.png"},{"ascent":8,"type":"bitmap","chars":["仜"],"height":8,"file":"minecraft:font/89ee4a73f48c44f4992a7c636bceeca3/daa1a114402245e4aa39d9bc6a0a2cce.png"},{"ascent":8,"type":"bitmap","chars":["仝"],"height":8,"file":"minecraft:font/1b754c01c8554048b5abf322b6859b68/d8bf2bed4c764b55b99e3484d79142df.png"},{"ascent":8,"type":"bitmap","chars":["仞"],"height":8,"file":"minecraft:font/fe0d53de6af84f158444821deef93074/650ff2737c984ebea5a48c28971acbd5.png"},{"ascent":8,"type":"bitmap","chars":["仟"],"height":8,"file":"minecraft:font/b20ae70cd4514aa2b42eb2e886a4c5c7/2adb12f4fdce45be9453010a28a1b714.png"},{"ascent":8,"type":"bitmap","chars":["仠"],"height":8,"file":"minecraft:font/8f770df0be8d427eaee33ea36b7cfe92/d1337f4f43df4b5c9d5fe3284abd7286.png"},{"ascent":8,"type":"bitmap","chars":["仡"],"height":8,"file":"minecraft:font/c849dae825a74592b52fbfb0386f1197/13fa2672874942be8bb106fd0b69a2e8.png"},{"ascent":8,"type":"bitmap","chars":["仢"],"height":8,"file":"minecraft:font/8de74be7ae0e4e9b9125bde80df52a2a/d18e1c31dd664c10be873183bb761fec.png"},{"ascent":8,"type":"bitmap","chars":["代"],"height":8,"file":"minecraft:font/a6467398b54546f792f3845bb5810c93/de13889886d4486e8eacd79df8d8f8e8.png"},{"ascent":8,"type":"bitmap","chars":["令"],"height":8,"file":"minecraft:font/88665cd22cd94babb7b00a0c5097a18e/59f315f642a64e3f98ed0769fd14105f.png"},{"ascent":8,"type":"bitmap","chars":["以"],"height":8,"file":"minecraft:font/cd018a4d96cc41d88ccc9e5489dacddd/fc402981db86423d9bdbe32fb3b0cdf0.png"},{"ascent":8,"type":"bitmap","chars":["仦"],"height":8,"file":"minecraft:font/6fd67ed5a47d4b87823626dc917af2b8/ff8b4abfda634c58b54b643c2d9993c1.png"},{"ascent":8,"type":"bitmap","chars":["仧"],"height":8,"file":"minecraft:font/692f7ac43f9244b9bc8dfcedf6622365/00fb4db9bacc404eaa2fd78a992602a0.png"},{"ascent":8,"type":"bitmap","chars":["仨"],"height":8,"file":"minecraft:font/2dd1e4596fa94daaaa4f23a1c0011f04/412f13f7668d45a19c28db32ab67c639.png"},{"ascent":8,"type":"bitmap","chars":["仩"],"height":8,"file":"minecraft:font/cacf6b64d2ad486d9f56927cf799cdfb/194fa78ed9b040cd84ead9ce71330645.png"},{"ascent":8,"type":"bitmap","chars":["仪"],"height":8,"file":"minecraft:font/c2c68d10a6134944b7162f2fb22eb0e3/1421acef4fe74e918586c75c40af6c91.png"},{"ascent":8,"type":"bitmap","chars":["仫"],"height":8,"file":"minecraft:font/cb47c396dd1f4c919437b9c9d456c967/70610b77ae194938a1273393ec8a8d83.png"},{"ascent":8,"type":"bitmap","chars":["们"],"height":8,"file":"minecraft:font/ac32496e06804e09a2e696f4fc583cda/021581872dfb41dd832c839c0a23a4ad.png"},{"ascent":8,"type":"bitmap","chars":["仭"],"height":8,"file":"minecraft:font/881e1aebaf134a58a941e14b9c2ca53d/ea002535bb7e4e5e92594ce2594d428e.png"},{"ascent":8,"type":"bitmap","chars":["仮"],"height":8,"file":"minecraft:font/9e66ef2544984385bc22fc44dd2641d8/7e961ea320c244a786b8698c794175e6.png"},{"ascent":8,"type":"bitmap","chars":["仯"],"height":8,"file":"minecraft:font/90eeb22dab5e412c8d038a7a4a003592/2830f5cb568f43e3b495cd9943e30353.png"},{"ascent":8,"type":"bitmap","chars":["仰"],"height":8,"file":"minecraft:font/bbc6a1513a604500b706e3243c6cd53e/e25aeb69016a4d67a7ff3023692b81ed.png"},{"ascent":8,"type":"bitmap","chars":["仱"],"height":8,"file":"minecraft:font/c205c7ddcef9414d8759a8cc3f8746a4/97b98e1936c04cf4aa403e8567d15ff4.png"},{"ascent":8,"type":"bitmap","chars":["仲"],"height":8,"file":"minecraft:font/b0f374e0708f4cbeb3ccbaa1803706ac/97dca5be54274b4aa53ead70309fc871.png"},{"ascent":8,"type":"bitmap","chars":["垗"],"height":8,"file":"minecraft:font/460ea178f7864cd3919de41024efdedf/2dc317e4436c4d5c868dedc8ff13b7fc.png"},{"ascent":8,"type":"bitmap","chars":["仳"],"height":8,"file":"minecraft:font/8bbe86e6f32c48a1a460a3369ead074e/2823472b472c44bcb91a68ff26e70707.png"},{"ascent":8,"type":"bitmap","chars":["仴"],"height":8,"file":"minecraft:font/40784ee666df43ffb94ad97ae8d5d0b1/f39b25e8b4154ccdaa7126367c791354.png"},{"ascent":8,"type":"bitmap","chars":["仵"],"height":8,"file":"minecraft:font/390b984727234dd99d454d54a16f6ec9/e75651420a144fd4abab53ab54f3cc9c.png"},{"ascent":8,"type":"bitmap","chars":["件"],"height":8,"file":"minecraft:font/3540118d279146f1a5a8c8f0347e4fdb/9c1a2c23833d47649778e0db7710a49c.png"},{"ascent":8,"type":"bitmap","chars":["价"],"height":8,"file":"minecraft:font/c46c08c3e4e84c628e90bb422798b506/c1be592c2c434e62b12a3182c87cf1f0.png"},{"ascent":8,"type":"bitmap","chars":["仸"],"height":8,"file":"minecraft:font/9b58824bf78f4e5080b58ae8021930a0/3c2558d093914767a190f43fcccb238c.png"},{"ascent":8,"type":"bitmap","chars":["仹"],"height":8,"file":"minecraft:font/d442e5d8360a42189b4b6c6b74cc7ff5/2cf655e011ed4495a690628e98f88929.png"},{"ascent":8,"type":"bitmap","chars":["仺"],"height":8,"file":"minecraft:font/e4fa41c61f4f4d89b5cd3466846222bf/044466422c4c4ba6ac251949dc92302b.png"},{"ascent":8,"type":"bitmap","chars":["任"],"height":8,"file":"minecraft:font/27afecb345ac49fbab911ac57b58a972/943e7c6525fa4419a95ddac982b48858.png"},{"ascent":8,"type":"bitmap","chars":["仼"],"height":8,"file":"minecraft:font/e39587f6586a4d42a706214aebf25729/ed01497650e7405b80d721a4612d3dec.png"},{"ascent":8,"type":"bitmap","chars":["份"],"height":8,"file":"minecraft:font/d88d93cbe02d4c8c8eb3b39d9e7a91d8/03cfe0d4c01b49b19cb8dfcf494a7ddb.png"},{"ascent":8,"type":"bitmap","chars":["仾"],"height":8,"file":"minecraft:font/ee18c0d6b9a243c1af77cd73742af16b/5068813b795841eb970dd7cf54ab427c.png"},{"ascent":8,"type":"bitmap","chars":["仿"],"height":8,"file":"minecraft:font/28095e140225451da65f2f747702fb9d/5779978bf05c4b849e39884d22e642aa.png"},{"ascent":8,"type":"bitmap","chars":["伀"],"height":8,"file":"minecraft:font/ee73f7cb1da743979b9541f93077abaf/97678f2bf7174e66b73dbd5c79f8bfd0.png"},{"ascent":8,"type":"bitmap","chars":["企"],"height":8,"file":"minecraft:font/319f079a30d647d2aacc6b8b2fbdec83/f590456c0ccb4154a0b71ac0422d3489.png"},{"ascent":8,"type":"bitmap","chars":["伂"],"height":8,"file":"minecraft:font/22b9f49b4aa1427f8dd59c24febbc223/a61507939f91491e851aaa86fcc29af6.png"},{"ascent":8,"type":"bitmap","chars":["伃"],"height":8,"file":"minecraft:font/a4f93273a1174901a64721b43d3c18f6/384a5012ded642c79bc298764f66a7e8.png"},{"ascent":8,"type":"bitmap","chars":["伄"],"height":8,"file":"minecraft:font/f143a9627da247e9b8822e9f3bef0a0e/b4e990c24a514f809a25f4ddb075dd21.png"},{"ascent":8,"type":"bitmap","chars":["伅"],"height":8,"file":"minecraft:font/17f2c7ddad034b729ad683c8491442ee/6ee3896430544fffb7bef4d4fa682de9.png"},{"ascent":8,"type":"bitmap","chars":["伆"],"height":8,"file":"minecraft:font/a0fec90467a1428bb16477d8a6d7f82f/cda2cb58d969480187c9324276a92190.png"},{"ascent":8,"type":"bitmap","chars":["伇"],"height":8,"file":"minecraft:font/f4ea01ef5501415d964fb28584d053f1/f6c889805fb24b2d97fe064799ff4874.png"},{"ascent":8,"type":"bitmap","chars":["伈"],"height":8,"file":"minecraft:font/f2f19a84e3314246bf3be8db528a1777/8bbce165331d4d6c816989c0757d0dbf.png"},{"ascent":8,"type":"bitmap","chars":["伉"],"height":8,"file":"minecraft:font/9f9f231b999a41a8af60269f42f03523/a0016346de44419b840d09930504c8a5.png"},{"ascent":8,"type":"bitmap","chars":["伊"],"height":8,"file":"minecraft:font/516da253a34240ecaa71f53b9b8acd27/14b9cddffa364beeb1d41a3c2944927a.png"},{"ascent":8,"type":"bitmap","chars":["伋"],"height":8,"file":"minecraft:font/aa62bd1c4df24e0797741213bb2738cf/f551a3682a664a309f9a457272b5cab6.png"},{"ascent":8,"type":"bitmap","chars":["伌"],"height":8,"file":"minecraft:font/9da224dba82e4d488bae11748280bc26/c53ae9ce7ba4432ab1c9ee408bb7ef87.png"},{"ascent":8,"type":"bitmap","chars":["伍"],"height":8,"file":"minecraft:font/9dfd4b682c944bb4b6406762a6163d8c/35a541d15413443dbe4b007ac541da9f.png"},{"ascent":8,"type":"bitmap","chars":["伎"],"height":8,"file":"minecraft:font/6d8e6eb74b3841edafcd087849c4b332/3d6a6b66109441548e09b02d27e505d6.png"},{"ascent":8,"type":"bitmap","chars":["伏"],"height":8,"file":"minecraft:font/9365dc7028b049f68d5a9da2f64c60e6/e3e9122a260d48bda48cf3f8cc20b905.png"},{"ascent":8,"type":"bitmap","chars":["伐"],"height":8,"file":"minecraft:font/426e4a280b1344d784dfa6f5258e58b5/a6f163075f484c12b5a5ef60bc703121.png"},{"ascent":8,"type":"bitmap","chars":["休"],"height":8,"file":"minecraft:font/22ffb9dc09344e188a69896d398f800f/ac9c936a070241b1ba05f14d2aa99c76.png"},{"ascent":8,"type":"bitmap","chars":["伒"],"height":8,"file":"minecraft:font/f41b12f44b974d89abb399239cfca6a6/be027a3c171b413b85f39f9271da94eb.png"},{"ascent":8,"type":"bitmap","chars":["伓"],"height":8,"file":"minecraft:font/c3617c755bb34504b07fcc1ae8a324ba/9e1948855cd54c4cba8b5c899097d170.png"},{"ascent":8,"type":"bitmap","chars":["伔"],"height":8,"file":"minecraft:font/ba610505e5c64523a2fdd960d4a1bcc2/a46c7fb6b7f4455b92d6e3aaa64e528c.png"},{"ascent":8,"type":"bitmap","chars":["伕"],"height":8,"file":"minecraft:font/0be915d9bad643ec9b1ed19fbc1b1d5c/83c2aaa9264c4ccabd896b1231146de4.png"},{"ascent":8,"type":"bitmap","chars":["伖"],"height":8,"file":"minecraft:font/aa99ddc9a5b345e5b3892f8f2c95b562/fd6347a3feb042ad844fff04bc746bdd.png"},{"ascent":8,"type":"bitmap","chars":["众"],"height":8,"file":"minecraft:font/abfd5a418989430086c7bc383fda22fd/3f77e44935494c65b4ce65fd8bbf8cf1.png"},{"ascent":8,"type":"bitmap","chars":["优"],"height":8,"file":"minecraft:font/86827f5471b04548903c20a14b146600/6bdb56662d8d4a818f9e8e396dc6fe4b.png"},{"ascent":8,"type":"bitmap","chars":["伙"],"height":8,"file":"minecraft:font/7ff901a71bc1486baf8e0d9bf0f42ee9/3a294882551d45119093b3acd49b97eb.png"},{"ascent":8,"type":"bitmap","chars":["会"],"height":8,"file":"minecraft:font/a57267dd6fb94dd6bd2551a9e95782e3/58d5922ad0754b9d9fcd6ac183287866.png"},{"ascent":8,"type":"bitmap","chars":["偹"],"height":8,"file":"minecraft:font/344463dd069444d0aeff68e37be0f141/3e4c54205cc545b6849cc3501f608bf7.png"},{"ascent":8,"type":"bitmap","chars":["偺"],"height":8,"file":"minecraft:font/b78f0be6318c4ce29a2226028be48c63/338c6c74eca54e4db681bd31d4b0cddd.png"},{"ascent":8,"type":"bitmap","chars":["偻"],"height":8,"file":"minecraft:font/9c5233a4334349a2bc22f52f8fe9be46/bc6e32c66b014c84be65a4896ada38dd.png"},{"ascent":8,"type":"bitmap","chars":["偼"],"height":8,"file":"minecraft:font/35727fde157c4a48a215db4f73298766/7602dcabdee046c981b66acf3acada03.png"},{"ascent":8,"type":"bitmap","chars":["偽"],"height":8,"file":"minecraft:font/95f5d97900324a259d19af0be81a842b/418a106b4b5040378f31950e486ed2c2.png"},{"ascent":8,"type":"bitmap","chars":["偾"],"height":8,"file":"minecraft:font/c2573139d272485ab0c66eaa99d9d7bb/b45832b81c534f99954de0ead2d2bf17.png"},{"ascent":8,"type":"bitmap","chars":["偿"],"height":8,"file":"minecraft:font/156fd34dbad241348b2ab0989999bb13/9ed3f70a939548d7a062bb188fa7ea47.png"},{"ascent":8,"type":"bitmap","chars":["傀"],"height":8,"file":"minecraft:font/74a1593a2abe457a9a3fabba2e5c9194/c6920533bf1a4920942d2fabf34f9c60.png"},{"ascent":8,"type":"bitmap","chars":["傁"],"height":8,"file":"minecraft:font/9fcf764242d6496ebb0ce79aa3b65f04/6d49c3a3920944058787ac081b4ceec2.png"},{"ascent":8,"type":"bitmap","chars":["傂"],"height":8,"file":"minecraft:font/eeeee8e62253420d918b512aca205e61/72a552822e794f07ac1ee29772a682e4.png"},{"ascent":8,"type":"bitmap","chars":["傃"],"height":8,"file":"minecraft:font/4affcad11ac54ac385d5557e4083df4b/cb2b2e0359d5446d8f75ebf1f2df76bd.png"},{"ascent":8,"type":"bitmap","chars":["傄"],"height":8,"file":"minecraft:font/e4de63694c6e40ae8ca943491171d097/02542cd1a978491b939343cdbd860f55.png"},{"ascent":8,"type":"bitmap","chars":["傅"],"height":8,"file":"minecraft:font/b20e71417f7a4a0c81415adc963f5c17/c88a81748ba04277a0ad9c099dc19336.png"},{"ascent":8,"type":"bitmap","chars":["傆"],"height":8,"file":"minecraft:font/4f6a8468c5fe423298bd5f44d30a4481/f9f829e9f35449fea91bce3b9a4cc75b.png"},{"ascent":8,"type":"bitmap","chars":["傇"],"height":8,"file":"minecraft:font/86c2957810b94516a29041c73685af2d/7575767eeee4406a8921b5d64c5bffcc.png"},{"ascent":8,"type":"bitmap","chars":["傈"],"height":8,"file":"minecraft:font/8cb595e57f1441978d569c9f1f89cfb3/8ced65523ab241a58c7f3d24e38dfa46.png"},{"ascent":8,"type":"bitmap","chars":["傉"],"height":8,"file":"minecraft:font/f6125eabe4a943a6bf80d07c7ed0a42a/cd295edacdda4074ab423976b97ca016.png"},{"ascent":8,"type":"bitmap","chars":["傊"],"height":8,"file":"minecraft:font/9ec742eb536245b999fa66ee18d68101/76d595799d554b188ad56e72e10bfa9a.png"},{"ascent":8,"type":"bitmap","chars":["傋"],"height":8,"file":"minecraft:font/69aa94a8cd2b4beb8b0ed86820508909/27b61256286f467bb9aee6d403f429df.png"},{"ascent":8,"type":"bitmap","chars":["傌"],"height":8,"file":"minecraft:font/4a87ebf21e824ca18e49502f2b4beff9/eda8d3628469488b879799b258e0f2a6.png"},{"ascent":8,"type":"bitmap","chars":["垃"],"height":8,"file":"minecraft:font/d25a8f65bb4e46f08be6626c7c922b52/8d781ab59b934f5cbad6cc848074216b.png"},{"ascent":8,"type":"bitmap","chars":["垄"],"height":8,"file":"minecraft:font/e58ce019d6d5414591519e66cce5189f/89c70a7e21b64306b95004a446a9ed8d.png"},{"ascent":8,"type":"bitmap","chars":["垅"],"height":8,"file":"minecraft:font/ce4ac74b9ab943a6b8f482d421a7d5df/5824b758ab6142c59f8014c10d632e26.png"},{"ascent":8,"type":"bitmap","chars":["垆"],"height":8,"file":"minecraft:font/1cac977b29904963a3cf72bdcd407459/470ad1b3a78f4c5690450622cf252ea3.png"},{"ascent":8,"type":"bitmap","chars":["垇"],"height":8,"file":"minecraft:font/9cee50ac31494a4d9a17797ea5ffcd01/dbc9651f71a64b24972ccbd1c01eab94.png"},{"ascent":8,"type":"bitmap","chars":["垈"],"height":8,"file":"minecraft:font/bc2154bd73004f9ab242337421976a24/2478ac3105764077954d4515c492aec5.png"},{"ascent":8,"type":"bitmap","chars":["垉"],"height":8,"file":"minecraft:font/5cc0b17a48f54d1286247d0f2b056c99/57a4cc4ac4564431b78ad93726a1f259.png"},{"ascent":8,"type":"bitmap","chars":["垊"],"height":8,"file":"minecraft:font/0f877155c6bd47c5aab1724216cbb6b7/0a6d9d82ae774872bf118fe78ee2d5ae.png"},{"ascent":8,"type":"bitmap","chars":["型"],"height":8,"file":"minecraft:font/215a74f596da4b98b3d09f43daa85bbd/2877ceeb88574219b5aaa0d5225ed3dc.png"},{"ascent":8,"type":"bitmap","chars":["垌"],"height":8,"file":"minecraft:font/2bbbd9d9f70a4bfb934b306206c53acd/24df16a2fa5746bf8b1c8b66715b763f.png"},{"ascent":8,"type":"bitmap","chars":["垍"],"height":8,"file":"minecraft:font/6e8755f6e7874478b36d23653b2cc763/46b56c963bab4dd9baa7d911911e8078.png"},{"ascent":8,"type":"bitmap","chars":["垎"],"height":8,"file":"minecraft:font/4741e58b7b7e49d792e14de53a64b7d7/e9ec27ff072f404c9ac4aaf9ed756c08.png"},{"ascent":8,"type":"bitmap","chars":["垏"],"height":8,"file":"minecraft:font/b4f9abecf0844386bf6db829f63e11a6/c7b2175d677445879200441ee39e3bbf.png"},{"ascent":8,"type":"bitmap","chars":["垐"],"height":8,"file":"minecraft:font/7a38b410e93943e6bb289984ca98b968/3efeefa52f434e4685ba3034e6fa923c.png"},{"ascent":8,"type":"bitmap","chars":["垑"],"height":8,"file":"minecraft:font/f5de095cda384b4eb3a661dd185982e2/f1fd460619764f6788072fa21beff933.png"},{"ascent":8,"type":"bitmap","chars":["垒"],"height":8,"file":"minecraft:font/1010a24b31ed4d7b8870b4fba892e3f6/697bf72a42d144d7818451a9cfc076e5.png"},{"ascent":8,"type":"bitmap","chars":["垓"],"height":8,"file":"minecraft:font/c9f3eff0c8ab4ef9a3fab1a16d9193d5/287cc7b1ab89494481c82720f7951d0f.png"},{"ascent":8,"type":"bitmap","chars":["垔"],"height":8,"file":"minecraft:font/3c2b9ce9361e4a8fbff81876696acbc5/e6f13a6ea8a14525b1fc1fce20b37047.png"},{"ascent":8,"type":"bitmap","chars":["垕"],"height":8,"file":"minecraft:font/0bda463a3d094ce4b0c07885d4db601b/86b31240e6d14e1e80695d477067ceea.png"},{"ascent":8,"type":"bitmap","chars":["垖"],"height":8,"file":"minecraft:font/2d020e7eeecf4ca8a0aa36c2c00c9614/38bd9e0c9cc04b2ca24a989a100903cd.png"},{"type":"bitmap","file":"font/pixel.png","ascent":-1000,"height":-2,"chars":["ᨓ"]},{"type":"bitmap","file":"font/pixel.png","ascent":-10000,"height":1,"chars":["ᨒ"]},{"type":"bitmap","file":"font/pixel.png","ascent":-10000,"height":-2,"chars":["⻙"]}]}