{"providers":[{"ascent":16,"file":"minecraft:font/ff81cf598f7841229f9784f35f5a50fb/db7ca8b0637f46408c98ee21ce6a5707.png","height":16,"chars":["一"],"type":"bitmap"},{"ascent":8,"file":"minecraft:font/a9723226e859445b9e6bbe7d59c5d03e/4fea10cbe8c9448498a8988bd5475c74.png","height":8,"chars":["丁"],"type":"bitmap"},{"ascent":8,"file":"minecraft:font/7dd69fe6737c4d5f9f025732f7d63108/4e3af7676eea4dcfb69176f00ad96924.png","height":8,"chars":["丂"],"type":"bitmap"},{"ascent":8,"file":"minecraft:font/4d90fffb783246eab3266b9d9f170e0d/23d65a5ce0c24d5dad64a102a396201d.png","height":8,"chars":["七"],"type":"bitmap"},{"ascent":8,"file":"minecraft:font/0bc46ea772f242db92da45f473c0edfa/5102870209714c59a0e989c2dd072358.png","height":8,"chars":["丄"],"type":"bitmap"},{"ascent":8,"file":"minecraft:font/35828606c7714756a46928780204c0b7/5fc7a28da0724213bed985ac6306563e.png","height":8,"chars":["丅"],"type":"bitmap"},{"ascent":8,"file":"minecraft:font/95ff72878ef44db2aa2ffb519b1fd8da/639c5b6322ae4ec49f55a5652f491854.png","height":8,"chars":["丆"],"type":"bitmap"},{"ascent":8,"file":"minecraft:font/d9bbc2a1ee2c4ccdbf5305b7fc01f2a4/0183b9cc10124a94938c43d0346db8cd.png","height":8,"chars":["万"],"type":"bitmap"},{"ascent":8,"file":"minecraft:font/d265ee7beded48faa97f11c54603e62c/93063506cd5841cf998035a8d4663b66.png","height":8,"chars":["丈"],"type":"bitmap"},{"ascent":8,"file":"minecraft:font/7fd1870171544be99451d602169a9e39/bf829a5f464f45e5835854895526bbfb.png","height":8,"chars":["三"],"type":"bitmap"},{"ascent":8,"file":"minecraft:font/2c060a4fbfb04cf6b46782d5149fb25b/d8761bd80563412291d4ebed4f7f66d5.png","height":8,"chars":["上"],"type":"bitmap"},{"ascent":8,"file":"minecraft:font/43dfa7044573440c96532184f1abe4a0/99bdf3668b2b46809fb85f7a9c03041e.png","height":8,"chars":["下"],"type":"bitmap"},{"ascent":8,"file":"minecraft:font/407a75937fbe498e81fb4a74ac47844f/4b74935f71884ae0b2a025de0018edea.png","height":8,"chars":["丌"],"type":"bitmap"},{"ascent":8,"file":"minecraft:font/4847ac3529ec44dcad717ae6f2b7b988/cb892d122fee4b1d9c5076431f2c0a2c.png","height":8,"chars":["不"],"type":"bitmap"},{"ascent":8,"file":"minecraft:font/c306b79087b8422e8a7ac6e071a94ae8/be92ffe2813f412ea742bddcbe6211de.png","height":8,"chars":["与"],"type":"bitmap"},{"ascent":8,"file":"minecraft:font/d949ad6766d844d38a4c85d4fb0b4755/7939de58daad45fd8d618dfa1bc23451.png","height":8,"chars":["丏"],"type":"bitmap"},{"ascent":8,"file":"minecraft:font/f2e62f5e15e54594989e23d12315c08d/02ed361b97924ddc8d66732a0076af31.png","height":8,"chars":["丐"],"type":"bitmap"},{"ascent":8,"file":"minecraft:font/5e8323cc5d854acb87ac99ae84d1f999/2fd80508ec274a7a908ec825d4ed1ea5.png","height":8,"chars":["丑"],"type":"bitmap"},{"ascent":8,"file":"minecraft:font/1da56dfccf8d48d38cd42868fa9d1768/9d270d25a1df494e8f70cf2fca15fffb.png","height":8,"chars":["丒"],"type":"bitmap"},{"ascent":8,"file":"minecraft:font/aeba9bbff504481e8f84b8e19174199c/b9624995134b401684a02d815caf90e3.png","height":8,"chars":["专"],"type":"bitmap"},{"ascent":8,"file":"minecraft:font/9f09e5cf62fd475ebb33527cda2950ed/cb978916815a4db19512768e0c4a5ece.png","height":8,"chars":["且"],"type":"bitmap"},{"ascent":8,"file":"minecraft:font/be0d653449e346449564261c5459c7fa/760f04e871b14a93b4bcf34631549f42.png","height":8,"chars":["丕"],"type":"bitmap"},{"ascent":8,"file":"minecraft:font/1f34add6dd1649a3bf3d5310af5c5ea9/2f3d7f1254cb45438587c213004ce73f.png","height":8,"chars":["世"],"type":"bitmap"},{"ascent":8,"file":"minecraft:font/f25b67ee4d4540d387b202cdb8bf16cf/608b1b2262c54355b61c515365dfd06b.png","height":8,"chars":["丗"],"type":"bitmap"},{"ascent":8,"file":"minecraft:font/96e321aeea344ba0bd9ecf3560e7212b/5cac398d07b84122b2688f70cd8e1db9.png","height":8,"chars":["丘"],"type":"bitmap"},{"ascent":8,"file":"minecraft:font/89e461f63e7d4415b054403ba8173bb6/806d95ff6f2f4133b521c234459f796a.png","height":8,"chars":["丙"],"type":"bitmap"},{"ascent":8,"file":"minecraft:font/e2de10b759434fb5966d46d5904b68fe/d07c6b6eab8745e1a92f27cb028fa448.png","height":8,"chars":["业"],"type":"bitmap"},{"ascent":8,"file":"minecraft:font/2ef95f7a7c51465399bb72a3ce4417f5/c565bcbe357148f6a054ed2eeea68fec.png","height":8,"chars":["丛"],"type":"bitmap"},{"ascent":8,"file":"minecraft:font/c883ccaa958c443fb22bac4a00d5c78d/95fef12f8ce4486d9f3cfd466b54a92d.png","height":8,"chars":["东"],"type":"bitmap"},{"ascent":8,"file":"minecraft:font/adbe73746b174ca78c3710b390f5a4ad/c7561ab0dc124016b3ed5d0eda5dcd19.png","height":8,"chars":["丝"],"type":"bitmap"},{"ascent":8,"file":"minecraft:font/3f0164dd446340668cec00260e32de3c/923efebf04c04652ab9ba18f96ff4619.png","height":8,"chars":["丞"],"type":"bitmap"},{"ascent":8,"file":"minecraft:font/7c68a3ff6d2f4034b202ff473d6e7d37/b5e3756352ed4bd99db08aabb6395d94.png","height":8,"chars":["丟"],"type":"bitmap"},{"ascent":8,"file":"minecraft:font/4d0083a45fe949218224825c22a7fec0/5b1391a56cc1454d9b51eb43c780a316.png","height":8,"chars":["丠"],"type":"bitmap"},{"ascent":8,"file":"minecraft:font/12c83d76b99540938b5fa94f27cc0110/6226951d5d8844a79b5feb2e2ff85396.png","height":8,"chars":["両"],"type":"bitmap"},{"ascent":8,"file":"minecraft:font/556d10827bf6433f996f0dfca1a2545c/2cc60aee62964d5a8cfed113970844e7.png","height":8,"chars":["丢"],"type":"bitmap"},{"ascent":8,"file":"minecraft:font/9b7eeeaca804470d9006bfdc3b4a4460/f5ddf8a515944eb891874f60882b39f7.png","height":8,"chars":["丣"],"type":"bitmap"},{"ascent":8,"file":"minecraft:font/9b3ea2c4f8f143a39ab7fcd3b80c1702/fb0e71656a194f0eb1f585dad5920f84.png","height":8,"chars":["两"],"type":"bitmap"},{"ascent":8,"file":"minecraft:font/e04219bbf08c461e826ab072752fcc31/1248f59acb384f10836d9a2b19895fd2.png","height":8,"chars":["严"],"type":"bitmap"},{"ascent":8,"file":"minecraft:font/eae3e05f4d29446db3a0ac76069d0a47/60020f3eb81646758d84d771d7e0b05e.png","height":8,"chars":["並"],"type":"bitmap"},{"ascent":8,"file":"minecraft:font/58fd68de17824bbdac0dee52870e72b2/5ea7ced0d45b43f79cf530680b1fabc8.png","height":8,"chars":["丧"],"type":"bitmap"},{"ascent":8,"file":"minecraft:font/eade68f7112e4da495a82352c9d9763d/9645d7d79dbd4c118f4bf286460e0bd9.png","height":8,"chars":["丨"],"type":"bitmap"},{"ascent":8,"file":"minecraft:font/07e75d58a0fd4aa19f736ebfa2b18841/948b273529cb406a9df15ac41881f907.png","height":8,"chars":["丩"],"type":"bitmap"},{"ascent":8,"file":"minecraft:font/f2dc0d47f88342f2a04709158778f56c/629a51f8be4b40a7918b739d354fad6f.png","height":8,"chars":["个"],"type":"bitmap"},{"ascent":8,"file":"minecraft:font/5e97a34fd80e4359b62976a3a535ecbb/a252e4c13bac44f495ed0344f5b0f70e.png","height":8,"chars":["丫"],"type":"bitmap"},{"ascent":8,"file":"minecraft:font/646ac95ee4dd42be8ab2ff62c5b80654/5136a817f1154158aab539d74e674602.png","height":8,"chars":["丬"],"type":"bitmap"},{"ascent":8,"file":"minecraft:font/e4993f9321754fd2abcbe3f0da534240/b43555e4df724b498fbd44875a434659.png","height":8,"chars":["中"],"type":"bitmap"},{"ascent":8,"file":"minecraft:font/b08bffe63d9f46b597c4bcd5588097bc/78f907e2e9c94e29bfa5271bcee08f90.png","height":8,"chars":["丮"],"type":"bitmap"},{"ascent":8,"file":"minecraft:font/03c34d1d185d4ac1aba62cb021dc9081/57d376efcab64178bacfff9646052780.png","height":8,"chars":["丯"],"type":"bitmap"},{"ascent":8,"file":"minecraft:font/ea9b41e1d4314fb2afc0dd90a121259b/456e37185bfa4fa487de3dc582a27bdd.png","height":8,"chars":["丰"],"type":"bitmap"},{"ascent":8,"file":"minecraft:font/b33fe1ac87164e9e875dbf466d4e1a67/6652a7215aeb4203b53aafbbfaac0496.png","height":8,"chars":["丱"],"type":"bitmap"},{"ascent":8,"file":"minecraft:font/d87ec76d25e9488a8d85b51d25b51ef8/837b97417aef4479a6e0cfe35308fccf.png","height":8,"chars":["串"],"type":"bitmap"},{"ascent":8,"file":"minecraft:font/6cac58dc1d584e61a020830afe0fbcc0/81fc82fdfc5f4a4eb272e6dafee61f1d.png","height":8,"chars":["丳"],"type":"bitmap"},{"ascent":16000,"file":"minecraft:font/e6ac52082144415a997ff923cc2a25cd/2904a100ec644c019f3dc43e967fc971.png","height":16000,"chars":["垙"],"type":"bitmap"},{"ascent":8,"file":"minecraft:font/1ac21e53aa834cd58ab1baeed81e6931/5a0e8f3647e844b1861e9289188553c2.png","height":8,"chars":["亖"],"type":"bitmap"},{"ascent":8,"file":"minecraft:font/4bef76e3c3444337975d3545c7bd3f78/54074dc56f0a47488dd0da0706f69053.png","height":8,"chars":["亗"],"type":"bitmap"},{"ascent":8,"file":"minecraft:font/7afbb43921404b1ea0404d23d1769b5b/1aa0984c594744cb9688b32c259546f5.png","height":8,"chars":["亘"],"type":"bitmap"},{"ascent":8,"file":"minecraft:font/870eeb8501a54f68a4902375e5f072bd/0f945efdbd724c8e8a07a64cd6de26a3.png","height":8,"chars":["亙"],"type":"bitmap"},{"ascent":8,"file":"minecraft:font/7347a9fcc5974d9db70d26a5c69565f1/3ca2cf4de0474948b2ea88ffc4a7d4b7.png","height":8,"chars":["亚"],"type":"bitmap"},{"ascent":8,"file":"minecraft:font/da0b9c5b6fd345158c93489f85ea481a/bc4efefd8468492ca8a8f202b76b5f83.png","height":8,"chars":["些"],"type":"bitmap"},{"ascent":8,"file":"minecraft:font/ced52ee288194b1a9618de6ec24ecc9b/acf15af5f36b4bce94059565608ef900.png","height":8,"chars":["亜"],"type":"bitmap"},{"ascent":8,"file":"minecraft:font/aacb45c153684379b0c9b06299ab6cad/a505fe298382429c9de71bdd595410f0.png","height":8,"chars":["亝"],"type":"bitmap"},{"ascent":8,"file":"minecraft:font/4ec0bf520a684a3faaecbaee37550372/1dbc757a00c648a9938a8b6c2d0fa21c.png","height":8,"chars":["亞"],"type":"bitmap"},{"ascent":8,"file":"minecraft:font/cf4f72a89082411db1c11e432b02b11f/6e1ad5fc14db4aa8b8d66194201237d8.png","height":8,"chars":["亟"],"type":"bitmap"},{"ascent":8,"file":"minecraft:font/b4bbbdc1bd884caf88624ff33ef4f55e/1fcf3dccbbff4913b8cbcb51057824cd.png","height":8,"chars":["亠"],"type":"bitmap"},{"ascent":8,"file":"minecraft:font/811f045c1b3b4330985bc75b7f9191bb/1bc2c84d375446b7889b7caa26781e32.png","height":8,"chars":["亡"],"type":"bitmap"},{"ascent":8,"file":"minecraft:font/20af587aa14b493b8fd80276d1dc8c65/bbffc295b742488e9c9acb36aab12d85.png","height":8,"chars":["亢"],"type":"bitmap"},{"ascent":8,"file":"minecraft:font/15929137fa1d4b3195980cbc2f4ee966/8d4069dea07f418da00e9543599ad854.png","height":8,"chars":["亣"],"type":"bitmap"},{"ascent":8,"file":"minecraft:font/a054b7388e4c464c906634833569a44d/c37249e3976e4988af81f32bf4876f55.png","height":8,"chars":["交"],"type":"bitmap"},{"ascent":8,"file":"minecraft:font/ec050e550fd9431785a9247ef646e9cb/eb708f304c5e43e58ce32de450a1191f.png","height":8,"chars":["亥"],"type":"bitmap"},{"ascent":8,"file":"minecraft:font/eaf5ce0a43dd4177bbfde2e6c443458c/0b92de60ecf6400e83047cb73ca49f18.png","height":8,"chars":["亦"],"type":"bitmap"},{"ascent":8,"file":"minecraft:font/cd08508a51a443628d398eee1a90648b/4a5b31e27b7e46188fcbda9be5e1898e.png","height":8,"chars":["产"],"type":"bitmap"},{"ascent":8,"file":"minecraft:font/c70ae46626544b8cbfd5887ba6f8b686/478e6d81b89147e7a9c890a742deb15c.png","height":8,"chars":["亨"],"type":"bitmap"},{"ascent":8,"file":"minecraft:font/561117718b8640fdbce43f0cec995a71/764ee05865714d4c990116aa128207a1.png","height":8,"chars":["亩"],"type":"bitmap"},{"ascent":8,"file":"minecraft:font/e6166264d5f6462e95ed4660100b4043/ea0283013a9445cfaa395263da77ef2d.png","height":8,"chars":["亪"],"type":"bitmap"},{"ascent":8,"file":"minecraft:font/b77229402c674a62bef3a7fb3e50524e/338e499ba45d49cfbbff4bf73331d364.png","height":8,"chars":["享"],"type":"bitmap"},{"ascent":8,"file":"minecraft:font/7bf49af17b824d17b52d464d6cc62b6e/2fee4d5878a84da58bdc0156697c75ab.png","height":8,"chars":["京"],"type":"bitmap"},{"ascent":8,"file":"minecraft:font/9b86c6210c794c3bbc63736a2d1c0848/4bc1f40b4c714d25908c8a9d7f15e1d3.png","height":8,"chars":["亭"],"type":"bitmap"},{"ascent":8,"file":"minecraft:font/84f7f30735274aa9b839c52dc45f07b8/d5b8a0e2ae354751a115f5aecc0b616d.png","height":8,"chars":["亮"],"type":"bitmap"},{"ascent":8,"file":"minecraft:font/e91e81b90e9f4c329f6cdc40e8736a56/572488a6d9fd4c20a6e6bf414793c1d4.png","height":8,"chars":["亯"],"type":"bitmap"},{"ascent":8,"file":"minecraft:font/6f36e9f71b024ccdb00c00379bb87c13/d76081c777924fe68d0b9692bbfcd2ff.png","height":8,"chars":["亰"],"type":"bitmap"},{"ascent":8,"file":"minecraft:font/731df60d4d064954aeacc02b5b3acc52/2e51e47e1f3444bbbdb897d4b1a094d5.png","height":8,"chars":["亱"],"type":"bitmap"},{"ascent":8,"file":"minecraft:font/d014fcc29f424e5ea96956f1154726be/9bccb0564bd94f5a874a6d42b53addf5.png","height":8,"chars":["亲"],"type":"bitmap"},{"ascent":8,"file":"minecraft:font/ae1115d846724cf2addfd8b3c63baebf/394ea1ad53fd4e178c8e2342b6afc9f8.png","height":8,"chars":["亳"],"type":"bitmap"},{"ascent":8,"file":"minecraft:font/b619d477684f43019e4479055ff96469/cc83b42236054a669263dbc39eee8bb2.png","height":8,"chars":["亴"],"type":"bitmap"},{"ascent":8,"file":"minecraft:font/a8aa4b8ab33a4119ab92e28f001d227d/be7f6dae4dc04a00ac040452ae88521a.png","height":8,"chars":["亵"],"type":"bitmap"},{"ascent":8,"file":"minecraft:font/8afae447a7f04b8990357b97cfa6cd14/8cdd4dcf529a4ab4a2b2f6d9064f4da8.png","height":8,"chars":["亶"],"type":"bitmap"},{"ascent":8,"file":"minecraft:font/b4606a0badcc49dd8a9c532000f4f6d4/230e10b4ad434017a3022b2d422b7071.png","height":8,"chars":["亷"],"type":"bitmap"},{"ascent":8,"file":"minecraft:font/81680a85198f432cbe6b739cba7057e5/d4510452b59a45559afeb565894ea4c7.png","height":8,"chars":["亸"],"type":"bitmap"},{"ascent":8,"file":"minecraft:font/6457a2e126244d10b11d7a074c6cf7d3/5585b548904b403b911022ea49628445.png","height":8,"chars":["亹"],"type":"bitmap"},{"ascent":8,"file":"minecraft:font/f4a1c750d5544bedb9763a89479af70f/9b036bf280f44696836cac0ac903f0bb.png","height":8,"chars":["人"],"type":"bitmap"},{"ascent":8,"file":"minecraft:font/741d96a5c49c42a99606d54b1623849e/aad944791b884f3a94bd75cd12377269.png","height":8,"chars":["亻"],"type":"bitmap"},{"ascent":8,"file":"minecraft:font/24fec6190e55447bae0ceb212870cffb/e25fd92dd6db4d969191bd5f92ce0a97.png","height":8,"chars":["亼"],"type":"bitmap"},{"ascent":8,"file":"minecraft:font/8e47226bb8e946fd8631ca94aa72af20/608f1c2d6f7d4dc1b2990c8ade884ad2.png","height":8,"chars":["亽"],"type":"bitmap"},{"ascent":8,"file":"minecraft:font/3f2b89090f644988bf9f7bf83c624b05/a6305512d49342ffa636f11aa117f900.png","height":8,"chars":["亾"],"type":"bitmap"},{"ascent":8,"file":"minecraft:font/f7dfb28e518c4a30aa7ffd050c90458a/7a4a46f842fc463896864d68973c67ff.png","height":8,"chars":["亿"],"type":"bitmap"},{"ascent":8,"file":"minecraft:font/01d0f671c2a24f5faa98958893728231/f062336c0940483d82a34d9944d52664.png","height":8,"chars":["什"],"type":"bitmap"},{"ascent":8,"file":"minecraft:font/c4a18843caac43e0a4db48953103093c/1acffee1b37f4382814a90b1ba62cf65.png","height":8,"chars":["仁"],"type":"bitmap"},{"ascent":8,"file":"minecraft:font/b6695e4a08ea430a956df6d204219722/4ef97294c2ca4a658789bcd4940168d3.png","height":8,"chars":["仂"],"type":"bitmap"},{"ascent":8,"file":"minecraft:font/c62bf2eb44474df5bdce1a65a4ab3499/122885aec411480788fbbf5db6002b73.png","height":8,"chars":["仃"],"type":"bitmap"},{"ascent":8,"file":"minecraft:font/1985fbf25fbc4b0cb4ddf33815aac341/5b9f9d4554b64447ae5dcdc7fb104ba1.png","height":8,"chars":["仄"],"type":"bitmap"},{"ascent":8,"file":"minecraft:font/88f4cb82000b4aa7a4d8d603acfc7763/af30ab7ad0af49159dacaddea54de1a1.png","height":8,"chars":["仅"],"type":"bitmap"},{"ascent":8,"file":"minecraft:font/5f98ff4f94b04a5e84d685173bf10a23/717dd93d6d2943cabe8e5ee515e81bfd.png","height":8,"chars":["仆"],"type":"bitmap"},{"ascent":8,"file":"minecraft:font/897ec8f9a5cd401aa06fbe7ecb9d44e2/068f414bd15c4e41beab71f167cc139a.png","height":8,"chars":["仇"],"type":"bitmap"},{"ascent":8,"file":"minecraft:font/fa73988280ae4241a1446c564279a0dd/f1532b60218648d1a55c20874663cf1b.png","height":8,"chars":["仈"],"type":"bitmap"},{"ascent":8,"file":"minecraft:font/e75f9e7b0c124bcb9d3160e4236ae84f/444823409f0d49f8a0fbbda657fac491.png","height":8,"chars":["仉"],"type":"bitmap"},{"ascent":8,"file":"minecraft:font/7586ab78133e47edb836493246362ab6/f8079dd6efb44aa1b24964b7fb88ac28.png","height":8,"chars":["今"],"type":"bitmap"},{"ascent":8,"file":"minecraft:font/eccfdf72f2884c50953eb16d9dfe6156/476b48ce62af49bb82ef205741aab01e.png","height":8,"chars":["介"],"type":"bitmap"},{"ascent":8,"file":"minecraft:font/b7d8d0afe28e4b1d8f01ddb6bb962124/a8dca78a559f4d77b30804dd9b6e9787.png","height":8,"chars":["仌"],"type":"bitmap"},{"ascent":8,"file":"minecraft:font/ed6d564387f3496fa8260f2096823014/95129e81e6c54b3db83b91e1c499c103.png","height":8,"chars":["仍"],"type":"bitmap"},{"ascent":8,"file":"minecraft:font/22163f23c3474ed8a75ea5ea29567b7d/e00598ceebe9452497b9737218273c2c.png","height":8,"chars":["从"],"type":"bitmap"},{"ascent":8,"file":"minecraft:font/90d25aa7ee934ae4a1737719adaf0b74/0efb7cf8a3d04ad3b3a1856fc8a1324b.png","height":8,"chars":["仏"],"type":"bitmap"},{"ascent":8,"file":"minecraft:font/b38653e34dd2449dabff498c23f06c6b/0469c76967714b70926d964defe4b5d8.png","height":8,"chars":["仐"],"type":"bitmap"},{"ascent":8,"file":"minecraft:font/321587c5f5794066b6074ffb98edfd0b/2f482cb06380477bb29390a5b2ce6067.png","height":8,"chars":["仑"],"type":"bitmap"},{"ascent":8,"file":"minecraft:font/78df3e271f5f4263906f0cefd6eff3ae/0f8f4b0225944e00824a8357e1943875.png","height":8,"chars":["仒"],"type":"bitmap"},{"ascent":8,"file":"minecraft:font/19305c0b9efb479d92441523a5c88422/ab6b1e4d4a274c0fa547c16ba8a9a6fa.png","height":8,"chars":["仓"],"type":"bitmap"},{"ascent":8,"file":"minecraft:font/4cbbf81d5c6e499388c4a3bd937e3db6/9e1ecdebdd45479cba00441ab8908f9b.png","height":8,"chars":["仔"],"type":"bitmap"},{"ascent":8,"file":"minecraft:font/a00c8dcf96ab47b8854a74e9493159a4/03c98d0feb9d4a7ab621e285be852db6.png","height":8,"chars":["仕"],"type":"bitmap"},{"ascent":8,"file":"minecraft:font/b6bf08d57c8647ffa3a902d1b16ddeb3/fb0cfc7c0f9d4334b2a1e77d8bf0498c.png","height":8,"chars":["他"],"type":"bitmap"},{"ascent":8,"file":"minecraft:font/70b92b8865d247799bc9151a4a59c94e/1c8a2d3ac7e849cfb51d61c1cacbcb30.png","height":8,"chars":["仗"],"type":"bitmap"},{"ascent":8,"file":"minecraft:font/5b3a1608d43e47faa131ffb692a53e73/37eccf9d450b42bf9daee4d82a722ffe.png","height":8,"chars":["付"],"type":"bitmap"},{"ascent":8,"file":"minecraft:font/f7dc86c89b86478aac857e7471a1fe0f/02eff5bd5d944e9b9cbd1b9ced14e05a.png","height":8,"chars":["仙"],"type":"bitmap"},{"ascent":8,"file":"minecraft:font/8c55c116d23a43bb91f86e899df33ed0/06871c992bf34c6099a48bf3d1d48fb4.png","height":8,"chars":["仚"],"type":"bitmap"},{"ascent":8,"file":"minecraft:font/13114efba64148bbb169c865e9221f23/48177eadbb01449aaf463ca39d1b871c.png","height":8,"chars":["仛"],"type":"bitmap"},{"ascent":8,"file":"minecraft:font/9171a2d04b0c4c1ebe27540d797841bc/12dbe35fd78543118a7d7554ee08f5fb.png","height":8,"chars":["仜"],"type":"bitmap"},{"ascent":8,"file":"minecraft:font/5db8f57cbc904f3180c94ba0c6e6ab70/2b09194fd0a247d59252325b75dd1186.png","height":8,"chars":["仝"],"type":"bitmap"},{"ascent":8,"file":"minecraft:font/26447e53f68c42c8bc783f1b3981981e/b4b4f37d34114a39bd7196c40e2b093f.png","height":8,"chars":["仞"],"type":"bitmap"},{"ascent":8,"file":"minecraft:font/9d232427edb4471094e5099a7bde892f/bd13c6653d8e4046a1798e771bf2f769.png","height":8,"chars":["仟"],"type":"bitmap"},{"ascent":8,"file":"minecraft:font/15ab847e1f68480dbaa2ef5a666c32cb/51097ba26dfa44edab59cb5ebdcb634a.png","height":8,"chars":["仠"],"type":"bitmap"},{"ascent":8,"file":"minecraft:font/f196834972ce48a482ca21c12890d5bb/dd7c74f00adf49c08a96db83b751b574.png","height":8,"chars":["仡"],"type":"bitmap"},{"ascent":8,"file":"minecraft:font/a4449b55fcd2455c8bf91b0e26092a74/d557872ce9b34961962a7298348cb82e.png","height":8,"chars":["仢"],"type":"bitmap"},{"ascent":8,"file":"minecraft:font/b9f630caa3654a63aa678683fb3caed6/27a37ccd35524fc88e208f4667b86f4d.png","height":8,"chars":["代"],"type":"bitmap"},{"ascent":8,"file":"minecraft:font/fbe7f88b9b484175bbd8c9a5c9ed66f4/dea84991f4e74eaf8ba348f652b24aa3.png","height":8,"chars":["令"],"type":"bitmap"},{"ascent":8,"file":"minecraft:font/9167531a22af4492b34c9049c1c2434c/302840474b1b49e6a0154890a3e12b7b.png","height":8,"chars":["以"],"type":"bitmap"},{"ascent":8,"file":"minecraft:font/4a4be21f31b844afa5b16081f6c132c7/bce22334252f4f4286ab2adff62d23d6.png","height":8,"chars":["仦"],"type":"bitmap"},{"ascent":8,"file":"minecraft:font/b1801812cbef4029b7feffcc6afbfe04/45da2c4da4764859a01024f2a1b2eec8.png","height":8,"chars":["仧"],"type":"bitmap"},{"ascent":8,"file":"minecraft:font/d77847582a4b400e894ad632d3397e24/8c3df20307d94006af4c4f0d198278db.png","height":8,"chars":["仨"],"type":"bitmap"},{"ascent":8,"file":"minecraft:font/a91282397bdf4fc381ec37892d67d0fa/cc919b36ff584f1fa2b1b718f946f13f.png","height":8,"chars":["仩"],"type":"bitmap"},{"ascent":8,"file":"minecraft:font/31e4df193c8e4ca091941e57560fba28/d8e57efe8a844d74b53c634fb644a909.png","height":8,"chars":["仪"],"type":"bitmap"},{"ascent":8,"file":"minecraft:font/882bbe53c7ae4cebb0fc3b3b7791cbfa/fee57081728c4205a10c1a9f584c3dbb.png","height":8,"chars":["仫"],"type":"bitmap"},{"ascent":8,"file":"minecraft:font/7b8046bf0634499cb8154f47dfa91af9/73dde589cfa04f959a42d3a074b296ca.png","height":8,"chars":["们"],"type":"bitmap"},{"ascent":8,"file":"minecraft:font/9635c501af584679b73fd8f4e07af7d1/e5b19e0ce6f44df5a4edaef5487c8183.png","height":8,"chars":["仭"],"type":"bitmap"},{"ascent":8,"file":"minecraft:font/e9eba0ba9e0442baa1476f1a86c29eb5/65039f72d8e744b394d71045779e0919.png","height":8,"chars":["仮"],"type":"bitmap"},{"ascent":8,"file":"minecraft:font/39ab16fa1e764a8e86d6f68b19b77480/28e140719b2e48c8a212824976a59702.png","height":8,"chars":["仯"],"type":"bitmap"},{"ascent":8,"file":"minecraft:font/b9edcd3019164b9ebd31547f0504a69d/a0e41e09bc644905a52a3dfc9a6381ac.png","height":8,"chars":["仰"],"type":"bitmap"},{"ascent":8,"file":"minecraft:font/63fd1db929b44232b7fede3bcdca9998/d1c220902a2347f3ae6722e94dfe1bd8.png","height":8,"chars":["仱"],"type":"bitmap"},{"ascent":8,"file":"minecraft:font/2f718a2456c946d39bca6a9822e47471/1efb8dcbed944acc932d748c60157a25.png","height":8,"chars":["仲"],"type":"bitmap"},{"ascent":8,"file":"minecraft:font/b97f2be512fa4e6da6b07fb0352f5b69/7fcb7c814e9d4e3bb89e0844cbb7ef7f.png","height":8,"chars":["临"],"type":"bitmap"},{"ascent":8,"file":"minecraft:font/664368d50e69455b8211eb248f2d5bba/dd6723998f7c4c56ac351d8736c6d216.png","height":8,"chars":["丵"],"type":"bitmap"},{"ascent":8,"file":"minecraft:font/a91ef022d4814cdfa987118b714af9b9/4827801e08ed4c1f8d45f8d0332c76a2.png","height":8,"chars":["丶"],"type":"bitmap"},{"ascent":8,"file":"minecraft:font/22d6837fb91d49998a71afcf06fdf529/099ac4bea2fc462bafa344d19c3e458c.png","height":8,"chars":["丷"],"type":"bitmap"},{"ascent":8,"file":"minecraft:font/3d0d3de95d804771a21da5354a040b84/088f70f29c8d42ffbc3e38790d6200c9.png","height":8,"chars":["丸"],"type":"bitmap"},{"ascent":8,"file":"minecraft:font/fe27ad366edf495a95a648024a453ff0/427747a5a96d4b259f62a54db928b6f0.png","height":8,"chars":["丹"],"type":"bitmap"},{"ascent":8,"file":"minecraft:font/37e9fdd1fc24492da734569c9e8dd670/636dd30922c24535bc674cb38d54c309.png","height":8,"chars":["为"],"type":"bitmap"},{"ascent":8,"file":"minecraft:font/d131f0135e064e57b3ba6bf863b09788/73ec5c8cb3b34a44aff1fb5301666506.png","height":8,"chars":["主"],"type":"bitmap"},{"ascent":8,"file":"minecraft:font/c12db28521e74a06a6c0edac1f200a01/943c8e988d184992af5ef3a1302b4878.png","height":8,"chars":["丼"],"type":"bitmap"},{"ascent":8,"file":"minecraft:font/dc48aa50e84a42f5bc8f5b43344a25bb/902f1a1ac92d4117bf6c4e2fb07de3e7.png","height":8,"chars":["丽"],"type":"bitmap"},{"ascent":8,"file":"minecraft:font/26c01788056c44938fa556adb1a27b85/2e4fb7fecf7446d0a90198f5bb02b4f4.png","height":8,"chars":["举"],"type":"bitmap"},{"ascent":8,"file":"minecraft:font/d992b217776f447995da6987c9347d44/786cd99032a44c6c82edcacd002ab3da.png","height":8,"chars":["丿"],"type":"bitmap"},{"ascent":8,"file":"minecraft:font/4b44152cc7ce4fee8ae80bc3b08e9d26/39e9be469f7f47d0b32c9e3153cb225c.png","height":8,"chars":["乀"],"type":"bitmap"},{"ascent":8,"file":"minecraft:font/a0105774aa764292b3b196eb4cb4063b/963a1e47169c429ca963ab0491b2ad79.png","height":8,"chars":["乁"],"type":"bitmap"},{"ascent":8,"file":"minecraft:font/587e3209bf7447bb982fe54165f49366/701171f6d673410a96e97a7d4600511d.png","height":8,"chars":["乂"],"type":"bitmap"},{"ascent":8,"file":"minecraft:font/4031c69e8733402e8ddd86c4e430ae56/be4994d551bf491bb389b2905382067e.png","height":8,"chars":["乃"],"type":"bitmap"},{"ascent":8,"file":"minecraft:font/a74ee5f3263744ef8d8545a13c8eca87/9a21a79828ae4cde8d4013e73a271856.png","height":8,"chars":["乄"],"type":"bitmap"},{"ascent":8,"file":"minecraft:font/7c6853db513340bc960003eeb6b2ab4d/77efaf468f314756b98154600e118c07.png","height":8,"chars":["久"],"type":"bitmap"},{"ascent":8,"file":"minecraft:font/7a39d09c3f9d4b7997a3fa33d3630fbf/a8dc0bb655a540178d3a2d7e93373edc.png","height":8,"chars":["乆"],"type":"bitmap"},{"ascent":8,"file":"minecraft:font/1b80bd99e85b4bad978b9d61bd02e5fc/06190af779274767af149368eb904b13.png","height":8,"chars":["乇"],"type":"bitmap"},{"ascent":8,"file":"minecraft:font/aa14c85f6a6840529e41c04862e0fd18/88b7b1dd3b4a40aead4bbe3e345210df.png","height":8,"chars":["么"],"type":"bitmap"},{"ascent":8,"file":"minecraft:font/a61eef35f58b4349889a4305b62724a7/9a40213c7d9243ee8c01df3e0662cc74.png","height":8,"chars":["义"],"type":"bitmap"},{"ascent":8,"file":"minecraft:font/f752e9d95cf44606b82280fcb27ad506/23f7b4fdb11947d99873b6f7b53d2588.png","height":8,"chars":["乊"],"type":"bitmap"},{"ascent":8,"file":"minecraft:font/c90e51c50bd0426d9a2527367c9c9e52/91c2025df3f349a4a99f0f35854bdb41.png","height":8,"chars":["之"],"type":"bitmap"},{"ascent":8,"file":"minecraft:font/7d4a8794e1384e119f39f86f1787e671/58c1ccd722b542d78c2a2bb680e75f14.png","height":8,"chars":["乌"],"type":"bitmap"},{"ascent":8,"file":"minecraft:font/645b0138457a4aba9d1ecce6e14ce517/5710e93fea3a47a7bc78a6cde2e05304.png","height":8,"chars":["乍"],"type":"bitmap"},{"ascent":8,"file":"minecraft:font/566021f92a99476994ebc921b980895d/2addf2369afe492e88dd65a3ec7a0eaa.png","height":8,"chars":["乎"],"type":"bitmap"},{"ascent":8,"file":"minecraft:font/ea4a40c46bfc444e8367ec6c5aecff9c/9a571b7d35cd49ee93a1408ecd3f0830.png","height":8,"chars":["乏"],"type":"bitmap"},{"ascent":8,"file":"minecraft:font/f4cca9619da34e2a807566e8902cf968/bd86f0fc3eef401ab7af115e6c8987cb.png","height":8,"chars":["乐"],"type":"bitmap"},{"ascent":8,"file":"minecraft:font/cfe2ee43f1cd48adbec0e44d5c76f091/63e0db333a1446649d110372b6fd75b4.png","height":8,"chars":["乑"],"type":"bitmap"},{"ascent":8,"file":"minecraft:font/7cd580371d33419a9159453ae553355a/1577b1dc7ff940bd9e7d3b367eed64bd.png","height":8,"chars":["乒"],"type":"bitmap"},{"ascent":8,"file":"minecraft:font/1b5610afae2940cdaeccfa5903eb62fa/baf7236ff1c247c8a16f4aaf6e68c87e.png","height":8,"chars":["乓"],"type":"bitmap"},{"ascent":8,"file":"minecraft:font/9b336c7d030347f0a18f0a919a4862a4/3529a622b21645dd84540f1a3a3247ac.png","height":8,"chars":["乔"],"type":"bitmap"},{"ascent":8,"file":"minecraft:font/33cfca1ee4ae43e78fca4891db5e1c63/6ec70b0a3efd4bf199db19a17001ab5b.png","height":8,"chars":["乕"],"type":"bitmap"},{"ascent":8,"file":"minecraft:font/9e590add0c0b4c779c26a133b2213b6e/479ad78129f444cd8ca033d38ab54658.png","height":8,"chars":["乖"],"type":"bitmap"},{"ascent":8,"file":"minecraft:font/4623995c62f0431c95f61fffd9f276e7/8c74902c2f4d4d02a6b841cb878b0683.png","height":8,"chars":["乗"],"type":"bitmap"},{"ascent":8,"file":"minecraft:font/3355b92484dd45ea8faa8529d328253e/e45406519ad946b8b300f0ddcc226583.png","height":8,"chars":["乘"],"type":"bitmap"},{"ascent":8,"file":"minecraft:font/600fb8162352498883c3ae6e5c925149/c6922f0457d149d38f1189cc68c5df3b.png","height":8,"chars":["乙"],"type":"bitmap"},{"ascent":8,"file":"minecraft:font/84aafbfb6bba437d954096e59c0ce5d2/78c51b63cd8f4e1992c864dc1188d5fb.png","height":8,"chars":["乚"],"type":"bitmap"},{"ascent":8,"file":"minecraft:font/77dcbba8fe004d9bb3a9b421b6d6c352/bfe486cc02544006a569096f1f3fe8cf.png","height":8,"chars":["乛"],"type":"bitmap"},{"ascent":8,"file":"minecraft:font/ed314d03120b48c4a0ad842c2fceffef/8032e268c6b742ff88d295f6b93b0701.png","height":8,"chars":["乜"],"type":"bitmap"},{"ascent":8,"file":"minecraft:font/35f4aba1f9ab4c358fab177b8009c1ca/9cb88cc515764193abaa59845cef213b.png","height":8,"chars":["九"],"type":"bitmap"},{"ascent":8,"file":"minecraft:font/f96e70625a23442e9428001b7e68ca58/cc327bcfe638403d9b2decd3f0e4bcb3.png","height":8,"chars":["乞"],"type":"bitmap"},{"ascent":8,"file":"minecraft:font/1a322145fa044ae4884ba8e3c0a3c871/ca7263ca8d654c9386179e5be93ec606.png","height":8,"chars":["也"],"type":"bitmap"},{"ascent":8,"file":"minecraft:font/e20480a17a0c48daa3e63d1523e16e0d/a981634ad3374c309a35761109cac278.png","height":8,"chars":["习"],"type":"bitmap"},{"ascent":8,"file":"minecraft:font/932b183a615c4f7e80151a04b1e58309/caf28943ebf44f6e9a6325abc3440054.png","height":8,"chars":["乡"],"type":"bitmap"},{"ascent":8,"file":"minecraft:font/0cd8c34beff34ef5baee9ede3441f43b/73555352e6164df9b15bc2c355452897.png","height":8,"chars":["乢"],"type":"bitmap"},{"ascent":8,"file":"minecraft:font/34086921aae642e7b4cc229c6421b4d4/91fe87f6a256477194db833926c34ca6.png","height":8,"chars":["乣"],"type":"bitmap"},{"ascent":8,"file":"minecraft:font/0b1216ce50264dd89ea98b28c99a0497/9985f70c9e8e4b0b960cbb03796dd01e.png","height":8,"chars":["乤"],"type":"bitmap"},{"ascent":8,"file":"minecraft:font/3b67b18f31124012bea17d591099f9ff/801d398006c2414bb4c7f1b2f6e055a8.png","height":8,"chars":["乥"],"type":"bitmap"},{"ascent":8,"file":"minecraft:font/b598adcd95f34e92bba60e6c97bb58c9/4a2770e476244ac7964ca32cad9a174e.png","height":8,"chars":["书"],"type":"bitmap"},{"ascent":8,"file":"minecraft:font/9ddecddb13cb4bb4a5fd43e696dafe09/e60f5366904a4d64bf5f550f49d6457d.png","height":8,"chars":["乧"],"type":"bitmap"},{"ascent":8,"file":"minecraft:font/7a9299e9e157408a8be0ebc637fba7c9/654d0f83e67e45b88ddcc2a4999eb46d.png","height":8,"chars":["乨"],"type":"bitmap"},{"ascent":8,"file":"minecraft:font/0355f2afd6fd49519f0529d68651a09f/1d82d476dc4446cab628e7b653598057.png","height":8,"chars":["乩"],"type":"bitmap"},{"ascent":8,"file":"minecraft:font/4b8951580fd74962bd133e8265bb5a96/793ca3ac4afe4bffa3091f13fabe1514.png","height":8,"chars":["乪"],"type":"bitmap"},{"ascent":8,"file":"minecraft:font/59f2272d034d48c09b77cf43ab1bed41/a8d95aa7d25e4d4286b39cae73bec83b.png","height":8,"chars":["乫"],"type":"bitmap"},{"ascent":8,"file":"minecraft:font/4a579a6be45f42c78b9a690f40eedf97/60fbfbc733d74ee79e36aafc1c3fda08.png","height":8,"chars":["乬"],"type":"bitmap"},{"ascent":8,"file":"minecraft:font/844c76f51c8f490a93b26c1a345ead43/9ff3fe50b1254d50b7c5213a99c470bf.png","height":8,"chars":["乭"],"type":"bitmap"},{"ascent":8,"file":"minecraft:font/db3d242f7aeb4b82bcccb2156c572dd7/8ae0fe649b454e3f808e9c119a64cbb9.png","height":8,"chars":["乮"],"type":"bitmap"},{"ascent":8,"file":"minecraft:font/d490873acac049568c6732a80518aff1/3c251ffa6ea44bbbb9f024c6c30eede3.png","height":8,"chars":["乯"],"type":"bitmap"},{"ascent":8,"file":"minecraft:font/ce9dfcc53395432fbb4d3e21680c80dd/7ac527a0407e488aa5a463e4c0029e9d.png","height":8,"chars":["买"],"type":"bitmap"},{"ascent":8,"file":"minecraft:font/2a3ce7621a63423baa034605f60fe8e5/a8c140d68145489a8ef017cb8d75fb97.png","height":8,"chars":["乱"],"type":"bitmap"},{"ascent":8,"file":"minecraft:font/677cae02fc9b4598aa0cda94294d2ecf/aeb2a4efefc34dcebcc135c1bf48a5ac.png","height":8,"chars":["乲"],"type":"bitmap"},{"ascent":8,"file":"minecraft:font/ef98681802054695a3bf0fb0b4efc123/a821a4e174894459880d6d4eaecf7bd8.png","height":8,"chars":["乳"],"type":"bitmap"},{"ascent":8,"file":"minecraft:font/97ab062f4bd24a2f9f2b2f4d5c7d3ae5/57061f2de0b74fb2950955e3d6f3f448.png","height":8,"chars":["乴"],"type":"bitmap"},{"ascent":8,"file":"minecraft:font/9a79394a56f24ec1b639a3783ab7eb31/798afb168d724cdfbab34034ff939d1c.png","height":8,"chars":["乵"],"type":"bitmap"},{"ascent":8,"file":"minecraft:font/d003c72540364398bec2c1261c6aa043/d566a7c548cd4f39acb49c9619d16db3.png","height":8,"chars":["乶"],"type":"bitmap"},{"ascent":8,"file":"minecraft:font/41e00fc9e7124ef78f7e4a69e03754bd/e5284985b2da4e968618ee0c93581960.png","height":8,"chars":["乷"],"type":"bitmap"},{"ascent":8,"file":"minecraft:font/59a3237d2eb743299e78d0080cc9e062/327a864ef2b74ce9bc0fcc17b1d3a49e.png","height":8,"chars":["乸"],"type":"bitmap"},{"ascent":8,"file":"minecraft:font/74155c0322cf41aba5f2ad21fd3e2f0a/8a982a0d9d7a4f298352a57b07c3daec.png","height":8,"chars":["乹"],"type":"bitmap"},{"ascent":8,"file":"minecraft:font/e129c82d8d524994a58465d2f1a2405f/cd34e70b4bd44ba68e8dc5ff0da45997.png","height":8,"chars":["乺"],"type":"bitmap"},{"ascent":8,"file":"minecraft:font/6d544b6ad29444e7bdc7ab1198cb30ec/deb8a77e84264b9b9bd31ab632732685.png","height":8,"chars":["乻"],"type":"bitmap"},{"ascent":8,"file":"minecraft:font/59208804a45b4d5b9770dabcd01698af/ca7456d00e694b59ad2c59404de646e6.png","height":8,"chars":["乼"],"type":"bitmap"},{"ascent":8,"file":"minecraft:font/ff8019ffb8f242aaadedf109e709bf68/4a6f76fc20404707a34a6041b367de60.png","height":8,"chars":["乽"],"type":"bitmap"},{"ascent":8,"file":"minecraft:font/68d35470e15c4eb39b9ac8b1d29e114c/53455051b248407882ada23585181cad.png","height":8,"chars":["乾"],"type":"bitmap"},{"ascent":8,"file":"minecraft:font/a0417265152c4935b4b2b56a802c9500/d19921cc3f0a41ca818757b007544dbd.png","height":8,"chars":["乿"],"type":"bitmap"},{"ascent":8,"file":"minecraft:font/1ae38a2d1cfd459d953c35e7223731cb/a2fecff02425485abfc16cfd97f0927d.png","height":8,"chars":["亀"],"type":"bitmap"},{"ascent":8,"file":"minecraft:font/3cd13786b8674b9b8660a74ba562bf9f/a0f88a192ff44207b69e8b16dacca92a.png","height":8,"chars":["亁"],"type":"bitmap"},{"ascent":8,"file":"minecraft:font/9c83cedbb4b44f53820b42ad58eb6e14/bb8497b42b4c4c608f4320014e4729cc.png","height":8,"chars":["亂"],"type":"bitmap"},{"ascent":8,"file":"minecraft:font/af406529a8744b2f997cd764194090e6/9754527fcb5441958ab9d327f4f64ea9.png","height":8,"chars":["亃"],"type":"bitmap"},{"ascent":8,"file":"minecraft:font/5a363667f4df47adba70e5889332e609/35fd861a79884b66907b8edf3f69222c.png","height":8,"chars":["亄"],"type":"bitmap"},{"ascent":8,"file":"minecraft:font/ce00478717c147f59c16e2fa0d23e5c5/0e32f622c1a24fc0a732cf5ce3af1e18.png","height":8,"chars":["亅"],"type":"bitmap"},{"ascent":8,"file":"minecraft:font/d6c49c08845d41f39f0fc79b76a02bd0/1b24e14fd02b4287899685e52c70f378.png","height":8,"chars":["了"],"type":"bitmap"},{"ascent":8,"file":"minecraft:font/22e9624370dc4088aaf63fc40e89a663/da67d598058d4643b801be889300d6a4.png","height":8,"chars":["亇"],"type":"bitmap"},{"ascent":8,"file":"minecraft:font/5aa5b6b0d89045ce9ce4934552b24ef7/5e5d0101b92e4c5ea46885e207e9394c.png","height":8,"chars":["予"],"type":"bitmap"},{"ascent":8,"file":"minecraft:font/dfac21f6eda84f23be944fc8e56bf697/25a053a265c44dc9b8e433d83fd4df2f.png","height":8,"chars":["争"],"type":"bitmap"},{"ascent":8,"file":"minecraft:font/f578869dbd4d45938c3d843e30dd5eba/a15ce64b11b44465b860dbf79645a480.png","height":8,"chars":["亊"],"type":"bitmap"},{"ascent":8,"file":"minecraft:font/27bf1b82ab3c4a9d87a05dde0d4336dd/4296c8acf00049779136c501536e7f26.png","height":8,"chars":["事"],"type":"bitmap"},{"ascent":8,"file":"minecraft:font/a937fd635243439388f0f1fa22a08dab/a0ea6e1532f942c286cdbea37be296cf.png","height":8,"chars":["二"],"type":"bitmap"},{"ascent":8,"file":"minecraft:font/006d7f90fc3944dda7e819adc32b3a29/b9c29f36eac14269bd6853736e72681f.png","height":8,"chars":["亍"],"type":"bitmap"},{"ascent":8,"file":"minecraft:font/58dac676c33740fab25451b8ee1d1745/c3733e17694c4161bac458e84372b1a4.png","height":8,"chars":["于"],"type":"bitmap"},{"ascent":8,"file":"minecraft:font/89638c1ec7e845e7b30d5465afd65081/a9e820a874214f5fada34568cac77de7.png","height":8,"chars":["亏"],"type":"bitmap"},{"ascent":8,"file":"minecraft:font/76bbffc40e4048daa40bf07744f3b0ee/a9196eee2dc94134b10bcdeb7215d149.png","height":8,"chars":["亐"],"type":"bitmap"},{"ascent":8,"file":"minecraft:font/49e19751eb2f44f7ab0f43ffa1c3e4fc/a4685fd2484344b0bf02c8901b9dfc5f.png","height":8,"chars":["云"],"type":"bitmap"},{"ascent":8,"file":"minecraft:font/863f161851e14ddd9fcbdb301e6e2f2e/38eaa4beb5304bb39c046e383caa1d06.png","height":8,"chars":["互"],"type":"bitmap"},{"ascent":8,"file":"minecraft:font/01c2302d945c464c86f978f291c947cd/6d71e8e90298455aa0b4b28b5f4d44c3.png","height":8,"chars":["亓"],"type":"bitmap"},{"ascent":8,"file":"minecraft:font/b4d693bdf9564ec09b218a3edb87152c/45662e699dd2476f9c31a0ccb84da502.png","height":8,"chars":["五"],"type":"bitmap"},{"ascent":8,"file":"minecraft:font/ce53933aa7c8482f8d0119d26627116d/90b436912d454ba88a26b43dd821d34e.png","height":8,"chars":["井"],"type":"bitmap"},{"ascent":8,"file":"minecraft:font/3bd440cea17a4d4589bc010d869c04d5/c9f02b578efe4f7eb31dbef80be62fd9.png","height":8,"chars":["亖"],"type":"bitmap"},{"ascent":8,"file":"minecraft:font/27b1cb0d4bca485b8b8f60c3e4e19006/b993879ee4e6499ea8d7e0fb029f69c5.png","height":8,"chars":["亗"],"type":"bitmap"},{"ascent":8,"file":"minecraft:font/a8a8118f7d46453aa81b376237f78817/528d7604f43342e3a5dfeba1d626b46c.png","height":8,"chars":["亘"],"type":"bitmap"},{"ascent":8,"file":"minecraft:font/5dadd903423441d49250cd113cee8e1e/c53038f7aae646838d225b66f9ae8d20.png","height":8,"chars":["亙"],"type":"bitmap"},{"ascent":8,"file":"minecraft:font/7883a68bec724c29832d6b3ab76dace9/a77185ce4b1a457aa99f69fdcbaa82c9.png","height":8,"chars":["亚"],"type":"bitmap"},{"ascent":8,"file":"minecraft:font/02ecd22c6b5541edba7995ce30643cb8/9dfa160a5895459fad8ef18e225afcbc.png","height":8,"chars":["些"],"type":"bitmap"},{"ascent":8,"file":"minecraft:font/e51ce341e0e346ae92f5a277178dfe56/425d35293e3948d7a7076045484cc268.png","height":8,"chars":["亜"],"type":"bitmap"},{"ascent":8,"file":"minecraft:font/17af07b23fd044dcb5d1486467c7961f/c3dfec1f84a540bd8fe6a6a59dbac857.png","height":8,"chars":["亝"],"type":"bitmap"},{"ascent":8,"file":"minecraft:font/c5658a2b0f304b3aa5370d313eea33bc/68cdd0cb620b4eb193e513e66543c0c1.png","height":8,"chars":["亞"],"type":"bitmap"},{"ascent":8,"file":"minecraft:font/0b0f456da25c4c818a5934949a5db3cf/654427a2c28649008b3782cea46dc97c.png","height":8,"chars":["亟"],"type":"bitmap"},{"ascent":8,"file":"minecraft:font/5d2a8b1b523b4630ba9f9bfe1e6edbda/fe0a6388db4c4658ac30d39843fd6893.png","height":8,"chars":["亠"],"type":"bitmap"},{"ascent":8,"file":"minecraft:font/11a0992c1a5c441ea534bb08c87c0749/fc54bb605038486a8e16f9e704ac7446.png","height":8,"chars":["亡"],"type":"bitmap"},{"ascent":8,"file":"minecraft:font/b711c978de7e45f1b91105a8b5c6968e/3205031e9a584d5b82d9a67dc4fc4aa9.png","height":8,"chars":["亢"],"type":"bitmap"},{"ascent":8,"file":"minecraft:font/3bbf4accebd746b8a147bfaac63de082/e379c5bf44ea46edb652e16abfbb3b3e.png","height":8,"chars":["亣"],"type":"bitmap"},{"ascent":8,"file":"minecraft:font/f3eccac625af46d4a31641743e0b4507/917f28c0c9554866875e2d54d9bf6399.png","height":8,"chars":["交"],"type":"bitmap"},{"ascent":8,"file":"minecraft:font/8e6933cf2f1a457abee777527988de04/920dbdff62de4ce9a1dca5beca16735d.png","height":8,"chars":["亥"],"type":"bitmap"},{"ascent":8,"file":"minecraft:font/e67c443ef2b348209a5e1a2db2754136/c8acf1b7c2954873a8e8348218e97488.png","height":8,"chars":["亦"],"type":"bitmap"},{"ascent":8,"file":"minecraft:font/c188d2f4d8c4411d9dc443dfc7de70bd/78a83c94f0a54ba9a5f2b3cdeba24c09.png","height":8,"chars":["产"],"type":"bitmap"},{"ascent":8,"file":"minecraft:font/363d0dde3354459f91dea622596046c8/66e55b06282442e7b6668fb1c8437ac1.png","height":8,"chars":["亨"],"type":"bitmap"},{"ascent":8,"file":"minecraft:font/1ea800db21764dd986f16b2dd697a8c6/39fd8bc6c6e34578bdf91158608adfaa.png","height":8,"chars":["亩"],"type":"bitmap"},{"ascent":8,"file":"minecraft:font/24ab9ceaa2b8429ab32690322e471de9/d5689838b1504533a825037933b57acb.png","height":8,"chars":["亪"],"type":"bitmap"},{"ascent":8,"file":"minecraft:font/e1d2dc6842b8486aa1a897269b0f38de/f44d3eb30b4147e98861d2703e9a75ee.png","height":8,"chars":["享"],"type":"bitmap"},{"ascent":8,"file":"minecraft:font/6c263e6c1ed8435bb4af5920a1deaef5/4247a21f5bfe4b23b33156f21a71173d.png","height":8,"chars":["京"],"type":"bitmap"},{"ascent":8,"file":"minecraft:font/4e30f0387eae4266ba2a53ea5f04494d/9d6a7b517edb450da5dbc1e78f98caca.png","height":8,"chars":["亭"],"type":"bitmap"},{"ascent":8,"file":"minecraft:font/cf67371b85b14b668f0b5cd7a0ba0dfa/b3943011940c4b2989cb11215e18da19.png","height":8,"chars":["亮"],"type":"bitmap"},{"ascent":8,"file":"minecraft:font/b9fa1463b9f140d1b6b3e47e1fe47c7f/a802be2507094d31a2628d503c7c146e.png","height":8,"chars":["亯"],"type":"bitmap"},{"ascent":8,"file":"minecraft:font/f8b8ac08e07f40b5aa01c8416cf1e0a9/717fe047964042c69390c8726ca93ed3.png","height":8,"chars":["亰"],"type":"bitmap"},{"ascent":8,"file":"minecraft:font/a876d19fa62a4aad9924e511f4b22581/6a16f6e5e4994d329055ace753d1d156.png","height":8,"chars":["亱"],"type":"bitmap"},{"ascent":8,"file":"minecraft:font/14c88b2943934e5e83cdf7bc48d7bc7e/59cfe6a3feb74c2f9756145d77a06d48.png","height":8,"chars":["亲"],"type":"bitmap"},{"ascent":8,"file":"minecraft:font/d7ac0521af484df9bfae6817af42edfa/fdcd0639261548f28ac4afdbabd3043b.png","height":8,"chars":["亳"],"type":"bitmap"},{"ascent":8,"file":"minecraft:font/98aac488cdc1442a86797646bc5aa1f4/844b445d91e748ee8404197524b88cb2.png","height":8,"chars":["亴"],"type":"bitmap"},{"ascent":8,"file":"minecraft:font/a36665506a12446687717fc9c0669c12/ad07a2c9daa44abe9e20a4c43f311a52.png","height":8,"chars":["亵"],"type":"bitmap"},{"ascent":8,"file":"minecraft:font/67c779c23b254d088b704f67a7fbbfb8/94b084779b6d44ac8eb8aaa03d059f5b.png","height":8,"chars":["亶"],"type":"bitmap"},{"ascent":8,"file":"minecraft:font/c61eb977c07641ab89abdf37761f0c8c/5caffa5d87ff44c9ad85c290fae687c1.png","height":8,"chars":["亷"],"type":"bitmap"},{"ascent":8,"file":"minecraft:font/7755da72a5d84b248604dd2cd36af673/4fc2124deefd4bfd903359af4b51bfe9.png","height":8,"chars":["亸"],"type":"bitmap"},{"ascent":8,"file":"minecraft:font/9089ea90bfe94496ae71a1a2b03eca9f/ddeb44e1b3a844f08294d5a32563864f.png","height":8,"chars":["亹"],"type":"bitmap"},{"ascent":8,"file":"minecraft:font/0c1db7e6b85942ab858a0ebf6eadfe62/bf870e95f51745ebaf13e3223b605467.png","height":8,"chars":["人"],"type":"bitmap"},{"ascent":8,"file":"minecraft:font/53bb8d484ccf48dbb678b8108d4d178d/e0bef3e8383f44e1857658078b47b2ff.png","height":8,"chars":["亻"],"type":"bitmap"},{"ascent":8,"file":"minecraft:font/6a6007865a0649e4aedb29503e0c63b5/9906ec9cdb96430eb4135e57b09754b4.png","height":8,"chars":["亼"],"type":"bitmap"},{"ascent":8,"file":"minecraft:font/d457c9e133b64343946dc8ae864b99d5/67e3dc1a41304105bc186dfe80d87be9.png","height":8,"chars":["亽"],"type":"bitmap"},{"ascent":8,"file":"minecraft:font/a1779f322ece425da43b58a7f7362512/b53dae7566d04ae4bbc159026ca95474.png","height":8,"chars":["亾"],"type":"bitmap"},{"ascent":8,"file":"minecraft:font/25370a3ea09d4a7b9757eb5c49eee9f1/17b2d73653ff41c0b2944a62b32d674f.png","height":8,"chars":["亿"],"type":"bitmap"},{"ascent":8,"file":"minecraft:font/26ec7143b2844348a1fe008e0e8b4bf5/e9ab3274cc15414d8e51c7ce4ccc5045.png","height":8,"chars":["什"],"type":"bitmap"},{"ascent":8,"file":"minecraft:font/f60cecdab16c477691ae60bee5ab6489/5a2c509456a74464ae72790c034211fa.png","height":8,"chars":["仁"],"type":"bitmap"},{"ascent":8,"file":"minecraft:font/8128ec22ed214e5896e45b99d65ef6e2/b24451aab7aa438c8c517b0458aae4b7.png","height":8,"chars":["仂"],"type":"bitmap"},{"ascent":8,"file":"minecraft:font/0557a77931164e2a9508fbfed540b737/4f9458ed812742d7856d54a09b975d9d.png","height":8,"chars":["仃"],"type":"bitmap"},{"ascent":8,"file":"minecraft:font/d632ce14ff9f4ddb8ca2f0d08e00d4ea/cc435f5a29b14181a42af0e5ed9a9ce0.png","height":8,"chars":["仄"],"type":"bitmap"},{"ascent":8,"file":"minecraft:font/bdcd5e28417644da921c23050423f275/9af46f2c9e5840bca829b5a2d3a18e83.png","height":8,"chars":["仅"],"type":"bitmap"},{"ascent":8,"file":"minecraft:font/6365fb5d1eed4342a8279dc0c74ab75e/b5072f7ec7644d518d0360b376d78c9a.png","height":8,"chars":["仆"],"type":"bitmap"},{"ascent":8,"file":"minecraft:font/bed1646404614b6fac8c28988cab4137/784b70d84ec847779ffeffb690b25a9d.png","height":8,"chars":["仇"],"type":"bitmap"},{"ascent":8,"file":"minecraft:font/bd362d34c6064e07bef72f006b81a196/c447c74a988e41f8851f6a0d50d26c00.png","height":8,"chars":["仈"],"type":"bitmap"},{"ascent":8,"file":"minecraft:font/43a359178c674bc6a76f55854e2b9b67/f086d6453beb454da6464f416b018af3.png","height":8,"chars":["仉"],"type":"bitmap"},{"ascent":8,"file":"minecraft:font/cc0c8f8e60a54ebcb4070fdd68ee16a7/39006d1f09624d319cc69c6177620622.png","height":8,"chars":["今"],"type":"bitmap"},{"ascent":8,"file":"minecraft:font/5945a2f120984c618f990c947eb87173/ac96ee8b789b42e5b6b893438dcfd3b7.png","height":8,"chars":["介"],"type":"bitmap"},{"ascent":8,"file":"minecraft:font/acf659974d5e478183700b8d63b54eb3/b9cb8b322cc9423dbfa2817f545c0bbb.png","height":8,"chars":["仌"],"type":"bitmap"},{"ascent":8,"file":"minecraft:font/2f9084d9fff5414187209ef3ac020844/9ed985e991334040bb73858be990e34c.png","height":8,"chars":["仍"],"type":"bitmap"},{"ascent":8,"file":"minecraft:font/a59be673912b41a2bd843614d1d50f43/8442c7483300404abc288d1318358dcc.png","height":8,"chars":["从"],"type":"bitmap"},{"ascent":8,"file":"minecraft:font/a4805b8cd3f642049e6ccb9bcbcae5ad/9a8160246cab461d9d40115a0f661f16.png","height":8,"chars":["仏"],"type":"bitmap"},{"ascent":8,"file":"minecraft:font/38cf64d016f54ea9ab906ad0554b95b8/171aa92652db4f3987b49eb9043a61f5.png","height":8,"chars":["仐"],"type":"bitmap"},{"ascent":8,"file":"minecraft:font/f417103825d04f8e8aa3dcf7ff9e206d/5e8babbd87a9447cb03ca8288743a86c.png","height":8,"chars":["仑"],"type":"bitmap"},{"ascent":8,"file":"minecraft:font/cb7d6f40090d452992beed84df75f998/0aa4cb0685bb40d9b2b727299f6fb4ca.png","height":8,"chars":["仒"],"type":"bitmap"},{"ascent":8,"file":"minecraft:font/2b7632b217b444c38f540e653a71485c/363a0297993e4a4ea40f6515aa007243.png","height":8,"chars":["仓"],"type":"bitmap"},{"ascent":8,"file":"minecraft:font/c99d4e11bb7c4081be261d04eebbda21/c5b9e7ab801d4424aee5b7515c97f9ac.png","height":8,"chars":["仔"],"type":"bitmap"},{"ascent":8,"file":"minecraft:font/55ef98ad5b8249e48d6658c1139244ee/f5e09875f19047eab917d71169fd855e.png","height":8,"chars":["仕"],"type":"bitmap"},{"ascent":8,"file":"minecraft:font/aa38821ffdfe4ba4a420308441bdf9ce/46ff9e14693c4f9f9877615886c33a11.png","height":8,"chars":["他"],"type":"bitmap"},{"ascent":8,"file":"minecraft:font/f3780603a50943f5b72b5a834d6a3081/03fc440b26cd4e97ab13e3c1620d9502.png","height":8,"chars":["仗"],"type":"bitmap"},{"ascent":8,"file":"minecraft:font/1115935f03ae4e4bad53ab10d6a95e62/e547d0bd3cce44b692c80b78d89ba77d.png","height":8,"chars":["付"],"type":"bitmap"},{"ascent":8,"file":"minecraft:font/1fb95f1ca3b14244b40125c4f95485f3/c5ec57f9568b4c02a8ad4787c065d473.png","height":8,"chars":["仙"],"type":"bitmap"},{"ascent":8,"file":"minecraft:font/dae07647fd44457f90e07c58944de5f6/8fbc774918b34d73b4c7d58e59c8f004.png","height":8,"chars":["仚"],"type":"bitmap"},{"ascent":8,"file":"minecraft:font/e0001e3f43d84f74a300ceb0739c8117/c8ec484c3fc34614ad14f59a2e7f8d24.png","height":8,"chars":["仛"],"type":"bitmap"},{"ascent":8,"file":"minecraft:font/df16a66bab90415c958c4cf2c9b14f30/b79a1691b78f4b46915d01302a89e3bf.png","height":8,"chars":["仜"],"type":"bitmap"},{"ascent":8,"file":"minecraft:font/d0f1a1e55ecd483d8bfc34f8eefad96b/5d983def704741949991fa01c6257259.png","height":8,"chars":["仝"],"type":"bitmap"},{"ascent":8,"file":"minecraft:font/fe31285433d5439fa78a2cdfa0475ba7/1982276f1e514081bc4575a7b8d837ae.png","height":8,"chars":["仞"],"type":"bitmap"},{"ascent":8,"file":"minecraft:font/7d1b1e29e23a495f8a5a0be29efaff48/c054dd4eedf94f1fa97116582a3d4fb3.png","height":8,"chars":["仟"],"type":"bitmap"},{"ascent":8,"file":"minecraft:font/a3ccc16f85cb4811a3cb0ba0e5475fcf/1a85e1c9961842e1be776bad1a6fea89.png","height":8,"chars":["仠"],"type":"bitmap"},{"ascent":8,"file":"minecraft:font/2bdf86e0e0284a2b923bd701a7a3c763/5083f2cbc8464124a594340603cee5c0.png","height":8,"chars":["仡"],"type":"bitmap"},{"ascent":8,"file":"minecraft:font/665ec7621e234db2a40053fd7a16a257/8de5bd3cdf3d4fccb3b4683d8139de8d.png","height":8,"chars":["仢"],"type":"bitmap"},{"ascent":8,"file":"minecraft:font/44bc36515d40452097e623dc3cc35f2f/9b295451ca9c46659ee30e03341e48e3.png","height":8,"chars":["代"],"type":"bitmap"},{"ascent":8,"file":"minecraft:font/3bbb3e507e83400789995ef067cd39d9/f516591608734e5f802ce48e9e004d4c.png","height":8,"chars":["令"],"type":"bitmap"},{"ascent":8,"file":"minecraft:font/b6728a7e97a24e61aaabfe245a922281/fabcd97b7dd94df89d0f603cbb126c20.png","height":8,"chars":["以"],"type":"bitmap"},{"ascent":8,"file":"minecraft:font/12c9bc77cd8c449ab5f0a28fb50049ac/ba034321f3704ed3b06735d4717da9c9.png","height":8,"chars":["仦"],"type":"bitmap"},{"ascent":8,"file":"minecraft:font/724b86e19a93452f83fc838bc97e8d89/7d23159d50ec40e5add8ab6403d99dc1.png","height":8,"chars":["仧"],"type":"bitmap"},{"ascent":8,"file":"minecraft:font/6b0731b29fef4864871e44fac2bd635c/e83e7501cbf9420b8cd83aaa99251b71.png","height":8,"chars":["仨"],"type":"bitmap"},{"ascent":8,"file":"minecraft:font/4f1a57b637ca431bbffa806bbf6b5c79/c5769db836f443dd8625775a9bfd81cb.png","height":8,"chars":["仩"],"type":"bitmap"},{"ascent":8,"file":"minecraft:font/61a55af414524368be8ac2c0fb0f03c2/41c0d8ad455b413e99e3d289006007e9.png","height":8,"chars":["仪"],"type":"bitmap"},{"ascent":8,"file":"minecraft:font/8bf6132dadde42098c2649e895b8a9c9/b6f83299a56f40c08e108ff43fb12e99.png","height":8,"chars":["仫"],"type":"bitmap"},{"ascent":8,"file":"minecraft:font/cfa0b48e7a4f4b0ca97a8359a953c579/f95fa2ea47a44e4c82318f67f24c92f1.png","height":8,"chars":["们"],"type":"bitmap"},{"ascent":8,"file":"minecraft:font/85add253b0804fb990f8411742eebb20/4ff5386b541348a78aa025e3d9b2ef18.png","height":8,"chars":["仭"],"type":"bitmap"},{"ascent":8,"file":"minecraft:font/dacee8a391f34911a92c92cf8dd9fdfa/e32b8c35f30e40bda514c4e0873d4d05.png","height":8,"chars":["仮"],"type":"bitmap"},{"ascent":8,"file":"minecraft:font/33bb1efb1cb8428d901a47923e707347/0c92a4668cd243738ed748d485fca931.png","height":8,"chars":["仯"],"type":"bitmap"},{"ascent":8,"file":"minecraft:font/99555cdf9d3c47eba0b575b3e36eaa96/906a6905d3c64658a96a9a76bb558531.png","height":8,"chars":["仰"],"type":"bitmap"},{"ascent":8,"file":"minecraft:font/e2d51bceb5364ba4bf46464374598db7/808b109f26f243aa8c78eb7d0c09e187.png","height":8,"chars":["仱"],"type":"bitmap"},{"ascent":8,"file":"minecraft:font/f9c96410ada3472fa7cdc64f41c9d596/d3d905b0422f4d8b8c6fa2d12172907d.png","height":8,"chars":["仲"],"type":"bitmap"},{"ascent":8,"file":"minecraft:font/f2cf21f46de74bf8afe2b7af099eed87/40e8c14635ff4eac84a3684d2e981375.png","height":8,"chars":["垗"],"type":"bitmap"},{"ascent":8,"file":"minecraft:font/75f85a3ea1c74ae7a3c98204333ca51d/f5f048446c574631bae64045f3313003.png","height":8,"chars":["仳"],"type":"bitmap"},{"ascent":8,"file":"minecraft:font/816b8c5bec254fe1afcbe7058cd2856a/c12ad31a367c4316a5bbd02107fca894.png","height":8,"chars":["仴"],"type":"bitmap"},{"ascent":8,"file":"minecraft:font/80604f63867a40ef837b467a5a342be6/04f93366ee994765b161fa646ae1df44.png","height":8,"chars":["仵"],"type":"bitmap"},{"ascent":8,"file":"minecraft:font/641684e658ce4b908a78a1a3e85ef93d/26e3313bf1a24a31b3211f99abf27651.png","height":8,"chars":["件"],"type":"bitmap"},{"ascent":8,"file":"minecraft:font/27ef01a4b592478dab198104ace28b76/d28847c633c64bdeb8cb28ef187eaff2.png","height":8,"chars":["价"],"type":"bitmap"},{"ascent":8,"file":"minecraft:font/7527a883db5943cba7d896ac046a5f30/7443b014c99c4156a4e6bc92b8ad867f.png","height":8,"chars":["仸"],"type":"bitmap"},{"ascent":8,"file":"minecraft:font/1987d21c54594859be621bc3426b17eb/3e0dd28e414e4ac9b8e0bd068f713872.png","height":8,"chars":["仹"],"type":"bitmap"},{"ascent":8,"file":"minecraft:font/6703be7b1ae542f19e08d73c2afdc2bf/db160402463b43d69c5c9f9757c85c19.png","height":8,"chars":["仺"],"type":"bitmap"},{"ascent":8,"file":"minecraft:font/26b836df4119474e827f2dbd7d7966cc/403be71cf91645b7bcdaf021a2aedc74.png","height":8,"chars":["任"],"type":"bitmap"},{"ascent":8,"file":"minecraft:font/916ccdae570449d99b21be1e5af924bb/fbc2dd0d57844cceb297397826c463c5.png","height":8,"chars":["仼"],"type":"bitmap"},{"ascent":8,"file":"minecraft:font/0d4d8a3b0e0642c5b8261d0129b83576/ee63ae46a829427495bac37e30ff9b14.png","height":8,"chars":["份"],"type":"bitmap"},{"ascent":8,"file":"minecraft:font/e78e3d2097f1484cb7017cc5f3556f6c/f6338285aabc4023921eac0235a39e92.png","height":8,"chars":["仾"],"type":"bitmap"},{"ascent":8,"file":"minecraft:font/d61588b429dd404193a6251fe61cdc80/18e2fc3c6fa344f282aa63a3c299b5d5.png","height":8,"chars":["仿"],"type":"bitmap"},{"ascent":8,"file":"minecraft:font/e5107ebac8764bf3ba8a9dfb4db75f6a/6f28827c78c946548c8af8242d1d9eb8.png","height":8,"chars":["伀"],"type":"bitmap"},{"ascent":8,"file":"minecraft:font/e352c67a6c3841869434ada38c96dec7/b8ddb94588dd4feaaf84952f2daf8151.png","height":8,"chars":["企"],"type":"bitmap"},{"ascent":8,"file":"minecraft:font/97430c51deb64306b05c3072e386864f/203140ff5d7546c082130e6a33d5ca9e.png","height":8,"chars":["伂"],"type":"bitmap"},{"ascent":8,"file":"minecraft:font/240fe5ce0d4f4034b347548c57c06f65/579234b126b249b78490ac365620469f.png","height":8,"chars":["伃"],"type":"bitmap"},{"ascent":8,"file":"minecraft:font/809aab9a43ef44a794a9a254f36781f4/8f15feb10e3a47dea3a11fb189ea5a53.png","height":8,"chars":["伄"],"type":"bitmap"},{"ascent":8,"file":"minecraft:font/f4421995d6104aeca5807635510b456c/89efb536f4e248a6a37ad3aa3cdfe730.png","height":8,"chars":["伅"],"type":"bitmap"},{"ascent":8,"file":"minecraft:font/6d74e5eac8cc40f3b75be432d49c347c/2110766b6f1b40d497d4092d3dfe869f.png","height":8,"chars":["伆"],"type":"bitmap"},{"ascent":8,"file":"minecraft:font/38aeb728ef4648e8a62bbd5e306f6974/c085fcbc46794e6f95107ba59578f673.png","height":8,"chars":["伇"],"type":"bitmap"},{"ascent":8,"file":"minecraft:font/68ae53aacfdb44e395a19ed47d7555eb/ddc5c5df9dae42758538bb35043663c6.png","height":8,"chars":["伈"],"type":"bitmap"},{"ascent":8,"file":"minecraft:font/8b5acdd08b6142eca65f1c1f820dec6a/3649ad955d42459a94a88adb02ee02dc.png","height":8,"chars":["伉"],"type":"bitmap"},{"ascent":8,"file":"minecraft:font/c479e42dc9584f92810c374e4fd0fb17/3322da282a154a17aef6f56e8cf25dea.png","height":8,"chars":["伊"],"type":"bitmap"},{"ascent":8,"file":"minecraft:font/bc594bcf1cf94e0db85a8d42062be2ba/ce4cbaeb9d4a487c95e64d8d9d27a01d.png","height":8,"chars":["伋"],"type":"bitmap"},{"ascent":8,"file":"minecraft:font/21bf25ee42664011825d113a55ad20cb/b32dd435219847cfaa06d15324c6e09d.png","height":8,"chars":["伌"],"type":"bitmap"},{"ascent":8,"file":"minecraft:font/2c80cbc2902243cc8165c2e22db50fd8/377d84cf908c498595d3af3e1c70070a.png","height":8,"chars":["伍"],"type":"bitmap"},{"ascent":8,"file":"minecraft:font/e76015a8045a4a7991a964f00324c662/084e203e0f8a4a4d94350e7f5321a6f6.png","height":8,"chars":["伎"],"type":"bitmap"},{"ascent":8,"file":"minecraft:font/34831dc45d3548959e793ac16384cc41/cc5b2ad438984d8b987de7acfefe01db.png","height":8,"chars":["伏"],"type":"bitmap"},{"ascent":8,"file":"minecraft:font/6e9e5969558d40e399eaac255fbfeda3/5eb39d41557a44a087514effb904f205.png","height":8,"chars":["伐"],"type":"bitmap"},{"ascent":8,"file":"minecraft:font/a41fca32c55d40e99d6efb91c8bb8f5d/a0cf3a5147774bed8303aae0213895de.png","height":8,"chars":["休"],"type":"bitmap"},{"ascent":8,"file":"minecraft:font/24396333db2d4af0a3306d90180c05b0/6dac85afbce64f7898eb5a0b6d53a39d.png","height":8,"chars":["伒"],"type":"bitmap"},{"ascent":8,"file":"minecraft:font/6e9665b9d0404c3e92bae735fb3569b6/b1b7752f50c945ea802170dbb3637f9f.png","height":8,"chars":["伓"],"type":"bitmap"},{"ascent":8,"file":"minecraft:font/233639484a5f486c814b955b84a32522/88a8585c3c5b4e9aa230e53751409a8d.png","height":8,"chars":["伔"],"type":"bitmap"},{"ascent":8,"file":"minecraft:font/b4b33f34c1a64b82a0f1b7295e41a312/9602f7b14c034427a71527f5414aa110.png","height":8,"chars":["伕"],"type":"bitmap"},{"ascent":8,"file":"minecraft:font/a1533fc559b74e04af78a904de0d87ab/78b8338249744f83abf3d06d56a2f70a.png","height":8,"chars":["伖"],"type":"bitmap"},{"ascent":8,"file":"minecraft:font/6d0907c957284ed1802d3040bac5f04a/37c90a5ae78b4460b69ccace8c9d8aaf.png","height":8,"chars":["众"],"type":"bitmap"},{"ascent":8,"file":"minecraft:font/ddb4e101df1b4d1eaff2ac07521b254b/036252539891429a8a52bb4700158774.png","height":8,"chars":["优"],"type":"bitmap"},{"ascent":8,"file":"minecraft:font/214d0b900183459cae7b75ac8797133c/35a805cedb1948f497253bea825a7357.png","height":8,"chars":["伙"],"type":"bitmap"},{"ascent":8,"file":"minecraft:font/166d6621a579459987ee825c6380233b/d9101e30e8c449a287978ddb779c64b2.png","height":8,"chars":["会"],"type":"bitmap"},{"ascent":8,"file":"minecraft:font/b13e93365b1243aeb49051df16c6d540/92c1dac55cb947b6afeca06fbf1252cb.png","height":8,"chars":["偹"],"type":"bitmap"},{"ascent":8,"file":"minecraft:font/a7eeb73c43c54c79a4ddf91120f85ebe/45f8a659e01d43c6824e439d648c068a.png","height":8,"chars":["偺"],"type":"bitmap"},{"ascent":8,"file":"minecraft:font/fd95718a8790473db5867311017541ec/8914a7a816b54d799ecded9ee4ee0917.png","height":8,"chars":["偻"],"type":"bitmap"},{"ascent":8,"file":"minecraft:font/3602faf06bc34f50b54f9d3d5f05f089/ab8d31a104c945619ecb9148fff951f3.png","height":8,"chars":["偼"],"type":"bitmap"},{"ascent":8,"file":"minecraft:font/4d52106469744610ae6b77c6784b3d71/7300451e71164fcfbc31715a7ad971af.png","height":8,"chars":["偽"],"type":"bitmap"},{"ascent":8,"file":"minecraft:font/135f8c56906f4f6abc36acdec401409a/b5d5827497f249739cc602da53ddc9a4.png","height":8,"chars":["偾"],"type":"bitmap"},{"ascent":8,"file":"minecraft:font/7855e484b0af41519ddad6ee45fbb49f/cb6a0d3778b74495af9647943b14dd45.png","height":8,"chars":["偿"],"type":"bitmap"},{"ascent":8,"file":"minecraft:font/1bdbac1ecbe34ae98f6b6b04e2935d7d/faf8e05d14154a4aaccdb01a7dad3e77.png","height":8,"chars":["傀"],"type":"bitmap"},{"ascent":8,"file":"minecraft:font/d0cbf81027364e17b85728bd2f3ad3fa/0129e0a689fd42548dafe10aea52de37.png","height":8,"chars":["傁"],"type":"bitmap"},{"ascent":8,"file":"minecraft:font/8c9b09fe59d442dabb7e6541cc8932ec/b1e680dfc8084c2dba79a0e3d81d5aee.png","height":8,"chars":["傂"],"type":"bitmap"},{"ascent":8,"file":"minecraft:font/4ee129d478c84cf3b86d342e2ba2d14a/cc3943760bc34dd98fbd94f58a67ee25.png","height":8,"chars":["傃"],"type":"bitmap"},{"ascent":8,"file":"minecraft:font/637298bdacfa4c3f9832e954ec777397/b7ed5f4bf04d48c5bb0c7f72eea4e3ab.png","height":8,"chars":["傄"],"type":"bitmap"},{"ascent":8,"file":"minecraft:font/896ec2f8f3064e2cb1c7f39c5176139f/a36416f144cd430cbb85c890e1f6455c.png","height":8,"chars":["傅"],"type":"bitmap"},{"ascent":8,"file":"minecraft:font/f0ccb621925746b3b1aa465fed11217f/e037a6c8a3a349acbacebe9bcb8d76c9.png","height":8,"chars":["傆"],"type":"bitmap"},{"ascent":8,"file":"minecraft:font/c3d9a8f1adc145f392905b1b8b67a27c/fffb2ac42a2e4b368872a84b3a3182bd.png","height":8,"chars":["傇"],"type":"bitmap"},{"ascent":8,"file":"minecraft:font/0cb797a221a445ad9d10996b6c475b6c/41ce00833db64de8984def60ffe62a9c.png","height":8,"chars":["傈"],"type":"bitmap"},{"ascent":8,"file":"minecraft:font/0711a33cf6404fc7a3d0bedd7675bd7f/cc585207d4f94f8cb0c7820b3fa03fc6.png","height":8,"chars":["傉"],"type":"bitmap"},{"ascent":8,"file":"minecraft:font/a0eede41baac4f498226aa1a7beccfbd/1fa33e3cbeb24a92aeda41a984a6e19d.png","height":8,"chars":["傊"],"type":"bitmap"},{"ascent":8,"file":"minecraft:font/72841293a5f641b2addf9a57d21107fd/9032922710864f2ebee37ac1cdc469c4.png","height":8,"chars":["傋"],"type":"bitmap"},{"ascent":8,"file":"minecraft:font/bb9521052e734600bc66e46462b119e5/639ab0d478214b8abda0873e03a5d85f.png","height":8,"chars":["傌"],"type":"bitmap"},{"ascent":8,"file":"minecraft:font/50e8bb10e1f84f60a793abab8792125a/c50da97d218349f3a3433207005d2208.png","height":8,"chars":["垃"],"type":"bitmap"},{"ascent":8,"file":"minecraft:font/6a93afb7a39445b58efaf1d6cfc4b751/8886e305ad2b486c92bd4c366fa9cef5.png","height":8,"chars":["垄"],"type":"bitmap"},{"ascent":8,"file":"minecraft:font/a58ca7084d3143b6bd127d4536015d36/43839ba0319e421da0f75629c0e131c9.png","height":8,"chars":["垅"],"type":"bitmap"},{"ascent":8,"file":"minecraft:font/e253ea0627af4a24884ca23a6ba5329b/aad0cc1f9b43423f9cc6f3f49aabbdd2.png","height":8,"chars":["垆"],"type":"bitmap"},{"ascent":8,"file":"minecraft:font/310c3cb4733444a0aad09f60897e32a5/3c29aa3e26554c9b8edcbbbef70cbd50.png","height":8,"chars":["垇"],"type":"bitmap"},{"ascent":8,"file":"minecraft:font/ff8cfd4a06a843f398cb3581d7ca42e1/8822c2e72c374c8f85988f4bdbe66037.png","height":8,"chars":["垈"],"type":"bitmap"},{"ascent":8,"file":"minecraft:font/fa6160fca33647dc9169f7cf2848b3a2/e66c0bcf7ebd422d9d4819c8cd7451b1.png","height":8,"chars":["垉"],"type":"bitmap"},{"ascent":8,"file":"minecraft:font/3f418ef304df413c99e10997ca55416b/ea3fcda5ac604c7086a52167623738d3.png","height":8,"chars":["垊"],"type":"bitmap"},{"ascent":8,"file":"minecraft:font/fcb8cb8fa45940cbb21c4cf4939b48d4/0d29c8c4c6b345b7970f36a69ea1850d.png","height":8,"chars":["型"],"type":"bitmap"},{"ascent":8,"file":"minecraft:font/d28fd5b7e49f49a990619b16a1f13a64/778aad1940dd42259099adda0754bfed.png","height":8,"chars":["垌"],"type":"bitmap"},{"ascent":8,"file":"minecraft:font/5fd060943a0b4437959ff41a33c798c1/25d904ca955649b2bf8260f1f5214dc7.png","height":8,"chars":["垍"],"type":"bitmap"},{"ascent":8,"file":"minecraft:font/70e3380f0ebc40799200e45d788b001e/8b2e70cf375f4eda962446af7cfa92ed.png","height":8,"chars":["垎"],"type":"bitmap"},{"ascent":8,"file":"minecraft:font/c5989200607d47f289d2205dcab7d191/c35fd75c6cc24014b890487b44b8baa7.png","height":8,"chars":["垏"],"type":"bitmap"},{"ascent":8,"file":"minecraft:font/e115c40b58c64394a23a9a1363891999/40373291f3114089b42e986dc8ea910a.png","height":8,"chars":["垐"],"type":"bitmap"},{"ascent":8,"file":"minecraft:font/f8eb2e9ef3424b1c94806825c501613c/ea9f01140ee54c6c975913925e1d4e49.png","height":8,"chars":["垑"],"type":"bitmap"},{"ascent":8,"file":"minecraft:font/69bc3bab877b412e870aa64a66126fcd/19aeeb43084c4190b33db504b2a0a79e.png","height":8,"chars":["垒"],"type":"bitmap"},{"ascent":8,"file":"minecraft:font/ff8a6ff24c834a4882aa708810723fb2/9e503e2d331d400daf911489202829d0.png","height":8,"chars":["垓"],"type":"bitmap"},{"ascent":8,"file":"minecraft:font/c687e020e6394bb1a350073ad66ee7f5/30162ab4853c4d33be672cf9f48691ad.png","height":8,"chars":["垔"],"type":"bitmap"},{"ascent":8,"file":"minecraft:font/860ac8f46f804512a810a173249c3e13/1b7e583cd04d4d609b6fcc6b9c9f4106.png","height":8,"chars":["垕"],"type":"bitmap"},{"ascent":8,"file":"minecraft:font/36adcf6005a349928d9db1b91b135b35/0e3e7f685bc7461da06d4d78d6d0009c.png","height":8,"chars":["垖"],"type":"bitmap"},{"type":"bitmap","file":"font/pixel.png","ascent":-1000,"height":-2,"chars":["ᨓ"]},{"type":"bitmap","file":"font/pixel.png","ascent":-10000,"height":1,"chars":["ᨒ"]},{"type":"bitmap","file":"font/pixel.png","ascent":-10000,"height":-2,"chars":["⻙"]}]}