{"providers":[{"type":"bitmap","chars":["垜"],"height":16,"file":"minecraft:font/12f0a5a5fc9f4bafae0d147be8f899cd/27d66eef709f4881bf4b6114d306b123.png","ascent":16},{"type":"bitmap","chars":["一"],"height":16,"file":"minecraft:font/6e333488b609471382b68540696a6e90/5ee49d8331644bf3880a3491d0a2875c.png","ascent":16},{"type":"bitmap","chars":["丁"],"height":8,"file":"minecraft:font/16609c44aa454a1a80e82d47a476945c/3a2520ee838749a3bb2b21d7f6eb4c6a.png","ascent":8},{"type":"bitmap","chars":["垝"],"height":16,"file":"minecraft:font/88dee6f734a144d2861e3b73f5c903cc/48ce0746df084bb78619df8af3e3b840.png","ascent":16},{"type":"bitmap","chars":["丂"],"height":8,"file":"minecraft:font/a49ac6982c154369a305a56680a51eb6/8ff3574c58d1489db861be35807fd0cd.png","ascent":8},{"type":"bitmap","chars":["七"],"height":8,"file":"minecraft:font/134cd688cdab43d79a98ef2ae5a6753e/4ed7e9d6b2cb475082aa5e829046bbdb.png","ascent":8},{"type":"bitmap","chars":["丄"],"height":8,"file":"minecraft:font/7978d64f13144f449d83a01d02848f4b/3d365a6e350c418fbc854b9341023921.png","ascent":8},{"type":"bitmap","chars":["丅"],"height":8,"file":"minecraft:font/87622a406b6e42d5b0f6146ea226c179/81586eefdc314370bba5ff825231b289.png","ascent":8},{"type":"bitmap","chars":["丆"],"height":8,"file":"minecraft:font/bfc6e8c6d14a4b9d885d1ef2d856a5ba/cd0a85aa3bed4d97918c09737c2ed0db.png","ascent":8},{"type":"bitmap","chars":["万"],"height":8,"file":"minecraft:font/4b34d627a5ae435b89c7ef4cd4836897/06505ba3ddcb4c7c95e113dea7eec85f.png","ascent":8},{"type":"bitmap","chars":["丈"],"height":8,"file":"minecraft:font/d3a57c9603554786afeb2a8a422efb5f/5c3266e56ae944dfa286f4d00d0cc06f.png","ascent":8},{"type":"bitmap","chars":["三"],"height":8,"file":"minecraft:font/c21e9a01b2b34208935a865fe560698f/54dc42f188fc497e87bca798edae34f7.png","ascent":8},{"type":"bitmap","chars":["上"],"height":8,"file":"minecraft:font/4475c676b716479ab870b8bd37431fa5/1e33fc4a667747a3a18e5bcda90f3c30.png","ascent":8},{"type":"bitmap","chars":["下"],"height":8,"file":"minecraft:font/88aacd6d441c4e21b8ff18f05f779a27/75e24bce918f436aaa8fb21b06bde192.png","ascent":8},{"type":"bitmap","chars":["丌"],"height":8,"file":"minecraft:font/7611bb8ee78a45119e50695c9bc17bde/e0389f56be7142b0841617aca9cd0f7e.png","ascent":8},{"type":"bitmap","chars":["不"],"height":8,"file":"minecraft:font/6f806902805a45b48090097825caa580/e57d841d446a4d5b960ae36f4f7d9e61.png","ascent":8},{"type":"bitmap","chars":["与"],"height":8,"file":"minecraft:font/1d34a81a10164c1fbceb507a696ffccb/e2719bec393a49478dc7b7a80c204b26.png","ascent":8},{"type":"bitmap","chars":["丏"],"height":8,"file":"minecraft:font/d3523add31fd4c829bf0309141178ba1/34a83832afbc4b0296b59d15bc36c805.png","ascent":8},{"type":"bitmap","chars":["丐"],"height":8,"file":"minecraft:font/81884a4fcdc54103814b1990dbd30582/0936c1d46450432ca91abdacda417c22.png","ascent":8},{"type":"bitmap","chars":["丑"],"height":8,"file":"minecraft:font/2fc9e6f2be194ad980754a13a20c2259/d47ca3bb1a024affba3e3897bdf5c13c.png","ascent":8},{"type":"bitmap","chars":["丒"],"height":8,"file":"minecraft:font/9179c801c997449293750adf5dc4d8db/3ec13254e19c45c6b0d18d48c6e9528c.png","ascent":8},{"type":"bitmap","chars":["专"],"height":8,"file":"minecraft:font/253c4c0e80f24efe95b0a883d9b6fda8/0adbc73042e9418c8e708f038d1e726f.png","ascent":8},{"type":"bitmap","chars":["且"],"height":8,"file":"minecraft:font/6faf38015e09447c8e223615ba34734d/37aa1394a8eb4f90a41cf0fb4e2661b6.png","ascent":8},{"type":"bitmap","chars":["丕"],"height":8,"file":"minecraft:font/0afc35d94fc8490aa82c4176f4b53857/1accf224019e4015a99425f6bc7d6eb6.png","ascent":8},{"type":"bitmap","chars":["世"],"height":8,"file":"minecraft:font/17ae320b86394efdaa00476f9c003e59/522f3aad8e0846619d7a19e864039260.png","ascent":8},{"type":"bitmap","chars":["丗"],"height":8,"file":"minecraft:font/18c56b3f64c74ce999d173127b7b19f7/7f7a17b2ca7f40fbb1e193c7fa7edf37.png","ascent":8},{"type":"bitmap","chars":["丘"],"height":8,"file":"minecraft:font/3265168c99bd4f038f643358dba46acd/54dafe529b6a45dbbded55562dde41af.png","ascent":8},{"type":"bitmap","chars":["丙"],"height":8,"file":"minecraft:font/3de211ed392849209b6fc1e0099fc23f/76656627b3cf4a13af6e36a1ca585923.png","ascent":8},{"type":"bitmap","chars":["业"],"height":8,"file":"minecraft:font/f1f43f3bb62d4c69ad924a4181167f0a/748a6d33275e4bb7839d42a2260d1597.png","ascent":8},{"type":"bitmap","chars":["丛"],"height":8,"file":"minecraft:font/39502baf05824c3bb9c74febee88b717/4abb4c673772498bb7bfaaf4e5765545.png","ascent":8},{"type":"bitmap","chars":["东"],"height":8,"file":"minecraft:font/2dbbb08cb74f428a9c0853d4278faf24/b6ebe569cf774521b82fb42d1f2029f8.png","ascent":8},{"type":"bitmap","chars":["丝"],"height":8,"file":"minecraft:font/29f67701475842d4b5b40c973e9a5cb7/d6bc45160ad74c0e96c6d6a9435c4c2f.png","ascent":8},{"type":"bitmap","chars":["丞"],"height":8,"file":"minecraft:font/41e5395752034f0f85cda26a1b86561d/86b07fd579364ce793ac1d3f42cfd81c.png","ascent":8},{"type":"bitmap","chars":["丟"],"height":8,"file":"minecraft:font/9dc94c1dc16448a7b167d499c3b50f70/f77c5a2082064a5ca549579b488c4215.png","ascent":8},{"type":"bitmap","chars":["丠"],"height":8,"file":"minecraft:font/c2093f71c24641808968aa883943fb99/e5475551000c4d31a59ad45f59e70304.png","ascent":8},{"type":"bitmap","chars":["両"],"height":8,"file":"minecraft:font/4f4b235c313b4aba82613641d8dea390/9c35b8562edc47cb840aadac917bbc47.png","ascent":8},{"type":"bitmap","chars":["丢"],"height":8,"file":"minecraft:font/482e3034f32b456e98418ff69daaf048/2b8bd892dfdf4922a814e3a869c51ae2.png","ascent":8},{"type":"bitmap","chars":["丣"],"height":8,"file":"minecraft:font/b02b90a2b9254e5d85a0d6f542918923/16557b7b244c4219adfd03219224b617.png","ascent":8},{"type":"bitmap","chars":["两"],"height":8,"file":"minecraft:font/b72a25714bb548ef992c2a97aeabfd84/63bfa877b9eb490488303724e137d641.png","ascent":8},{"type":"bitmap","chars":["严"],"height":8,"file":"minecraft:font/2ee5edfe3fcb4967a46f45387d0998ec/42068053eb5a431791d561295b693c45.png","ascent":8},{"type":"bitmap","chars":["並"],"height":8,"file":"minecraft:font/1acce27e9d084bb4acfdbf5d4430a2b4/40e8a91ac5e74a389bc3adaed904ad77.png","ascent":8},{"type":"bitmap","chars":["丧"],"height":8,"file":"minecraft:font/44b9619cc42546a0a8a134e0964e4619/a67b9591b8734d98887e69c1c62b16b7.png","ascent":8},{"type":"bitmap","chars":["丨"],"height":8,"file":"minecraft:font/cef2e07601d3443899f49c669f30970f/2da6afbab31447f6bb6fb4b0bb5625cf.png","ascent":8},{"type":"bitmap","chars":["丩"],"height":8,"file":"minecraft:font/9a6766899e3f4604a077d3fe4e9d3b6e/fa783b94313346a5b3b9783a91e4f146.png","ascent":8},{"type":"bitmap","chars":["个"],"height":8,"file":"minecraft:font/a8105491c93b468eaf9919021de95a00/0afb137f8e5e49939bb8acdab5d243a8.png","ascent":8},{"type":"bitmap","chars":["丫"],"height":8,"file":"minecraft:font/a6de219a56354e68b1c57d95addd567c/fa430186d4e744eeab84c0ebfb4ece58.png","ascent":8},{"type":"bitmap","chars":["丬"],"height":8,"file":"minecraft:font/b0c7509894c5480fb8b3c62e36f21f82/05d2ff60ab854b6f8b8e5af63a04477f.png","ascent":8},{"type":"bitmap","chars":["中"],"height":8,"file":"minecraft:font/c871bba3fe5f46b2814992d9127277e5/6695c74c38a64adf9958da3b0dea2fc4.png","ascent":8},{"type":"bitmap","chars":["丮"],"height":8,"file":"minecraft:font/d6091526d68843c2ae303085792d8b0f/116bbf4b6d7e4cc8b0ffd791450a4d29.png","ascent":8},{"type":"bitmap","chars":["丯"],"height":8,"file":"minecraft:font/d8cc07ed95f84f528bcfd3944b3532d8/ca47d63683b543268e9c23aecb0d0518.png","ascent":8},{"type":"bitmap","chars":["丰"],"height":8,"file":"minecraft:font/a8c18770c9cd4c0eba0761ffb74fa313/be968ee0132f40db937af32eb951d124.png","ascent":8},{"type":"bitmap","chars":["丱"],"height":8,"file":"minecraft:font/981fb526aa8e439086b22cddc266bfbb/aa0b1da1b4cc4f068d5a3c812bf42d73.png","ascent":8},{"type":"bitmap","chars":["串"],"height":8,"file":"minecraft:font/360daaabc2824456862ed816095685cb/ef1e2b7ae0fc47189958f32c0a70be8d.png","ascent":8},{"type":"bitmap","chars":["丳"],"height":8,"file":"minecraft:font/632b62a8cfd74c3789c118243863ebaf/ade2672f59b84cf9816704923ed04a3c.png","ascent":8},{"type":"bitmap","chars":["垙"],"height":16000,"file":"minecraft:font/4645b34e76db40bebd30f8c99fa8007f/70b465bfd8bb4b5c94e95efc5f3230fa.png","ascent":16000},{"type":"bitmap","chars":["亖"],"height":8,"file":"minecraft:font/731c5287ffb7432c995e6f4139298b44/efcc22a0c69947ea98b826f9e6d8ddda.png","ascent":8},{"type":"bitmap","chars":["亗"],"height":8,"file":"minecraft:font/46a16cafae424aa7a2eb22218b9fffa6/1b8b82627bdd45d5add416f53927e912.png","ascent":8},{"type":"bitmap","chars":["亘"],"height":8,"file":"minecraft:font/bfa9ec9a03724a30adb975a1713bb0a6/5c618e9b599f483bb21d1154a72c7ae5.png","ascent":8},{"type":"bitmap","chars":["亙"],"height":8,"file":"minecraft:font/b8c5050c98514d879e429a3369a5219e/af3b69b5ffce426cbf23a65eca421dd0.png","ascent":8},{"type":"bitmap","chars":["亚"],"height":8,"file":"minecraft:font/a087b3a58cc946d3b1dd2fb0619999e7/d382ace970294ca78508a52de5876037.png","ascent":8},{"type":"bitmap","chars":["些"],"height":8,"file":"minecraft:font/a3ccbb5012624458b7b3278a6c169ad9/f47b836a4e11491fa5c63f6c112a82d6.png","ascent":8},{"type":"bitmap","chars":["亜"],"height":8,"file":"minecraft:font/0d7cebb07df8482893c63d7b6879c8a9/446fac5dbeff4ecc845b789111a80251.png","ascent":8},{"type":"bitmap","chars":["亝"],"height":8,"file":"minecraft:font/0e4e870403904547aea0af076681e992/c4c0758aa58544149e880d43beb1c984.png","ascent":8},{"type":"bitmap","chars":["亞"],"height":8,"file":"minecraft:font/619a95c8fbcd4da798673e1275b1608c/df52d386dbe141f9ac6218c2cb5eb509.png","ascent":8},{"type":"bitmap","chars":["亟"],"height":8,"file":"minecraft:font/dab2b455e66744cf9a6db4040a757442/487905945ce2400485aa79039f3f6a78.png","ascent":8},{"type":"bitmap","chars":["亠"],"height":8,"file":"minecraft:font/42f33abf182e4349b162740be2862d79/fa449e038b474192a4f68a0f430132ae.png","ascent":8},{"type":"bitmap","chars":["亡"],"height":8,"file":"minecraft:font/7b4970d9ef814f5e84afa30f34e03be5/2e843d99497646afac9c5600b7c1856d.png","ascent":8},{"type":"bitmap","chars":["亢"],"height":8,"file":"minecraft:font/d070ffe6c38c460d9cba5bd0f0ec3e5b/5e3705f5c1c141a78b01bc59425ed9ca.png","ascent":8},{"type":"bitmap","chars":["亣"],"height":8,"file":"minecraft:font/c7f65eb856cb40e0a4903375b774f0d5/dcd556a49956476ebbe3ee0d845aae1b.png","ascent":8},{"type":"bitmap","chars":["交"],"height":8,"file":"minecraft:font/ed748f2cd8ee4f159ee8186fb83f8e1e/1ed2ebed94814b34b63f6c520290e69a.png","ascent":8},{"type":"bitmap","chars":["亥"],"height":8,"file":"minecraft:font/b1626e33965741e9bb3400e13c37fada/a6e96d469d5248f0ac8e719f16baf4d7.png","ascent":8},{"type":"bitmap","chars":["亦"],"height":8,"file":"minecraft:font/78558b7dd00641c8a4834904ed3ce59b/11576b9c2aeb41689702b91d22b10c6a.png","ascent":8},{"type":"bitmap","chars":["产"],"height":8,"file":"minecraft:font/1bfe56eae2e741abb0a6f582d5ab2923/2d874a406075487bb9cb2753a0854fdb.png","ascent":8},{"type":"bitmap","chars":["亨"],"height":8,"file":"minecraft:font/7cee1a91ca9e47b4a33cb2e8de608286/d6b09d94d1d44465b7bd714817eddccc.png","ascent":8},{"type":"bitmap","chars":["亩"],"height":8,"file":"minecraft:font/8d7800485c524ad98c5761c2d0290ae9/f938addd55c049fc9b5c2b7ed2a69a4b.png","ascent":8},{"type":"bitmap","chars":["亪"],"height":8,"file":"minecraft:font/433d823b89f14ff795e6908c069240af/7e82013f21ba45a192aebd499f0cd7d2.png","ascent":8},{"type":"bitmap","chars":["享"],"height":8,"file":"minecraft:font/8a641f912dc64714ba8b4863067bf9b1/8837d67e18334dd68970552bfb1777a4.png","ascent":8},{"type":"bitmap","chars":["京"],"height":8,"file":"minecraft:font/cca7efe05d0c42d3903ca659dddcf618/2928638f3f40432f9cbbd9daa4649f51.png","ascent":8},{"type":"bitmap","chars":["亭"],"height":8,"file":"minecraft:font/bbe278d849904b0cbc99790beeaff188/4ab7c7d1da16492aa8d71436e081f526.png","ascent":8},{"type":"bitmap","chars":["亮"],"height":8,"file":"minecraft:font/e9ac5796066d4fef96708edc1f89d792/72f033a36b6d476a9b3ad854b3187d56.png","ascent":8},{"type":"bitmap","chars":["亯"],"height":8,"file":"minecraft:font/c033daade2404d5ba5d43ad534877d98/f6f17dd9235d491ea88f73f972fc930c.png","ascent":8},{"type":"bitmap","chars":["亰"],"height":8,"file":"minecraft:font/ea3517a7be62414db05c1528e3c18a31/f8f98f3f1c7140ec861193195364f1a8.png","ascent":8},{"type":"bitmap","chars":["亱"],"height":8,"file":"minecraft:font/004c0e3b5d8e4a4cab89b6e183507f1a/ee6579c680074ed0934de720794350d5.png","ascent":8},{"type":"bitmap","chars":["亲"],"height":8,"file":"minecraft:font/2511bbd9536f4ca2b3bb1cc3a83b0769/39eb8c0a6a9642c88e9a57c826ccc3d9.png","ascent":8},{"type":"bitmap","chars":["亳"],"height":8,"file":"minecraft:font/334dedb0783a41aabf492669c7e26a54/beef088d40754f1f98f03e55f754a5e4.png","ascent":8},{"type":"bitmap","chars":["亴"],"height":8,"file":"minecraft:font/f46b05141b864ac28d0373b12df8dd1f/69438d8bbdb04d0a8afcd06d2d1fa51b.png","ascent":8},{"type":"bitmap","chars":["亵"],"height":8,"file":"minecraft:font/bbf6eff610254b6c85c636b5737d5352/6bc120d5245a44e4b71f751598157c0a.png","ascent":8},{"type":"bitmap","chars":["亶"],"height":8,"file":"minecraft:font/88bca6bc5ae94fe2b8694c1dea6cfc93/2c4203ae85374c12b320990f0d822611.png","ascent":8},{"type":"bitmap","chars":["亷"],"height":8,"file":"minecraft:font/58ef9d5ef84345ef867430ff2afc287c/d27cf382cc4740eca83089d62f8ac7ec.png","ascent":8},{"type":"bitmap","chars":["亸"],"height":8,"file":"minecraft:font/5cda1a9aada246d79d4a912adb9d7660/d0f3a44ed67d43e29ce5cabc37cf84a2.png","ascent":8},{"type":"bitmap","chars":["亹"],"height":8,"file":"minecraft:font/914f49f16d3e4e3296b0eff16f2adfed/00d6245238064a7bb78ea0ebd1f31a00.png","ascent":8},{"type":"bitmap","chars":["人"],"height":8,"file":"minecraft:font/54c3310413e9400e8679f3bf430c54c2/e3bf3bafd1444d41963611e46ff51a07.png","ascent":8},{"type":"bitmap","chars":["亻"],"height":8,"file":"minecraft:font/2d225c2b79b3436795c4224a0499ab4a/01ebce8553234fab936236225701e574.png","ascent":8},{"type":"bitmap","chars":["亼"],"height":8,"file":"minecraft:font/3ebebc02dff64cb8a6b6151bb74987ea/067f726333214e67932cc2da814d530c.png","ascent":8},{"type":"bitmap","chars":["亽"],"height":8,"file":"minecraft:font/52d945c1b4eb4f1d9b71287f2a9fece6/af823545453743c19b1ecce43be56597.png","ascent":8},{"type":"bitmap","chars":["亾"],"height":8,"file":"minecraft:font/aee4d60761754ad69a10d6f528fde1b4/f3bc9ba2c4f348f09c3645bb6948062f.png","ascent":8},{"type":"bitmap","chars":["亿"],"height":8,"file":"minecraft:font/1ee4a2b96e51481daeb684289cb926c8/958ff1f1a7b5426ba69f8431da300792.png","ascent":8},{"type":"bitmap","chars":["什"],"height":8,"file":"minecraft:font/c62a2f053f084444a303e80bd928f1f4/59587b3cefd64d83a81d5bedd03d3255.png","ascent":8},{"type":"bitmap","chars":["仁"],"height":8,"file":"minecraft:font/6f35eacc05cf47d2af77c7175df1cb56/8674b961f752403fb3e3db956f17d3a0.png","ascent":8},{"type":"bitmap","chars":["仂"],"height":8,"file":"minecraft:font/d24b2b954b6e478d8e52ff8e868bddfc/93a6d40de5b34255b84fb8319c44c452.png","ascent":8},{"type":"bitmap","chars":["仃"],"height":8,"file":"minecraft:font/862d438dcd5845b2b427b70973b0fe94/3e1ce048c15542d38ec3de3022cc0884.png","ascent":8},{"type":"bitmap","chars":["仄"],"height":8,"file":"minecraft:font/aa7014a4ab174597a7b2c26886d843ab/207c5da579d14bad8e4b120384a72049.png","ascent":8},{"type":"bitmap","chars":["仅"],"height":8,"file":"minecraft:font/8de95f7b161d4f139601fe9c0b09a540/0d5c00f162a046c88e0545166e41f049.png","ascent":8},{"type":"bitmap","chars":["仆"],"height":8,"file":"minecraft:font/0110cd88ccdd4c63a5cb9a6e77b3b39a/8f7c09a6f77d4b3aa06ca73358c8b637.png","ascent":8},{"type":"bitmap","chars":["仇"],"height":8,"file":"minecraft:font/c5ade937ca694959a3ddecdab3b2eff9/705ed9dac1a14506a114ae5a512f2fea.png","ascent":8},{"type":"bitmap","chars":["仈"],"height":8,"file":"minecraft:font/5101c9d94f9b43719e3665ec890e1fd9/b7d2a5bbe6ab40afa87c075cb474f0d4.png","ascent":8},{"type":"bitmap","chars":["仉"],"height":8,"file":"minecraft:font/84afeda755fb403ebdc0832b596a5a69/63aeb3c2ecc749c7a4e6134b3b8a6507.png","ascent":8},{"type":"bitmap","chars":["今"],"height":8,"file":"minecraft:font/f880168c062b49888577ced13ce30ba4/e71af68b5f5d4f9f99acb58251ef605d.png","ascent":8},{"type":"bitmap","chars":["介"],"height":8,"file":"minecraft:font/13729fc961964eb784206c5a2d9475d6/f4bce1d7095748c6a9735d70940d8520.png","ascent":8},{"type":"bitmap","chars":["仌"],"height":8,"file":"minecraft:font/0fc9fdf873084b4e926db228c22f2043/39885ff1c7784122818bca420a6da402.png","ascent":8},{"type":"bitmap","chars":["仍"],"height":8,"file":"minecraft:font/4e0b785dbffe42509ca08edcb1ccbd90/35d2f37fe06644f29f442400623a8c46.png","ascent":8},{"type":"bitmap","chars":["从"],"height":8,"file":"minecraft:font/a50f363a604342b8b9bf01b3be12ff33/541025b7ffe54ac390efc770d81d4edb.png","ascent":8},{"type":"bitmap","chars":["仏"],"height":8,"file":"minecraft:font/e24726d44ff245738f8dc1608216adc4/c003c5c21de24b9a9f3ace7fb8292e8c.png","ascent":8},{"type":"bitmap","chars":["仐"],"height":8,"file":"minecraft:font/9125bc298f6c4037a65d7f984a7b4e28/ca33a5a5f06942efa9364bd402b8003a.png","ascent":8},{"type":"bitmap","chars":["仑"],"height":8,"file":"minecraft:font/83b3e354278e444b8c6174d679090a8f/80e1b4aec84947cd9e49d052c136dae6.png","ascent":8},{"type":"bitmap","chars":["仒"],"height":8,"file":"minecraft:font/6b4a69055f9a4bf190ecfc406003a412/f558338adde14832b34244e3f847820d.png","ascent":8},{"type":"bitmap","chars":["仓"],"height":8,"file":"minecraft:font/655fe3605141457487cbe1b7eb29f025/b9b499b9b136466fbb05b39ef7ac8828.png","ascent":8},{"type":"bitmap","chars":["仔"],"height":8,"file":"minecraft:font/e319c1a4ab464b1b96d83aa7fc50866d/9ff37d43c35d4e2a82b6f68d8bf6694c.png","ascent":8},{"type":"bitmap","chars":["仕"],"height":8,"file":"minecraft:font/8064a90b32d8480a930ea801561ae7aa/fbd732ac89e54d1c929f3d5d2e10b2ca.png","ascent":8},{"type":"bitmap","chars":["他"],"height":8,"file":"minecraft:font/1109b76a9c1740899ba601d268343ab6/6a3e25040d0a43548238c92c286c45fc.png","ascent":8},{"type":"bitmap","chars":["仗"],"height":8,"file":"minecraft:font/f4628db525164720a0acda2917fa4a73/287644737ec24a3cad96cec9397dc0e1.png","ascent":8},{"type":"bitmap","chars":["付"],"height":8,"file":"minecraft:font/a53f5dc421ef475ab12f0d89cd16a95e/695cb7e37ac54c0d9e100d3bbf416bf2.png","ascent":8},{"type":"bitmap","chars":["仙"],"height":8,"file":"minecraft:font/78bc922026c3488b8a282040867b751d/b20ec1971b7c4ddda343064c7607dec3.png","ascent":8},{"type":"bitmap","chars":["仚"],"height":8,"file":"minecraft:font/228c09c7e4f74c16849b7be492635575/d3198401480b464eb936527c7478a2c7.png","ascent":8},{"type":"bitmap","chars":["仛"],"height":8,"file":"minecraft:font/fa31e941ddce4260a53293e5f8b7460d/26a9ea07386640bf9e17b7184a3178e3.png","ascent":8},{"type":"bitmap","chars":["仜"],"height":8,"file":"minecraft:font/2c128d8df603488684837c22388f3106/ea527fa8a4d54bf0b31460c91f943de7.png","ascent":8},{"type":"bitmap","chars":["仝"],"height":8,"file":"minecraft:font/4501cf5bd19649c080dde8d678c684ab/8bfc580df2184c90959420eed0449404.png","ascent":8},{"type":"bitmap","chars":["仞"],"height":8,"file":"minecraft:font/1e6bc94967c54292b7e8973c03826c3b/f6c4f6e214ce4d2086989a06e9dba048.png","ascent":8},{"type":"bitmap","chars":["仟"],"height":8,"file":"minecraft:font/fa56ba4cd29542b6a1e43a8400b27bbe/aecf815df366444c8a970f27a3f32baa.png","ascent":8},{"type":"bitmap","chars":["仠"],"height":8,"file":"minecraft:font/31fa9792d3d0440a90d7b1db1b820be5/04752febeebb4e5aacd8df8ebf76caa4.png","ascent":8},{"type":"bitmap","chars":["仡"],"height":8,"file":"minecraft:font/52b9cf8456834b6ba383ef79ef98385e/a72c954282d44cfda524cfffeb8beddc.png","ascent":8},{"type":"bitmap","chars":["仢"],"height":8,"file":"minecraft:font/dcc7e1b6d5d64d2a9db0e716438c794c/cc111d7a476d42f9a630978cf1ecfd86.png","ascent":8},{"type":"bitmap","chars":["代"],"height":8,"file":"minecraft:font/507f33cca4ec4e459a24e933a73dc217/3be10b9db80141e79157b5c235f80020.png","ascent":8},{"type":"bitmap","chars":["令"],"height":8,"file":"minecraft:font/4853ccefbe744802a7b63738e4c832a1/9970a8567d8b42e0b0675d374c4c133b.png","ascent":8},{"type":"bitmap","chars":["以"],"height":8,"file":"minecraft:font/227c0fcf7cfc4ca29c83ed195aeb9be7/82e8c6ebe6754a58882d9dd02e614ea1.png","ascent":8},{"type":"bitmap","chars":["仦"],"height":8,"file":"minecraft:font/13ba0bc7469b42faa9669ca9b292b996/7b2aa45ae83645048188b0db8fcc33b4.png","ascent":8},{"type":"bitmap","chars":["仧"],"height":8,"file":"minecraft:font/872714448c1541ce89524592ea469cb1/a12a8fed0f2f496096d336521a62762b.png","ascent":8},{"type":"bitmap","chars":["仨"],"height":8,"file":"minecraft:font/455aff0b9d82459cbdc581fb630cf262/fcdb5971c05141159fe1df6eebd06fe1.png","ascent":8},{"type":"bitmap","chars":["仩"],"height":8,"file":"minecraft:font/c46ea410968f4c44860ead565e16d74f/d5b4444cc7d5413387d896c8e4136fd7.png","ascent":8},{"type":"bitmap","chars":["仪"],"height":8,"file":"minecraft:font/f1e8212d461443e7ad3db71efce6aa85/0af749ff8b7f41fcb38c48d768e1a11a.png","ascent":8},{"type":"bitmap","chars":["仫"],"height":8,"file":"minecraft:font/9cfd29477dba4354a406e5bfc78803d4/674f396b69974bbc8fcbf60de63bbba1.png","ascent":8},{"type":"bitmap","chars":["们"],"height":8,"file":"minecraft:font/db5f650c7d4043bd95856419cabc6368/d701dc89aa0140fa8d99e8b92f0a274e.png","ascent":8},{"type":"bitmap","chars":["仭"],"height":8,"file":"minecraft:font/3641c7d72ce8404aba679a473ea0902a/bae9c5619abd44389938b81e17a45406.png","ascent":8},{"type":"bitmap","chars":["仮"],"height":8,"file":"minecraft:font/7084e1013c284498b52b024dba73659e/068bb5b2b85f4cedb5fd91cd76e66a97.png","ascent":8},{"type":"bitmap","chars":["仯"],"height":8,"file":"minecraft:font/4bc59fd7ac814b56884f2e1985906276/29b7ab2694974494a6a2d9233177a3d7.png","ascent":8},{"type":"bitmap","chars":["仰"],"height":8,"file":"minecraft:font/a62e068c13a54f54a90ec129fa6fd3a4/9435dda5b28f4badb46096c627482cf4.png","ascent":8},{"type":"bitmap","chars":["仱"],"height":8,"file":"minecraft:font/b41d6664492b437f9debb5a9e9f0e24d/0457197e77b242328dfee1f859a915a2.png","ascent":8},{"type":"bitmap","chars":["仲"],"height":8,"file":"minecraft:font/e1802ce6e85c4de08155628a44941318/17ed0ed305f044ddb06ab737ac07a4d9.png","ascent":8},{"type":"bitmap","chars":["临"],"height":8,"file":"minecraft:font/aff1e074bfbb40878619cfc0179e1017/38179cf8dd5f489b96f6206d3098133b.png","ascent":8},{"type":"bitmap","chars":["丵"],"height":8,"file":"minecraft:font/c6563fab982d473ba761eedb3a42cd05/d0a1d0326c9d4b638ed8b68830ba63a9.png","ascent":8},{"type":"bitmap","chars":["丶"],"height":8,"file":"minecraft:font/eb1a3857e568467f9bf1877bf4fe50a6/5071bd6c948840769c37cab0f2281ddb.png","ascent":8},{"type":"bitmap","chars":["丷"],"height":8,"file":"minecraft:font/6ad3841ad4b54128960f64db71d3739d/bffe715ee0e54e1c9b10fbcf04829021.png","ascent":8},{"type":"bitmap","chars":["丸"],"height":8,"file":"minecraft:font/97281656e6514f4185b97f0846ed2e11/bdf73daea2074731a5b67d7f857029ff.png","ascent":8},{"type":"bitmap","chars":["丹"],"height":8,"file":"minecraft:font/58c74ce200b34687b547458ae7d70416/7b2fe7dc13a140c9ad3c99396f90d020.png","ascent":8},{"type":"bitmap","chars":["为"],"height":8,"file":"minecraft:font/c4a868203ccd433a9e787167ecf1d15c/7897a3e86e62472aa567f41029b030e7.png","ascent":8},{"type":"bitmap","chars":["主"],"height":8,"file":"minecraft:font/1cebd1f6df834043a48f64d817b9438d/6323d3c0f9954458b2a1ebde48ba16b5.png","ascent":8},{"type":"bitmap","chars":["丼"],"height":8,"file":"minecraft:font/82d10accc4ce4af8b1a94e42519bfc49/0a28ca6b11c34257b33624d214ccd260.png","ascent":8},{"type":"bitmap","chars":["丽"],"height":8,"file":"minecraft:font/7a735ac8c29c4ea5a123088ec91af53a/b7460e64c18245269319e1501ddf44bf.png","ascent":8},{"type":"bitmap","chars":["举"],"height":8,"file":"minecraft:font/aad19ecc85f94b0f846fca1b06da49eb/dfec98acfa5f48d6b54bd070d7d5e439.png","ascent":8},{"type":"bitmap","chars":["丿"],"height":8,"file":"minecraft:font/c42a9f6f565c4bb8b9bd7946476d423a/e11b2e090b7c4d039f3777e1aa868c6f.png","ascent":8},{"type":"bitmap","chars":["乀"],"height":8,"file":"minecraft:font/980f767af18244ddb9940373ad26a9ad/fa4d8b7163cc4958b82e5c58cd0d3ce1.png","ascent":8},{"type":"bitmap","chars":["乁"],"height":8,"file":"minecraft:font/1b23e855fd3c4eeda73a10abb4051a10/ca37225f7e4b4d3eb3b8f00d353e2ffa.png","ascent":8},{"type":"bitmap","chars":["乂"],"height":8,"file":"minecraft:font/3693c758e64e4d39b717c28cba4676e0/8f0b94b5fc9e4b979843272b21d67468.png","ascent":8},{"type":"bitmap","chars":["乃"],"height":8,"file":"minecraft:font/c1f64a16c1c34d63825f10bbb6f01c54/cd04f594661844ad8355f5cf6a9a3ef4.png","ascent":8},{"type":"bitmap","chars":["乄"],"height":8,"file":"minecraft:font/3d0d61c78fee4443804ea50f0499053d/00963608b19149e4a902a572353a992f.png","ascent":8},{"type":"bitmap","chars":["久"],"height":8,"file":"minecraft:font/d6710a7367dc483391ce378ffaec3bf0/139fec3526b345a0bd84cc9c7e334819.png","ascent":8},{"type":"bitmap","chars":["乆"],"height":8,"file":"minecraft:font/be86f528eb1042629158d5993410684f/352b1e05cd0c434b8252c48c60f2e93e.png","ascent":8},{"type":"bitmap","chars":["乇"],"height":8,"file":"minecraft:font/1eb67046ed0f44a4a48f28c2e0d0eb35/404a04bc26b04abcaab1327dc093e214.png","ascent":8},{"type":"bitmap","chars":["么"],"height":8,"file":"minecraft:font/ba827740a9104caebb74d7be33ca837c/c0025ee691ca4b0e9a4526a008f98ff5.png","ascent":8},{"type":"bitmap","chars":["义"],"height":8,"file":"minecraft:font/8dead3697f9b48fe8fa660430e6380fb/2f5f5dd3542a40069c5ac0ee423fc6ef.png","ascent":8},{"type":"bitmap","chars":["乊"],"height":8,"file":"minecraft:font/6dfc20ae325a416a99e7e79d69a5c217/662e59e1e68b495da79ec721422a621d.png","ascent":8},{"type":"bitmap","chars":["之"],"height":8,"file":"minecraft:font/80492f53f53f4d1ca6baf88b4ff30ce9/04fb7f56dbab4c49a3abe15cb2d0635a.png","ascent":8},{"type":"bitmap","chars":["乌"],"height":8,"file":"minecraft:font/5c85b6d887ff4d4d84de86bd856c9373/e05f0991c05a4a258c27ecac9c440f99.png","ascent":8},{"type":"bitmap","chars":["乍"],"height":8,"file":"minecraft:font/35c976fcb5b146afb4d5ce947a768d00/236c59a89c494fb58ec870ae958c0917.png","ascent":8},{"type":"bitmap","chars":["乎"],"height":8,"file":"minecraft:font/82eb8605ce544ea7ace92d8536884c1b/f44f0dc016fc4571b1e67b91591a4103.png","ascent":8},{"type":"bitmap","chars":["乏"],"height":8,"file":"minecraft:font/b2cc2ea717e54d3994fdaa542e5ffe6d/cefa2a75165b4d7eb0c5d8e7351bf78a.png","ascent":8},{"type":"bitmap","chars":["乐"],"height":8,"file":"minecraft:font/c295510248fa40c897829ddeffb53ecc/212c4e664d424c91b9050a2f87f85bf7.png","ascent":8},{"type":"bitmap","chars":["乑"],"height":8,"file":"minecraft:font/22be2235ee4d4570bcc4a29f7eaec13a/8bb4b573532c4ac79d78973432774d92.png","ascent":8},{"type":"bitmap","chars":["乒"],"height":8,"file":"minecraft:font/c974c54518984594838f7d83290b322f/eed3d635f4be4f37b40f3eb221dd0e03.png","ascent":8},{"type":"bitmap","chars":["乓"],"height":8,"file":"minecraft:font/f969b6faddc343ecb133fa9663886dec/9b56df84107a4e8fa8c6687fe55f6b5f.png","ascent":8},{"type":"bitmap","chars":["乔"],"height":8,"file":"minecraft:font/a57f2067ab4046ea86ba0af0c80da9de/5eb12fbc85ae4c899c46c23a26042b1f.png","ascent":8},{"type":"bitmap","chars":["乕"],"height":8,"file":"minecraft:font/3dfc31c2fa7544c5a3e91ef1e19e8ecc/59c708d29fca4a12a5605549487d96bb.png","ascent":8},{"type":"bitmap","chars":["乖"],"height":8,"file":"minecraft:font/aa1a509529e147dd86d4d1105ed887d5/bf65094cc1e94ee38e8f37508192ab22.png","ascent":8},{"type":"bitmap","chars":["乗"],"height":8,"file":"minecraft:font/04ca06e1df6046919c6e7eaba94e79fa/47a28300132141abb3c026fdb28ec08f.png","ascent":8},{"type":"bitmap","chars":["乘"],"height":8,"file":"minecraft:font/8c2e8579235441f7a618b06bac52b227/a289af1dae9c4a97aeb02757c0ee121f.png","ascent":8},{"type":"bitmap","chars":["乙"],"height":8,"file":"minecraft:font/f0401b1cd00a4489ad12eb5065d8981a/0baee8fc46494ac483d2b441051bf86c.png","ascent":8},{"type":"bitmap","chars":["乚"],"height":8,"file":"minecraft:font/d6b44307c8234754a459ab2774854c89/f74d10f7bf2d4d7bbcddfae97d54a148.png","ascent":8},{"type":"bitmap","chars":["乛"],"height":8,"file":"minecraft:font/a2ece5a99c3840028f63a7df130390ea/0d95f09159254625a65360ae94fe268e.png","ascent":8},{"type":"bitmap","chars":["乜"],"height":8,"file":"minecraft:font/503ac442850b4f26bd5d9d33a6330239/a90b98abe1414ce6ae754d3ba3a60887.png","ascent":8},{"type":"bitmap","chars":["九"],"height":8,"file":"minecraft:font/eb101c9784f3445f97754f77b5d781b8/9af938b4c76548949462c83238d2973f.png","ascent":8},{"type":"bitmap","chars":["乞"],"height":8,"file":"minecraft:font/6dfa4f697f0444bf97d8610a6828e3d4/d45ba50fdd524c3aa6fdecff46a59412.png","ascent":8},{"type":"bitmap","chars":["也"],"height":8,"file":"minecraft:font/491664fc137f4a96a469610ca17fb3e1/8e5585ac1108430f92dd9959bd7d84d8.png","ascent":8},{"type":"bitmap","chars":["习"],"height":8,"file":"minecraft:font/4a8c3fe9b15144aba8087f124d0832ac/2a945003dab04985b4c3bf2044b2e399.png","ascent":8},{"type":"bitmap","chars":["乡"],"height":8,"file":"minecraft:font/589d498390d541ae99d88123c5a99550/103811198db84f1485fe6a72315707f9.png","ascent":8},{"type":"bitmap","chars":["乢"],"height":8,"file":"minecraft:font/01917e215bad42df9a02043794a61721/13cd3fa9f86f4dad86a218fbf3bea459.png","ascent":8},{"type":"bitmap","chars":["乣"],"height":8,"file":"minecraft:font/156768e1be9242049e1ef39ca9568a30/d40ce646324c4e4f9ea908f631283c58.png","ascent":8},{"type":"bitmap","chars":["乤"],"height":8,"file":"minecraft:font/9f5ead84a561415d876601c3b67528f1/90116b67c6f6487e90df953328e3b919.png","ascent":8},{"type":"bitmap","chars":["乥"],"height":8,"file":"minecraft:font/27a40906e8cd417eb58516a45f839314/947f3d3509b74c06b379ff8ba4e5089f.png","ascent":8},{"type":"bitmap","chars":["书"],"height":8,"file":"minecraft:font/0d31ed9e6ee5411faf5d395e75515828/8fd076a3a998444da0bb706ce6d4e3ec.png","ascent":8},{"type":"bitmap","chars":["乧"],"height":8,"file":"minecraft:font/3ef5ef4f5dcc4c3eb86ce97225a02794/17088cc310bb48ecb1290242a7373537.png","ascent":8},{"type":"bitmap","chars":["乨"],"height":8,"file":"minecraft:font/6de643fd69fa49919950d64d36b0529a/d165dd71b7be409f9c0bc8de406ae2ec.png","ascent":8},{"type":"bitmap","chars":["乩"],"height":8,"file":"minecraft:font/ed57a9d70ba545aaa687531c2a88e65f/c6804ece97f74446b9c9b3aec18a6f59.png","ascent":8},{"type":"bitmap","chars":["乪"],"height":8,"file":"minecraft:font/8e88d1e8e34c4ae89c5827a40314fa1b/286563ac11a34e12b14d68383f2ff0ea.png","ascent":8},{"type":"bitmap","chars":["乫"],"height":8,"file":"minecraft:font/de5383d9cf5340a6a762877a1eff3349/77533eebdeab442ebc2c8b383cb2cd54.png","ascent":8},{"type":"bitmap","chars":["乬"],"height":8,"file":"minecraft:font/d84cd6846de143c2842d15ef23197611/53c989e3a6ce4897a6f3f922cb27b003.png","ascent":8},{"type":"bitmap","chars":["乭"],"height":8,"file":"minecraft:font/f301c1dacc014c148a39d448c72fd8ab/96d90c7202514acf992e78fb4940519f.png","ascent":8},{"type":"bitmap","chars":["乮"],"height":8,"file":"minecraft:font/3c0371328fba4adab67924fcdd72bb68/005c8e4a5a50488597f6597435275c18.png","ascent":8},{"type":"bitmap","chars":["乯"],"height":8,"file":"minecraft:font/1e89d6e7474d448d8317386d9312db35/64fbbe6f849842cf98bae04811e0946b.png","ascent":8},{"type":"bitmap","chars":["买"],"height":8,"file":"minecraft:font/81d646c6b4694d2cb01a8e6ccbe8b15f/155afac8c41a4fe18e5759262ad98a4c.png","ascent":8},{"type":"bitmap","chars":["乱"],"height":8,"file":"minecraft:font/68a27267093849169a6c0d74dc348924/5dc71c3c9218451a8bc6c6791a034af1.png","ascent":8},{"type":"bitmap","chars":["乲"],"height":8,"file":"minecraft:font/c3c54ce8ec4346f58eb3a3c5b34b2249/a62e3e1cde774462818c23a2df1a0692.png","ascent":8},{"type":"bitmap","chars":["乳"],"height":8,"file":"minecraft:font/bd0d18571c85418891a2a334e3126206/9f36738745fa4f5483eae7c7b74bea07.png","ascent":8},{"type":"bitmap","chars":["乴"],"height":8,"file":"minecraft:font/f91bc0cd743342c4948e24637f094d4b/fad2bdc31a5e494f83e1dfb79b1a9a07.png","ascent":8},{"type":"bitmap","chars":["乵"],"height":8,"file":"minecraft:font/c88934ad40c749dc877e6719ac572e41/a29f2761149d4c9687c1a0686df7669f.png","ascent":8},{"type":"bitmap","chars":["乶"],"height":8,"file":"minecraft:font/450d1448c3724ebda3baa615d273cd8c/6f5127c46bd04a168e90a15b542921fb.png","ascent":8},{"type":"bitmap","chars":["乷"],"height":8,"file":"minecraft:font/12582373075c49e688bc9901b02d9081/bccd439e47294dcc8b3f186ce28ef3f6.png","ascent":8},{"type":"bitmap","chars":["乸"],"height":8,"file":"minecraft:font/bccbab545500490d8dac77853590916b/b55f1b3f1bb6473098f901b683360576.png","ascent":8},{"type":"bitmap","chars":["乹"],"height":8,"file":"minecraft:font/22d93aab626c4b989aa633cb8f8d9018/378946ee85964c6481562f1fb4074f82.png","ascent":8},{"type":"bitmap","chars":["乺"],"height":8,"file":"minecraft:font/b44212fcff8143d5909bf87a7c09fe09/bb4b10753d2a4dc1bcc2aae6d4d654e0.png","ascent":8},{"type":"bitmap","chars":["乻"],"height":8,"file":"minecraft:font/8d05a93751e44a85abb8b14c94734f23/9ae517683823441e924210e7e56360fd.png","ascent":8},{"type":"bitmap","chars":["乼"],"height":8,"file":"minecraft:font/665c57c425da4b6c9b52a34b1b3e6cd2/472f9ea70c9343b4a83554a68020c838.png","ascent":8},{"type":"bitmap","chars":["乽"],"height":8,"file":"minecraft:font/047483224924427c9f08be5f183ee0d5/db5b0f97fe184fb5814d2b98f40802b4.png","ascent":8},{"type":"bitmap","chars":["乾"],"height":8,"file":"minecraft:font/9f7c8c40bb0148ee89dd8862e3473e61/c4892f71d29d49319ad5de5db61aeadc.png","ascent":8},{"type":"bitmap","chars":["乿"],"height":8,"file":"minecraft:font/a2ac96516ec04158b31f8bb89469bf8f/109392f829874fcdadc54795d3068fcf.png","ascent":8},{"type":"bitmap","chars":["亀"],"height":8,"file":"minecraft:font/223213673d1c46e481c68fcbfa59c953/d862ffec6c394cdea86ca9a65502faee.png","ascent":8},{"type":"bitmap","chars":["亁"],"height":8,"file":"minecraft:font/1a7d400481f54c89b8c20849d2252bb6/49b3119bf5f047de802d5ec30df3b4ec.png","ascent":8},{"type":"bitmap","chars":["亂"],"height":8,"file":"minecraft:font/26a7d5a72ff64f6ca0bb6137b4fa188c/a736c589ee79480ea32b100970ed84f7.png","ascent":8},{"type":"bitmap","chars":["亃"],"height":8,"file":"minecraft:font/6bbabf1b41e4428bb22c79d14dad003c/8d453e84695c439c9a0bc1c92fb15631.png","ascent":8},{"type":"bitmap","chars":["亄"],"height":8,"file":"minecraft:font/60cb3ad6d4da4c72844effd49adbc1eb/3397e663713e4a38a4764cdbf2c4d6c5.png","ascent":8},{"type":"bitmap","chars":["亅"],"height":8,"file":"minecraft:font/a436d0bc506b4ef7ad89a488dbb01df5/ff339318f43540048ee2f6ccd2b383f8.png","ascent":8},{"type":"bitmap","chars":["了"],"height":8,"file":"minecraft:font/a7a4996158e947d6b4d8d8537c115840/eb8ea00da0f84831868d34f0bbf07faa.png","ascent":8},{"type":"bitmap","chars":["亇"],"height":8,"file":"minecraft:font/b1c5578ae92646c99cd9526a8ec6ecf8/0dec558217754be28c231a178170f5ee.png","ascent":8},{"type":"bitmap","chars":["予"],"height":8,"file":"minecraft:font/f8c14151873c4b8a88b17fdf5b240edd/0cb0220ac8a649e198a10eec595d9930.png","ascent":8},{"type":"bitmap","chars":["争"],"height":8,"file":"minecraft:font/5e01059108aa4e60b5e0f8feafd19ac9/7b3c0616e27f429d83c7807534f13913.png","ascent":8},{"type":"bitmap","chars":["亊"],"height":8,"file":"minecraft:font/09b5ae9df5c2492ca69ee72d9d85891e/f728a37a6bb447de949fc0eb3cca11eb.png","ascent":8},{"type":"bitmap","chars":["事"],"height":8,"file":"minecraft:font/e7b5a2ad4fac4e2cba0777f882476050/ca29b514f8424c7a82ee2aa3b79ddf80.png","ascent":8},{"type":"bitmap","chars":["二"],"height":8,"file":"minecraft:font/6ea1033a5daa412aa2c2c2cd2e727c00/648c239f50c542e19021148071f88b02.png","ascent":8},{"type":"bitmap","chars":["亍"],"height":8,"file":"minecraft:font/c9e4b143a5074686a93a2ceadc438983/81bc0b9e030543ccbedd3e492ba964bf.png","ascent":8},{"type":"bitmap","chars":["于"],"height":8,"file":"minecraft:font/5dce335c6526413ea62fe27991a1793d/183f2c6d481540008da92ade5e30cd65.png","ascent":8},{"type":"bitmap","chars":["亏"],"height":8,"file":"minecraft:font/562e829db069426d933c3149e84a0bdb/7ef19ef74f124c9a965e096f3c0c0bb8.png","ascent":8},{"type":"bitmap","chars":["亐"],"height":8,"file":"minecraft:font/f415db763dbe4f29ac034bb30460f9dc/76c5e8c5741d4e3a9fdcff236fb4e5ce.png","ascent":8},{"type":"bitmap","chars":["云"],"height":8,"file":"minecraft:font/bb60acd412954416a6e11d9e7f8c6740/5c17326de31146b79c188741abb4d632.png","ascent":8},{"type":"bitmap","chars":["互"],"height":8,"file":"minecraft:font/574cbc7d89b444aca407fa20e70cef3d/c1bbcc806e2c4bada105262d8c8cc29d.png","ascent":8},{"type":"bitmap","chars":["亓"],"height":8,"file":"minecraft:font/eb9ba036bbf64663b4ed3ef4e1b4d2fb/092393d7525f441481f0bd21451383e2.png","ascent":8},{"type":"bitmap","chars":["五"],"height":8,"file":"minecraft:font/e41c9ec37c074c60addd2e1b1b34d4eb/ad09488d9b434cbc8eeb640755184b61.png","ascent":8},{"type":"bitmap","chars":["井"],"height":8,"file":"minecraft:font/2968438d1f2c4959a85c83f86e463700/89b3f20ae83144a9a273478c75fc5c67.png","ascent":8},{"type":"bitmap","chars":["亖"],"height":8,"file":"minecraft:font/003e0404b9794b119d125b9128346768/c608cf913e6f4d608bc66e06f722f5b8.png","ascent":8},{"type":"bitmap","chars":["亗"],"height":8,"file":"minecraft:font/b08a859cf0844804be9e63d71c09991c/c2a84202f650457ea4baf83bd4657628.png","ascent":8},{"type":"bitmap","chars":["亘"],"height":8,"file":"minecraft:font/4b0edb9f695d4ed996a39f1416247020/d372c2096c2a4d68b8b62b60fb93bd2f.png","ascent":8},{"type":"bitmap","chars":["亙"],"height":8,"file":"minecraft:font/c3d5c2912d1146278eea8ec5e3cfefe8/712682ba8ca24a809768e3917576d372.png","ascent":8},{"type":"bitmap","chars":["亚"],"height":8,"file":"minecraft:font/97e0d3641f5d43e4900163a1c378c30c/6dcce93851f145ab9bf193d6e01ff343.png","ascent":8},{"type":"bitmap","chars":["些"],"height":8,"file":"minecraft:font/64762d4fe30d49dd91bfa5e93521539d/7e86ecb5934043c4a7c0611774027ae7.png","ascent":8},{"type":"bitmap","chars":["亜"],"height":8,"file":"minecraft:font/ba080f45ac7f4702b324fda95f026d8c/a615c5b75e46424da1e467b95875d960.png","ascent":8},{"type":"bitmap","chars":["亝"],"height":8,"file":"minecraft:font/8f3ac4c44d4b4d518a31cf9aec044f0f/ff0f0615381d4e4cbee32dbd9916e0a0.png","ascent":8},{"type":"bitmap","chars":["亞"],"height":8,"file":"minecraft:font/a1df10dc419c4043b6b7d695101da5a3/744af97e2bf84d60ada7fca43abb5ea3.png","ascent":8},{"type":"bitmap","chars":["亟"],"height":8,"file":"minecraft:font/802f881cbfc64df7b5366b50728d7618/6423e3c7b4344b4b8fa0517a36a59041.png","ascent":8},{"type":"bitmap","chars":["亠"],"height":8,"file":"minecraft:font/79fa169868e749928f9c82b3e2090f97/f3619099b3ae4d31a11acbdf843dc16f.png","ascent":8},{"type":"bitmap","chars":["亡"],"height":8,"file":"minecraft:font/69d88c39b70e4633b3854d357243843d/15c940f339ab4bfa97872311dbb7af4f.png","ascent":8},{"type":"bitmap","chars":["亢"],"height":8,"file":"minecraft:font/ea1a03a0f8f1424798567594d78ccb9b/1433ab5ec44c461884ca49bc23074b95.png","ascent":8},{"type":"bitmap","chars":["亣"],"height":8,"file":"minecraft:font/46c12f9bc9b04e3bb2c37a26e0c2fab6/f2b81c419b45452381e116e8530c88af.png","ascent":8},{"type":"bitmap","chars":["交"],"height":8,"file":"minecraft:font/d39bc1445acd4cab9b520e14ffc17b65/ab40303fae3b401aa478a6acf49d2f62.png","ascent":8},{"type":"bitmap","chars":["亥"],"height":8,"file":"minecraft:font/5d6b03bcb64e490894e65227c205a752/36242ebca28a41469344ed05a550af89.png","ascent":8},{"type":"bitmap","chars":["亦"],"height":8,"file":"minecraft:font/81703bc598194ad8bba4abb8195b8fa2/a8c6d5fafd5846089fa011e688c5f1ae.png","ascent":8},{"type":"bitmap","chars":["产"],"height":8,"file":"minecraft:font/15f932cebed040bfafebcd0c8d8bf766/b45da02297a64f27af2dfccaab494c9c.png","ascent":8},{"type":"bitmap","chars":["亨"],"height":8,"file":"minecraft:font/a1d14c854caa4f87983e0ad6c704caab/a43c25a33be743c6bfe88dfb852c1588.png","ascent":8},{"type":"bitmap","chars":["亩"],"height":8,"file":"minecraft:font/27b4a992b3a5491c8e6da5e944e20e04/513b317c0a964987aa3e50c04c8ff1b7.png","ascent":8},{"type":"bitmap","chars":["亪"],"height":8,"file":"minecraft:font/f6b903bbfc3b4097b66e2b7b11143741/4ec936f4402741ed834aa50f1a90f7a0.png","ascent":8},{"type":"bitmap","chars":["享"],"height":8,"file":"minecraft:font/391aebce0c3f470f913bc7727e524e68/6e8db476703c469d89542c4c5a7a17f8.png","ascent":8},{"type":"bitmap","chars":["京"],"height":8,"file":"minecraft:font/dc9af353e6824337ac0765bca5ca38fe/c99bd942983741cd8db0f721017739cd.png","ascent":8},{"type":"bitmap","chars":["亭"],"height":8,"file":"minecraft:font/7f2892edebef40ccb0703dccb8ba8b51/c1f30604c047485b812ef9ecbd944d94.png","ascent":8},{"type":"bitmap","chars":["亮"],"height":8,"file":"minecraft:font/11f3abdc9f004567ba50be169a3139a6/091ef27d789d46358bef991865e86f46.png","ascent":8},{"type":"bitmap","chars":["亯"],"height":8,"file":"minecraft:font/a95fc0668aa44ed28b403109a0263c4b/fb4c357000d644218bcde554b0a79f8f.png","ascent":8},{"type":"bitmap","chars":["亰"],"height":8,"file":"minecraft:font/c3caf89a6e9349b3baaa51aac74c39ce/7faecfbc928c48a2ba05071d6fcdf61a.png","ascent":8},{"type":"bitmap","chars":["亱"],"height":8,"file":"minecraft:font/7d7a770c404c412284d500631b125992/71daa58e943b4cb9b57597d4cfed660e.png","ascent":8},{"type":"bitmap","chars":["亲"],"height":8,"file":"minecraft:font/02ea96b437c74c76a3cbddb1e76b8288/fe98019cfa5c4ef983a69549bc88137c.png","ascent":8},{"type":"bitmap","chars":["亳"],"height":8,"file":"minecraft:font/f1a64dbc285f4a55af10d771e9f96ab5/480dfc8385d3419e93c66a8a4123aeb9.png","ascent":8},{"type":"bitmap","chars":["亴"],"height":8,"file":"minecraft:font/8626f4f2c74742ae9f50c3371117c9d8/cac8f3a8d49443999e883fcfdcd18b04.png","ascent":8},{"type":"bitmap","chars":["亵"],"height":8,"file":"minecraft:font/1fbfde1ee9054ab4b8a1d614b1b43aab/90a91b93bfc746b79cd4fa070edd1ca9.png","ascent":8},{"type":"bitmap","chars":["亶"],"height":8,"file":"minecraft:font/7b3a692ba5324b09b09b6d87e934837f/660deb3d1ca44cf2a90ed6b5a2afa48e.png","ascent":8},{"type":"bitmap","chars":["亷"],"height":8,"file":"minecraft:font/1f5c14f0115f40df88fd9e7798e82fdf/b9a05a045f9f4cdda391bee7dceb38b9.png","ascent":8},{"type":"bitmap","chars":["亸"],"height":8,"file":"minecraft:font/026456864f5241cd8ce6d00e247c9da5/77f71fced1c94e8fbd3d28ead6230824.png","ascent":8},{"type":"bitmap","chars":["亹"],"height":8,"file":"minecraft:font/e3e29a71da73496189f9ff021c191a5f/009a1225a9704c158fc68b4a4322beef.png","ascent":8},{"type":"bitmap","chars":["人"],"height":8,"file":"minecraft:font/ddc1c945c9334649839007e0471e0601/9e8e7724adee49cfaeddfdc942048482.png","ascent":8},{"type":"bitmap","chars":["亻"],"height":8,"file":"minecraft:font/266b080a4338468d8f1558614d941946/d3b84fc3bbd54dd4864ece9f5a642fea.png","ascent":8},{"type":"bitmap","chars":["亼"],"height":8,"file":"minecraft:font/2a840ed35d4847789c035da790019d88/6afc2e89f135425988976a132105633a.png","ascent":8},{"type":"bitmap","chars":["亽"],"height":8,"file":"minecraft:font/6c5f3cff4bf44bcb81773e4cee184efe/a02b5f7d11da4becb6f95540bd4b322b.png","ascent":8},{"type":"bitmap","chars":["亾"],"height":8,"file":"minecraft:font/5a96ce537c1942faa84771c8ac0ddfd1/08dd49462be649b3b7c9660d11424d76.png","ascent":8},{"type":"bitmap","chars":["亿"],"height":8,"file":"minecraft:font/9c9f6331d78b4fa0999fe270f4475b3c/d538506739e444349c71c21211053dc4.png","ascent":8},{"type":"bitmap","chars":["什"],"height":8,"file":"minecraft:font/a1146688ccb84c11a90e13fe23fa2d6d/5a1f5e6f1d284617a5ff7a699a3f9c45.png","ascent":8},{"type":"bitmap","chars":["仁"],"height":8,"file":"minecraft:font/998d69410a0245829daa620f12054141/9b350f9944a14d818ff87ea61079a9f7.png","ascent":8},{"type":"bitmap","chars":["仂"],"height":8,"file":"minecraft:font/6883240fdb884a31aa3c6d5a9ca49cc7/c9d74a9f11e3433f819ac82a96c93ab0.png","ascent":8},{"type":"bitmap","chars":["仃"],"height":8,"file":"minecraft:font/82abd012c12644ec8dbe80f51745c2eb/b393ca55822a4246a332d023fa99036e.png","ascent":8},{"type":"bitmap","chars":["仄"],"height":8,"file":"minecraft:font/d2056cf022e042c099b16d4aab3d477e/4fce102f82db4104af27e0e3b128e0fb.png","ascent":8},{"type":"bitmap","chars":["仅"],"height":8,"file":"minecraft:font/b64eb7a5cdac49438a9b9fe9e2698886/26437cd23bc242d2a1f0732829afc7cb.png","ascent":8},{"type":"bitmap","chars":["仆"],"height":8,"file":"minecraft:font/728dcf2198be4779b8598898588fbd0d/cbe51930fde74674b36c106e85318427.png","ascent":8},{"type":"bitmap","chars":["仇"],"height":8,"file":"minecraft:font/e23358c16b6644a990bfefaf4ceca960/5dfb0add023b4988898f7bbd581afcad.png","ascent":8},{"type":"bitmap","chars":["仈"],"height":8,"file":"minecraft:font/a98fe1a0f5d04c20a18db5805182a1c8/bbf5e1a7a3954ca4a05cf7c106db7876.png","ascent":8},{"type":"bitmap","chars":["仉"],"height":8,"file":"minecraft:font/d1bdb9c2c4564a3c9ac48ce2c6b40f34/0b39a71786054c289cef0cccf6463352.png","ascent":8},{"type":"bitmap","chars":["今"],"height":8,"file":"minecraft:font/ed6b8091667e4b0f99cc414698278de6/4620f17031644f9184f6984bce82f631.png","ascent":8},{"type":"bitmap","chars":["介"],"height":8,"file":"minecraft:font/937c5fc8494743b2b9fdcac391d83252/51ab20f2e0c14edda7f9b814e55b9268.png","ascent":8},{"type":"bitmap","chars":["仌"],"height":8,"file":"minecraft:font/32a5fec7eed34fb5ad322ed6791d44f3/bd1f945e9e9141a5b7cd31d9a57a83b7.png","ascent":8},{"type":"bitmap","chars":["仍"],"height":8,"file":"minecraft:font/f03bbc85324c4b34aaaf9fc47de309cb/e202116c7d7a4872be778340dbb29179.png","ascent":8},{"type":"bitmap","chars":["从"],"height":8,"file":"minecraft:font/8a6599832e2948eea3727c2c41edb9f2/2d3c41e46fad44a1a38ce1bc38c9c2f2.png","ascent":8},{"type":"bitmap","chars":["仏"],"height":8,"file":"minecraft:font/a3245f47b62042f98026af8d7bc6c8d1/a6b6cb8b3a014a2c8fac127be950b9df.png","ascent":8},{"type":"bitmap","chars":["仐"],"height":8,"file":"minecraft:font/2231aaad0feb436ab99e34bf23bc5534/6225c7cfed8b4bdd9bceb6e3f5986489.png","ascent":8},{"type":"bitmap","chars":["仑"],"height":8,"file":"minecraft:font/2f9a0ba2c6134f45830d6cc197483ee4/b209b7be198847d5b91fa801fd466c2d.png","ascent":8},{"type":"bitmap","chars":["仒"],"height":8,"file":"minecraft:font/004bb4c048b74794a07c9def6a7c8fe6/5b42276b1ce248e1a9e9f5492e262193.png","ascent":8},{"type":"bitmap","chars":["仓"],"height":8,"file":"minecraft:font/775fff921b8e48b4968ab3bcf474fff6/56b0e9ce6db34bbe9a6db1fb05874075.png","ascent":8},{"type":"bitmap","chars":["仔"],"height":8,"file":"minecraft:font/d375d68f5b904a4dbf227581cba6d2b0/1aca81ac3cd34be9909b537b3ad7b688.png","ascent":8},{"type":"bitmap","chars":["仕"],"height":8,"file":"minecraft:font/c54edec489e64ecf8d0c2f0a74ceb9d7/29c78d2f6c7f4db0803bf0d74c26cc4e.png","ascent":8},{"type":"bitmap","chars":["他"],"height":8,"file":"minecraft:font/8603be6ee1934d129ac1d000914c9964/32c3e42cb0b44254996a676f155bbfdb.png","ascent":8},{"type":"bitmap","chars":["仗"],"height":8,"file":"minecraft:font/20b069ea5d4e47e586a6f7f89f1c248e/c37c6ef23bc6491d89179898d5e78f79.png","ascent":8},{"type":"bitmap","chars":["付"],"height":8,"file":"minecraft:font/05db2adc74664d42b132dcc744c6077a/ed9cd5b93e9549afb16b24bf5b2af469.png","ascent":8},{"type":"bitmap","chars":["仙"],"height":8,"file":"minecraft:font/ba168a5aeffe4bd497261423db67c2b0/9bce61425cac4dceab7ee270a840235f.png","ascent":8},{"type":"bitmap","chars":["仚"],"height":8,"file":"minecraft:font/52c980bac5054bd1a343c949f0f64d3e/0c33610b6a5c4d239e3a42292e71128a.png","ascent":8},{"type":"bitmap","chars":["仛"],"height":8,"file":"minecraft:font/886673d3022f49db8e3fe3243e9deac5/dee42a43498a469e8cf8185ad2ea6219.png","ascent":8},{"type":"bitmap","chars":["仜"],"height":8,"file":"minecraft:font/eaef4c92822843da8e82b221b0e82207/601463f47f78490e8a72dc2217d608a8.png","ascent":8},{"type":"bitmap","chars":["仝"],"height":8,"file":"minecraft:font/146126eca3cc42968ab04c9c51520e15/06a4fcff6fc54832bade9867a6a43a94.png","ascent":8},{"type":"bitmap","chars":["仞"],"height":8,"file":"minecraft:font/d22386ff4b264ab397b3bb0c5bc947dc/8e025d35495340c887decbe615e71214.png","ascent":8},{"type":"bitmap","chars":["仟"],"height":8,"file":"minecraft:font/ba5c7e48ff6f4d8a83aebab84da83512/d715459a284946508ef71f3b1c5be190.png","ascent":8},{"type":"bitmap","chars":["仠"],"height":8,"file":"minecraft:font/ec01a566d9274df5982006838caeeaa5/bc06e62b823044d79118305d022cc155.png","ascent":8},{"type":"bitmap","chars":["仡"],"height":8,"file":"minecraft:font/22eec462864345869a65d862c4334a8b/d54f4b3df39e43ffb407d8175eacd542.png","ascent":8},{"type":"bitmap","chars":["仢"],"height":8,"file":"minecraft:font/a78d2d42121c4f97b3d3c6027a0b9e05/2cc8c30baee0424ca3f2b44bf0d89f35.png","ascent":8},{"type":"bitmap","chars":["代"],"height":8,"file":"minecraft:font/79842df20df9492c973675b2fe52c57f/64244bc14df84f7ca2455ebd2f8d7210.png","ascent":8},{"type":"bitmap","chars":["令"],"height":8,"file":"minecraft:font/0dae1c6bfab34defb416b81e8dc1edb3/f02baac6d2314fe5b0ae0590ec949ab3.png","ascent":8},{"type":"bitmap","chars":["以"],"height":8,"file":"minecraft:font/05dc6372057c4638b5a5940a7b71cb2a/c60701aec05041d7b82ecf0f321b1aeb.png","ascent":8},{"type":"bitmap","chars":["仦"],"height":8,"file":"minecraft:font/a38c2f3256cc42cd93a599a9633546eb/205518c37b5844d99449f3bc0b195dd8.png","ascent":8},{"type":"bitmap","chars":["仧"],"height":8,"file":"minecraft:font/856e029841ad4ed4bca043089c098525/710428c17c944ddb982b8e25f154fdd2.png","ascent":8},{"type":"bitmap","chars":["仨"],"height":8,"file":"minecraft:font/938559eb87214c25bb395d25463eb622/f217e9e2a667496ba472bb5af0c48a6d.png","ascent":8},{"type":"bitmap","chars":["仩"],"height":8,"file":"minecraft:font/a4f78e57c5dd4699a702e5cc7956e57c/01c4581b7dc740e8abaf584115989f4f.png","ascent":8},{"type":"bitmap","chars":["仪"],"height":8,"file":"minecraft:font/ebeb7c6fd3094ff682e29b344d274600/c7551bfc424546de8c3605053d52656d.png","ascent":8},{"type":"bitmap","chars":["仫"],"height":8,"file":"minecraft:font/982e05f8ef244d439007de144bdfc7c2/b3b682c12e7f49e697dc54690141cb08.png","ascent":8},{"type":"bitmap","chars":["们"],"height":8,"file":"minecraft:font/bf5caaa09a2d49b6a1cae00279907ba1/21c5b74802de4d8d8e4f5bf5052952fc.png","ascent":8},{"type":"bitmap","chars":["仭"],"height":8,"file":"minecraft:font/8abf9b7ff26d46d2bafc81d83760b8af/ea33cccb0e6c4ecd84a00624d82b914d.png","ascent":8},{"type":"bitmap","chars":["仮"],"height":8,"file":"minecraft:font/c6c6cdfd89904b7ba543c195e5725325/d61fdb5b70b34f00a0322c918a589d82.png","ascent":8},{"type":"bitmap","chars":["仯"],"height":8,"file":"minecraft:font/787757ad829e49a5b4e0607b5f896a73/46409f9d58a64ac69825d2ccd684ce16.png","ascent":8},{"type":"bitmap","chars":["仰"],"height":8,"file":"minecraft:font/b2c54f44656543a19f8366a9c08cfbce/10144843faa84b2bb6189ee3ba0839f8.png","ascent":8},{"type":"bitmap","chars":["仱"],"height":8,"file":"minecraft:font/ec67ceb53e7d4dddaa6684d1d1373859/0f52e40d024b45b1b27e1799526c5896.png","ascent":8},{"type":"bitmap","chars":["仲"],"height":8,"file":"minecraft:font/2a12acf787654b1a8aea8363b99b5293/148d0e9fe95e4a08a14fee548695ace2.png","ascent":8},{"type":"bitmap","chars":["垗"],"height":8,"file":"minecraft:font/832a09948caa4f789ce2682fad10e7f8/77eb984691de41feb2a1746fee7c355b.png","ascent":8},{"type":"bitmap","chars":["仳"],"height":8,"file":"minecraft:font/173546b3b1c44eaab7a064bf341ee1d9/0853dc03ac234f85a68cd8af2d39037e.png","ascent":8},{"type":"bitmap","chars":["仴"],"height":8,"file":"minecraft:font/ffa14a2ef5824fb88f8cfe36d50633b4/129cc1578ced46f2aaf830eecd534586.png","ascent":8},{"type":"bitmap","chars":["仵"],"height":8,"file":"minecraft:font/1eb3b5887d4343daac9440773de8f9b7/a0c7d30317004b779c5ef30256ccbc8c.png","ascent":8},{"type":"bitmap","chars":["件"],"height":8,"file":"minecraft:font/ece7ff2b2d4f4105989a3bf7977e255a/be91e8b0c39f4f8d960ddba17b58b6a1.png","ascent":8},{"type":"bitmap","chars":["价"],"height":8,"file":"minecraft:font/94a291f4c8c743bcaba3b9604146fbb8/e94e9c595743412399c6e00982935b4e.png","ascent":8},{"type":"bitmap","chars":["仸"],"height":8,"file":"minecraft:font/65e5cb3f05aa4c429d2dc3d3d1ee054a/e92ea27196fd4b12aca8be845962424f.png","ascent":8},{"type":"bitmap","chars":["仹"],"height":8,"file":"minecraft:font/29062039ee6b4b46928f40e87de69a09/51ea82ed693147b5ba7d420efcedfcc3.png","ascent":8},{"type":"bitmap","chars":["仺"],"height":8,"file":"minecraft:font/5eacd72f026142fc80ccf2b3a020794d/9115376ab7d0415bbd6dc48e10d2a05d.png","ascent":8},{"type":"bitmap","chars":["任"],"height":8,"file":"minecraft:font/d9f405687ad246a691d37e8d2ac0accc/d98a8ce2d2264afd90f0b55d6998cda0.png","ascent":8},{"type":"bitmap","chars":["仼"],"height":8,"file":"minecraft:font/3bebde0087654ef79fc4b34168817471/c8421f9d8bea4fc390ffda5cc7cd9fd6.png","ascent":8},{"type":"bitmap","chars":["份"],"height":8,"file":"minecraft:font/eae75fb68bc74ca598c0587e81f53287/20c2c3afb5ac4dddb45c797f1d8554e7.png","ascent":8},{"type":"bitmap","chars":["仾"],"height":8,"file":"minecraft:font/c9c78504744940ad8b9dd182f537d1e0/6527def21c1f4c928fcbdb5ff755a478.png","ascent":8},{"type":"bitmap","chars":["仿"],"height":8,"file":"minecraft:font/8a81f80a76b84ab2aa9879b3c3fa62ff/3875b227af6b417a8cc61b8b6fe1f19c.png","ascent":8},{"type":"bitmap","chars":["伀"],"height":8,"file":"minecraft:font/eaf3bcab021745af919a3b823e8b1512/e277f309dec84c299985d76dee92b664.png","ascent":8},{"type":"bitmap","chars":["企"],"height":8,"file":"minecraft:font/276e28209e04452e8571c121678b3e39/3a34dfafa21e45c0954de153868b0c64.png","ascent":8},{"type":"bitmap","chars":["伂"],"height":8,"file":"minecraft:font/13867b84c0e24790bd85cafba4ab3c56/7acdb46e32394c28886a361d5ae7126c.png","ascent":8},{"type":"bitmap","chars":["伃"],"height":8,"file":"minecraft:font/9e4df250d0f64f109841b3e936d6bbc5/f159c464bbf842d684cb0d6e867790a1.png","ascent":8},{"type":"bitmap","chars":["伄"],"height":8,"file":"minecraft:font/547e6cab7d4141b8af01379c33163117/ccee2a7b5e1d45c5a8aa8fc8ad23e89a.png","ascent":8},{"type":"bitmap","chars":["伅"],"height":8,"file":"minecraft:font/601ed2da48a84bbd9ad0e0b06a718c5f/f195973cbf0240b6a34d198465e712ec.png","ascent":8},{"type":"bitmap","chars":["伆"],"height":8,"file":"minecraft:font/72e42c1c06b84446a095f1023e340981/39cdb1b831944de58a81c10af2e5490e.png","ascent":8},{"type":"bitmap","chars":["伇"],"height":8,"file":"minecraft:font/c353173dfde54e9fa816e810252dbe03/79d461997b714d4c93598637320eac5f.png","ascent":8},{"type":"bitmap","chars":["伈"],"height":8,"file":"minecraft:font/7d9589adc2694cbea375a90caa27f50d/f65d7c6158ee48fc95b3a2c9517726c8.png","ascent":8},{"type":"bitmap","chars":["伉"],"height":8,"file":"minecraft:font/a84a8d98a8504e409d0b15d6505e7a46/32608be38f3f41d3802eab8d81b5e582.png","ascent":8},{"type":"bitmap","chars":["伊"],"height":8,"file":"minecraft:font/9e833612d2c44525ae1f1115f8a71016/5e29783941104e9ea3e230ef7cda8350.png","ascent":8},{"type":"bitmap","chars":["伋"],"height":8,"file":"minecraft:font/1254f86fd68d40c3bffdd1c93bd638f8/0ca6b5449ded4f028f3e16a511ef243d.png","ascent":8},{"type":"bitmap","chars":["伌"],"height":8,"file":"minecraft:font/7482c11022984d8bb886f0eaf72abb35/078fc5d18f4e4cc59393c8e855c0a7be.png","ascent":8},{"type":"bitmap","chars":["伍"],"height":8,"file":"minecraft:font/f2a7eeaf272e40f98d48c6f51b69d3af/6d8071cd268e416b9f80dd2bc329b884.png","ascent":8},{"type":"bitmap","chars":["伎"],"height":8,"file":"minecraft:font/a5542a6f2a0d411f9299c31edffa19a2/0581d39338c9491dbcd153cc775600eb.png","ascent":8},{"type":"bitmap","chars":["伏"],"height":8,"file":"minecraft:font/6d506c2f81f34e7eb61e6162a71560e9/56ed407a6aa64950a3a3e02349c0b56c.png","ascent":8},{"type":"bitmap","chars":["伐"],"height":8,"file":"minecraft:font/8ff886f3adb340efadc63ad39a7129c7/b1df5db104924ec9badbbbefe2544629.png","ascent":8},{"type":"bitmap","chars":["休"],"height":8,"file":"minecraft:font/b831607aba9b491e88167f3ceca1f1ae/56307c0f903f4811b5ee9cfd6fe2866d.png","ascent":8},{"type":"bitmap","chars":["伒"],"height":8,"file":"minecraft:font/e12f04852d4f43118137ff1e317888de/79b6f829ab6c4e488da43e80551df107.png","ascent":8},{"type":"bitmap","chars":["伓"],"height":8,"file":"minecraft:font/85026c6d0aac42ecb4c2e938b44cc4bf/9fba5214acf84922add2ad2323c40e6f.png","ascent":8},{"type":"bitmap","chars":["伔"],"height":8,"file":"minecraft:font/0ebb3ee00a314bb2b84620019d15c136/b3898b5780794b2b81f21d23d4140c95.png","ascent":8},{"type":"bitmap","chars":["伕"],"height":8,"file":"minecraft:font/6f796c67927e4018b3cf0a7af462f0b7/0650aa726a8449418355eda4be970fd2.png","ascent":8},{"type":"bitmap","chars":["伖"],"height":8,"file":"minecraft:font/40884a5c6de041c8bf57dc10f6a49c07/24b65a393306498c9dfcc71292e64029.png","ascent":8},{"type":"bitmap","chars":["众"],"height":8,"file":"minecraft:font/c52787237f2446e9afcda929d3fd5122/0b8012d30dcf4c868f463d6176d39759.png","ascent":8},{"type":"bitmap","chars":["优"],"height":8,"file":"minecraft:font/df444d0d728d4c0696c6ca301c7cb2dd/da3c1e70318f44bb81312195a9e4c807.png","ascent":8},{"type":"bitmap","chars":["伙"],"height":8,"file":"minecraft:font/2d06bd7b988940d1bd3f5d3374bfae3a/91e0189ef3c44ee28b97bf8ebc82f8ac.png","ascent":8},{"type":"bitmap","chars":["会"],"height":8,"file":"minecraft:font/8b53af64769f427f801ad98ec105ac6b/a99931367f404b3cae31c50f505ae7cb.png","ascent":8},{"type":"bitmap","chars":["偹"],"height":8,"file":"minecraft:font/bb5743c423424e5fa500ff1ed6b5759f/4e13839cc83d47a88d4c24a45b1deff3.png","ascent":8},{"type":"bitmap","chars":["偺"],"height":8,"file":"minecraft:font/2ca5ecf0734c4308aea8514e06a9a62f/94b3244e366d4ea9ab8a72b70c4e421c.png","ascent":8},{"type":"bitmap","chars":["偻"],"height":8,"file":"minecraft:font/1df4891390c54b6db7850fceaea3ec8d/6d7116cdb6b24e33b5e83a72eab3ff65.png","ascent":8},{"type":"bitmap","chars":["偼"],"height":8,"file":"minecraft:font/fa4465ec57884057b3ee437a015d3470/bf1d224bdff943e98dba7b9b129e0199.png","ascent":8},{"type":"bitmap","chars":["偽"],"height":8,"file":"minecraft:font/c9a89618cf3442f795bd026904e3141a/71d7944d1f3f44a0b92095c61c160f31.png","ascent":8},{"type":"bitmap","chars":["偾"],"height":8,"file":"minecraft:font/900b343645a54d949ba79ca616809c20/efff0865da0d48eaa2427f4f836c6114.png","ascent":8},{"type":"bitmap","chars":["偿"],"height":8,"file":"minecraft:font/9cc4b52b428342778b9243bb52e5ef0a/2d5328165dc34d84b2dfbb8dd5dbe7e1.png","ascent":8},{"type":"bitmap","chars":["傀"],"height":8,"file":"minecraft:font/bceaca1371e849e8a984c4ee3546daaa/85b57727af7247288eb67c54f971c96f.png","ascent":8},{"type":"bitmap","chars":["傁"],"height":8,"file":"minecraft:font/bc1b6c0bc06a4644b73189eaf59560fc/fada44b22a824f9a8dcd0143e8f8e6d5.png","ascent":8},{"type":"bitmap","chars":["傂"],"height":8,"file":"minecraft:font/00840780c45d40e6b2a5f0b7f1d734d6/d97ff2df54204285a36a714236395b80.png","ascent":8},{"type":"bitmap","chars":["傃"],"height":8,"file":"minecraft:font/b5de9a145c6b46c0817ebbff353a95e4/8a3b49c3b2ab4c87afad4dcd24e4e007.png","ascent":8},{"type":"bitmap","chars":["傄"],"height":8,"file":"minecraft:font/1cf8373af9d94166b2a749849edfa2bf/e22d384fc57142d5847a6c755aab7fea.png","ascent":8},{"type":"bitmap","chars":["傅"],"height":8,"file":"minecraft:font/92d4b942bc604a2fada3378ac61db910/4b9bae433f3d4b22a7d5c2f59fcea260.png","ascent":8},{"type":"bitmap","chars":["傆"],"height":8,"file":"minecraft:font/090fb5ab06fc472e8cde50eb0c7f3793/99cf953464d64c39ace4028be6341727.png","ascent":8},{"type":"bitmap","chars":["傇"],"height":8,"file":"minecraft:font/708424d710df441682205e6e67629a28/405ab5edca244f7884bbdb09dad5ec61.png","ascent":8},{"type":"bitmap","chars":["傈"],"height":8,"file":"minecraft:font/c209a5202bc94fb6b7bb1aff2b2a6297/c398f515e08c4e7fbef5f7ab76613b25.png","ascent":8},{"type":"bitmap","chars":["傉"],"height":8,"file":"minecraft:font/7308c9b5ab1a4ed79bde8793c42d2091/8fd78a4016ca488e9af55a862b4d4c13.png","ascent":8},{"type":"bitmap","chars":["傊"],"height":8,"file":"minecraft:font/81432b3c8b904f7eaa80292883de61d1/a9565a9dbf3a49fba14c24c5a7945c23.png","ascent":8},{"type":"bitmap","chars":["傋"],"height":8,"file":"minecraft:font/670e8268fc824404baabbdb546381101/d52d9a0c835842ccbf9678bda1429ef2.png","ascent":8},{"type":"bitmap","chars":["傌"],"height":8,"file":"minecraft:font/8b5408160ca1433fb84ee70f5b6e2b2e/6e43df48e4da4473a540b94de202aa78.png","ascent":8},{"type":"bitmap","chars":["垃"],"height":8,"file":"minecraft:font/2be30ab24eef484c9dafa1a172b3448a/b2de446093034e6d9adfc97b0ab4fd04.png","ascent":8},{"type":"bitmap","chars":["垄"],"height":8,"file":"minecraft:font/8e64df338a2a43e888d97ce3c0ddab8b/249803a3fb474cada07d549bf3de1457.png","ascent":8},{"type":"bitmap","chars":["垅"],"height":8,"file":"minecraft:font/d4c33950af714c31ab8f7f8b387042d5/2cfbe79f04fb4803bbbd8075419d41a8.png","ascent":8},{"type":"bitmap","chars":["垆"],"height":8,"file":"minecraft:font/665c2bad58854ed2b6cfd6e44c578c59/12f2a654e23a4d3b8d04e423ce8c30c8.png","ascent":8},{"type":"bitmap","chars":["垇"],"height":8,"file":"minecraft:font/7ebf2c104d9e407f9f647ddad0b23d84/a98c4d47bf8b41e6b3af805578be5449.png","ascent":8},{"type":"bitmap","chars":["垈"],"height":8,"file":"minecraft:font/80b63a123e0c4786b80f8b08c2d7680b/a2595228bcc140928984c6ee07279ad2.png","ascent":8},{"type":"bitmap","chars":["垉"],"height":8,"file":"minecraft:font/1022e78af11647ffb02d41f3f2b05050/6cbb12630ca342cda085353f7f30a28f.png","ascent":8},{"type":"bitmap","chars":["垊"],"height":8,"file":"minecraft:font/38594f685d5d4483aa007670913fa51f/a526f09ade6e47ccb6c32f35d9961d06.png","ascent":8},{"type":"bitmap","chars":["型"],"height":8,"file":"minecraft:font/92f952fb8a5048028ac5e25798044e01/1d7b8ec0e7234a02be91c4a1bbde840f.png","ascent":8},{"type":"bitmap","chars":["垌"],"height":8,"file":"minecraft:font/8309d049981142aaab754e6e8426e5ac/33f45ee825624ad89252731d34c905a9.png","ascent":8},{"type":"bitmap","chars":["垍"],"height":8,"file":"minecraft:font/6cf8854203e64c45bdc6ace926733265/e7686577aa904db5bf20eca183e13d5b.png","ascent":8},{"type":"bitmap","chars":["垎"],"height":8,"file":"minecraft:font/03f2cba149ff4f93940547a15027eff6/ac2ee427aadb4cd798028bf2c8694b6a.png","ascent":8},{"type":"bitmap","chars":["垏"],"height":8,"file":"minecraft:font/cb0935bfac09458da8051cec491f2280/80c291fe86554528b045424f489d1fce.png","ascent":8},{"type":"bitmap","chars":["垐"],"height":8,"file":"minecraft:font/f3480c38b3ef487ab51590a32663e37d/e303646734fc4af19a37a34d5085bd96.png","ascent":8},{"type":"bitmap","chars":["垑"],"height":8,"file":"minecraft:font/e8798caa34d94c998c1e78be71ef6b29/b88998ccf8b34b069d1bc46e891c3682.png","ascent":8},{"type":"bitmap","chars":["垒"],"height":8,"file":"minecraft:font/17c772ab6e9c433490aca0fef6ca83c2/327f8e08b27b488cace2934c48fe90f7.png","ascent":8},{"type":"bitmap","chars":["垓"],"height":8,"file":"minecraft:font/3866104ca99b4081bec808f56e2ff5a8/11f0801a2afc461ba27cf6c5e7e0af49.png","ascent":8},{"type":"bitmap","chars":["垔"],"height":8,"file":"minecraft:font/b6984176bde54bcdaddc3cd1d94c3029/622aedb7b64b47ca8aae085bb2297121.png","ascent":8},{"type":"bitmap","chars":["垕"],"height":8,"file":"minecraft:font/8dc7c28703b842bc83fb27db457c3fa3/a0ede9e4041749abaca79a26cf10ced4.png","ascent":8},{"type":"bitmap","chars":["垖"],"height":8,"file":"minecraft:font/2bae41575bff4553a50e7c6a33916958/5571e71237e14087a3f1247f70c6fa27.png","ascent":8},{"type":"bitmap","file":"font/pixel.png","ascent":-1000,"height":-2,"chars":["ᨓ"]},{"type":"bitmap","file":"font/pixel.png","ascent":-10000,"height":1,"chars":["ᨒ"]},{"type":"bitmap","file":"font/pixel.png","ascent":-10000,"height":-2,"chars":["⻙"]}]}