{"providers":[{"type":"bitmap","ascent":16,"file":"minecraft:font/24d4038fc3bc452d84390ab7bbb6805a/1134264cac424e1f9a365e560477bf78.png","height":16,"chars":["一"]},{"type":"bitmap","ascent":8,"file":"minecraft:font/f4295f9070c04e269305f3dc686b9612/c98a8b7c5a3e4cbe80195b035b4187cf.png","height":8,"chars":["丁"]},{"type":"bitmap","ascent":8,"file":"minecraft:font/7ee4f2cae0be44a28650a5270d0fbb11/6568cd1120da40079f4474ffd4f1db53.png","height":8,"chars":["丂"]},{"type":"bitmap","ascent":8,"file":"minecraft:font/f8c48d242f0f40c7b541c038637354ca/dcfdac911c9441f4ae0b80716ecd0fa6.png","height":8,"chars":["七"]},{"type":"bitmap","ascent":8,"file":"minecraft:font/401d232f62a542d1ae1f0fb5c0d318fd/e8a48cdd5bda4bb08db1c9b43da9ba47.png","height":8,"chars":["丄"]},{"type":"bitmap","ascent":8,"file":"minecraft:font/da96adf553844263a9d5d1845aeb77b2/3a4c80d4f026484ba62551b6b21a6f2e.png","height":8,"chars":["丅"]},{"type":"bitmap","ascent":8,"file":"minecraft:font/0e545a32958a4ba4892d40eae71f0a21/c76eda62f3944ad19359afa1ee71e5c8.png","height":8,"chars":["丆"]},{"type":"bitmap","ascent":8,"file":"minecraft:font/f069ca9e47124a599c5886726273f3f6/ad86357a9351412d9fa3dffcd607f21d.png","height":8,"chars":["万"]},{"type":"bitmap","ascent":8,"file":"minecraft:font/5afba1c5d957441ea81f0409ab0ee591/3ef3680cf59147b284f2375b0d24f824.png","height":8,"chars":["丈"]},{"type":"bitmap","ascent":8,"file":"minecraft:font/081da223b4944f26ba8c5ee242ff5bfa/0d888dd6c28140f99d99c5a84e97cee7.png","height":8,"chars":["三"]},{"type":"bitmap","ascent":8,"file":"minecraft:font/6696a2a0372e4c089e81fea69d302615/5997b09707034ae49c696142bed6f809.png","height":8,"chars":["上"]},{"type":"bitmap","ascent":8,"file":"minecraft:font/ee651d7ce8bc42f0901369182a593475/4ddb45fd5ff74544ac9c027ba68ee194.png","height":8,"chars":["下"]},{"type":"bitmap","ascent":8,"file":"minecraft:font/c45825a33eea49dcb9f7bde37c251223/62770a5fe5d74181a8799720f638c8a0.png","height":8,"chars":["丌"]},{"type":"bitmap","ascent":8,"file":"minecraft:font/273145db2d5d4a76b712b3c41bec4899/e7845582a63a4646b2a47ef8be7c6a27.png","height":8,"chars":["不"]},{"type":"bitmap","ascent":8,"file":"minecraft:font/5dccc5109c6845d3b15ed66183d850b2/3b216503512b4bf5b3332c01882ca274.png","height":8,"chars":["与"]},{"type":"bitmap","ascent":8,"file":"minecraft:font/9f03a3d6468d44b589b58bbf7eec381d/2f359f1bbac942f8b17710c576d899d3.png","height":8,"chars":["丏"]},{"type":"bitmap","ascent":8,"file":"minecraft:font/702d61901a1042568b8ad4dd59b11040/8edc9a9deef04d1982ee116d7e37f56c.png","height":8,"chars":["丐"]},{"type":"bitmap","ascent":8,"file":"minecraft:font/b11b560bc2d346ad9d39762d43f6baed/3ba1b67cddec4815b400ec88774e2122.png","height":8,"chars":["丑"]},{"type":"bitmap","ascent":8,"file":"minecraft:font/0f6a09c14a3a409681554facdb6d6073/a31cd095a53b43a48d0618410a5dd434.png","height":8,"chars":["丒"]},{"type":"bitmap","ascent":8,"file":"minecraft:font/dac75f746724494c822c367f797a2199/18934c4714f542c2b64196656b30d172.png","height":8,"chars":["专"]},{"type":"bitmap","ascent":8,"file":"minecraft:font/299c956b483c41e6bc31c6719b79611a/7fcd9d5bd52d46f1978f8dec273f73af.png","height":8,"chars":["且"]},{"type":"bitmap","ascent":8,"file":"minecraft:font/22a3536eff08429d8fd9b19efd7b22f4/660cc74b5251478d887ab0b0d80540c8.png","height":8,"chars":["丕"]},{"type":"bitmap","ascent":8,"file":"minecraft:font/9404d006afaa4283a3ec9ef6e81bde2f/cccc0171203449dc9333c072e7cb0c44.png","height":8,"chars":["世"]},{"type":"bitmap","ascent":8,"file":"minecraft:font/7eeed10c66474e28be150e04b9762010/611143209e5f43f494916b7e65a2a2ae.png","height":8,"chars":["丗"]},{"type":"bitmap","ascent":8,"file":"minecraft:font/4cf11655b13f44cb855f438b0ca37402/940e997b41524d4fa59fe98aae262b76.png","height":8,"chars":["丘"]},{"type":"bitmap","ascent":8,"file":"minecraft:font/c2af4e5716814050b825892aedf67563/0838f181a21240d08f4ba0875a2f09ff.png","height":8,"chars":["丙"]},{"type":"bitmap","ascent":8,"file":"minecraft:font/4956978ab498408cbed9c21c70514208/8c55caaddde14a428d8421cdc52f85b0.png","height":8,"chars":["业"]},{"type":"bitmap","ascent":8,"file":"minecraft:font/2282da32a7344d0ea735a70ce93c1a10/32b2e7624cfc4d51b3adad8aa802daaf.png","height":8,"chars":["丛"]},{"type":"bitmap","ascent":8,"file":"minecraft:font/9ae7b024469f4df483edf7c0beaf5aaf/51d797618e084376ab3235fd75c56b2a.png","height":8,"chars":["东"]},{"type":"bitmap","ascent":8,"file":"minecraft:font/baba887d906343cbbb7327cf78ab2ad3/bef842e013af430fa95340bd7bc1724f.png","height":8,"chars":["丝"]},{"type":"bitmap","ascent":8,"file":"minecraft:font/44bdbf3f833f4959867e3ce2f4079336/0f4646695f7545c6a87cb377eb159ce5.png","height":8,"chars":["丞"]},{"type":"bitmap","ascent":8,"file":"minecraft:font/2768e71c16664e69b9a254669d5fd764/805526b82d634f1db4bcdd3a23b74261.png","height":8,"chars":["丟"]},{"type":"bitmap","ascent":8,"file":"minecraft:font/7f4cf382eee14cc6adc9a4c9a9e1592e/f7982aee8ff8401db3eff0a44cb8e38d.png","height":8,"chars":["丠"]},{"type":"bitmap","ascent":8,"file":"minecraft:font/6792a4f49e174ef49317b462a825edce/4793fa4bdb8743f69bd070c4e7243cd4.png","height":8,"chars":["両"]},{"type":"bitmap","ascent":8,"file":"minecraft:font/2e190f61b6d2493c97170cd6e940e90c/2814d1e063b14a74bb165c25138586b0.png","height":8,"chars":["丢"]},{"type":"bitmap","ascent":8,"file":"minecraft:font/29a3cc1264524c0cbbbe5e1f651479fd/fcb2dbe5afa847be86d2c5afd53bda98.png","height":8,"chars":["丣"]},{"type":"bitmap","ascent":8,"file":"minecraft:font/bfcd7daefc734874b71b383a6e3ca52c/bc123efe26cf4ca8bab00e675ca573f5.png","height":8,"chars":["两"]},{"type":"bitmap","ascent":8,"file":"minecraft:font/85c98a08e16e41cd97ac67d56e60e5ec/8a0748507a5f41d384689aca3595baea.png","height":8,"chars":["严"]},{"type":"bitmap","ascent":8,"file":"minecraft:font/c3b67ef297034f3791f19a16686f4c94/0abfd4243737478799c5e32eb77704cd.png","height":8,"chars":["並"]},{"type":"bitmap","ascent":8,"file":"minecraft:font/cdd3bc8c96864459b5f43940da0c3d2d/68fcb5fd163c4a21aa76d67a806b9cca.png","height":8,"chars":["丧"]},{"type":"bitmap","ascent":8,"file":"minecraft:font/00117a1970854744987b8950e1cd7864/86193d46725949939f23c69ab4357122.png","height":8,"chars":["丨"]},{"type":"bitmap","ascent":8,"file":"minecraft:font/2f79ec46ed444153b038401325326e3e/94688d2678fe470a87813833ad47ea0b.png","height":8,"chars":["丩"]},{"type":"bitmap","ascent":8,"file":"minecraft:font/fb3f73c109844224a73662ab6a89cd74/4e29202bd04d474aa4e2ff7cc9fb54a9.png","height":8,"chars":["个"]},{"type":"bitmap","ascent":8,"file":"minecraft:font/5aeae7744ee946da93194608aad3c6eb/f7ce6cd7e60043e396148918a3cd24ad.png","height":8,"chars":["丫"]},{"type":"bitmap","ascent":8,"file":"minecraft:font/e0bcc0759d69459aa65eb43951739b78/bb0e555ed9e44addadc70053c5723c46.png","height":8,"chars":["丬"]},{"type":"bitmap","ascent":8,"file":"minecraft:font/a945141687a44d798653284d50d93041/f75c0312320f4f0ca859646428771c8a.png","height":8,"chars":["中"]},{"type":"bitmap","ascent":8,"file":"minecraft:font/be1a23ea6288456e9b54c7542c07dc4f/d01e56b7e8cd4fc9ab09d2695b312952.png","height":8,"chars":["丮"]},{"type":"bitmap","ascent":8,"file":"minecraft:font/45f8f3b5a62e4bfda24e7664ab04e583/fab9aae68aea4ffcb648d5f33087e86e.png","height":8,"chars":["丯"]},{"type":"bitmap","ascent":8,"file":"minecraft:font/9ee9dd0e12964611b9708443cc8e5ca9/80b277b075f141d6be8877587856c206.png","height":8,"chars":["丰"]},{"type":"bitmap","ascent":8,"file":"minecraft:font/d929b6dc913344a581e59d4d548744bc/8daebbb4fa1849ef8c701917557a8b74.png","height":8,"chars":["丱"]},{"type":"bitmap","ascent":8,"file":"minecraft:font/90ced5cf1fd642168b36793ea11b6809/5e9ffd30a3ad4beca8f77cfae8c9e43f.png","height":8,"chars":["串"]},{"type":"bitmap","ascent":8,"file":"minecraft:font/4c9ee503c5ad4495b40d4f660f9933a5/d06a91c7b78744c0aa24ec71fc29d744.png","height":8,"chars":["丳"]},{"type":"bitmap","ascent":16000,"file":"minecraft:font/a433a42507bb44afaaa71cd6331962aa/d299042324114d499db554cec11a9074.png","height":16000,"chars":["垙"]},{"type":"bitmap","ascent":8,"file":"minecraft:font/8c71d4fff1964c229d66fc4f97f89990/0d8d806aee344a1cb3fbdd471e611d98.png","height":8,"chars":["亖"]},{"type":"bitmap","ascent":8,"file":"minecraft:font/117fed61f63c4171bdc85aa6160bd5c3/ad152011c5544a619ca610005725590b.png","height":8,"chars":["亗"]},{"type":"bitmap","ascent":8,"file":"minecraft:font/6ae3fd39d9f942c9aff24f54fd90015d/d65881e8e0604b6f95fd1d8a9ee4d5b6.png","height":8,"chars":["亘"]},{"type":"bitmap","ascent":8,"file":"minecraft:font/6785a6a971764da8998ebf85cb426d1b/848174085d5d418985ea3eb376761788.png","height":8,"chars":["亙"]},{"type":"bitmap","ascent":8,"file":"minecraft:font/3ab86dddf5fa4e918729c49855ca330f/b35c46d2665c4d0d9c069acb6b385722.png","height":8,"chars":["亚"]},{"type":"bitmap","ascent":8,"file":"minecraft:font/814a5ba604714874bba46ba9a3ac2ddf/ed5173c9a7c44610b971298241d0ed29.png","height":8,"chars":["些"]},{"type":"bitmap","ascent":8,"file":"minecraft:font/64fb48cf9af3450f97a48bc16257d670/e67ddac3a7ff4f74ade15544cf008b2b.png","height":8,"chars":["亜"]},{"type":"bitmap","ascent":8,"file":"minecraft:font/c1732321b4b04e6e9d5462c2369245ca/fdbf1f5e9a984a3981c78aa351d81e67.png","height":8,"chars":["亝"]},{"type":"bitmap","ascent":8,"file":"minecraft:font/5c5c0a4365e747b0b2f313fb29874f60/7046c6798ca64436944521285b87541c.png","height":8,"chars":["亞"]},{"type":"bitmap","ascent":8,"file":"minecraft:font/350a7ee29f68450a97232fd13c633a00/2b6ed6da68a54ad6934e20f7ad65892a.png","height":8,"chars":["亟"]},{"type":"bitmap","ascent":8,"file":"minecraft:font/f6244df729ca43cca79b4f8766abd8b6/a4447f2642364723a4076904e33c9867.png","height":8,"chars":["亠"]},{"type":"bitmap","ascent":8,"file":"minecraft:font/b4b69be99c724cc7bf4fc214d7d275c7/b7d3d4f5d0ed4612bf91d607fe42db57.png","height":8,"chars":["亡"]},{"type":"bitmap","ascent":8,"file":"minecraft:font/cca269b3dca142beb3e0b3ff3ae76839/374d80e61b1541859c023671c2533f2d.png","height":8,"chars":["亢"]},{"type":"bitmap","ascent":8,"file":"minecraft:font/c94c2e5be47e47b89a858db37a9bbf70/c4813a692b594dd79407e68e0b62e2ce.png","height":8,"chars":["亣"]},{"type":"bitmap","ascent":8,"file":"minecraft:font/581fdbb46040439f9c3b6ef7dc5453b6/d7e0b26585ae438eac0cd22e94af7b0c.png","height":8,"chars":["交"]},{"type":"bitmap","ascent":8,"file":"minecraft:font/3eed3dcd2e874376a6fa8c37f290b5de/ae56619a3ece434c8bae30cac1b4b2ba.png","height":8,"chars":["亥"]},{"type":"bitmap","ascent":8,"file":"minecraft:font/48011402e65b43c0844b7b3815c93afe/0b8ff4b08bdb4358952e11270504d3ed.png","height":8,"chars":["亦"]},{"type":"bitmap","ascent":8,"file":"minecraft:font/77c268c1c00744859fa5316ebe7a4700/5c95ff52caa7444583211a9af2bf977e.png","height":8,"chars":["产"]},{"type":"bitmap","ascent":8,"file":"minecraft:font/f5395f9e9dca4bec95e2ad8723bbc341/7d5efa5050e64f688683ddc866c5a4ea.png","height":8,"chars":["亨"]},{"type":"bitmap","ascent":8,"file":"minecraft:font/b386af149fd1431089ef3057fb0201ce/61c2ffd7c10e48e2b1520b14177e8911.png","height":8,"chars":["亩"]},{"type":"bitmap","ascent":8,"file":"minecraft:font/5e6fcba99a174f3ca9e116c099d83f52/facff37fcd754bdab3b605a70f41fe73.png","height":8,"chars":["亪"]},{"type":"bitmap","ascent":8,"file":"minecraft:font/3355bbaf35e346828f9582384b3d92fb/429c244321394a7eb1cf8bd3637dc559.png","height":8,"chars":["享"]},{"type":"bitmap","ascent":8,"file":"minecraft:font/767aa78bb7f3475d86ade36898f15023/1680526b514f4007affd7cf8aa014cbe.png","height":8,"chars":["京"]},{"type":"bitmap","ascent":8,"file":"minecraft:font/63afc7814787422cb1c50d37f217647c/33b6329372ff400ba4a8c80c968f5f80.png","height":8,"chars":["亭"]},{"type":"bitmap","ascent":8,"file":"minecraft:font/ebaea7f5500a4c77b4251c5531498d12/333ab3dfd5684d30a78558b3b6a8ea9f.png","height":8,"chars":["亮"]},{"type":"bitmap","ascent":8,"file":"minecraft:font/90d47d194549459bacb6a35425cab548/4f3e3fc0604f43d8addfcbaea5af5216.png","height":8,"chars":["亯"]},{"type":"bitmap","ascent":8,"file":"minecraft:font/7c15c2ab13214c4c83ef14e5ace5699f/c65b06375f2843539d8b0857819642e7.png","height":8,"chars":["亰"]},{"type":"bitmap","ascent":8,"file":"minecraft:font/80a80a7c492940b2a16241070b0d454b/d87b0ccb96d14f71884dd7d5531a437e.png","height":8,"chars":["亱"]},{"type":"bitmap","ascent":8,"file":"minecraft:font/4bcf6a7b104c49858f82d928e79cd789/07294acfde6a4a669c07d1aeaa3d4351.png","height":8,"chars":["亲"]},{"type":"bitmap","ascent":8,"file":"minecraft:font/d084292fdce04798b820088a3abdf788/5a09e57feab7492a950b983b113e3d26.png","height":8,"chars":["亳"]},{"type":"bitmap","ascent":8,"file":"minecraft:font/9f575e4e72d949028db077f287709c89/ae7adcf63c844bc5887fcab7f42093ec.png","height":8,"chars":["亴"]},{"type":"bitmap","ascent":8,"file":"minecraft:font/8d5d6db7122740e68663301c53ea9162/41eace3bd3bc46a5aa8f647cec5cff84.png","height":8,"chars":["亵"]},{"type":"bitmap","ascent":8,"file":"minecraft:font/dea34bc07d7b4c78a8e71176cd494aa3/0fc1f29115ed4feaaf31b0f7fa73c0c2.png","height":8,"chars":["亶"]},{"type":"bitmap","ascent":8,"file":"minecraft:font/8eaaf34b533e4442b82f2e220aa9c31c/66019218dfe848f0bef4aa80ba23467a.png","height":8,"chars":["亷"]},{"type":"bitmap","ascent":8,"file":"minecraft:font/8f60e414c2934d52a6cb5b52ec267462/f86d4f6a68554f91a59429d3479ede19.png","height":8,"chars":["亸"]},{"type":"bitmap","ascent":8,"file":"minecraft:font/cfff46be3dad4f75ae667aa9ae86891b/3acc9368b8f6405fb2bc2b7486f6a9ac.png","height":8,"chars":["亹"]},{"type":"bitmap","ascent":8,"file":"minecraft:font/a3cbd8a61ab842f683cb3bf058015294/7ccb0d1af6e549a7821147f6aeda04a1.png","height":8,"chars":["人"]},{"type":"bitmap","ascent":8,"file":"minecraft:font/741c14be96954803ac3a8d475b813a3b/dc396b714c6a41608d7c404ed219b098.png","height":8,"chars":["亻"]},{"type":"bitmap","ascent":8,"file":"minecraft:font/a0b272e3c9cc40669f75531e3e96bd4a/724eea9dafe74e02b1152aca53306751.png","height":8,"chars":["亼"]},{"type":"bitmap","ascent":8,"file":"minecraft:font/4e78cf3b83e24f48a2e71471b33cfe63/d3551fe835e242369e8dedc35c6cf0c0.png","height":8,"chars":["亽"]},{"type":"bitmap","ascent":8,"file":"minecraft:font/c3547cec758d4e7abd36f7ee6d771cf9/49bdaee050ba4c638166543bd3494621.png","height":8,"chars":["亾"]},{"type":"bitmap","ascent":8,"file":"minecraft:font/f3db71a0eb334dcba5e66900f4d7597c/2d88fd8f99c140c1a0be64d2d9545593.png","height":8,"chars":["亿"]},{"type":"bitmap","ascent":8,"file":"minecraft:font/f6793fad0d3d4c3cb443e67ef64f0a93/2998cfc5197149e68a671ae3b211ea35.png","height":8,"chars":["什"]},{"type":"bitmap","ascent":8,"file":"minecraft:font/8ad938d821c24a488eaa0f409e8af826/262a763415ef46fbbd6c9149d11bd262.png","height":8,"chars":["仁"]},{"type":"bitmap","ascent":8,"file":"minecraft:font/6e5971c982cf43e6a98d267d24a3ba75/2ace7a1a29724c48ae82180e4e6576d5.png","height":8,"chars":["仂"]},{"type":"bitmap","ascent":8,"file":"minecraft:font/cfc23c80126a4cefb4ccd15289428fd1/a2fce05941e5457e8f704b1244c04644.png","height":8,"chars":["仃"]},{"type":"bitmap","ascent":8,"file":"minecraft:font/d918d42b89db41dc88c07e709fd19c84/fc0299f4b5824595951ad7ad15d77970.png","height":8,"chars":["仄"]},{"type":"bitmap","ascent":8,"file":"minecraft:font/0f8fee3677d84a52a6a42b63ffcee622/26515a937fda43ba9a581a672230b057.png","height":8,"chars":["仅"]},{"type":"bitmap","ascent":8,"file":"minecraft:font/9a34029d3fd3498098ea2e88e6ef7d2f/938817324b8642e991ea6f68070851a1.png","height":8,"chars":["仆"]},{"type":"bitmap","ascent":8,"file":"minecraft:font/95268137ea25492ba715bdb3679fcc92/666b8960179140ff94e0a0d13c802a4a.png","height":8,"chars":["仇"]},{"type":"bitmap","ascent":8,"file":"minecraft:font/f846e22b17934cec8b2b65cabf0b0bda/e4ddc6d2f43e495fbc1fd347ef99b996.png","height":8,"chars":["仈"]},{"type":"bitmap","ascent":8,"file":"minecraft:font/92cb8928de7b4aceab8c71f4aff304e5/00a32c0f357244a58d9cf8a3f46cdbdd.png","height":8,"chars":["仉"]},{"type":"bitmap","ascent":8,"file":"minecraft:font/b0ffb6e4cf5e4830a0ede94c6ddd9dc8/aaaf12b6eb6d4122b52300b47aa1b48c.png","height":8,"chars":["今"]},{"type":"bitmap","ascent":8,"file":"minecraft:font/bbdc6b310f0c4daba5ed07fc02d1d450/7c84b040ebb64c999a108b9b62cded3f.png","height":8,"chars":["介"]},{"type":"bitmap","ascent":8,"file":"minecraft:font/f4d1c30ce20d442698b289ff93fd4b7c/44745173a60b41e8ab277719e0f2343e.png","height":8,"chars":["仌"]},{"type":"bitmap","ascent":8,"file":"minecraft:font/f28718c907d84dc0a077257ec277c659/bbdf6c513e484362986eb9598b164bf3.png","height":8,"chars":["仍"]},{"type":"bitmap","ascent":8,"file":"minecraft:font/116a9528821d432eaea3b00eb0cb8aad/2a17c12e776c4ff09f6aa80375f1fb13.png","height":8,"chars":["从"]},{"type":"bitmap","ascent":8,"file":"minecraft:font/c40fe456b57a430a97314014e74e0803/65ca330613bc4900ada5241f567464bc.png","height":8,"chars":["仏"]},{"type":"bitmap","ascent":8,"file":"minecraft:font/04721ce508c240c4b47017057aca2a29/4836843d84ef4dcc94e0d76dd8468047.png","height":8,"chars":["仐"]},{"type":"bitmap","ascent":8,"file":"minecraft:font/18278e9c9c0b434fb38ec758770d4bd1/80d6a89cc2f141e19b3496e75f2f06a1.png","height":8,"chars":["仑"]},{"type":"bitmap","ascent":8,"file":"minecraft:font/8e59c2bb27c44c2584a8730416f3002f/15e3739a6b8049aa98f1b1fdd3b1bd2e.png","height":8,"chars":["仒"]},{"type":"bitmap","ascent":8,"file":"minecraft:font/429a1a7c141b4e73b64617c4f35f5c0f/6bf7f60daa9a4443943c4767e8243c0d.png","height":8,"chars":["仓"]},{"type":"bitmap","ascent":8,"file":"minecraft:font/eddc5b25c9e447b3b218cb0c97aeb979/9455156d1ae0424cad86506516ba8c00.png","height":8,"chars":["仔"]},{"type":"bitmap","ascent":8,"file":"minecraft:font/83b94f08bfcc44588cb6d2e9ffd70c4f/f549044a197945eab02db7a2dfb3ad81.png","height":8,"chars":["仕"]},{"type":"bitmap","ascent":8,"file":"minecraft:font/0e975a8eff78421ab99a95c2fe05f37b/3a70b40a0ebf40038605795a1809398a.png","height":8,"chars":["他"]},{"type":"bitmap","ascent":8,"file":"minecraft:font/e3905cf0a00242cda4fc72eedd39dd39/229ef1053f53463a86be5c35b6d44137.png","height":8,"chars":["仗"]},{"type":"bitmap","ascent":8,"file":"minecraft:font/8d7db6d688714c91a0d56bac4a763788/cea6d46e3f8e47ad92fa4c95b2656108.png","height":8,"chars":["付"]},{"type":"bitmap","ascent":8,"file":"minecraft:font/a37e70578fd140d4aeb3df94b6bb8f9a/b66060d2ff26426199cbf231d147da56.png","height":8,"chars":["仙"]},{"type":"bitmap","ascent":8,"file":"minecraft:font/401085c2e87042559018d293fb6078e3/18bce04a7ddc4296adc0d13ed0cdc859.png","height":8,"chars":["仚"]},{"type":"bitmap","ascent":8,"file":"minecraft:font/27819eea269646dd888c8815b1505fac/7a8982944b214bb68bca4d3d56462eb5.png","height":8,"chars":["仛"]},{"type":"bitmap","ascent":8,"file":"minecraft:font/3c133250cc854c359cf50578cdb655bd/c7335b00cef543bd83ad68fc339cf537.png","height":8,"chars":["仜"]},{"type":"bitmap","ascent":8,"file":"minecraft:font/10ef9743bcf24d1bb10808b0ecea0600/49fbb70190f04483ab229e1531d38b9c.png","height":8,"chars":["仝"]},{"type":"bitmap","ascent":8,"file":"minecraft:font/f436c457d9af4a7693a44da8ba4cc7a4/c77fa946e4384b52901dbe9b6fe2cbd8.png","height":8,"chars":["仞"]},{"type":"bitmap","ascent":8,"file":"minecraft:font/d5d6f6a81ba9489083eaaf0b3656d894/808cb706bd9441cea8165e1dec4677fb.png","height":8,"chars":["仟"]},{"type":"bitmap","ascent":8,"file":"minecraft:font/4c31bec733a349a8aa52582bf4e0f20d/b84e9e5ebee640308adc413def24a58e.png","height":8,"chars":["仠"]},{"type":"bitmap","ascent":8,"file":"minecraft:font/e484d039ab764073913c55e35759e9e1/65fa6209903d4ea0810197d32ddb5afb.png","height":8,"chars":["仡"]},{"type":"bitmap","ascent":8,"file":"minecraft:font/ba085d4a07954ad6911a01a85ede3b51/3f31b567590b4c96a93e5a08c5480f63.png","height":8,"chars":["仢"]},{"type":"bitmap","ascent":8,"file":"minecraft:font/7b84d766e6f746598bed13cf6c58e03e/339618c2ae9143e49c87d7702fdaafcc.png","height":8,"chars":["代"]},{"type":"bitmap","ascent":8,"file":"minecraft:font/2d60bb3766e1461ab97744050f989ca6/a700057d4c9743248b04330c8d71830e.png","height":8,"chars":["令"]},{"type":"bitmap","ascent":8,"file":"minecraft:font/444172a8c5984a3094418699b67ebc42/3db40403576c4b438b49512b1b5c47a2.png","height":8,"chars":["以"]},{"type":"bitmap","ascent":8,"file":"minecraft:font/2c41f4bafd8d42c48108e7ee7edfed3e/8e87890d02c44b4b859502d4fae3c0c3.png","height":8,"chars":["仦"]},{"type":"bitmap","ascent":8,"file":"minecraft:font/82af979ab8554f1ba8897a9aaa587dc6/589a6b88501d46c089cd02c946b69b58.png","height":8,"chars":["仧"]},{"type":"bitmap","ascent":8,"file":"minecraft:font/00e849ffa0e9411a82cbd2658eb5b231/fd1909849b2b4603b84b9ac531964a6b.png","height":8,"chars":["仨"]},{"type":"bitmap","ascent":8,"file":"minecraft:font/6d031228033645d1a9234153353415ce/34f450a7e4914914b88dc77681e9ac16.png","height":8,"chars":["仩"]},{"type":"bitmap","ascent":8,"file":"minecraft:font/19b12a5c8d714d14873b71656c189ec1/b3f24f5d189f40758d1662be10275658.png","height":8,"chars":["仪"]},{"type":"bitmap","ascent":8,"file":"minecraft:font/593f4066f3074202a44787742431de7e/30bdb211a73c4e2d9cdc94548c040ead.png","height":8,"chars":["仫"]},{"type":"bitmap","ascent":8,"file":"minecraft:font/dbdb2bbfa3e54d729b4b65c12a4f4a3c/0f31fd568c40457dab33a532e48e1991.png","height":8,"chars":["们"]},{"type":"bitmap","ascent":8,"file":"minecraft:font/a6fd6195d322431eb818fc9609141474/f5d2c6a5bd2e4c2a8690d0ae62f2d9bf.png","height":8,"chars":["仭"]},{"type":"bitmap","ascent":8,"file":"minecraft:font/40eacebeccb541b3bd8f5e491da5809c/59931736d0384323b1d0d79cc05398b6.png","height":8,"chars":["仮"]},{"type":"bitmap","ascent":8,"file":"minecraft:font/1c88a4603fe54c1aa1a538d53993cec8/5f3e1aff68f145419e061b463bc3829d.png","height":8,"chars":["仯"]},{"type":"bitmap","ascent":8,"file":"minecraft:font/3552f47ccd93453295946b6bacfbfc98/a4931415a97e44d084dbf7fa7ae7de4f.png","height":8,"chars":["仰"]},{"type":"bitmap","ascent":8,"file":"minecraft:font/2fd91a58bf07497eb1d7b8798f1cf54f/147a9b826aec4e988c4518730e6132cc.png","height":8,"chars":["仱"]},{"type":"bitmap","ascent":8,"file":"minecraft:font/08a1ce91def14f64adcf2a343d34d4ae/942194ce3223423b91c53aa960f2a521.png","height":8,"chars":["仲"]},{"type":"bitmap","ascent":8,"file":"minecraft:font/12e596280e41465db5ab0d793e4a2743/99185f1acc6247e4a2e40c1c4bec360e.png","height":8,"chars":["临"]},{"type":"bitmap","ascent":8,"file":"minecraft:font/8c7fee2a592240168fb2e4a4f7d74128/dcfee25d373c4371af573ca2af6ec043.png","height":8,"chars":["丵"]},{"type":"bitmap","ascent":8,"file":"minecraft:font/4946e1891f1345afad0c6bb7ae7e5b53/cb8314bc66e942bb892dbfa2ee48f394.png","height":8,"chars":["丶"]},{"type":"bitmap","ascent":8,"file":"minecraft:font/567d11eb1b4f4603bd1c6ce52babf3dc/34ebc689ac284ca48b34281abff9dc03.png","height":8,"chars":["丷"]},{"type":"bitmap","ascent":8,"file":"minecraft:font/a1f89ccc472b4de4b161792449b90462/1654384796c947078505f825a9898e1c.png","height":8,"chars":["丸"]},{"type":"bitmap","ascent":8,"file":"minecraft:font/2b4bcfbcc8964107ae125fb03ed87c62/017e9820f4634cd8a16a78d15d381e66.png","height":8,"chars":["丹"]},{"type":"bitmap","ascent":8,"file":"minecraft:font/e1767b46dae842bc858cc97606bac44c/9c37fedcefac40109157e1d322834031.png","height":8,"chars":["为"]},{"type":"bitmap","ascent":8,"file":"minecraft:font/5f1ff34987504369b179235044389179/83ce532e865744f1833c1e537f7722d1.png","height":8,"chars":["主"]},{"type":"bitmap","ascent":8,"file":"minecraft:font/a5ef1594d1034c8189a9209f6ba0921d/ee312bf6877c49faa92cf0ca8169d8c5.png","height":8,"chars":["丼"]},{"type":"bitmap","ascent":8,"file":"minecraft:font/8cc098d5094c40719770ad293bdcaf0b/7a06574723d243a6b9672d78f4608e86.png","height":8,"chars":["丽"]},{"type":"bitmap","ascent":8,"file":"minecraft:font/906669514cfd44f78f723117ed08a5e3/4c18bf82da4a4ce6ae937e8886a158ac.png","height":8,"chars":["举"]},{"type":"bitmap","ascent":8,"file":"minecraft:font/a18d8d3e05974d35993e10e1c063a003/210aab63f25c4b9693201409f4d41033.png","height":8,"chars":["丿"]},{"type":"bitmap","ascent":8,"file":"minecraft:font/4abdf2bb93df474498b30196e7456901/dbc80a61868b4aacb4b57ce0ac963684.png","height":8,"chars":["乀"]},{"type":"bitmap","ascent":8,"file":"minecraft:font/7a8411caee8344febe1fca00dfe58116/4547f5546d004061994f0dcd8eb66757.png","height":8,"chars":["乁"]},{"type":"bitmap","ascent":8,"file":"minecraft:font/b34d9c6226744c5d8e59ca5b0e16de56/520a574e684e42a48ace77e9e94179d6.png","height":8,"chars":["乂"]},{"type":"bitmap","ascent":8,"file":"minecraft:font/b3aae16c30c84f7eab972dd935f03776/08f833acb1b94ed1bfb81a3b21aa331a.png","height":8,"chars":["乃"]},{"type":"bitmap","ascent":8,"file":"minecraft:font/a2440ab379234952a61ff545d2f47cda/a289aaec9b19406390bb07d3eda8cff0.png","height":8,"chars":["乄"]},{"type":"bitmap","ascent":8,"file":"minecraft:font/5d3e23834b5d485a8ed0afebb5ac31cd/2b7df411079f43e181f09de79a310b90.png","height":8,"chars":["久"]},{"type":"bitmap","ascent":8,"file":"minecraft:font/e75dd7a1a6cf46e38fdcaacc9fe3082b/0019ad6a2372495daa35a5f32f1a00de.png","height":8,"chars":["乆"]},{"type":"bitmap","ascent":8,"file":"minecraft:font/3afb16171c984c9db1a61f428daf652e/c2122c2cd4b14229a0f0e781e401fd4f.png","height":8,"chars":["乇"]},{"type":"bitmap","ascent":8,"file":"minecraft:font/112e3b3f0b60476c90c20373d57158c2/e163e57ddc664885a5be97bb5c5d5d6c.png","height":8,"chars":["么"]},{"type":"bitmap","ascent":8,"file":"minecraft:font/21869efedc124a41809f9dbd61089600/bfaa6642c73e46a29b95ba57d8826c8e.png","height":8,"chars":["义"]},{"type":"bitmap","ascent":8,"file":"minecraft:font/6fc0e0a2cd7342629030e238bdb66365/d9741517cf2b45d39a33c05117f50f63.png","height":8,"chars":["乊"]},{"type":"bitmap","ascent":8,"file":"minecraft:font/16fe9c4fed914872a55bb39c0416d4e4/cbe48f102b4c47e39aa3b8b672eff665.png","height":8,"chars":["之"]},{"type":"bitmap","ascent":8,"file":"minecraft:font/76a496d18db845ca9baed41176cb04a0/51e9da1f630946098f5d1bb61016c472.png","height":8,"chars":["乌"]},{"type":"bitmap","ascent":8,"file":"minecraft:font/5dd6d9250f3b4b0fac29df51209872ea/bac30547cb05415986d7bde37ff29795.png","height":8,"chars":["乍"]},{"type":"bitmap","ascent":8,"file":"minecraft:font/5afd952b1bae45ffb7fcaa8a30a0502b/2e11e9d9480c44e48a96733e3e34f5f6.png","height":8,"chars":["乎"]},{"type":"bitmap","ascent":8,"file":"minecraft:font/e02e86f77421442192bfad5f7f6836e7/43d910b03f8c401bb4a55553119b5d03.png","height":8,"chars":["乏"]},{"type":"bitmap","ascent":8,"file":"minecraft:font/b63d85c8a31e4169af6703d1bb4743ca/83d3bdf43c4f40b9bc091f966b2a23a8.png","height":8,"chars":["乐"]},{"type":"bitmap","ascent":8,"file":"minecraft:font/eca92e5ef19547d48ef1750d938764ec/147f7d3e31e04b56ba336a4afee68c84.png","height":8,"chars":["乑"]},{"type":"bitmap","ascent":8,"file":"minecraft:font/b18f34954ef14b488075e3b051991a91/0e863189d2df4525866b10c847842624.png","height":8,"chars":["乒"]},{"type":"bitmap","ascent":8,"file":"minecraft:font/268cf6785ac14bf1a268e285857b6057/3bb244840e7e44ba99b59d9ebb5df2c1.png","height":8,"chars":["乓"]},{"type":"bitmap","ascent":8,"file":"minecraft:font/b24ccd3caf8e4f2c832eaca853e6d6cc/f573169c3e7d4c0fa7222b02a0a0cef5.png","height":8,"chars":["乔"]},{"type":"bitmap","ascent":8,"file":"minecraft:font/02305bf53bdd4974b8a2e80568da5e3c/98a0f1d58b52482b933c61d67d0f1b14.png","height":8,"chars":["乕"]},{"type":"bitmap","ascent":8,"file":"minecraft:font/cab2a163a6fc44d0bef8ae2524cf3ab8/47af774a1532473eb62a7a0317b54d3b.png","height":8,"chars":["乖"]},{"type":"bitmap","ascent":8,"file":"minecraft:font/96cf9a34819c4cc793dcdbc52b92d21b/4f13263b8a9e40bd8037becc0d241d2d.png","height":8,"chars":["乗"]},{"type":"bitmap","ascent":8,"file":"minecraft:font/cc6988c66a584a0daa1fdaefd0c81178/6a28a4314bc54c978f60f3755e9a31a4.png","height":8,"chars":["乘"]},{"type":"bitmap","ascent":8,"file":"minecraft:font/23f1c58e263e49d2902949d975d14c39/b1ce41a60807481d9dc085a261b4e8bb.png","height":8,"chars":["乙"]},{"type":"bitmap","ascent":8,"file":"minecraft:font/5cbe65c1dd504e23858c16ce886557af/4a7d373a74a346fabd013ad53e2e728e.png","height":8,"chars":["乚"]},{"type":"bitmap","ascent":8,"file":"minecraft:font/433ad54424f14f68b4be76ca289ffd2d/5028c6ce9b58494ba1bdcb838d61f857.png","height":8,"chars":["乛"]},{"type":"bitmap","ascent":8,"file":"minecraft:font/3fa2ce85317a49499e16fb9b1edb5901/00cda4877cd14660adfff02c4dfe85ff.png","height":8,"chars":["乜"]},{"type":"bitmap","ascent":8,"file":"minecraft:font/860760b0782c4248b1a1baa4db5db042/6f224a3f6eb9455aa14fb5724bddd4f5.png","height":8,"chars":["九"]},{"type":"bitmap","ascent":8,"file":"minecraft:font/6fef0eb7542243b1876c5624f9f3f8ab/ef62369aa4f347db9657623bc16e7665.png","height":8,"chars":["乞"]},{"type":"bitmap","ascent":8,"file":"minecraft:font/058f23a101d747a4bb773b970ce7728a/d771a280b63e471c84ec12661c87d707.png","height":8,"chars":["也"]},{"type":"bitmap","ascent":8,"file":"minecraft:font/7eb787312a15484c9ec50ce7d50276b3/c3884e3c8274491eb59c117d472b472a.png","height":8,"chars":["习"]},{"type":"bitmap","ascent":8,"file":"minecraft:font/9996a0178ed04feba69c3ecf8aff6078/b06032ca078c4c5fa66037d88351c721.png","height":8,"chars":["乡"]},{"type":"bitmap","ascent":8,"file":"minecraft:font/51fe0e0b349f4748b695ed377317e110/d6aca507e55f4cd4af64d379107cf4ee.png","height":8,"chars":["乢"]},{"type":"bitmap","ascent":8,"file":"minecraft:font/4318a4ba93aa4afbb6345a734026f0ae/ebc0bdd23f08405c924f9467895714c0.png","height":8,"chars":["乣"]},{"type":"bitmap","ascent":8,"file":"minecraft:font/75a5558d50ef4c67b19461d90fee4c91/7241a6e112134a2cbfd82e0d96d290db.png","height":8,"chars":["乤"]},{"type":"bitmap","ascent":8,"file":"minecraft:font/e5b4cda868ec47eea3279f3cd1700565/c1a7425a468b4c408ad7c0728d378c3f.png","height":8,"chars":["乥"]},{"type":"bitmap","ascent":8,"file":"minecraft:font/928e2aff40484886917ce71af5fa7e29/8c918f16296b4b18aedacfe62a6c47d9.png","height":8,"chars":["书"]},{"type":"bitmap","ascent":8,"file":"minecraft:font/3d88427ab3f14b40ba2d4fc3a7f474da/d92c71e390904b49b8ca22e82d5291fb.png","height":8,"chars":["乧"]},{"type":"bitmap","ascent":8,"file":"minecraft:font/e57566239bb3488ba06d1b7f1c7cfd39/799c5145f8ea4a98a0e77b56fe585dcb.png","height":8,"chars":["乨"]},{"type":"bitmap","ascent":8,"file":"minecraft:font/2e74a970b0dc4c989d4220a50ec77aea/6e600f9f0ecd4b3c964eb843daefca6d.png","height":8,"chars":["乩"]},{"type":"bitmap","ascent":8,"file":"minecraft:font/80eb9bdb2f614d3a9c78bb5552f1082b/266755113c1f4823bf5826c6caf28d9f.png","height":8,"chars":["乪"]},{"type":"bitmap","ascent":8,"file":"minecraft:font/6e394ebb080948b1b271d376d2b156a4/ab7a68ad3d2b4218af7c1389895d742e.png","height":8,"chars":["乫"]},{"type":"bitmap","ascent":8,"file":"minecraft:font/62bb44b8f0394ce0b37ccb707a8ab2a6/221faa1772fd44d587902db113001dcd.png","height":8,"chars":["乬"]},{"type":"bitmap","ascent":8,"file":"minecraft:font/f2cd8ae44248460d9d4f1db0e1694af7/80fc8dc951ee435f8c19aaf1dd835bdd.png","height":8,"chars":["乭"]},{"type":"bitmap","ascent":8,"file":"minecraft:font/9273b13dcd334e64bbfd8d471ed59e3e/590836c423b64ec1b6fa67eba998bcf7.png","height":8,"chars":["乮"]},{"type":"bitmap","ascent":8,"file":"minecraft:font/c4a365b896d74b18bd53f43fc13e7ecf/3cb6b5bfb0b4461a8cbbb107327e97d3.png","height":8,"chars":["乯"]},{"type":"bitmap","ascent":8,"file":"minecraft:font/2cb7feb2350547148cfcb6487ae8a796/07e8aa71670a4db2bc0d689ffece523b.png","height":8,"chars":["买"]},{"type":"bitmap","ascent":8,"file":"minecraft:font/fef3936cf27d4d918ac745fcb14706a7/f4d5b5fd333b4e41b2f11179081dfded.png","height":8,"chars":["乱"]},{"type":"bitmap","ascent":8,"file":"minecraft:font/51727d0f4a304a94a109b90ea0a79957/6b6f76284c5a42ecb078f3a899d5acc5.png","height":8,"chars":["乲"]},{"type":"bitmap","ascent":8,"file":"minecraft:font/2192f91ad1fa443ea633f3b5cf5b7ab9/bb9261e5984f48468b5b0352a3458eef.png","height":8,"chars":["乳"]},{"type":"bitmap","ascent":8,"file":"minecraft:font/e9eeead59b91439f85e1fbf8010dca13/450b123e4aea4a9fa84a4a5650c2da83.png","height":8,"chars":["乴"]},{"type":"bitmap","ascent":8,"file":"minecraft:font/eb6de798824d4fc6a9ce6c3e6a7a009b/23b48563538c429486c833e64f7836b9.png","height":8,"chars":["乵"]},{"type":"bitmap","ascent":8,"file":"minecraft:font/d25cd5f824784ef7ab7d3a183c4853a0/e9e2f99c2a304d81aee4f8f01e376d98.png","height":8,"chars":["乶"]},{"type":"bitmap","ascent":8,"file":"minecraft:font/5ac6be85ac164294852aea255f0ce371/a564b589d4a847d2b3183ef2547d4598.png","height":8,"chars":["乷"]},{"type":"bitmap","ascent":8,"file":"minecraft:font/65dc3b8dbcff455294f746a55916f1a1/2408f2697d5a4d7d8b0c80a994047471.png","height":8,"chars":["乸"]},{"type":"bitmap","ascent":8,"file":"minecraft:font/7d79077a7bc74df6aacf5cf4ca999768/f6524a7cd9994e1998d6d2e9b1d07a48.png","height":8,"chars":["乹"]},{"type":"bitmap","ascent":8,"file":"minecraft:font/b1c35d09f4844a8d9e7e61d835201034/7f3869959f25444ead51a5abf3a84834.png","height":8,"chars":["乺"]},{"type":"bitmap","ascent":8,"file":"minecraft:font/c3da99f6d4a94475bda8f1a46351a593/7f9eef42bd2d4086a7e55cccbbca533e.png","height":8,"chars":["乻"]},{"type":"bitmap","ascent":8,"file":"minecraft:font/9f3f92e21fff4b8fb328546f2163bf1f/63603d174daa4dcfa12745787bf26589.png","height":8,"chars":["乼"]},{"type":"bitmap","ascent":8,"file":"minecraft:font/200041771d0d4d47aab58de002ce4d47/a61e18e1c4be4b878d56e80c4fd3f31c.png","height":8,"chars":["乽"]},{"type":"bitmap","ascent":8,"file":"minecraft:font/9ae7f8d19c0248fd92709a9e4ba78b92/c84320367a5040188024e70cf6bbd1d6.png","height":8,"chars":["乾"]},{"type":"bitmap","ascent":8,"file":"minecraft:font/fcca2feadd3a43e4a4f77b1c93492b6d/94758c7bc2b64b498d3df250e068c62f.png","height":8,"chars":["乿"]},{"type":"bitmap","ascent":8,"file":"minecraft:font/78d4bff9e9a0487780893fe20de910cf/a02cc73bd89247c588fa0a020cf77586.png","height":8,"chars":["亀"]},{"type":"bitmap","ascent":8,"file":"minecraft:font/7897cfbe09ea4ca19b3550a371a634be/7363bd766a034ef99a2696f3bf469386.png","height":8,"chars":["亁"]},{"type":"bitmap","ascent":8,"file":"minecraft:font/e1d7b35a4b754ea292d4309255d934ec/d07d0f79503a4af99381ac81abb8ff37.png","height":8,"chars":["亂"]},{"type":"bitmap","ascent":8,"file":"minecraft:font/c6fa5e9246424f90ad8923cd3ef80393/572c8f44732743d0beb907465b6d59cc.png","height":8,"chars":["亃"]},{"type":"bitmap","ascent":8,"file":"minecraft:font/672f6e5efef04fb990863941201e60e6/33ada3d8aea84ca68d5bb6e90ea50c80.png","height":8,"chars":["亄"]},{"type":"bitmap","ascent":8,"file":"minecraft:font/c3a804cb0a834b508e40a2c7c2368769/c4cb9066b66148c583e15eafec62cd32.png","height":8,"chars":["亅"]},{"type":"bitmap","ascent":8,"file":"minecraft:font/e94d570ddaa440e78bba786e8cc936be/a20ed82759f44b7b81b3070a9485cfbe.png","height":8,"chars":["了"]},{"type":"bitmap","ascent":8,"file":"minecraft:font/603e5d87d6a143e0882bc1c1714929b6/30a66afa32c64135b3f3082a4fbce090.png","height":8,"chars":["亇"]},{"type":"bitmap","ascent":8,"file":"minecraft:font/5a8bdaf0e918449b995fa93d09a4f122/556e2dc0c472490a8a362ab6d0182dce.png","height":8,"chars":["予"]},{"type":"bitmap","ascent":8,"file":"minecraft:font/4e0e57372ff046ccbe5c549b4a4b7bb9/1223ceaa638b480488848fbfb8392b40.png","height":8,"chars":["争"]},{"type":"bitmap","ascent":8,"file":"minecraft:font/0facff42a1024e6da2034a3f77f1db81/4a9fdd708eff43108f4ba363f45e0ba1.png","height":8,"chars":["亊"]},{"type":"bitmap","ascent":8,"file":"minecraft:font/bac6f96fc5bf4e758bca11d234c50bc7/dda3303f0b5e48288b2f9b57dae9742a.png","height":8,"chars":["事"]},{"type":"bitmap","ascent":8,"file":"minecraft:font/dfeb57f060ed44aa9b003060c9d171f6/a1285bec51274433a6c5aaa2c5a889e5.png","height":8,"chars":["二"]},{"type":"bitmap","ascent":8,"file":"minecraft:font/9f847353c72c4647a3a68eb8dcdeaaae/b06d81cd5eef44118eb45adf9f5b680e.png","height":8,"chars":["亍"]},{"type":"bitmap","ascent":8,"file":"minecraft:font/9ad8bcef1d494afab986c27f428a06f7/635d951f107f4012aa06dff3413f7a86.png","height":8,"chars":["于"]},{"type":"bitmap","ascent":8,"file":"minecraft:font/4d41f01417f34c7b9b27f8dffbac5456/4034bfb344fb40b88d44c79f024975b3.png","height":8,"chars":["亏"]},{"type":"bitmap","ascent":8,"file":"minecraft:font/d08168248aaa4ce2a558430d1f0d755c/8c6a686b70ff4469a8c36adaa0604e36.png","height":8,"chars":["亐"]},{"type":"bitmap","ascent":8,"file":"minecraft:font/3afd5f7a771a4c308573399de139e8be/cf5900527d5f47e3a452f27023f08394.png","height":8,"chars":["云"]},{"type":"bitmap","ascent":8,"file":"minecraft:font/e87723a1526e48fd9fa1b1545c707156/7008e6455676480b8a1ab266ed9756ef.png","height":8,"chars":["互"]},{"type":"bitmap","ascent":8,"file":"minecraft:font/7c95c86908814424a823a55b934590f5/86b2e50c096e4a7687eed68b8614ea1f.png","height":8,"chars":["亓"]},{"type":"bitmap","ascent":8,"file":"minecraft:font/7e0f06f3aa57462a9f4bb622fe93b159/21a8990a0ef447bbaa16e560323c700b.png","height":8,"chars":["五"]},{"type":"bitmap","ascent":8,"file":"minecraft:font/d49c71c170494ec8833fdf2c73762045/3c44dbedf7d546838122f41fa2b41b0c.png","height":8,"chars":["井"]},{"type":"bitmap","ascent":8,"file":"minecraft:font/e5e5f0fa10ef4f60b6465caab859fdd7/07a1b2a4761a4dcca28ff8090a815b79.png","height":8,"chars":["亖"]},{"type":"bitmap","ascent":8,"file":"minecraft:font/4bed33fb74fc4b9ab3965ff0daca8bc1/f7f9cdee5055414294066e9226b81ae8.png","height":8,"chars":["亗"]},{"type":"bitmap","ascent":8,"file":"minecraft:font/9eb328d646b14944a95ab48c6f202541/e9ef4f93cf0640808efb1081d0b0a1c8.png","height":8,"chars":["亘"]},{"type":"bitmap","ascent":8,"file":"minecraft:font/e5ee67d763b546e5b19b8f4ec8d0c915/43ecb99e50954c3d8accd5d6d6d521b8.png","height":8,"chars":["亙"]},{"type":"bitmap","ascent":8,"file":"minecraft:font/bb7394a328a5498288aa03005f33238f/801a1660c9be44ac90505be5d95c50be.png","height":8,"chars":["亚"]},{"type":"bitmap","ascent":8,"file":"minecraft:font/3af99623c2a34dfab3036193141855d6/a867b2532e024655b9c0d3355af05e28.png","height":8,"chars":["些"]},{"type":"bitmap","ascent":8,"file":"minecraft:font/bed3b91ffa654adab727f59cfb645998/1ce27d0a3c2e42e383090f424454ff58.png","height":8,"chars":["亜"]},{"type":"bitmap","ascent":8,"file":"minecraft:font/281a7d50e9f54049b0c4a418f98e7c64/41e3f41fe8f342e3a7adb27c12f9b65f.png","height":8,"chars":["亝"]},{"type":"bitmap","ascent":8,"file":"minecraft:font/0305d30847164c9898503973254fff5a/40545abcbe9c461280c678d4eda5ac20.png","height":8,"chars":["亞"]},{"type":"bitmap","ascent":8,"file":"minecraft:font/a513a0cbddb847f6a084097d01039b90/67584d915d87449283780a272a23c713.png","height":8,"chars":["亟"]},{"type":"bitmap","ascent":8,"file":"minecraft:font/6aee6532d9e84760817597cad013b4b4/7e4cf028046e4c758a92acb24632fa5b.png","height":8,"chars":["亠"]},{"type":"bitmap","ascent":8,"file":"minecraft:font/739a8d51e1784b929c706c5dca1951cb/30ffce2b6d0c446292a275bea950bcca.png","height":8,"chars":["亡"]},{"type":"bitmap","ascent":8,"file":"minecraft:font/1e98fbed780d42fcba5b0ff99b45a597/2092bf25c13c4ce4a005128472b9ba4d.png","height":8,"chars":["亢"]},{"type":"bitmap","ascent":8,"file":"minecraft:font/66765b956bff4371877936c49316b41a/0e05efe977a74266984f667ae3934fe8.png","height":8,"chars":["亣"]},{"type":"bitmap","ascent":8,"file":"minecraft:font/30ffd548ce104ab28e90d12b6f62710b/c96de57ca12841c282296c32fe0d296b.png","height":8,"chars":["交"]},{"type":"bitmap","ascent":8,"file":"minecraft:font/6a883a2ef18b405a93381e7777dd829d/30328a7d0a6e48ce95eb9d1bbe9997c0.png","height":8,"chars":["亥"]},{"type":"bitmap","ascent":8,"file":"minecraft:font/0ae6671a582a44f388b4cda605fa96d6/4ab19bbabd9b47a38d1a3451d76b1e2f.png","height":8,"chars":["亦"]},{"type":"bitmap","ascent":8,"file":"minecraft:font/b26614282fb24181800c065e47bff48e/512d42cbc1094db88a62c3f62695b281.png","height":8,"chars":["产"]},{"type":"bitmap","ascent":8,"file":"minecraft:font/d9e3c6779808497eafd936c809fddfbf/7bb123c6544d4c8499c20abcbdcf2544.png","height":8,"chars":["亨"]},{"type":"bitmap","ascent":8,"file":"minecraft:font/0671513877d041469b5256997d7deecc/c9b867d94a0d451098400c57998505aa.png","height":8,"chars":["亩"]},{"type":"bitmap","ascent":8,"file":"minecraft:font/59ee6a96cbd54f8d9796af2b2f29bf2b/3f326d3501e2488794c539b868221913.png","height":8,"chars":["亪"]},{"type":"bitmap","ascent":8,"file":"minecraft:font/14da04b3406c467b96b0e7b517b08a65/7960caf7f6074d0c92f430c3ff72f3fd.png","height":8,"chars":["享"]},{"type":"bitmap","ascent":8,"file":"minecraft:font/285368d466694c73b3c0d204ab98386d/8c9fe0314310482cb1d51ba93b40f4b1.png","height":8,"chars":["京"]},{"type":"bitmap","ascent":8,"file":"minecraft:font/dd7ecd1c905949ad8dcb1e7cf92c5b9a/ece401c586dd42929f7a0a19712d2ae4.png","height":8,"chars":["亭"]},{"type":"bitmap","ascent":8,"file":"minecraft:font/6caae23ea8bb4d558054b1b23f8fcba7/e2dd0d6830b041ddaaaeb07369dc8a2f.png","height":8,"chars":["亮"]},{"type":"bitmap","ascent":8,"file":"minecraft:font/b601426c2a4941c0a292e9ff7b65d2fa/558b41edd3084bfba4e75bf5557f65ca.png","height":8,"chars":["亯"]},{"type":"bitmap","ascent":8,"file":"minecraft:font/b14eb387f44f4e349378757231611ffa/d4afdffc06c045ca8001487bac726f35.png","height":8,"chars":["亰"]},{"type":"bitmap","ascent":8,"file":"minecraft:font/f04bff29ab634757811c0039ab6647eb/6967f0db6fe74397b6c56c0e5ca091d4.png","height":8,"chars":["亱"]},{"type":"bitmap","ascent":8,"file":"minecraft:font/577e77e3c3f14a5bac0ff8c4c95991ce/a69bb5df6f5e4f71b486dfd5d305ae35.png","height":8,"chars":["亲"]},{"type":"bitmap","ascent":8,"file":"minecraft:font/a20145bd325e450f976b2d35957bbd11/9e93c5ef2c244ef9a69af3a9a2e79ca0.png","height":8,"chars":["亳"]},{"type":"bitmap","ascent":8,"file":"minecraft:font/dc099975c4f6429385589a1c6a4ce89b/3224f4f354364827ab93abc6a482ad9a.png","height":8,"chars":["亴"]},{"type":"bitmap","ascent":8,"file":"minecraft:font/875e6833992a425f9993d41a7a84d2fa/925914d9bb7f4cd99bf6dc661e2a22f5.png","height":8,"chars":["亵"]},{"type":"bitmap","ascent":8,"file":"minecraft:font/fea424cef56041449e5e2bb679fe6c2f/01b319d83ec84b99addb2a168b918555.png","height":8,"chars":["亶"]},{"type":"bitmap","ascent":8,"file":"minecraft:font/b0ec9f29bb144aa994f43e93428bdf48/a48941019be146118abe8268adfb5323.png","height":8,"chars":["亷"]},{"type":"bitmap","ascent":8,"file":"minecraft:font/9577ef3d4b1b459382eb1070d50160b7/cea6ec5c589d42f9bac42eb2cc97b978.png","height":8,"chars":["亸"]},{"type":"bitmap","ascent":8,"file":"minecraft:font/bde77134fe7f4cbdbefd8482ee688456/9bd67c39a5d44bde98a3b5f6d96491bb.png","height":8,"chars":["亹"]},{"type":"bitmap","ascent":8,"file":"minecraft:font/9581a7f43edc4305be952afe5a23c9ee/de100671f3e64b6a8e714e6464ce0aca.png","height":8,"chars":["人"]},{"type":"bitmap","ascent":8,"file":"minecraft:font/60283d4f2f494cf78f4b6cdc51c88e6a/070c61bc843b472085f5e14d98954781.png","height":8,"chars":["亻"]},{"type":"bitmap","ascent":8,"file":"minecraft:font/dff89d1369884a88a32f07f9547fad04/efe33bb3e1434a0aa96555a1318d72d9.png","height":8,"chars":["亼"]},{"type":"bitmap","ascent":8,"file":"minecraft:font/9c6a36aa87de47f8826ec833d62fbe5f/c95c62e2a79e42a6aa8b84cf0d554186.png","height":8,"chars":["亽"]},{"type":"bitmap","ascent":8,"file":"minecraft:font/331affe3b0f24427991fcd6cb9206d56/ac98101117d440568f1005c7f5a8411b.png","height":8,"chars":["亾"]},{"type":"bitmap","ascent":8,"file":"minecraft:font/768676b05c804868bf452ef211a6a415/87dae7407f2040c5b6e3f03c806c31d5.png","height":8,"chars":["亿"]},{"type":"bitmap","ascent":8,"file":"minecraft:font/644d375f1fbd4af987005889ab7a5201/11d7255a666740a8bbdcdec660bd14a0.png","height":8,"chars":["什"]},{"type":"bitmap","ascent":8,"file":"minecraft:font/b2b1fb1db22d45bcb0c5b39583320aaa/a71150970f6a4111b6ea0c16c33b6547.png","height":8,"chars":["仁"]},{"type":"bitmap","ascent":8,"file":"minecraft:font/13c6c376d7084a47be77f322c787fe46/0124912260c24a0aa6a9795125099a7e.png","height":8,"chars":["仂"]},{"type":"bitmap","ascent":8,"file":"minecraft:font/a39606681f1e4a68bec9ee44c50f5029/7d0b4561655749a8a9783e93d09b4156.png","height":8,"chars":["仃"]},{"type":"bitmap","ascent":8,"file":"minecraft:font/40418632f9d3400fb58a127f6a5a1ab2/e9c9522107484a31b1770f04dd02257b.png","height":8,"chars":["仄"]},{"type":"bitmap","ascent":8,"file":"minecraft:font/ca7e26c7ee194c73af30fb34249df24c/0ed93a44718d4d7cbbaf6abcb2dca1a6.png","height":8,"chars":["仅"]},{"type":"bitmap","ascent":8,"file":"minecraft:font/12e23221866b403cafc29d29118ca705/985b8dbbbcb64e63a4a6dbeb03eed21d.png","height":8,"chars":["仆"]},{"type":"bitmap","ascent":8,"file":"minecraft:font/a713ebd9ac78456e8fe5aeb9be182cea/0b59a482a1bb4bd080bfbc4fffda1570.png","height":8,"chars":["仇"]},{"type":"bitmap","ascent":8,"file":"minecraft:font/476064601c3e4612aadf66a377f6d466/ad8ab718c6c040fe8d30947fe2175649.png","height":8,"chars":["仈"]},{"type":"bitmap","ascent":8,"file":"minecraft:font/acb5df562be142cc8273809cc40f0d38/786aa60583e948938615d55ca099ccdc.png","height":8,"chars":["仉"]},{"type":"bitmap","ascent":8,"file":"minecraft:font/9d845e52227e40568590398b7f625432/6989c929830a474396473030c367ee06.png","height":8,"chars":["今"]},{"type":"bitmap","ascent":8,"file":"minecraft:font/9a11d11f4597419f9a37a75d102d879b/560bc91711514dfdb9df91c1bdb074d3.png","height":8,"chars":["介"]},{"type":"bitmap","ascent":8,"file":"minecraft:font/9e8d9fd21d4f470fb97a6b0a28fbc826/686578449604490891da795ac5793f02.png","height":8,"chars":["仌"]},{"type":"bitmap","ascent":8,"file":"minecraft:font/dc0dec1ea2d64b228a3e90d9390c8dcf/cd63e8a552b741f18ed3332339bdbc4e.png","height":8,"chars":["仍"]},{"type":"bitmap","ascent":8,"file":"minecraft:font/784437c341d14427a008873b94dc525d/c2ffac10e78a4f8bb73af3533a859006.png","height":8,"chars":["从"]},{"type":"bitmap","ascent":8,"file":"minecraft:font/bbc71f49ccab451ea3f12c117f269b27/c343580d3d924ed7a6d18e11f2e014fd.png","height":8,"chars":["仏"]},{"type":"bitmap","ascent":8,"file":"minecraft:font/0bf031a31dbd4475b6f9e783e361dd7b/952823d4099649789d83da1094907632.png","height":8,"chars":["仐"]},{"type":"bitmap","ascent":8,"file":"minecraft:font/1acd26545833441491f7b58ddd11d994/3dd32ee7bb274fcc9284ba099d1f2b00.png","height":8,"chars":["仑"]},{"type":"bitmap","ascent":8,"file":"minecraft:font/c9f62d30f7434cce82625ec886f29dcf/be9df2bc1faa479183269b9b16205f41.png","height":8,"chars":["仒"]},{"type":"bitmap","ascent":8,"file":"minecraft:font/033a6dbfbe0a46c4a3f8580fa5ab66b8/8ebc28dfea44475c9b6d1ca01646ed00.png","height":8,"chars":["仓"]},{"type":"bitmap","ascent":8,"file":"minecraft:font/f54e033ca1364466987c84a73ff3bbc6/842b35437de6404a9c9e659be99d8c7e.png","height":8,"chars":["仔"]},{"type":"bitmap","ascent":8,"file":"minecraft:font/7b3f0dac349a4ad18c0de23d21ceca9c/9541f3bf26d94b01a90e6699feba3d3b.png","height":8,"chars":["仕"]},{"type":"bitmap","ascent":8,"file":"minecraft:font/5e76f17500324dc6966df5fbc000fc7e/986723d950eb45c79179a8828ec85d99.png","height":8,"chars":["他"]},{"type":"bitmap","ascent":8,"file":"minecraft:font/5c9f5aa911b04444837f8f74284ac271/4b44806512044ff7a282e836f2f27527.png","height":8,"chars":["仗"]},{"type":"bitmap","ascent":8,"file":"minecraft:font/8ba8630155654108b3a76759c5cfe462/bea5d79a7bc14deb880249ace8236fb6.png","height":8,"chars":["付"]},{"type":"bitmap","ascent":8,"file":"minecraft:font/fa65d5ea61864e4faaa4dce693fc38e3/5bf74162465b4c0b973dfcd1b0c0d9b9.png","height":8,"chars":["仙"]},{"type":"bitmap","ascent":8,"file":"minecraft:font/3e959e108de94a45a22aef2805eef2b9/2b3658226690458489829e5c3a25249f.png","height":8,"chars":["仚"]},{"type":"bitmap","ascent":8,"file":"minecraft:font/1f786622dc3c49aead06d26111cc1dd5/fc17e4d8c905439caa35d1dc7aca3406.png","height":8,"chars":["仛"]},{"type":"bitmap","ascent":8,"file":"minecraft:font/851b168968334760a1302115437ca2b4/fae708fe3e00419094ddefd430e00105.png","height":8,"chars":["仜"]},{"type":"bitmap","ascent":8,"file":"minecraft:font/3367b94d7c0e4dddbcb589a19b4889fe/d20e4ef005f24e0dab2ba30eda95c079.png","height":8,"chars":["仝"]},{"type":"bitmap","ascent":8,"file":"minecraft:font/e386255bad024de683791ec2f03c17ae/c3cc0a023d2f45999bba9c266a2cf685.png","height":8,"chars":["仞"]},{"type":"bitmap","ascent":8,"file":"minecraft:font/19f9ab2eec774b64bddb36a2f5cee988/50f34642500b4b40ae24d5b9d7faed1d.png","height":8,"chars":["仟"]},{"type":"bitmap","ascent":8,"file":"minecraft:font/f51a355219a14ace9bc1d6cfa0ceac3a/06560766203640dbb3dd42377a862c10.png","height":8,"chars":["仠"]},{"type":"bitmap","ascent":8,"file":"minecraft:font/0d11f1ff67aa4b6d874c4188a573ae3e/ddc50f639a6e491caea68efbdf132711.png","height":8,"chars":["仡"]},{"type":"bitmap","ascent":8,"file":"minecraft:font/2a22de63821541d2831bf429b3c08465/be48a1d90beb4ff79418ceff3a4a74d7.png","height":8,"chars":["仢"]},{"type":"bitmap","ascent":8,"file":"minecraft:font/a0d5040984cd428393e2ff24864dd8b6/03421982d9cc48589d9cf1d4286d9209.png","height":8,"chars":["代"]},{"type":"bitmap","ascent":8,"file":"minecraft:font/32c00ed8ea2b4fe8995ef74fada9a6db/99b779188dcb4f91990870106aa73b11.png","height":8,"chars":["令"]},{"type":"bitmap","ascent":8,"file":"minecraft:font/39b2b90a11524d7d9de5c6dd860a5a78/3be53f04d1544ecfa559e1af96b86949.png","height":8,"chars":["以"]},{"type":"bitmap","ascent":8,"file":"minecraft:font/9fc7ef8d24504c95a6b0bde21c411dcc/828d6d251ca84329bc61ffb3cf649712.png","height":8,"chars":["仦"]},{"type":"bitmap","ascent":8,"file":"minecraft:font/941ab909e45443468824678f733265f2/d2ddf45a503b4a5fa1577bf2078eca47.png","height":8,"chars":["仧"]},{"type":"bitmap","ascent":8,"file":"minecraft:font/20539debb6aa42a18ddf2599e6b98bc1/84958dc55c4f4dcc8cb8bd8db73e6985.png","height":8,"chars":["仨"]},{"type":"bitmap","ascent":8,"file":"minecraft:font/b1335b8d12c54be786b8248072ee94e0/9865ab61e6a14e6da71a556e8fc96506.png","height":8,"chars":["仩"]},{"type":"bitmap","ascent":8,"file":"minecraft:font/89844432675143a9a161eb20aef927f7/6628d6526ab943ddbb353b984cab6e2d.png","height":8,"chars":["仪"]},{"type":"bitmap","ascent":8,"file":"minecraft:font/4ea0a1bff9e44475a64e472a0a5639b1/94d02978037e4570b357519a14e17098.png","height":8,"chars":["仫"]},{"type":"bitmap","ascent":8,"file":"minecraft:font/f3d518db79784745a8ed68a5ed722a0a/f40204d5c4d34dbc8ebe21e05a3a956a.png","height":8,"chars":["们"]},{"type":"bitmap","ascent":8,"file":"minecraft:font/3c6bfddec3e64344986e5edb76b23dfb/a9fd92f6b2ce43eaa8938133e9538a3b.png","height":8,"chars":["仭"]},{"type":"bitmap","ascent":8,"file":"minecraft:font/526e8f9c7b284432a68f0bcac4c4fa3a/90d2ce0fc36c4847a28344e1aeb3d522.png","height":8,"chars":["仮"]},{"type":"bitmap","ascent":8,"file":"minecraft:font/e721c60d74164ac8be359daf5b6fb37a/41a75a06bfb34051884b1c478c37d8c4.png","height":8,"chars":["仯"]},{"type":"bitmap","ascent":8,"file":"minecraft:font/bbb8b10dae5145a4a764d0ff4b718904/989ff25f52184584ace8ae581f942704.png","height":8,"chars":["仰"]},{"type":"bitmap","ascent":8,"file":"minecraft:font/2083986667f04a95b4b2d76ec54fa8ca/93a4f6f8b429419a97812b6514e12461.png","height":8,"chars":["仱"]},{"type":"bitmap","ascent":8,"file":"minecraft:font/6a568745e31043518f1fa3f465719609/8f2eebc4e534422d9a780546d73eb2e6.png","height":8,"chars":["仲"]},{"type":"bitmap","ascent":8,"file":"minecraft:font/f5feaf113cb14fa9bc6cd6693ea36d32/378db5da134d4166b7ec29204318766e.png","height":8,"chars":["垗"]},{"type":"bitmap","ascent":8,"file":"minecraft:font/cba60d64a7e547a69be03568b3cf6956/4c108901f0264374a7c3cace84e15aa1.png","height":8,"chars":["仳"]},{"type":"bitmap","ascent":8,"file":"minecraft:font/0c95ebd002f34cec9fc8fd8f1e581be6/4facc92ef97b4c11bc1a992a983f647a.png","height":8,"chars":["仴"]},{"type":"bitmap","ascent":8,"file":"minecraft:font/37e1113ecb7c42dea4ec10897b3d93ea/358bd94a46314394ae66a8aaa030a824.png","height":8,"chars":["仵"]},{"type":"bitmap","ascent":8,"file":"minecraft:font/05cc47f3fa4f462a968010103d098fb5/7751aaff7ce14e2fbb06c53e71e2b191.png","height":8,"chars":["件"]},{"type":"bitmap","ascent":8,"file":"minecraft:font/2b087fb2e986497bb649f4d5eea0d737/a99427683f6f4335a748b29fdb838d1f.png","height":8,"chars":["价"]},{"type":"bitmap","ascent":8,"file":"minecraft:font/258a4efa48e54ca28ed6e6f9ae5a38ff/73c6f847635d460d9a8f9e9449245507.png","height":8,"chars":["仸"]},{"type":"bitmap","ascent":8,"file":"minecraft:font/14e0b8143af24c8ea18d55771273ea50/a6a4e8ddcdfc44aa9d7d693b53384ff2.png","height":8,"chars":["仹"]},{"type":"bitmap","ascent":8,"file":"minecraft:font/1c6dabbd840b4d51a4491d241e44503b/4d39cafe34e74d5b89e5101a6d297f9d.png","height":8,"chars":["仺"]},{"type":"bitmap","ascent":8,"file":"minecraft:font/e2a8cc234f424f88b37a1c8180ef9efd/9654ef154d124835bf3c4773333e85f4.png","height":8,"chars":["任"]},{"type":"bitmap","ascent":8,"file":"minecraft:font/5fbbfad7972141d5b0bb285f9b427bcf/5dd8c83d4d3f43be9e3b571ad539a823.png","height":8,"chars":["仼"]},{"type":"bitmap","ascent":8,"file":"minecraft:font/431b7db297e04ca49099e6aaad243b04/3ff31e6524784d15bd34406969cbf0d4.png","height":8,"chars":["份"]},{"type":"bitmap","ascent":8,"file":"minecraft:font/d7efacd635e64d8ebf8073065cb6536f/c2d107684ea643a29f2d28c0da0dce68.png","height":8,"chars":["仾"]},{"type":"bitmap","ascent":8,"file":"minecraft:font/ac03a8e894554b238d8691e4bb6c3ac5/59c6250cbb3b4be4a9b4b0de02b81703.png","height":8,"chars":["仿"]},{"type":"bitmap","ascent":8,"file":"minecraft:font/bafe70c12dbc40129988b27addae3882/4a05ead92599411e926ae49c9fe4806e.png","height":8,"chars":["伀"]},{"type":"bitmap","ascent":8,"file":"minecraft:font/a5c8076b504a4cc486f530aea56cc0cc/63147432d53b47318df68f78f0d87b4e.png","height":8,"chars":["企"]},{"type":"bitmap","ascent":8,"file":"minecraft:font/0835f85a80d34c74b4831283a227efe4/8efb10cacc094b3a865d300cfd47570c.png","height":8,"chars":["伂"]},{"type":"bitmap","ascent":8,"file":"minecraft:font/96e2ead183cf40a38ab500d8727420c8/3aab570052cd4c5e8554b21db95f64c3.png","height":8,"chars":["伃"]},{"type":"bitmap","ascent":8,"file":"minecraft:font/24040912eadc4b639e51ae5312f85e2b/9edca87904ac47caa793b1b74cbb621f.png","height":8,"chars":["伄"]},{"type":"bitmap","ascent":8,"file":"minecraft:font/96f27a0c332c4db68b77f7839e35e5c0/b2419e5818354fb68445fecf5e7e1f98.png","height":8,"chars":["伅"]},{"type":"bitmap","ascent":8,"file":"minecraft:font/e6bb94fa2de64b0493aea1e254189f8b/ea10fc88774f4bf9995f4526f2285630.png","height":8,"chars":["伆"]},{"type":"bitmap","ascent":8,"file":"minecraft:font/c8cedd9bfd0c466e8765947c33977766/af51536e56de4d89801bd9116c15c519.png","height":8,"chars":["伇"]},{"type":"bitmap","ascent":8,"file":"minecraft:font/899043c9d5c84315ab3249f2779cf947/d2d99a6579bc47fea4219b88f3651746.png","height":8,"chars":["伈"]},{"type":"bitmap","ascent":8,"file":"minecraft:font/36989edbf58243f385d02dea3648c3af/ef95324c23004890a251c83171343c83.png","height":8,"chars":["伉"]},{"type":"bitmap","ascent":8,"file":"minecraft:font/26c4b5b5fb724d97985bb0760ea3388a/4a08a9ef13b7451ca2ae646850fe761f.png","height":8,"chars":["伊"]},{"type":"bitmap","ascent":8,"file":"minecraft:font/904ed10f6b2e42f588d1cd4316574bce/66d4b01c064d480cb1a37645970f0e8d.png","height":8,"chars":["伋"]},{"type":"bitmap","ascent":8,"file":"minecraft:font/65565f9bc4cf47569a28a60a470f42ab/754299489f614f0ca54a093561210b99.png","height":8,"chars":["伌"]},{"type":"bitmap","ascent":8,"file":"minecraft:font/a12f8c31b9b34d3094fe80b7bd85c075/b51834b8412e48c988fb15f289ce9665.png","height":8,"chars":["伍"]},{"type":"bitmap","ascent":8,"file":"minecraft:font/c9f656fc590b45f49eb7b703408daa20/00194ea0e70847a78d148a82639aec71.png","height":8,"chars":["伎"]},{"type":"bitmap","ascent":8,"file":"minecraft:font/92f96a5c44d34170a0fd5d7666003314/b8fbd5a6fa664417817e8c7e6224dd24.png","height":8,"chars":["伏"]},{"type":"bitmap","ascent":8,"file":"minecraft:font/b1cd4631c1f84dff9bb25b7b436da2ba/4c075b9e83d147b283a48dc50caa6282.png","height":8,"chars":["伐"]},{"type":"bitmap","ascent":8,"file":"minecraft:font/af5267341f734e2e9b17676be63d8cd4/fdb1415edfda48778518185e5edddaf1.png","height":8,"chars":["休"]},{"type":"bitmap","ascent":8,"file":"minecraft:font/0f93ba3d4f574f61a9abd87fa5ed4412/5c89e640427b40348e2347e157963a21.png","height":8,"chars":["伒"]},{"type":"bitmap","ascent":8,"file":"minecraft:font/af284dcfc525422a9b47eeb6a4258525/3953be189fbd42b8a0044aa81a8c3a4c.png","height":8,"chars":["伓"]},{"type":"bitmap","ascent":8,"file":"minecraft:font/1d4606ec5eb7449baccee8c62af7298d/71e5f526bbf943289ad23eba417c5a3b.png","height":8,"chars":["伔"]},{"type":"bitmap","ascent":8,"file":"minecraft:font/df036cd52f7b42908472b480d3ff762e/08acdcf8b85b42dea1c31db12f8f8a87.png","height":8,"chars":["伕"]},{"type":"bitmap","ascent":8,"file":"minecraft:font/bff11a818ff74a6f81b815f188c5405c/f55c08eb856f4ceeacb6f8510f088985.png","height":8,"chars":["伖"]},{"type":"bitmap","ascent":8,"file":"minecraft:font/85f08d3fd5054d599269cedac80e522a/de9374889d184feba4c8ec4df6c6807c.png","height":8,"chars":["众"]},{"type":"bitmap","ascent":8,"file":"minecraft:font/43ac797d65104050848ec8c243f13358/d19921075e1f46d586e18b9ae061ac31.png","height":8,"chars":["优"]},{"type":"bitmap","ascent":8,"file":"minecraft:font/9b07842a3ac94e3a9c7393bd5e32592e/2921fab7d5ac47458cbbcbb32ff563a6.png","height":8,"chars":["伙"]},{"type":"bitmap","ascent":8,"file":"minecraft:font/79abc4a3d38543ad911512c25010355c/db7cc01f4b184d00ab6c6de5ee0d3544.png","height":8,"chars":["会"]},{"type":"bitmap","ascent":8,"file":"minecraft:font/e954011292f748b88712c2aaac56d993/ea8d82a32bb648738828440dd914c7c6.png","height":8,"chars":["偹"]},{"type":"bitmap","ascent":8,"file":"minecraft:font/61f80a83ad26438cb3185cae5d92e1e1/a2606b36f1b64b14b62960d8e1247ee7.png","height":8,"chars":["偺"]},{"type":"bitmap","ascent":8,"file":"minecraft:font/2822c101e76d4906ad064da4a0937253/5108a3fc2d6e4037bd388d5c1a3f8396.png","height":8,"chars":["偻"]},{"type":"bitmap","ascent":8,"file":"minecraft:font/47957c1718944b9886086078c5f57815/a9bb1ddd56fd4cfd8ad0af180535c5ca.png","height":8,"chars":["偼"]},{"type":"bitmap","ascent":8,"file":"minecraft:font/9c3ed267c48342e889b442605be5bb0e/60dae8fb6444410ea0ad8d560bb5b078.png","height":8,"chars":["偽"]},{"type":"bitmap","ascent":8,"file":"minecraft:font/da24e5b596dd4c01be74a0c8ec468a58/2d1bdbcbbf1f407aace00185c485cc0c.png","height":8,"chars":["偾"]},{"type":"bitmap","ascent":8,"file":"minecraft:font/89778e74361441eb81c97c17a2448c8d/36553370c80d40388389dd6d11813d45.png","height":8,"chars":["偿"]},{"type":"bitmap","ascent":8,"file":"minecraft:font/840e12c28e024d1fa988a30213f899b7/d216a75f5e9040fda037f99fb769db42.png","height":8,"chars":["傀"]},{"type":"bitmap","ascent":8,"file":"minecraft:font/417b8dc546c54d259fe260da6bfc5d34/4b591a8614d04558b5178c0f7a9fb6d9.png","height":8,"chars":["傁"]},{"type":"bitmap","ascent":8,"file":"minecraft:font/63b14630f0654b76827ee4e2a94e2a4e/841d4d7a674e4f05a3c74b361dc7cc40.png","height":8,"chars":["傂"]},{"type":"bitmap","ascent":8,"file":"minecraft:font/2e21b4374c3443508f787042b006f533/2387b737e7d844139925dbf2b7b235a0.png","height":8,"chars":["傃"]},{"type":"bitmap","ascent":8,"file":"minecraft:font/fd8f82131b414fe697f0d144cafd99b6/4fdff2e41ea247e78b912e64d5f842e1.png","height":8,"chars":["傄"]},{"type":"bitmap","ascent":8,"file":"minecraft:font/55c14379c05b477d82e8dcd911519453/11a87421c06a49928b279aa8e3310503.png","height":8,"chars":["傅"]},{"type":"bitmap","ascent":8,"file":"minecraft:font/fae8d0a198564c29ad93e777f2295371/6756e8e0b189485783089f61c28be61c.png","height":8,"chars":["傆"]},{"type":"bitmap","ascent":8,"file":"minecraft:font/28280c9a97dc4b7d809d633ba299416a/c8aacee9324f46be83bf60ea3d096ada.png","height":8,"chars":["傇"]},{"type":"bitmap","ascent":8,"file":"minecraft:font/8382c5d563644add876c88fd29cfde0c/37e80937354c4a429468e1774f75d6aa.png","height":8,"chars":["傈"]},{"type":"bitmap","ascent":8,"file":"minecraft:font/7d6c91077ab44bb1966ae5177acb27ea/8019474886ba449fbbc15b9d7cec40a8.png","height":8,"chars":["傉"]},{"type":"bitmap","ascent":8,"file":"minecraft:font/49eb3b4bcb5b4aa39ba13eb1d768ad47/5325cb6426f64105a71df874679ea658.png","height":8,"chars":["傊"]},{"type":"bitmap","ascent":8,"file":"minecraft:font/7aa68061ae22463f9f830ddc82f55c93/1260bb6a349c407d96d5fe7bf62075e8.png","height":8,"chars":["傋"]},{"type":"bitmap","ascent":8,"file":"minecraft:font/d3eb1679a3624f31b17f34caa31b3c1d/e2948ffcf9814790836eb7ac82c5e960.png","height":8,"chars":["傌"]},{"type":"bitmap","ascent":8,"file":"minecraft:font/64d834f126c743759b7a9cb9e9b9622d/e1aaf5fa643e49aeb09998beddd8b096.png","height":8,"chars":["垃"]},{"type":"bitmap","ascent":8,"file":"minecraft:font/78c52b6d8cd647de8ff20cfa31c8434f/d5bf3c7cfe4843568ca429060ab8bae1.png","height":8,"chars":["垄"]},{"type":"bitmap","ascent":8,"file":"minecraft:font/ee7b869c5eee4641899924d947b3c262/9e81621dac78441e9aee5b5359d5ae12.png","height":8,"chars":["垅"]},{"type":"bitmap","ascent":8,"file":"minecraft:font/56b10d51783e41cbae90cfb3277ae051/2a7444f67ff64ef28056d4e7174adec8.png","height":8,"chars":["垆"]},{"type":"bitmap","ascent":8,"file":"minecraft:font/bc4fce69ff714dbd91f56641dc0b71fb/de8a7d77225247078f00ab962be8e5c6.png","height":8,"chars":["垇"]},{"type":"bitmap","ascent":8,"file":"minecraft:font/143a995f2097412f8a3cdf94647e5a3e/666a3fe2221443d88c07a12da68f0fc0.png","height":8,"chars":["垈"]},{"type":"bitmap","ascent":8,"file":"minecraft:font/c2adf2f1dfa3467e83a7fd7c5c0cd9c7/ec2f33775cf44e5cb5102ebf2ef660c2.png","height":8,"chars":["垉"]},{"type":"bitmap","ascent":8,"file":"minecraft:font/7db24afcecdf47f48166be57510ac692/7fee463f25c44ff6b231caf7c66f0dac.png","height":8,"chars":["垊"]},{"type":"bitmap","ascent":8,"file":"minecraft:font/e7ef811657d24b19aa89e5b6625ebd6d/5d4a5b90ac1b44e9bd0abfee09643827.png","height":8,"chars":["型"]},{"type":"bitmap","ascent":8,"file":"minecraft:font/55b80abe9cb34610ad845006767d64b5/a3d136bc968345539a1efcaba03b8c05.png","height":8,"chars":["垌"]},{"type":"bitmap","ascent":8,"file":"minecraft:font/60bd2bec718f481080aaa4bc15cb1d53/44860c5907fa43f693c16455d219ff40.png","height":8,"chars":["垍"]},{"type":"bitmap","ascent":8,"file":"minecraft:font/ba49e88d698b48b9a884a05a81a23668/f4eef72f6f454c6da6b711e532efb6eb.png","height":8,"chars":["垎"]},{"type":"bitmap","ascent":8,"file":"minecraft:font/17309fe127b14f928c02fc902b5a2473/8273ac5d5b5a4219aaf738a01fc30cda.png","height":8,"chars":["垏"]},{"type":"bitmap","ascent":8,"file":"minecraft:font/694caf5cbeaa4e88a823387b392861ce/34792e3412b04561bd22cc42e0726e7e.png","height":8,"chars":["垐"]},{"type":"bitmap","ascent":8,"file":"minecraft:font/cdaaf7f761f8466a98311c2dcba9edc5/8d57d98831f145c2af0fd67f988165eb.png","height":8,"chars":["垑"]},{"type":"bitmap","ascent":8,"file":"minecraft:font/8603fbf48cc144dbac660120418fbf91/1934f65231704ecc9fd0e93aaa35d6ec.png","height":8,"chars":["垒"]},{"type":"bitmap","ascent":8,"file":"minecraft:font/a9f29985eec548e59392a2904ea369db/6be447027df14650823d5ed9ec97ccc2.png","height":8,"chars":["垓"]},{"type":"bitmap","ascent":8,"file":"minecraft:font/332991cea91f4a95b6460f6d6d88bd0a/2ae9ef1aae4948588fd2efd126038736.png","height":8,"chars":["垔"]},{"type":"bitmap","ascent":8,"file":"minecraft:font/e5c9fba4b3574b25b84ba4713c823422/38474006b8304c61952cbf752ab506bb.png","height":8,"chars":["垕"]},{"type":"bitmap","ascent":8,"file":"minecraft:font/2abbf097c14d48a398a2a939e3f82823/4a635c1c8d174d158d1b23a96bfe76b7.png","height":8,"chars":["垖"]},{"type":"bitmap","file":"font/pixel.png","ascent":-1000,"height":-2,"chars":["ᨓ"]},{"type":"bitmap","file":"font/pixel.png","ascent":-10000,"height":1,"chars":["ᨒ"]},{"type":"bitmap","file":"font/pixel.png","ascent":-10000,"height":-2,"chars":["⻙"]}]}