{"providers":[{"height":16,"file":"minecraft:font/53e2f56fbb8c4afe9820f0f54fa7fa04/1b4a788656654984a7b1fefe0bb99e3b.png","ascent":16,"type":"bitmap","chars":["一"]},{"height":8,"file":"minecraft:font/5f55bfee6e7c4172a2327f4776d78f62/6f526759809846ff919b71d5066d28b0.png","ascent":8,"type":"bitmap","chars":["丁"]},{"height":8,"file":"minecraft:font/30104dd3e7d24e57a42139189b51c3a3/4ad8fc76079b433e84e265aaae4def8a.png","ascent":8,"type":"bitmap","chars":["丂"]},{"height":8,"file":"minecraft:font/4082add6512246fb8a7aefbdb49d5e32/d2ed673ce9d042379aa9e2f0d68743b0.png","ascent":8,"type":"bitmap","chars":["七"]},{"height":8,"file":"minecraft:font/620c16403fe04fdcb88a559524f2d7f4/b170b6ca6ef24b788969bdc10ee4bafc.png","ascent":8,"type":"bitmap","chars":["丄"]},{"height":8,"file":"minecraft:font/4830fa87faef4b80bfced8e36c7b3e4e/c65cddc698cb49e59dc5c62bb81c2e1f.png","ascent":8,"type":"bitmap","chars":["丅"]},{"height":8,"file":"minecraft:font/06426d536bdd4cca90b2041b6d5b1286/b2958ee1362848dca80c0c8d3c5c49d7.png","ascent":8,"type":"bitmap","chars":["丆"]},{"height":8,"file":"minecraft:font/23a0c828c1a84d40a01104ffa0621939/1e4ca00d99b747618ff97a334bb47a1c.png","ascent":8,"type":"bitmap","chars":["万"]},{"height":8,"file":"minecraft:font/a01ce92da64e42c4a4384540069057da/2089aab5b54b46fca4066e23f31293b6.png","ascent":8,"type":"bitmap","chars":["丈"]},{"height":8,"file":"minecraft:font/f22e2f0dd70b46809f280d64faf64c94/30ca826ee2354507ab0b75f0de6c4166.png","ascent":8,"type":"bitmap","chars":["三"]},{"height":8,"file":"minecraft:font/110c3184c2aa4134afa4d981609b61df/62bb1bd4cad046b0821804e8057ee152.png","ascent":8,"type":"bitmap","chars":["上"]},{"height":8,"file":"minecraft:font/4b09854bc6bd46adb8bc2653aec6feb6/a6444f23d4e946cf87a546ada08d985d.png","ascent":8,"type":"bitmap","chars":["下"]},{"height":8,"file":"minecraft:font/deb3ec121a5b48e8b5fdb2f22fdb3445/7522fa888da2476b957e826488302bdf.png","ascent":8,"type":"bitmap","chars":["丌"]},{"height":8,"file":"minecraft:font/fbcb448d1c534703984fd845e1408663/740f73e64b28432ea93c5b4ad3934c3e.png","ascent":8,"type":"bitmap","chars":["不"]},{"height":8,"file":"minecraft:font/7acb63ecfa7c41889fbc2ff66bf56de4/bb7e2166fd404a7a8d0be28b9056ed41.png","ascent":8,"type":"bitmap","chars":["与"]},{"height":8,"file":"minecraft:font/0562e331b13e40a9acb0b6f6ca03423e/7d28044537934e20bedb860627a753ba.png","ascent":8,"type":"bitmap","chars":["丏"]},{"height":8,"file":"minecraft:font/090a90f080424d4f953c12957e55d5ac/cbcabadcfa5044d0928ebbc83c776b80.png","ascent":8,"type":"bitmap","chars":["丐"]},{"height":8,"file":"minecraft:font/965e6ff749ea4361b5ed01d30fb57d41/2b4a72f70d4b401cb2d90c559fc6720d.png","ascent":8,"type":"bitmap","chars":["丑"]},{"height":8,"file":"minecraft:font/6a15fad5c7874270815397c80b899f2e/4be334702b944d59b6a0334f4015d8a4.png","ascent":8,"type":"bitmap","chars":["丒"]},{"height":8,"file":"minecraft:font/b5c80ed912504c8ca845ba5a7bd2a4fa/167357ecdd2948f5b4eb582b6b09601d.png","ascent":8,"type":"bitmap","chars":["专"]},{"height":8,"file":"minecraft:font/f5d4fe0627fb45d8953bd0c639a9dd3c/acbfbb2630ac4acda33cf278dbf38e4b.png","ascent":8,"type":"bitmap","chars":["且"]},{"height":8,"file":"minecraft:font/a79fa7d830d744feb6e5443b573072b4/53cab74750c64156b8f8b48391ee27f7.png","ascent":8,"type":"bitmap","chars":["丕"]},{"height":8,"file":"minecraft:font/fb273223ad2f47b5aa088ae7d401ea7f/2ba47561f46c434f87492224a1a614c8.png","ascent":8,"type":"bitmap","chars":["世"]},{"height":8,"file":"minecraft:font/966fbd716dd14c0b97dae24bfc672865/1f8aa82bdf3746d99f4122f9e36f2705.png","ascent":8,"type":"bitmap","chars":["丗"]},{"height":8,"file":"minecraft:font/7d1f5145f8dc46ada86933477333d070/66ace6b74ec14c31ac55d5f241b71dc0.png","ascent":8,"type":"bitmap","chars":["丘"]},{"height":8,"file":"minecraft:font/80919046a8094c6f8b903e324f08835e/be2c782fe9b94b9db249e9596ab871b4.png","ascent":8,"type":"bitmap","chars":["丙"]},{"height":8,"file":"minecraft:font/2339e75bdb304b7f9628f142ff903360/fadde365eecb4223866e84be966b0f4c.png","ascent":8,"type":"bitmap","chars":["业"]},{"height":8,"file":"minecraft:font/1cbf16d612f34b05b87b8db830e91ca9/d5fb9bb436024e669488411b54bbedaf.png","ascent":8,"type":"bitmap","chars":["丛"]},{"height":8,"file":"minecraft:font/fb8325c6f4f94d21b80a8c56d65b5ad4/5aadf1b7ee394938bceb8d182e84fbee.png","ascent":8,"type":"bitmap","chars":["东"]},{"height":8,"file":"minecraft:font/11a6d1d7e3dd4fe68dc1ae020f6a6ddd/c2032143f1c2406bbb307edec8c0d534.png","ascent":8,"type":"bitmap","chars":["丝"]},{"height":8,"file":"minecraft:font/6def967d72744d0e92819f499b29158b/882e93c15eec4ecb84c2911bfdd500a0.png","ascent":8,"type":"bitmap","chars":["丞"]},{"height":8,"file":"minecraft:font/349a04c01399418d911e3eb3167842c0/491e99354d9740cf979e36dc0a3a3eb6.png","ascent":8,"type":"bitmap","chars":["丟"]},{"height":8,"file":"minecraft:font/0de5bf4f8534457c8717b9a8b19cc530/d69a12981de0452d8f728184a90970f3.png","ascent":8,"type":"bitmap","chars":["丠"]},{"height":8,"file":"minecraft:font/2f7264104a3b44f9a9fc1abcad7508cd/794fefb62c49438997ad1c332f89a6bc.png","ascent":8,"type":"bitmap","chars":["両"]},{"height":8,"file":"minecraft:font/d3d8d5097e974f20b919f50122f6f767/80ba886b17414d23b2199c665f073d8c.png","ascent":8,"type":"bitmap","chars":["丢"]},{"height":8,"file":"minecraft:font/af6050c453134b3190211433f93cefe2/836679e6dafa4ded8727c90d84e0d326.png","ascent":8,"type":"bitmap","chars":["丣"]},{"height":8,"file":"minecraft:font/d5cf9b8405214276ab27934b0d865226/e880a2c401b94b27aeef3b19f3fea363.png","ascent":8,"type":"bitmap","chars":["两"]},{"height":8,"file":"minecraft:font/45953c31f8bd4d8a9f8184284e692b1b/c355acb395104cea921d0284412c6123.png","ascent":8,"type":"bitmap","chars":["严"]},{"height":8,"file":"minecraft:font/3641e551a3be48a3adf9487552ba07cb/c5c878dbe17642fe8560c5ed5610f1c5.png","ascent":8,"type":"bitmap","chars":["並"]},{"height":8,"file":"minecraft:font/007e2d960abb4bd28ec505170090db92/2335efb6ba794411a6c5972a6ef72435.png","ascent":8,"type":"bitmap","chars":["丧"]},{"height":8,"file":"minecraft:font/fae7f77ac45f47b592b5db0bb28c53e0/a1ae7f4aea714e0fa97bd837cca8f8d1.png","ascent":8,"type":"bitmap","chars":["丨"]},{"height":8,"file":"minecraft:font/6aa1401ccfee4bea9f8f27967cd681a3/dd4f73e458c34c0a987ddfdd161faf70.png","ascent":8,"type":"bitmap","chars":["丩"]},{"height":8,"file":"minecraft:font/b306598d3c4647a59a4ce02ec2470210/719d295d247e4780833df51ca2fd7473.png","ascent":8,"type":"bitmap","chars":["个"]},{"height":8,"file":"minecraft:font/59a6f99590284b7f806c0e1905bbf5ba/c06057c0dd62461eaaa35ba4f62cb23e.png","ascent":8,"type":"bitmap","chars":["丫"]},{"height":8,"file":"minecraft:font/894639dffdb248d0acc0bac092954ee6/4fdb8b73c1834b11a1a2950be6a02805.png","ascent":8,"type":"bitmap","chars":["丬"]},{"height":8,"file":"minecraft:font/745cd7d31ddc42fc8f768f13686c3a9b/14b49fdcf2454e8e830d6ac5e89699f0.png","ascent":8,"type":"bitmap","chars":["中"]},{"height":8,"file":"minecraft:font/82f8b2ce311f42dc9fa341b2884eb767/9837981f7724418f9f69df46901a8030.png","ascent":8,"type":"bitmap","chars":["丮"]},{"height":8,"file":"minecraft:font/da1513ace7994c5f90702f71d362d8d8/2a625583cc6c4cb797a4150eca317d19.png","ascent":8,"type":"bitmap","chars":["丯"]},{"height":8,"file":"minecraft:font/42610c06e92d468fa4c98948eeb57f94/8ebd9414e27a436fae313ee815fe47d7.png","ascent":8,"type":"bitmap","chars":["丰"]},{"height":8,"file":"minecraft:font/5d4f3815b3ad47ef81b822df61ef7e02/136e40aa68d74cddb2d82ba7aef09b80.png","ascent":8,"type":"bitmap","chars":["丱"]},{"height":8,"file":"minecraft:font/77ecc527b0394f9d950b37cb2b96db05/3dfbfe1dc9b14f108562cdc4c502287d.png","ascent":8,"type":"bitmap","chars":["串"]},{"height":8,"file":"minecraft:font/624499601d6a4077a8340a232a2c10e7/8d4d41e0f90c435ea6b643d1b0cfc22c.png","ascent":8,"type":"bitmap","chars":["丳"]},{"height":16000,"file":"minecraft:font/12e709ac1a12480db0ec6b5f953d77b8/6af10807210c45efb576e6c427913d02.png","ascent":16000,"type":"bitmap","chars":["垙"]},{"height":8,"file":"minecraft:font/dd1149bc5b814ebcbc9473ca78e235ca/2bece83369d1409a844e5e9a754e3786.png","ascent":8,"type":"bitmap","chars":["亖"]},{"height":8,"file":"minecraft:font/496f9c1cd8ca4ed59dcfc731ca97aee5/2d047cb6a10b41ae9d2a0be55b366325.png","ascent":8,"type":"bitmap","chars":["亗"]},{"height":8,"file":"minecraft:font/9a85f39205e547809c25dcba9e11d445/410f2654e74140b2b4055b0e0a6a4a56.png","ascent":8,"type":"bitmap","chars":["亘"]},{"height":8,"file":"minecraft:font/2015305015ee4bc0a9d63a4fe30ac380/85ce1ec771cc423ab2af10fa392bb7f4.png","ascent":8,"type":"bitmap","chars":["亙"]},{"height":8,"file":"minecraft:font/f88c781d05a7489bacc2cb4aa0bb62e3/2b53511544494d74b7d69a724c8e55b3.png","ascent":8,"type":"bitmap","chars":["亚"]},{"height":8,"file":"minecraft:font/6510b8f696d844109dc38b86008d487d/eacf4627e5d5409f862c19a539b4175d.png","ascent":8,"type":"bitmap","chars":["些"]},{"height":8,"file":"minecraft:font/85518cc1ac994cc1afe76756a7ff37cc/dcd7b0a4f77c438b9dcde870b6f0cf38.png","ascent":8,"type":"bitmap","chars":["亜"]},{"height":8,"file":"minecraft:font/ec3775f17c9e40c096cc42445859bb46/77619461ed164e25bd4033937ecba6df.png","ascent":8,"type":"bitmap","chars":["亝"]},{"height":8,"file":"minecraft:font/6bc09883fdbc41b6922a40af0592414e/f622d564bce6457ba4e07c3708d26fe1.png","ascent":8,"type":"bitmap","chars":["亞"]},{"height":8,"file":"minecraft:font/9892758cb35b425395655e965482b1d3/921d007379c44fe6bee95ba1f0b11a52.png","ascent":8,"type":"bitmap","chars":["亟"]},{"height":8,"file":"minecraft:font/89ed219c1b4d4a709eb938c3029ccd69/eba90ae5842b4a3fba71c747a5b24d30.png","ascent":8,"type":"bitmap","chars":["亠"]},{"height":8,"file":"minecraft:font/aa65c3f2113c4c238d3adf070e031316/6b673eb445914daba5c52b3c5bb53e7b.png","ascent":8,"type":"bitmap","chars":["亡"]},{"height":8,"file":"minecraft:font/b6d8a2c2e324452fb0fbe251638f6f0f/75209bd7ed964f968d9925659f6eaec8.png","ascent":8,"type":"bitmap","chars":["亢"]},{"height":8,"file":"minecraft:font/103c34a7ce254ae5af95cb34ab3f297c/f8793f88820f42a3a0b01e299a393532.png","ascent":8,"type":"bitmap","chars":["亣"]},{"height":8,"file":"minecraft:font/f6a6781ea21e4209879b29e620d05203/3597878853764a669269b414dec475e3.png","ascent":8,"type":"bitmap","chars":["交"]},{"height":8,"file":"minecraft:font/c715a3df77624dbbbbd8e458d42530e1/8ee44c4b90754ae5b4ff7085d927fead.png","ascent":8,"type":"bitmap","chars":["亥"]},{"height":8,"file":"minecraft:font/4f52b91ce199437c9fdd0f993e525025/e47c2ef8f30745538e17842362f55b57.png","ascent":8,"type":"bitmap","chars":["亦"]},{"height":8,"file":"minecraft:font/94ac8564a4fd46a9900d0cb694d9842c/bc44ca5a93394c39846578153619e2da.png","ascent":8,"type":"bitmap","chars":["产"]},{"height":8,"file":"minecraft:font/b9fe5e231b0546c3b35187a79aca0c75/f53940c94ef34fc1b75fd29b04b7a352.png","ascent":8,"type":"bitmap","chars":["亨"]},{"height":8,"file":"minecraft:font/1731d698bc1a4a299db90a62830b5bd6/a4036779e67a4cffb9c805136ea9840a.png","ascent":8,"type":"bitmap","chars":["亩"]},{"height":8,"file":"minecraft:font/9ef3513cbd2e437fb290d7e638fdfd3a/7405382b2a99419fafbf902110c7a50d.png","ascent":8,"type":"bitmap","chars":["亪"]},{"height":8,"file":"minecraft:font/b505c69319944ac1b8e4c328db34fe31/08a84ede489c49e9a2ea9ec07a6ee98d.png","ascent":8,"type":"bitmap","chars":["享"]},{"height":8,"file":"minecraft:font/47788b28e4f04e6e80ae75017ba087df/91cba368e63a47ca9041c1769f87b04d.png","ascent":8,"type":"bitmap","chars":["京"]},{"height":8,"file":"minecraft:font/3b8b103f1ceb486292eee728515eb12f/e2505946c46048f2afe1ff247e87e48a.png","ascent":8,"type":"bitmap","chars":["亭"]},{"height":8,"file":"minecraft:font/87cab5e9f5a44a65ada4f1e96bb46d6e/b126c2c7c09f4f96a5331ecc23969096.png","ascent":8,"type":"bitmap","chars":["亮"]},{"height":8,"file":"minecraft:font/3263161087944ea6892623a89d550d4a/a1b84ed23cba428b917ed6ff81ab3126.png","ascent":8,"type":"bitmap","chars":["亯"]},{"height":8,"file":"minecraft:font/88f27b1a455146a08907fd988e2b75e0/9199390459614dbf896652592b57e72a.png","ascent":8,"type":"bitmap","chars":["亰"]},{"height":8,"file":"minecraft:font/839cf3221a814c56adb7a52f638ad21a/bf599a7efa72492ebd31aab39404c490.png","ascent":8,"type":"bitmap","chars":["亱"]},{"height":8,"file":"minecraft:font/eed537fe611c43b6b0a69a67384442cb/bd57def16a5f43b0b78e05e73c29dd43.png","ascent":8,"type":"bitmap","chars":["亲"]},{"height":8,"file":"minecraft:font/87f7bc8ecaa6489a808f4526445f9c5c/edfb08f6f5974f4c8518c6417c343adb.png","ascent":8,"type":"bitmap","chars":["亳"]},{"height":8,"file":"minecraft:font/8048303482804512b468217efd7a275a/4988413438b24436a34e082f14cffaa6.png","ascent":8,"type":"bitmap","chars":["亴"]},{"height":8,"file":"minecraft:font/3f6a519c11ce4c22931c4615f42cb820/dc2d32bd76d04f9f91e4c9dfb6263938.png","ascent":8,"type":"bitmap","chars":["亵"]},{"height":8,"file":"minecraft:font/e35c4bb0cee74bc0b7febd8da97c0519/feebf38a54624c648eb1558ac580d654.png","ascent":8,"type":"bitmap","chars":["亶"]},{"height":8,"file":"minecraft:font/91a20b21405c4b769b45944dacaa28f7/3dc8b92ea4b740f889e1d09de0db322f.png","ascent":8,"type":"bitmap","chars":["亷"]},{"height":8,"file":"minecraft:font/84e7351c68e44e7983f2e97d5b70111e/f2ae7f2441c048748fbba18e5d529bdf.png","ascent":8,"type":"bitmap","chars":["亸"]},{"height":8,"file":"minecraft:font/f5c6e54758434ec9b2bda3771a4d8228/6a5d74893bde4d378867d037fb79c850.png","ascent":8,"type":"bitmap","chars":["亹"]},{"height":8,"file":"minecraft:font/bf40d4f5e0034a0b95f3319aa7f98205/0f4ddd2646414430a3bd9008c6c712bc.png","ascent":8,"type":"bitmap","chars":["人"]},{"height":8,"file":"minecraft:font/01bd1d92d23a4f05bcee255a135f3da5/6603636ff7674905b07c3258083e2946.png","ascent":8,"type":"bitmap","chars":["亻"]},{"height":8,"file":"minecraft:font/3d0a81a8e84541e99045086fdde77cc6/e03f031ae6604c4baf3fc2da3ce9cebc.png","ascent":8,"type":"bitmap","chars":["亼"]},{"height":8,"file":"minecraft:font/fb87f4c96c724cc4afa1107b899eddec/a5f0f0c11a244c36a501a3c78bc360cd.png","ascent":8,"type":"bitmap","chars":["亽"]},{"height":8,"file":"minecraft:font/bc454b43f8ce48bea698f457fc8f51fc/264467605613427eb0c7a748058cab40.png","ascent":8,"type":"bitmap","chars":["亾"]},{"height":8,"file":"minecraft:font/5a8aaf1824f244de978c47ff167c148b/3d6e77a9a3f54bccaf2ac9456addc470.png","ascent":8,"type":"bitmap","chars":["亿"]},{"height":8,"file":"minecraft:font/aa4aaa4cb0e14cc1ac14e46892cf2a58/57de135f181945679c0e2079950a0c17.png","ascent":8,"type":"bitmap","chars":["什"]},{"height":8,"file":"minecraft:font/342de4f188f64405893bd5f5a5701a70/a8afd61e23804efda3efe13a77d6942c.png","ascent":8,"type":"bitmap","chars":["仁"]},{"height":8,"file":"minecraft:font/b06c0c406aa945e5b7a94048c9801fdf/6e97cdd5acda427a933942474c62f1b2.png","ascent":8,"type":"bitmap","chars":["仂"]},{"height":8,"file":"minecraft:font/532d996735e2445fb9f1bc33a303226f/c6e80971766642c3a5c2f834a7322760.png","ascent":8,"type":"bitmap","chars":["仃"]},{"height":8,"file":"minecraft:font/05a48a76bc2d4dc79e058e79ff08f2df/8504ffd92e5047a7a61bcd31f0bf3d5f.png","ascent":8,"type":"bitmap","chars":["仄"]},{"height":8,"file":"minecraft:font/73577cb0d2c24395b558b4e46695a578/4b06c68fbf0c4aec9d15c1e6b3041642.png","ascent":8,"type":"bitmap","chars":["仅"]},{"height":8,"file":"minecraft:font/8990b012dfc14924bf33af7ee11cfbf4/b4e93be68e9c402d9aadfa4fc0a46cda.png","ascent":8,"type":"bitmap","chars":["仆"]},{"height":8,"file":"minecraft:font/6825a87fef86409e9da62b71323d6a77/32be41b5d7df45239e81ae15ea91fafc.png","ascent":8,"type":"bitmap","chars":["仇"]},{"height":8,"file":"minecraft:font/9647103b93ee4ae78070e4cf4086ffb6/f048cf57b4624b588ac921e609fa331c.png","ascent":8,"type":"bitmap","chars":["仈"]},{"height":8,"file":"minecraft:font/647e2f17b834483ebe5a22a53816e535/2ac0ad27bb17460aaecd4030cb852f27.png","ascent":8,"type":"bitmap","chars":["仉"]},{"height":8,"file":"minecraft:font/2ea3ea902a8b4db5955bea78014d50df/9635eee1d05b4f9d9bc3355bbe297383.png","ascent":8,"type":"bitmap","chars":["今"]},{"height":8,"file":"minecraft:font/0959630118ba4b8bb8077d34e4964697/7f8d1cb2c72147489fc95a37e523e74f.png","ascent":8,"type":"bitmap","chars":["介"]},{"height":8,"file":"minecraft:font/a3a2b18e5a6341979250fb73b4a3ccae/d2e8b2a1afc64eb79eb643b605a151d3.png","ascent":8,"type":"bitmap","chars":["仌"]},{"height":8,"file":"minecraft:font/811eaa5835c1425887bb6ed496fc3a65/f73e2aee0a91460f91dbb16b8b51e1a5.png","ascent":8,"type":"bitmap","chars":["仍"]},{"height":8,"file":"minecraft:font/1fe1da057a9d48e0b91aea68c9257e97/b2c3fd476bc54283b9aa4803a7a13dcd.png","ascent":8,"type":"bitmap","chars":["从"]},{"height":8,"file":"minecraft:font/831d12b3502140aaa23a1cc5fd2cd52b/3b6feb6ef7d8406d924a5cc12c652246.png","ascent":8,"type":"bitmap","chars":["仏"]},{"height":8,"file":"minecraft:font/775411503546495888894e56c86ca756/ac076246f7ad472e9b7b97eaf0cba9aa.png","ascent":8,"type":"bitmap","chars":["仐"]},{"height":8,"file":"minecraft:font/8b2ec5ebb6d6490480d99bb2b8921e0d/c90e0dabfb7849f0b183508e60725e01.png","ascent":8,"type":"bitmap","chars":["仑"]},{"height":8,"file":"minecraft:font/42400c56b92f4231aa246eff934dd7d1/337dbef60d794bfcbb588b1a0b9e9721.png","ascent":8,"type":"bitmap","chars":["仒"]},{"height":8,"file":"minecraft:font/876a7369b49743f5a0763711b2a8ae88/bc62581cc5614f689a7765bfc9cba496.png","ascent":8,"type":"bitmap","chars":["仓"]},{"height":8,"file":"minecraft:font/2a05be714e4742ef960044f4a9dd4c9b/15e4d8e03b0d4384b013eac12bf42df2.png","ascent":8,"type":"bitmap","chars":["仔"]},{"height":8,"file":"minecraft:font/24ec43304e22486da7d9b44622acccb3/00ecd038af6a47f5b32dc26222bc94a4.png","ascent":8,"type":"bitmap","chars":["仕"]},{"height":8,"file":"minecraft:font/5cec93362cca45c89d87753b3901d975/0326204e7879406789269c3b7a20b584.png","ascent":8,"type":"bitmap","chars":["他"]},{"height":8,"file":"minecraft:font/a758500288cb421fab711ebf55fa4ce8/b01317220dca44239e1a491017531e4d.png","ascent":8,"type":"bitmap","chars":["仗"]},{"height":8,"file":"minecraft:font/abccfddf768a44dc9fdc92611870937f/ce4c97eaff92471fba81b4e17b542a6a.png","ascent":8,"type":"bitmap","chars":["付"]},{"height":8,"file":"minecraft:font/7a1c473dffef42499c42673082f4e624/896dc805cd15472582a9d412b8c494c5.png","ascent":8,"type":"bitmap","chars":["仙"]},{"height":8,"file":"minecraft:font/75775d2b1b8f4f0fb12f1975b6ad5b9b/a3fe824f4c994be18313c46d1c257d37.png","ascent":8,"type":"bitmap","chars":["仚"]},{"height":8,"file":"minecraft:font/e90df86c797c4ec6811fc0f254ed62ad/24c08a7a97394239ba6810fd52864b0c.png","ascent":8,"type":"bitmap","chars":["仛"]},{"height":8,"file":"minecraft:font/0f11440ddad34c72ae93374eb1f2f86d/59451f114b9e4a349cd1166d934366ba.png","ascent":8,"type":"bitmap","chars":["仜"]},{"height":8,"file":"minecraft:font/46420d8c0b8246cd880d4cfc2e27c0ba/b2b62c58a5874cdbb207a3d3b30be3a8.png","ascent":8,"type":"bitmap","chars":["仝"]},{"height":8,"file":"minecraft:font/379a2312bc1441269917e13c84a8b280/dea22fa407be4ba9baefb644a7d060f1.png","ascent":8,"type":"bitmap","chars":["仞"]},{"height":8,"file":"minecraft:font/4308ca88bb5848218854e4771c72359f/2df6f1abdcf7439d82256c36ce19b957.png","ascent":8,"type":"bitmap","chars":["仟"]},{"height":8,"file":"minecraft:font/5bc180b589bc48258f725f43531bdddd/ea704ae512ac4fd299bf802b01fbd63f.png","ascent":8,"type":"bitmap","chars":["仠"]},{"height":8,"file":"minecraft:font/b568bc7542fb4cc494bc28d57ef4a7b0/408ea91db26248469ebd217da1119861.png","ascent":8,"type":"bitmap","chars":["仡"]},{"height":8,"file":"minecraft:font/6c14ac845a214857b8f36809574c5156/c1412e62611440b39add6516c4ad9437.png","ascent":8,"type":"bitmap","chars":["仢"]},{"height":8,"file":"minecraft:font/f6a2b0153966473c8ebacf2a6b4c9d43/8af6825a11ce4984811d54e3bacf64aa.png","ascent":8,"type":"bitmap","chars":["代"]},{"height":8,"file":"minecraft:font/79815b0310414f56a6810aa5ea164c76/1ab494b847b94a92b5de62f46fc8ddb4.png","ascent":8,"type":"bitmap","chars":["令"]},{"height":8,"file":"minecraft:font/0a48d6aaefe249b5baf6256d1f5f329e/33f0155388a84e0e91a716fc37f44d34.png","ascent":8,"type":"bitmap","chars":["以"]},{"height":8,"file":"minecraft:font/518fa4f372764ddaae53371be7d7be00/7931383eaa0544caaa61db99c8fed032.png","ascent":8,"type":"bitmap","chars":["仦"]},{"height":8,"file":"minecraft:font/22e76ffdc1444c569ac741d4c147adb5/866c05d93eee4bad98a1d04bf19ddbc3.png","ascent":8,"type":"bitmap","chars":["仧"]},{"height":8,"file":"minecraft:font/804377b1190e4cf5b6116b016ad02234/673843377efc446eac11dac5f7747eff.png","ascent":8,"type":"bitmap","chars":["仨"]},{"height":8,"file":"minecraft:font/c292dd3fcf4c4f57a8826be96228f0cf/961364f60952416a970ec7d11c8ebbe7.png","ascent":8,"type":"bitmap","chars":["仩"]},{"height":8,"file":"minecraft:font/a2db157037784e42a6aa2694230fd39a/11a25c4010044a509a5b95237cb83b00.png","ascent":8,"type":"bitmap","chars":["仪"]},{"height":8,"file":"minecraft:font/fb9bbc3d8a384996934331e0cb156c9f/7251845e013947e5ae4478af49834ecd.png","ascent":8,"type":"bitmap","chars":["仫"]},{"height":8,"file":"minecraft:font/91ea64bbd6f2463a84bdaaee5fe3b250/a74f3cdde48d423f871f29fbf0c0828d.png","ascent":8,"type":"bitmap","chars":["们"]},{"height":8,"file":"minecraft:font/98628d4c590d44b2854ac3404bd8d6b9/960c7face1b7479388801e280f441b91.png","ascent":8,"type":"bitmap","chars":["仭"]},{"height":8,"file":"minecraft:font/5a1d2f5beb164dd79a55f7ff8f11cf97/880a16be9a794fed8968669dc7133441.png","ascent":8,"type":"bitmap","chars":["仮"]},{"height":8,"file":"minecraft:font/ad76f55a69b44e638c00a72989d66160/1f13987580194222912455d5f11590f2.png","ascent":8,"type":"bitmap","chars":["仯"]},{"height":8,"file":"minecraft:font/0c9135c4ad3b473ca2919f0481543754/cd24289c47e142c792fd662e4e849c3e.png","ascent":8,"type":"bitmap","chars":["仰"]},{"height":8,"file":"minecraft:font/06fbbf70ddd04e839b578df28e191caa/5a6bed766c394fb7922496dae29edcb5.png","ascent":8,"type":"bitmap","chars":["仱"]},{"height":8,"file":"minecraft:font/c38211efe55a426bb05470788ed2ebac/83f015362d154cd0acef359f563fbd5a.png","ascent":8,"type":"bitmap","chars":["仲"]},{"height":8,"file":"minecraft:font/b82885a2a239497dafafac73a78cb6e6/1fc98870f82940c0a5a31d830c6ef59e.png","ascent":8,"type":"bitmap","chars":["临"]},{"height":8,"file":"minecraft:font/a6e0bf1c5b3e4cae95e9839ef936add6/c064cf01094f4580948ae4600278a5be.png","ascent":8,"type":"bitmap","chars":["丵"]},{"height":8,"file":"minecraft:font/989e8b812f9d490b90a6564e9379edef/98673052b66c4014ab86f6ebc795ea7b.png","ascent":8,"type":"bitmap","chars":["丶"]},{"height":8,"file":"minecraft:font/a6f41ff6230b420ea1266b2136ea2a99/69888c43fe834a86afa311a843319663.png","ascent":8,"type":"bitmap","chars":["丷"]},{"height":8,"file":"minecraft:font/0176ddb95d88479089353002b997838c/c8318d6ed2f54a888a7e0e3040ae8cf8.png","ascent":8,"type":"bitmap","chars":["丸"]},{"height":8,"file":"minecraft:font/14f23412a9224f3facefd1f122e89e0d/e9b91bd77d45439c9b97515c646dc86b.png","ascent":8,"type":"bitmap","chars":["丹"]},{"height":8,"file":"minecraft:font/1e0c594b11054dd0ab6f25dfeae8e9cb/619c121a9f394a0bb18e5332d614ff7e.png","ascent":8,"type":"bitmap","chars":["为"]},{"height":8,"file":"minecraft:font/1987501d3f634ae7b6082efc8f6f35d1/c511bc64fdf147bda6fdf69348d9f949.png","ascent":8,"type":"bitmap","chars":["主"]},{"height":8,"file":"minecraft:font/70ef1c6fe887400490d7612c26543a13/c450aa406997448bac560203c7128a5c.png","ascent":8,"type":"bitmap","chars":["丼"]},{"height":8,"file":"minecraft:font/c89deb29b3a845fbaccbe105802b2e1f/9191bd6fda264a97952cdb95a8606f5e.png","ascent":8,"type":"bitmap","chars":["丽"]},{"height":8,"file":"minecraft:font/aa290a23caaa4c7194c75f84efd09e55/5f1cf0b19ff64a8a84611485686c2d40.png","ascent":8,"type":"bitmap","chars":["举"]},{"height":8,"file":"minecraft:font/2884aaef23634918a21465fda265a57c/4e714aaca94e4fbea39e5b71ff59dbd5.png","ascent":8,"type":"bitmap","chars":["丿"]},{"height":8,"file":"minecraft:font/291103ea3e1945dbab074736b5ba12ce/016d7573af6b43f49f3634e6501c453c.png","ascent":8,"type":"bitmap","chars":["乀"]},{"height":8,"file":"minecraft:font/164b58eae1454758b325a8103a869b09/5314c851e8864f7fa7536c2768f13c3e.png","ascent":8,"type":"bitmap","chars":["乁"]},{"height":8,"file":"minecraft:font/c7e7633464834970aded9d0822ea7c26/8cae217059e34209ad1ac0c5e926f53e.png","ascent":8,"type":"bitmap","chars":["乂"]},{"height":8,"file":"minecraft:font/61fd2fa8435549e1ae5205ba5851a263/00282bcddc0d4bc4b423f6c8559def36.png","ascent":8,"type":"bitmap","chars":["乃"]},{"height":8,"file":"minecraft:font/179864d777f240d5a495ffd78cc7340b/fc63b56ffcdc425f847c221dd31a9a7b.png","ascent":8,"type":"bitmap","chars":["乄"]},{"height":8,"file":"minecraft:font/01b547103be14bee9341c0794e7db31a/27fefc2cf56c4208a1040b04bfbe7a40.png","ascent":8,"type":"bitmap","chars":["久"]},{"height":8,"file":"minecraft:font/f27121876f744c12a61298d10c173a79/88d3ff8e4ff54f35a89723f95889459b.png","ascent":8,"type":"bitmap","chars":["乆"]},{"height":8,"file":"minecraft:font/5216effd5fd642cdaeea91506ad8f9f5/5e503578fd264688be629c1ebe44527c.png","ascent":8,"type":"bitmap","chars":["乇"]},{"height":8,"file":"minecraft:font/45e3218f1abe4357983783731e3d4cf1/450b8d77297d4a23a8b5182f27474cba.png","ascent":8,"type":"bitmap","chars":["么"]},{"height":8,"file":"minecraft:font/167bebbcaad841fe91cde80e5305a375/2f9fd323414040e29b50c3b3954a3419.png","ascent":8,"type":"bitmap","chars":["义"]},{"height":8,"file":"minecraft:font/af5309a00d1b4ffc901b66971cb6dd64/c5ac62f5efeb4b019c6a9339eef81d26.png","ascent":8,"type":"bitmap","chars":["乊"]},{"height":8,"file":"minecraft:font/06e1fbdb6b564b7ca46f5c4689910137/f19a161e76a6429888b8cf0d01da7ce7.png","ascent":8,"type":"bitmap","chars":["之"]},{"height":8,"file":"minecraft:font/527162175f814d60823d892f027b0b21/27a150bb56ae4870aa1fd485c3b74e48.png","ascent":8,"type":"bitmap","chars":["乌"]},{"height":8,"file":"minecraft:font/9bda6e39f9ba4d3590691c42e036373e/2394d2ac239f4afba1d97a77a8c1a159.png","ascent":8,"type":"bitmap","chars":["乍"]},{"height":8,"file":"minecraft:font/c4b51018b0be4b83bfedcbaec3274fd5/c932bfe0c7364463b6d44bc43233ee14.png","ascent":8,"type":"bitmap","chars":["乎"]},{"height":8,"file":"minecraft:font/df226d4e98ab40698b32268ba71b5e19/6a947faff18a44ee89d760eb814f488d.png","ascent":8,"type":"bitmap","chars":["乏"]},{"height":8,"file":"minecraft:font/f84508500c364a6fb7ace2942ff3fc35/146ca08693bc48e7b95318213cc24995.png","ascent":8,"type":"bitmap","chars":["乐"]},{"height":8,"file":"minecraft:font/d3ce96e911b4456eaaa72cd5fb3d3216/15e89d489ad64dcbb75b9a51ea7f3266.png","ascent":8,"type":"bitmap","chars":["乑"]},{"height":8,"file":"minecraft:font/b0def4366dda4f4fbce2d5eb84966cc2/bfbe8f1bea0047b0a07be7c414e2a087.png","ascent":8,"type":"bitmap","chars":["乒"]},{"height":8,"file":"minecraft:font/f541ccc9de0245e39feb4f6fadbb6c95/7d80e5f9d7224b95ba8af0497b6fc532.png","ascent":8,"type":"bitmap","chars":["乓"]},{"height":8,"file":"minecraft:font/be33443a2c1045fdb6ec9a1f2d9f405a/45e0d938684d4671b139e6f63ac89735.png","ascent":8,"type":"bitmap","chars":["乔"]},{"height":8,"file":"minecraft:font/4357c9ac604f4f25acec3ef5000677a8/624e5490a7c74b3da7a32f05a203559d.png","ascent":8,"type":"bitmap","chars":["乕"]},{"height":8,"file":"minecraft:font/7c570bf5b30f4e5bb8431698eb18d821/62b4a44b70b142c5a077b75a6174f77a.png","ascent":8,"type":"bitmap","chars":["乖"]},{"height":8,"file":"minecraft:font/3d7ed1ee08bd4333b75d5f677577f8fc/2826a2b8ccc74d31810080ce7159e03a.png","ascent":8,"type":"bitmap","chars":["乗"]},{"height":8,"file":"minecraft:font/5248231e0c8248b88bed6e83a0b16961/ffe49f9f3b984056b7756bf49c67d2ab.png","ascent":8,"type":"bitmap","chars":["乘"]},{"height":8,"file":"minecraft:font/19793c3e56c14281a7e3d9b247fa06c7/89a9e4003bd24647a151e5d7ef0956a9.png","ascent":8,"type":"bitmap","chars":["乙"]},{"height":8,"file":"minecraft:font/1fb9758da6024171949bfc835ec74cc9/598be943aad64179b884b4d890381a1e.png","ascent":8,"type":"bitmap","chars":["乚"]},{"height":8,"file":"minecraft:font/b160c26dc46f4962bec5062eb85ffa10/e78bb6ab8912411a9bd6a57234a987ae.png","ascent":8,"type":"bitmap","chars":["乛"]},{"height":8,"file":"minecraft:font/3680631d681e463fa500d30fbb6d9a10/916d4ff8fa13467b9287370c5ed86995.png","ascent":8,"type":"bitmap","chars":["乜"]},{"height":8,"file":"minecraft:font/2e97c413e7ef4b72857d407bf3362dca/f436587b22a547f193ea3f437fb41e8a.png","ascent":8,"type":"bitmap","chars":["九"]},{"height":8,"file":"minecraft:font/693a033b115941e9bcac4c5ec0fec00d/49fab817f6d348b1be6cbc3de304db3e.png","ascent":8,"type":"bitmap","chars":["乞"]},{"height":8,"file":"minecraft:font/c57ef37ef6694f1b9abec9caee61d059/1c728894ea2e4889a8e49bab454fdfb4.png","ascent":8,"type":"bitmap","chars":["也"]},{"height":8,"file":"minecraft:font/34e0c918bd0949398bd9a0fa6ef570a1/46e81ffefebb4e23a1eacce5b9590c47.png","ascent":8,"type":"bitmap","chars":["习"]},{"height":8,"file":"minecraft:font/d23aad5404104a03bc82aade005cf897/22db0cb8084a44d989ef1d4c9b387a79.png","ascent":8,"type":"bitmap","chars":["乡"]},{"height":8,"file":"minecraft:font/10de543c31324446b48174ba5dc3a4c9/339f902d34574470952c5d074045d98b.png","ascent":8,"type":"bitmap","chars":["乢"]},{"height":8,"file":"minecraft:font/1c8a6351e68e4cebb98ce93e9396fe3e/3e749c0044a641958e998907423b21de.png","ascent":8,"type":"bitmap","chars":["乣"]},{"height":8,"file":"minecraft:font/c5d8139e54354402b2f51f9f10ddf5bd/50e55d119a04405390aa8790edf3ae26.png","ascent":8,"type":"bitmap","chars":["乤"]},{"height":8,"file":"minecraft:font/cb4b9b0f9a38409995f47582eb3404e4/7a6c01b0fb814ad3881fa7ac4269ad0e.png","ascent":8,"type":"bitmap","chars":["乥"]},{"height":8,"file":"minecraft:font/b610a7813ca244a497effa96a652aedb/6df4231a9c364c6bb01534bc0991ecfd.png","ascent":8,"type":"bitmap","chars":["书"]},{"height":8,"file":"minecraft:font/9a39f81bd2954ae0ba7e20c67be4e142/94f082f16a1d48afb68b71228d673580.png","ascent":8,"type":"bitmap","chars":["乧"]},{"height":8,"file":"minecraft:font/7f8e32631ae24bf3a788c673f7dd0f90/aacdaae18dc34ed381ee27a9edfea1c9.png","ascent":8,"type":"bitmap","chars":["乨"]},{"height":8,"file":"minecraft:font/7948a916a6b949f58f847986f499c00f/2ab1f7bb1e7a4afda44fa0af8cf39b28.png","ascent":8,"type":"bitmap","chars":["乩"]},{"height":8,"file":"minecraft:font/ac222d55fa9c486e896848d05caaef3c/fdfd30e4620e48f295c106659c045bfc.png","ascent":8,"type":"bitmap","chars":["乪"]},{"height":8,"file":"minecraft:font/4c15ba134faf42129c10b24c3c9c8bfb/30177f9d5c2b4ed98eb03b70c4788d61.png","ascent":8,"type":"bitmap","chars":["乫"]},{"height":8,"file":"minecraft:font/b97987ae1c674d9695009b2f84c25cd2/f6860ee4e40346d7a0a259242027204c.png","ascent":8,"type":"bitmap","chars":["乬"]},{"height":8,"file":"minecraft:font/a80d48d980ab465593b13d92c3f90639/829bea339da24256b33953bc6b42e75a.png","ascent":8,"type":"bitmap","chars":["乭"]},{"height":8,"file":"minecraft:font/6499386e11dd4cd98b749ec556b0a9a4/68938b1ee8a44acd9a209e68bd962ccc.png","ascent":8,"type":"bitmap","chars":["乮"]},{"height":8,"file":"minecraft:font/71b983ade74b4360b0ec6516d39bae2e/1893e6d2c2e341c8924244da70e7d5e4.png","ascent":8,"type":"bitmap","chars":["乯"]},{"height":8,"file":"minecraft:font/601029179ca542148dd3d619b6c00964/64355c4e56f345848a6304ed78a0214d.png","ascent":8,"type":"bitmap","chars":["买"]},{"height":8,"file":"minecraft:font/e19ea36824344330b5e086d1ccba44cf/8b3edd50687a49ffad93bf3fe37bb636.png","ascent":8,"type":"bitmap","chars":["乱"]},{"height":8,"file":"minecraft:font/4de5d8b74cf44d388449d9c0bc89f618/e85279c0b37e4ed6bf16bcde7160f7b4.png","ascent":8,"type":"bitmap","chars":["乲"]},{"height":8,"file":"minecraft:font/9631c01a99b7490586c5b92303e9cf17/af97214a4c684928bde68f6f8199c93e.png","ascent":8,"type":"bitmap","chars":["乳"]},{"height":8,"file":"minecraft:font/35f80394f15c44c0a50f3e4be9861b49/147b47f17f8b4c34beb79efdc65187ce.png","ascent":8,"type":"bitmap","chars":["乴"]},{"height":8,"file":"minecraft:font/35410c96318648049d4d6a72a5c23799/6889693447044a98bacf167a595af20d.png","ascent":8,"type":"bitmap","chars":["乵"]},{"height":8,"file":"minecraft:font/f18cd26f5e4d42aeaf38c982d052612b/dc0a3ced352e4e22be637bccd966165a.png","ascent":8,"type":"bitmap","chars":["乶"]},{"height":8,"file":"minecraft:font/180e14775f444454bcd1d23b1ab62b43/84ddb954b58549dc9d88cf707509e235.png","ascent":8,"type":"bitmap","chars":["乷"]},{"height":8,"file":"minecraft:font/50da6cd500804fc3a075013222ece60c/cdd20f69494b4252aaf57a635b29da88.png","ascent":8,"type":"bitmap","chars":["乸"]},{"height":8,"file":"minecraft:font/0e17682946444e82a9c7b60cfef3b690/8c91404d07b2487e9c9f9ca7a79c98bf.png","ascent":8,"type":"bitmap","chars":["乹"]},{"height":8,"file":"minecraft:font/72a53d6aa6d24c69a60baf945f2b9cf1/e1330756a9174a79ab71b2bb14bd8011.png","ascent":8,"type":"bitmap","chars":["乺"]},{"height":8,"file":"minecraft:font/c9eac65a4e06492aa42d7f488dfc9392/77ed20fbfbb040a5a2d0d6abc434811c.png","ascent":8,"type":"bitmap","chars":["乻"]},{"height":8,"file":"minecraft:font/83abcbed7a1e4588970d443e8daba57d/fd10e092e6424879b0cd0f1d8147869a.png","ascent":8,"type":"bitmap","chars":["乼"]},{"height":8,"file":"minecraft:font/e1835736065849d99cec6d257642c859/cdcb43c63af74714b490fb579b40439d.png","ascent":8,"type":"bitmap","chars":["乽"]},{"height":8,"file":"minecraft:font/6bb430237f9d445e96f20cc28a9647cc/e98ff3b6c599458b826f73a3749d6c94.png","ascent":8,"type":"bitmap","chars":["乾"]},{"height":8,"file":"minecraft:font/e7d2a0e0fcde49f9a599c641a0cf4f49/5b8782eb950f44859183fe515b85fbc1.png","ascent":8,"type":"bitmap","chars":["乿"]},{"height":8,"file":"minecraft:font/06cf6a6b6c0d4a789c2e18a3262bccd5/c15067763c0e47eeb3298ab99df6a9c7.png","ascent":8,"type":"bitmap","chars":["亀"]},{"height":8,"file":"minecraft:font/1b239978f8ea40e8be60908a8d46509b/b162057dfe624910966b98a1edd5d832.png","ascent":8,"type":"bitmap","chars":["亁"]},{"height":8,"file":"minecraft:font/64430d7050784f2cb8216edf1f3f8e28/710922ce8ac440839d61b577bb27dff5.png","ascent":8,"type":"bitmap","chars":["亂"]},{"height":8,"file":"minecraft:font/52303471b4d641fbb8f1b3313d3de275/00af0a867c1e468786df21a823bdbd14.png","ascent":8,"type":"bitmap","chars":["亃"]},{"height":8,"file":"minecraft:font/16c1c6ffcb2a40f68e5f60bf0833160b/98f1dbc4fa994b3d8959851d63f7ee8b.png","ascent":8,"type":"bitmap","chars":["亄"]},{"height":8,"file":"minecraft:font/5b80da0b671b428caee9c5ed2ebabc79/3826bc82e0b54cdf918376dfc89cbe37.png","ascent":8,"type":"bitmap","chars":["亅"]},{"height":8,"file":"minecraft:font/21c796124bce4fdd97b8548705155fbd/ba2b18bff4f64001a0f44d40d658c663.png","ascent":8,"type":"bitmap","chars":["了"]},{"height":8,"file":"minecraft:font/53f7ab55c6fa495b8a2c6611363dad00/e8fa33a6a30c48b1b6ccc93a154e99a6.png","ascent":8,"type":"bitmap","chars":["亇"]},{"height":8,"file":"minecraft:font/d5c23c48a920491381863fd6790ff53d/d5b7fb33fe8e4e84aede11ece56f13b3.png","ascent":8,"type":"bitmap","chars":["予"]},{"height":8,"file":"minecraft:font/8ff8dd1b73074d398c05bb3232d03506/aaf37c0a6bba4a86abc10a752b3cac03.png","ascent":8,"type":"bitmap","chars":["争"]},{"height":8,"file":"minecraft:font/dcdc4bd3429b4dfca8a8290c4e611ce7/7bd67f6ddb3347c8b4e9a41151f59fba.png","ascent":8,"type":"bitmap","chars":["亊"]},{"height":8,"file":"minecraft:font/95a868cf06c540828bda0c204ef385f6/87f9fd8f3c0748ec8d64d8910d9de562.png","ascent":8,"type":"bitmap","chars":["事"]},{"height":8,"file":"minecraft:font/0dea9e5661e24990ab7598a50da960aa/3318a560f9ce49018dd2ea231d90162c.png","ascent":8,"type":"bitmap","chars":["二"]},{"height":8,"file":"minecraft:font/8c31447b95f7406d96547dd531a5e09f/00a39c86c7c74e8b9128133bd4d85d80.png","ascent":8,"type":"bitmap","chars":["亍"]},{"height":8,"file":"minecraft:font/0724bf540e434472bb277e1d4627824d/a1c0fb577d7c4b3e9ecd0dd25f55ed1e.png","ascent":8,"type":"bitmap","chars":["于"]},{"height":8,"file":"minecraft:font/820dcce27a944532928fb7dad737e994/9b30e87b46d345eabbf29820e34f6756.png","ascent":8,"type":"bitmap","chars":["亏"]},{"height":8,"file":"minecraft:font/5cd93f57dcd543daa90e75cd4b0625d1/813450d627504591b48183deefc49e1e.png","ascent":8,"type":"bitmap","chars":["亐"]},{"height":8,"file":"minecraft:font/0e71361b3184436cbc09d3468193b164/3a7744a78d3b4ce09d9fb66bc3c5a7ed.png","ascent":8,"type":"bitmap","chars":["云"]},{"height":8,"file":"minecraft:font/5309f6768b104109a92e60ff298f4456/dd4432c5291a4cfb947ffd4c781efd47.png","ascent":8,"type":"bitmap","chars":["互"]},{"height":8,"file":"minecraft:font/c567064e35754ddab9edb51e9d74fc0c/d8da45e2158f4834a6344bff52599c49.png","ascent":8,"type":"bitmap","chars":["亓"]},{"height":8,"file":"minecraft:font/8b31184990f34b0cad14ce9f20245f92/bbbce91610dc4d4cad0283049d381bf4.png","ascent":8,"type":"bitmap","chars":["五"]},{"height":8,"file":"minecraft:font/4fd0b42b51754c638599cde81ea7a55c/43f5491459f249b4aed79c109b3459b9.png","ascent":8,"type":"bitmap","chars":["井"]},{"height":8,"file":"minecraft:font/41343cedb9b6429e84510119fd584dea/2dc3c6f7fccd4163af88991472fc25d2.png","ascent":8,"type":"bitmap","chars":["亖"]},{"height":8,"file":"minecraft:font/c61c5d1c87bb4193bcb1672477761d76/05c2aa9d7240470d811a2c6123eb4cb8.png","ascent":8,"type":"bitmap","chars":["亗"]},{"height":8,"file":"minecraft:font/f2e706166e234b8fbb8f0af52986b447/8a315969d97b474ea4c857674aece726.png","ascent":8,"type":"bitmap","chars":["亘"]},{"height":8,"file":"minecraft:font/5489dddfa3ed47fd96d44ff95853502a/c8006743fd754586a896eea6b3948b2b.png","ascent":8,"type":"bitmap","chars":["亙"]},{"height":8,"file":"minecraft:font/c8afa035f0074a31804785c3da61fa0b/9085fad0a9da4fdc81a2b73da16866f1.png","ascent":8,"type":"bitmap","chars":["亚"]},{"height":8,"file":"minecraft:font/72cc3f05a19a4b47ab3d7cf42836520f/2a0493ac35d84d88b0358e01dbbc486a.png","ascent":8,"type":"bitmap","chars":["些"]},{"height":8,"file":"minecraft:font/31eea068c6814127bc0f945afed4dfe5/1ac4043ab27d480db3eefabe90f3065f.png","ascent":8,"type":"bitmap","chars":["亜"]},{"height":8,"file":"minecraft:font/50638b828ae5420fa96509d9a6b64eb0/fcab6801fb92407ca4218661f1df581c.png","ascent":8,"type":"bitmap","chars":["亝"]},{"height":8,"file":"minecraft:font/0aa9c3fde60c45f29211460b95bf5fa6/faf56d53a0d64d10a015545166a37ede.png","ascent":8,"type":"bitmap","chars":["亞"]},{"height":8,"file":"minecraft:font/be1c4da0d0e64395b8a531249fd51448/412ac313049448988369d877b3336640.png","ascent":8,"type":"bitmap","chars":["亟"]},{"height":8,"file":"minecraft:font/2fef1ab8965d4587a48ac9e65e1ffdc8/60198f80e67e4fd4b619d6bb7ebd49c1.png","ascent":8,"type":"bitmap","chars":["亠"]},{"height":8,"file":"minecraft:font/a050b0204f9a4b4ea2715321f3ae34d2/2f9dd4b557a14b0b811032a8a5fc8af1.png","ascent":8,"type":"bitmap","chars":["亡"]},{"height":8,"file":"minecraft:font/ae3291ee22144931b2ef1cf55b31ddcd/3d68d914610441859c21ea804224e06a.png","ascent":8,"type":"bitmap","chars":["亢"]},{"height":8,"file":"minecraft:font/efb7770cb6204e2a97cb6870afaedc4e/4e5ecd8040d84b019a110062a6f2567f.png","ascent":8,"type":"bitmap","chars":["亣"]},{"height":8,"file":"minecraft:font/2ab5409753ef497b8d33ce5abec7225c/5531a117786c42e9998c459722c60796.png","ascent":8,"type":"bitmap","chars":["交"]},{"height":8,"file":"minecraft:font/fb2816011a114b15a125beb4bd5e8e80/a7d55485f395478b88c5d9f4ceef34a6.png","ascent":8,"type":"bitmap","chars":["亥"]},{"height":8,"file":"minecraft:font/52385877d29a4f31b11b3e8b3e4c897b/172ff7954175436cb18f599c91d5ed4e.png","ascent":8,"type":"bitmap","chars":["亦"]},{"height":8,"file":"minecraft:font/f09f1e2a615144ef937168ed9fe6137c/95bacc47afb441fab905d6bf271e5f57.png","ascent":8,"type":"bitmap","chars":["产"]},{"height":8,"file":"minecraft:font/34b43081c73c403ebaf45a1ad243e113/dae65d7dc10d45228162398b8032c7ab.png","ascent":8,"type":"bitmap","chars":["亨"]},{"height":8,"file":"minecraft:font/0769d0182ef740518d94036227eceb38/5a171bd476ea4661b4a8d9faa8dec989.png","ascent":8,"type":"bitmap","chars":["亩"]},{"height":8,"file":"minecraft:font/0d43cd1627024a83ac69001a38748e80/167579d37a534532945a64502904632b.png","ascent":8,"type":"bitmap","chars":["亪"]},{"height":8,"file":"minecraft:font/4300ee4fc7ec4e72bf046dd3f75af122/d3b17dd8a57f4a3da428d700a622c06d.png","ascent":8,"type":"bitmap","chars":["享"]},{"height":8,"file":"minecraft:font/870dbf5c07f443fca8e1aecb7292e92f/82a25781009f4bf6a566a199db3f2f65.png","ascent":8,"type":"bitmap","chars":["京"]},{"height":8,"file":"minecraft:font/58028c7a77334699b87037efba39c246/4fc97937f7fb4103b9f0cfe77c8674e4.png","ascent":8,"type":"bitmap","chars":["亭"]},{"height":8,"file":"minecraft:font/676a9dd8fb9d4e2ba62706035bb5fb81/02cbd0c3787340c39d56174a262d6fe1.png","ascent":8,"type":"bitmap","chars":["亮"]},{"height":8,"file":"minecraft:font/13c0f09782f546f7a8b86faf80dacf87/ae45917df6e34ea385b8f365f791a34a.png","ascent":8,"type":"bitmap","chars":["亯"]},{"height":8,"file":"minecraft:font/8a47b478c31b40de81426a9f5b03911e/101a0678db2547c6909b5771798a271f.png","ascent":8,"type":"bitmap","chars":["亰"]},{"height":8,"file":"minecraft:font/5e9e0ba29caf4146b43492370d32437a/dcad276604ee46b391da4011e79eb815.png","ascent":8,"type":"bitmap","chars":["亱"]},{"height":8,"file":"minecraft:font/2519f58ddc0442ce8de252e15bd94a86/5aa4c75c4b774f219da47efb3cb1057f.png","ascent":8,"type":"bitmap","chars":["亲"]},{"height":8,"file":"minecraft:font/df8e43ad15b24a91984c79bf4af08efa/d3396386084b42128b79aa8f584cfce3.png","ascent":8,"type":"bitmap","chars":["亳"]},{"height":8,"file":"minecraft:font/5cfe15db345043418dc95f13aaa39aa8/8e881a8b61ca42c8875e3796a1ca521d.png","ascent":8,"type":"bitmap","chars":["亴"]},{"height":8,"file":"minecraft:font/1c3d743baaa44d4c97ddefb7e68b62b1/0a81448ba71c4272ab38df30b7b59837.png","ascent":8,"type":"bitmap","chars":["亵"]},{"height":8,"file":"minecraft:font/429260ab9ed64008a26baa0c8ad04b33/d7d7c840af2d4e6ba69a41e114fa2d57.png","ascent":8,"type":"bitmap","chars":["亶"]},{"height":8,"file":"minecraft:font/15cfbc17564c4c728663604c217f8b5f/2ea97b2cb1ad4890bfe67ed4624e2eef.png","ascent":8,"type":"bitmap","chars":["亷"]},{"height":8,"file":"minecraft:font/0389e03e37ca4803b80cf267c57d3056/d5713886cd784c9bbac8c0c68e4cf520.png","ascent":8,"type":"bitmap","chars":["亸"]},{"height":8,"file":"minecraft:font/77fd99b027364c0194873be20ae986c7/48e5bf6eef98431bbc9e5c1afedbd627.png","ascent":8,"type":"bitmap","chars":["亹"]},{"height":8,"file":"minecraft:font/baa09737b07d458f9a90d870c6211e58/3e61dcb842b243c49264e9dfd89c4a99.png","ascent":8,"type":"bitmap","chars":["人"]},{"height":8,"file":"minecraft:font/401fa716a0c44d43b6b4dd38e32d7c16/f04ce776964b439c8380109bb93bdf8f.png","ascent":8,"type":"bitmap","chars":["亻"]},{"height":8,"file":"minecraft:font/ebd287423c5f49298ea2201a7071b6dc/1a9a8a35e5a84b5cbfc3d8af34a61e4b.png","ascent":8,"type":"bitmap","chars":["亼"]},{"height":8,"file":"minecraft:font/678735d5f7e64327b0a58085570eaad4/8f4f20a9096941e79861fcf058f0df07.png","ascent":8,"type":"bitmap","chars":["亽"]},{"height":8,"file":"minecraft:font/75c0c50ca54440d8ac4ddc4b273120f8/531ca63cf0b54620a85d696e1473d16f.png","ascent":8,"type":"bitmap","chars":["亾"]},{"height":8,"file":"minecraft:font/9f0b778118c94036bfaaa5b2e00cdb86/f3635ad1e3f54773b93e2acebc269574.png","ascent":8,"type":"bitmap","chars":["亿"]},{"height":8,"file":"minecraft:font/5ac11bb7a14a480d8760d13bfe1abd79/74421983fb0949909859f8efbf597bbc.png","ascent":8,"type":"bitmap","chars":["什"]},{"height":8,"file":"minecraft:font/4b8af659fe2d4cccace5f7e93abc2226/43865eff0e6e42b39d589bd1ae1b917a.png","ascent":8,"type":"bitmap","chars":["仁"]},{"height":8,"file":"minecraft:font/be9078090bbb4f33888cb69fc1ea0013/bc33b0393111470487be0f8ea77b4594.png","ascent":8,"type":"bitmap","chars":["仂"]},{"height":8,"file":"minecraft:font/f2a90012684a482abd36358224456df1/5f89a2141c4e4bd6a8cdc3717cba346b.png","ascent":8,"type":"bitmap","chars":["仃"]},{"height":8,"file":"minecraft:font/272f02ada72647dfbb0b822079edf013/3b8be8cb18554104972e42a477ace073.png","ascent":8,"type":"bitmap","chars":["仄"]},{"height":8,"file":"minecraft:font/f2c9071bcb5a41c6ad43a2810e5b3d97/496ab7ac5c424274ae4ec9f5e8e60f7a.png","ascent":8,"type":"bitmap","chars":["仅"]},{"height":8,"file":"minecraft:font/bfa4222490464556a962ebfffd41d5bf/6825f1b81651496ab05a78c9c62fdb78.png","ascent":8,"type":"bitmap","chars":["仆"]},{"height":8,"file":"minecraft:font/31640016439d48c88911977d439b4bd0/df4179f7a759412bb62399690436753e.png","ascent":8,"type":"bitmap","chars":["仇"]},{"height":8,"file":"minecraft:font/515339711846403fbd5b23b43648314d/0d27e74a51f24f04a38145be243dfd97.png","ascent":8,"type":"bitmap","chars":["仈"]},{"height":8,"file":"minecraft:font/9e59bf3c8eb64f1c8dcc2a13baaebd19/1c23afd450624a3fa43fa8f748b5d4ad.png","ascent":8,"type":"bitmap","chars":["仉"]},{"height":8,"file":"minecraft:font/3f7cef508ff64030babefc45905d78c6/d44b62924a414fde8bfe4f3ad2bed9b2.png","ascent":8,"type":"bitmap","chars":["今"]},{"height":8,"file":"minecraft:font/32f164220ae344b2a73fb2dfb031666e/56d3dc26751c49d58ffe2024a321c1e4.png","ascent":8,"type":"bitmap","chars":["介"]},{"height":8,"file":"minecraft:font/670c2fd64cd54ec8b7a02b284b0c6cda/7253696b37cd40378931920160c9c9bf.png","ascent":8,"type":"bitmap","chars":["仌"]},{"height":8,"file":"minecraft:font/2f0c8e5bb96d493b8048e857fbb1944c/10aff8a2bb354d4f958be5ca485cf293.png","ascent":8,"type":"bitmap","chars":["仍"]},{"height":8,"file":"minecraft:font/3e062ca3294b4e1e91dc371706c507b2/b0cd8403021b440ea2efb6119e989edf.png","ascent":8,"type":"bitmap","chars":["从"]},{"height":8,"file":"minecraft:font/b2120b4ab7dd42229df8246c47c06b91/c24b43696c534a469ec5069976770f38.png","ascent":8,"type":"bitmap","chars":["仏"]},{"height":8,"file":"minecraft:font/3d66158bfec1413784e9f356448dfbc9/0d5bede2063e4061a2d0130bc21b7cf3.png","ascent":8,"type":"bitmap","chars":["仐"]},{"height":8,"file":"minecraft:font/5b8ceb88fc8c44d0af181281b0192dbd/8101c9e2a6264a1f8321399a619f5990.png","ascent":8,"type":"bitmap","chars":["仑"]},{"height":8,"file":"minecraft:font/0a078ec0f1624099ab8c201809b4859d/77bfdeee937f4fc7b2c84baee691a5d0.png","ascent":8,"type":"bitmap","chars":["仒"]},{"height":8,"file":"minecraft:font/bc7924b323744c5db87499c20a8a51e5/b647f4bf828d44ad99d258cd009bf01d.png","ascent":8,"type":"bitmap","chars":["仓"]},{"height":8,"file":"minecraft:font/ddc4b5166e29417ebfac448b78e84298/16282cba18274e9d8d88c49998272cf0.png","ascent":8,"type":"bitmap","chars":["仔"]},{"height":8,"file":"minecraft:font/9adaca9fdba240bfad3fa6f2e5fe72a0/5f8a7201d78847cdbee35328347f1e90.png","ascent":8,"type":"bitmap","chars":["仕"]},{"height":8,"file":"minecraft:font/509b80ece87c46dea5a45ced5f3fc83f/5d530ffa49dd4080aeda90f9f3b5d76d.png","ascent":8,"type":"bitmap","chars":["他"]},{"height":8,"file":"minecraft:font/2348715e9e5f4bc281549acafe4ddbc9/c54633cd6ba24ef3bbebcbcce3712cf5.png","ascent":8,"type":"bitmap","chars":["仗"]},{"height":8,"file":"minecraft:font/73b28599c8d44b0394c3677a1b2b89c6/a30f95ec8f29469789240d61017b1cda.png","ascent":8,"type":"bitmap","chars":["付"]},{"height":8,"file":"minecraft:font/8ccc50131e2342f7b054a1f78c15c663/3b8ab952a06d477b8c03b73e87b05572.png","ascent":8,"type":"bitmap","chars":["仙"]},{"height":8,"file":"minecraft:font/a87a6500bd7f419baa20dec8182b09d4/920fce1e73944cb59a727d6b322ce40c.png","ascent":8,"type":"bitmap","chars":["仚"]},{"height":8,"file":"minecraft:font/aa6484f61425477aaa0cac77da3721d0/adc36adaa5d148bfa0c370bb80ea5231.png","ascent":8,"type":"bitmap","chars":["仛"]},{"height":8,"file":"minecraft:font/bcb2b23c87fa403eb9b9284426de22d5/606698d03d274461bcf56142527295be.png","ascent":8,"type":"bitmap","chars":["仜"]},{"height":8,"file":"minecraft:font/2cfa6114206d48ce871388b43f426807/95c4edaa0a9e40ecb12436e8bd71e855.png","ascent":8,"type":"bitmap","chars":["仝"]},{"height":8,"file":"minecraft:font/86c1b3ee26f440c0b65de07c860babbe/cda7c1b06366451087ab077944c88cfc.png","ascent":8,"type":"bitmap","chars":["仞"]},{"height":8,"file":"minecraft:font/5b73baa2c9064d9294ce3b88d8d7d909/d8c27955a9cd426aa2fcee989584a58d.png","ascent":8,"type":"bitmap","chars":["仟"]},{"height":8,"file":"minecraft:font/7b2bece4b8ae4a1baeb6d6f7047e34c6/e2633a851e0e42d5a40e823f0741a45f.png","ascent":8,"type":"bitmap","chars":["仠"]},{"height":8,"file":"minecraft:font/c393debf7459478bbe5c330514d10855/f9b0e8a773e34ea79927ba3577b361c1.png","ascent":8,"type":"bitmap","chars":["仡"]},{"height":8,"file":"minecraft:font/62529c8068c64a3085fe34cc0da9adb9/211cde97146742d88971c30c56d5ac95.png","ascent":8,"type":"bitmap","chars":["仢"]},{"height":8,"file":"minecraft:font/4785812f4afa49f4bec3dcc41e748d29/d8cc89a77ac74918a0123eb26a6bd5ec.png","ascent":8,"type":"bitmap","chars":["代"]},{"height":8,"file":"minecraft:font/637803a6b0494ee9b57c07a7ffb89595/a65cc3290db244b293d4427051e05b25.png","ascent":8,"type":"bitmap","chars":["令"]},{"height":8,"file":"minecraft:font/8ab28a07decf49089674e436922b3b79/8b5a75bf3f2a4cb6baaec68229b30d09.png","ascent":8,"type":"bitmap","chars":["以"]},{"height":8,"file":"minecraft:font/b1cb3a99de3e487ebbd538111e17456c/548dfebb7f4f452db1c3bc8031cc25a4.png","ascent":8,"type":"bitmap","chars":["仦"]},{"height":8,"file":"minecraft:font/fc7f562b2bc945fbb060785d6bfefc45/4fd280d23a7b490baea902f9d2048027.png","ascent":8,"type":"bitmap","chars":["仧"]},{"height":8,"file":"minecraft:font/090cccd508784c349f13068caed0180c/15d3b69198054963b492d4441e5545b5.png","ascent":8,"type":"bitmap","chars":["仨"]},{"height":8,"file":"minecraft:font/447b51e94d3e4f1ca97b57cdcf9db9b4/e7186c4e215341b3aa29f765c2233ee0.png","ascent":8,"type":"bitmap","chars":["仩"]},{"height":8,"file":"minecraft:font/f1ce7751437743acbfac4cc178e33b4b/a381f0243af94bf88a364a07e9eae89a.png","ascent":8,"type":"bitmap","chars":["仪"]},{"height":8,"file":"minecraft:font/0350992af2d14634973a90bf2e14a18b/a39aca24b53243ed908ae2186638eb8b.png","ascent":8,"type":"bitmap","chars":["仫"]},{"height":8,"file":"minecraft:font/9b70112f032343e0975fa7fb4c52dce6/3ce669fd2a7b44b89cebebd3bbe6d579.png","ascent":8,"type":"bitmap","chars":["们"]},{"height":8,"file":"minecraft:font/1e78c1404a4541af86ef20a2777d455e/c56ab9c3038f456c94486d446ed47e4e.png","ascent":8,"type":"bitmap","chars":["仭"]},{"height":8,"file":"minecraft:font/4c6b6645c9c04aa1a6eca304a797f1c3/76e8a3c1de41494398ba17b8c5adca3d.png","ascent":8,"type":"bitmap","chars":["仮"]},{"height":8,"file":"minecraft:font/e97ab0e02dbf47f7ab03db1781d1ce5f/bec4ef58d9f44fa3aba19ff7827d0ba7.png","ascent":8,"type":"bitmap","chars":["仯"]},{"height":8,"file":"minecraft:font/46969732a7324098b8e470cf3d626da8/9612c3492f2f43ce8c1864151b616c42.png","ascent":8,"type":"bitmap","chars":["仰"]},{"height":8,"file":"minecraft:font/50700dfc9eeb4be58b6fda9d19ceb1a1/bc3066ad55794b87b98483642ca2c814.png","ascent":8,"type":"bitmap","chars":["仱"]},{"height":8,"file":"minecraft:font/e0bd19d89a314055b6267fa25b204ea6/0044e1b837c34956aff43980d60bf054.png","ascent":8,"type":"bitmap","chars":["仲"]},{"height":8,"file":"minecraft:font/a49db91cee1c4f6595068763ee62d9b0/4a0d1af234ab4e1fa444199ce7c415a6.png","ascent":8,"type":"bitmap","chars":["垗"]},{"height":8,"file":"minecraft:font/ea0fd46250ac4aa3974fc90935b3e54a/6b87e9b0c45a41b89d0efe909e83872b.png","ascent":8,"type":"bitmap","chars":["仳"]},{"height":8,"file":"minecraft:font/b9aedc336dbf4848bf2cf7d0c245de9e/adffd77592b3406ca1ec9f89f535b524.png","ascent":8,"type":"bitmap","chars":["仴"]},{"height":8,"file":"minecraft:font/cae9b3c2d40347b6b7e37f4606d77e36/f985d7a1c7a14f53afeffd25de79daf7.png","ascent":8,"type":"bitmap","chars":["仵"]},{"height":8,"file":"minecraft:font/f7df171dc1564037a8d04863753c53fc/7f45cabc4a72472e83b69a6f3a64d1f4.png","ascent":8,"type":"bitmap","chars":["件"]},{"height":8,"file":"minecraft:font/c97cdb566dc7447a8680e1dde37423f4/45e7a46796154ac997ef2a7ed415565a.png","ascent":8,"type":"bitmap","chars":["价"]},{"height":8,"file":"minecraft:font/58f0797a99af4bbd9b7ef1f756056337/b0de577e9a344ecb81c39a5d82176dfa.png","ascent":8,"type":"bitmap","chars":["仸"]},{"height":8,"file":"minecraft:font/a540198fedf242e288ae571c3778057c/8e0e02ac239947489701c408a629b0f2.png","ascent":8,"type":"bitmap","chars":["仹"]},{"height":8,"file":"minecraft:font/942e2905622e407abefcb96b3d795c9c/e9e5f10fadeb4d868b38691ba4c6b5e4.png","ascent":8,"type":"bitmap","chars":["仺"]},{"height":8,"file":"minecraft:font/0dbb9151b2b040d9a1de54849a5d7546/97ae1d2af10d4714af142125480bd165.png","ascent":8,"type":"bitmap","chars":["任"]},{"height":8,"file":"minecraft:font/3cdcb56e5b5a4c348a0bcb22b3b05b05/1b6bafebcec14529a6424613ae2e3da3.png","ascent":8,"type":"bitmap","chars":["仼"]},{"height":8,"file":"minecraft:font/8ab6bb3195a24abe8a5cc548a3534257/44ecdcc3174349e89ae2ff79140cd971.png","ascent":8,"type":"bitmap","chars":["份"]},{"height":8,"file":"minecraft:font/bdf5d46733c445c0bbe62a083244651c/a5abb1f434034e6ab8457dfff21af5ce.png","ascent":8,"type":"bitmap","chars":["仾"]},{"height":8,"file":"minecraft:font/c904235007704a54ad05f1ca10d6cf76/e9af427205f24a99b0a2dddd07c4b2b4.png","ascent":8,"type":"bitmap","chars":["仿"]},{"height":8,"file":"minecraft:font/0f12eea830604d639008afc1bf549862/d0447a40bfd9499db69d571a56620020.png","ascent":8,"type":"bitmap","chars":["伀"]},{"height":8,"file":"minecraft:font/b32a71d26e4f4471bb146ec908935394/e224c2ae3adf47198d991b625269d8c5.png","ascent":8,"type":"bitmap","chars":["企"]},{"height":8,"file":"minecraft:font/3e2f9d02c6f0437daf075f6db40a0a46/12920ca8c5e64ce3b7c01ceef76fa121.png","ascent":8,"type":"bitmap","chars":["伂"]},{"height":8,"file":"minecraft:font/b90b059f32bf41ff8851855b290fb87b/40e9549b22514dc5b1059cd1ffbf4f8b.png","ascent":8,"type":"bitmap","chars":["伃"]},{"height":8,"file":"minecraft:font/3d2429eb1d4747dba07e7db732afda65/7eb6d8fa6a44469b8c1e3a2d748a58cc.png","ascent":8,"type":"bitmap","chars":["伄"]},{"height":8,"file":"minecraft:font/3153d2d66dcf43488a4406647eb10315/8d4477f830a0443aaa56caef141a5507.png","ascent":8,"type":"bitmap","chars":["伅"]},{"height":8,"file":"minecraft:font/d15afa2a67b142d7a8a392834e0471f8/40d6b017c84d45dc8b11702a3a3af775.png","ascent":8,"type":"bitmap","chars":["伆"]},{"height":8,"file":"minecraft:font/fecd5baeb1ab44f28796f9f91f4ea08f/2e5e55f8f2da4af18818cf77dafa7512.png","ascent":8,"type":"bitmap","chars":["伇"]},{"height":8,"file":"minecraft:font/e39d3b6961194ea8b43102597bad8075/7ed3e160049a4296814a5a6e5e625c4f.png","ascent":8,"type":"bitmap","chars":["伈"]},{"height":8,"file":"minecraft:font/118ace73665d4f4c8b2a9b6a1fb21a7f/327b3316ecb948b4821e8b6c5b06afbe.png","ascent":8,"type":"bitmap","chars":["伉"]},{"height":8,"file":"minecraft:font/0c8ee34d68d844bf94851fb0e1371d6a/78100ac5c6ee4c1a8ee5d03b638fcccb.png","ascent":8,"type":"bitmap","chars":["伊"]},{"height":8,"file":"minecraft:font/dbcb600e7082459eb00a5937f78157af/4a09effa7630435f83cb9afb227f1995.png","ascent":8,"type":"bitmap","chars":["伋"]},{"height":8,"file":"minecraft:font/c2e30d8fb0864ca0bdfd517e28982f7d/fd56dbe34c194654bc2731226168eb29.png","ascent":8,"type":"bitmap","chars":["伌"]},{"height":8,"file":"minecraft:font/347e594e0c0e4446896d8c85ef171151/582b69a3bead44f7b0536eea9ff1b7fd.png","ascent":8,"type":"bitmap","chars":["伍"]},{"height":8,"file":"minecraft:font/4a050ab3a4364d07b26cb560d25bd5b3/1ade0ffbc63f4f82b2b0b0269693189d.png","ascent":8,"type":"bitmap","chars":["伎"]},{"height":8,"file":"minecraft:font/1b6bd6a9a33946de8cd08393cceab6bd/bd4aa207c1664aa2a8198db42306709e.png","ascent":8,"type":"bitmap","chars":["伏"]},{"height":8,"file":"minecraft:font/65ea2221e2b3496db71b7b90b5f72cfb/50a7825e0c174cc9a8f2a978f49f3193.png","ascent":8,"type":"bitmap","chars":["伐"]},{"height":8,"file":"minecraft:font/c01c1389abf947ecb907d72a7c112d40/94d4d753e125415b86a6d4a9c676d9c4.png","ascent":8,"type":"bitmap","chars":["休"]},{"height":8,"file":"minecraft:font/1c8ba364b38949c6bbdd975fc90d1418/c0f111d870a946dca5bdad3cdb751b7a.png","ascent":8,"type":"bitmap","chars":["伒"]},{"height":8,"file":"minecraft:font/74e26520f5c3487a851a2bf57e7ad404/2e21596a5919488fbe58360d63a18a7d.png","ascent":8,"type":"bitmap","chars":["伓"]},{"height":8,"file":"minecraft:font/0860136cb5544c438a2e793aaf16279c/5aae4176dbcd41a9aff718f787815cb4.png","ascent":8,"type":"bitmap","chars":["伔"]},{"height":8,"file":"minecraft:font/7282b6b13f604a599d275bee1315801a/efe2029b124141d1a03195a06e975737.png","ascent":8,"type":"bitmap","chars":["伕"]},{"height":8,"file":"minecraft:font/d582d57873d04d82940b30bdffdcb2c7/2e8f18dcec324fa48ad326f27d8678e8.png","ascent":8,"type":"bitmap","chars":["伖"]},{"height":8,"file":"minecraft:font/7bc514128cee4b1a8ee32d558d5d74c5/7766546533e5466bb71ff5aae0d0eaad.png","ascent":8,"type":"bitmap","chars":["众"]},{"height":8,"file":"minecraft:font/278e6a3ca92741489b0df9a0b4f93cfe/996f1081302446068b957aace4e4559a.png","ascent":8,"type":"bitmap","chars":["优"]},{"height":8,"file":"minecraft:font/55c891b4f83744468d11ac9cf0251e53/82b1146a8ce54c5292f3f491b26f76da.png","ascent":8,"type":"bitmap","chars":["伙"]},{"height":8,"file":"minecraft:font/2e23d71a4dcc457abc0bd38f83227821/0a8d7b6b6e52450fa6ff82b44d8af2f6.png","ascent":8,"type":"bitmap","chars":["会"]},{"height":8,"file":"minecraft:font/c55318a6e65a45be9d2136a65cc647fe/8402d10d77fa438ca5a7a1652d03b959.png","ascent":8,"type":"bitmap","chars":["偹"]},{"height":8,"file":"minecraft:font/ab62af458b884727886652139436b584/1f69e36e72cf4342ab49f01de7055217.png","ascent":8,"type":"bitmap","chars":["偺"]},{"height":8,"file":"minecraft:font/2ca21406df324292bf848bbade3bef01/8e7eb95334f44c549d4f89a715295833.png","ascent":8,"type":"bitmap","chars":["偻"]},{"height":8,"file":"minecraft:font/a0739d8bacc54de6b8172ee9f49ec792/dfce75fc066e43ca9c54c05d601eb71c.png","ascent":8,"type":"bitmap","chars":["偼"]},{"height":8,"file":"minecraft:font/690f258d333b4ab5b0d7ace93b9756a3/45f813f01d704be2acd9f1a05d765395.png","ascent":8,"type":"bitmap","chars":["偽"]},{"height":8,"file":"minecraft:font/03130698509040f2bc09533028f467e3/d719def72cca4d46a426bb0b37a3084f.png","ascent":8,"type":"bitmap","chars":["偾"]},{"height":8,"file":"minecraft:font/470d1c623c9c44c7b97376d9b9383bae/bb4b8273e61f4c0487629ea739a8a1cd.png","ascent":8,"type":"bitmap","chars":["偿"]},{"height":8,"file":"minecraft:font/59658bc60df7430a9a21f87c3143ea04/166398ee463845aa901d045b9430cf8c.png","ascent":8,"type":"bitmap","chars":["傀"]},{"height":8,"file":"minecraft:font/60c824d55b9e4c409198b8cd2427646d/7938c6a6fee84e9c8e0fed4f64dcdab6.png","ascent":8,"type":"bitmap","chars":["傁"]},{"height":8,"file":"minecraft:font/a990abe8934c45c29a8881a5feb15971/4c8798c6b03943ae85c73576f4cb2a9f.png","ascent":8,"type":"bitmap","chars":["傂"]},{"height":8,"file":"minecraft:font/af9e28774b81453da0886e9581f88b89/85d4a36264f24c2f9e62a6067b9ddaca.png","ascent":8,"type":"bitmap","chars":["傃"]},{"height":8,"file":"minecraft:font/70b518b9c8104d8baf08bc63429d7fbb/3f560340c1d64e74a6b246cc10569a1d.png","ascent":8,"type":"bitmap","chars":["傄"]},{"height":8,"file":"minecraft:font/304ef49b91784b23a705a98ff09bc224/9bb27d01e0f34cdbb0a8b7310409d14f.png","ascent":8,"type":"bitmap","chars":["傅"]},{"height":8,"file":"minecraft:font/80fd9c9ccf7f4b4d97ed8c8f23077dac/38ad34e5633a42179bde789c1cc8f024.png","ascent":8,"type":"bitmap","chars":["傆"]},{"height":8,"file":"minecraft:font/377c03275bc141dc9280778a6b81e8d1/8aad554717a5458ab176def7771211a8.png","ascent":8,"type":"bitmap","chars":["傇"]},{"height":8,"file":"minecraft:font/840e004cef80423fb4497cdb82c7a4df/31f850b2d73a45b0ba23f26854ca294c.png","ascent":8,"type":"bitmap","chars":["傈"]},{"height":8,"file":"minecraft:font/be78e4ddde20449caba08331ca0d53b3/943ecbb247354df993f763a701a91737.png","ascent":8,"type":"bitmap","chars":["傉"]},{"height":8,"file":"minecraft:font/7479204926d54380acdaa8f63fd2b145/9b809f2be5d443f2bd037d56c5089f54.png","ascent":8,"type":"bitmap","chars":["傊"]},{"height":8,"file":"minecraft:font/230bf6ef02144c47b9dda549639799dd/4e5efe1942a3423bb4677e5825cdf18c.png","ascent":8,"type":"bitmap","chars":["傋"]},{"height":8,"file":"minecraft:font/3f148c75be5b4ace955bb34876a85326/79ac1d95bc15427796aa7180bc8eb9a1.png","ascent":8,"type":"bitmap","chars":["傌"]},{"height":8,"file":"minecraft:font/a66613c9bc7b41debd92ccdde6dafb6a/876d7000361f49b2b8b7f8e549567400.png","ascent":8,"type":"bitmap","chars":["垃"]},{"height":8,"file":"minecraft:font/07a7af16d5e14448b296a1c0b0bd4c9c/74a5e541177d44ac9d44e0b7a905ee68.png","ascent":8,"type":"bitmap","chars":["垄"]},{"height":8,"file":"minecraft:font/5ddc166338764aabad1d9ea08d0295b1/f1ac96381e254f55b619e4143430c790.png","ascent":8,"type":"bitmap","chars":["垅"]},{"height":8,"file":"minecraft:font/b5df5df5db86480eac7e8dd58e678223/0662c72d8c8d4486826dc0a1f9c20260.png","ascent":8,"type":"bitmap","chars":["垆"]},{"height":8,"file":"minecraft:font/f3cdeca8be7e4166a300a089e83c84ea/92ebc907af14411aaa0ba88af3c9010a.png","ascent":8,"type":"bitmap","chars":["垇"]},{"height":8,"file":"minecraft:font/5ec5b3f4c19644e79b8e481504e02182/89135b91bc8d450f832d47f8f9e6d2ae.png","ascent":8,"type":"bitmap","chars":["垈"]},{"height":8,"file":"minecraft:font/2bc8d8c3cfc2498894d4b381fd4a9418/4804e66ffff04652ac097962519ede83.png","ascent":8,"type":"bitmap","chars":["垉"]},{"height":8,"file":"minecraft:font/b7b1d91817c14d12ab34ceb9719e65ff/46a7309b23664643889c0daf924ccfec.png","ascent":8,"type":"bitmap","chars":["垊"]},{"height":8,"file":"minecraft:font/f43ec96d6102454d861d45e3f48beeec/7b354465dbdc429399e7ebb44f2814c4.png","ascent":8,"type":"bitmap","chars":["型"]},{"height":8,"file":"minecraft:font/52bfa8cd2ccf4084be36dd232a36f74c/e91905535e094c10a5c33f44c390c224.png","ascent":8,"type":"bitmap","chars":["垌"]},{"height":8,"file":"minecraft:font/a17f1d21fbfb49f591984ff5b8e09f14/6b37e35c4aab41da8433f41d35d7f51d.png","ascent":8,"type":"bitmap","chars":["垍"]},{"height":8,"file":"minecraft:font/bb8f37a9762f4a09b4964e4d5a3c3cbc/b696f8561fb3444996078a67d4894c87.png","ascent":8,"type":"bitmap","chars":["垎"]},{"height":8,"file":"minecraft:font/f4e3c2f43d274be8b5a483abffc34226/93ee420d4d984fdc8a40e7fe27b5c065.png","ascent":8,"type":"bitmap","chars":["垏"]},{"height":8,"file":"minecraft:font/31e19d2b690b43d09596402676a81eab/5ab7decfde1d4bc39121327ff58b1c51.png","ascent":8,"type":"bitmap","chars":["垐"]},{"height":8,"file":"minecraft:font/1c631a401352464b9f07040bc3cb8c09/a9123a02e0a84b1493de1f2c246fcef4.png","ascent":8,"type":"bitmap","chars":["垑"]},{"height":8,"file":"minecraft:font/61ed5ec3639247d0864824b9204820ec/94225793de9a4b21b3575d26ca7ac2a7.png","ascent":8,"type":"bitmap","chars":["垒"]},{"height":8,"file":"minecraft:font/03ad21eec141409db25032614f45e57c/76f46224f4584ff6b001f72a2ab23f5e.png","ascent":8,"type":"bitmap","chars":["垓"]},{"height":8,"file":"minecraft:font/ef77fe80fa764c2c944419ca1ee87282/73c08f6d9d4c443f9f99b76dddcb11eb.png","ascent":8,"type":"bitmap","chars":["垔"]},{"height":8,"file":"minecraft:font/7fa7a64cb23343a7bc863c00cebf877f/48cce9fb3e3340a7b06f80704bf1ded2.png","ascent":8,"type":"bitmap","chars":["垕"]},{"height":8,"file":"minecraft:font/a0371af26eb84c52992f033253a67b13/f2e06a8da125456dba8c3b5750f511df.png","ascent":8,"type":"bitmap","chars":["垖"]},{"type":"bitmap","file":"font/pixel.png","ascent":-1000,"height":-2,"chars":["ᨓ"]},{"type":"bitmap","file":"font/pixel.png","ascent":-10000,"height":1,"chars":["ᨒ"]},{"type":"bitmap","file":"font/pixel.png","ascent":-10000,"height":-2,"chars":["⻙"]}]}