{"providers":[{"type":"bitmap","chars":["垜"],"height":16,"file":"minecraft:font/3c400fecbff04e5b8653627ed6c24830/66ceb819510142099476d70e42570497.png","ascent":16},{"type":"bitmap","chars":["一"],"height":16,"file":"minecraft:font/5107a606d4154f558fc331b05ba55f1a/f0716908faab44239fdb6e4bc43be896.png","ascent":16},{"type":"bitmap","chars":["丁"],"height":8,"file":"minecraft:font/be4fbad58b374634b299c5a851752248/df68da293db641158078295dd0adf7fd.png","ascent":8},{"type":"bitmap","chars":["垞"],"height":8,"file":"minecraft:font/509f0a0cc7884d9c95b97a0c31958cf8/0bf2307c7ea74e13bfb251ab2666dd63.png","ascent":8},{"type":"bitmap","chars":["丂"],"height":8,"file":"minecraft:font/69ccb7bd927e4d178c3751708c17cebd/1c611cfc479d42458253fac697df5727.png","ascent":8},{"type":"bitmap","chars":["七"],"height":8,"file":"minecraft:font/57350db8f9b64a63bf38fdc23738a796/09e45753fdb54053b29831dd2f9f073f.png","ascent":8},{"type":"bitmap","chars":["丄"],"height":8,"file":"minecraft:font/321a27edda5043e5a6119b064269c17a/238e22e7e7624353ae767b85e1ef6521.png","ascent":8},{"type":"bitmap","chars":["丅"],"height":8,"file":"minecraft:font/e01b775871434a3f8ce09a8f2bce6df6/8efb1663a1fe4089b818bbaf6cd50c41.png","ascent":8},{"type":"bitmap","chars":["丆"],"height":8,"file":"minecraft:font/245fe149b6bb4f67ab346e4994edab1b/56fef4276f6044c0a2030a9db6d24de8.png","ascent":8},{"type":"bitmap","chars":["万"],"height":8,"file":"minecraft:font/a3ce9d3b764c4e84ae8fbf13f2b8e32a/aba4832b7747409e93f45fde6f7ce7c1.png","ascent":8},{"type":"bitmap","chars":["丈"],"height":8,"file":"minecraft:font/8d00173ba08f47dea71341a38399b1fd/7819481451a04e5e8518a64a684ce396.png","ascent":8},{"type":"bitmap","chars":["三"],"height":8,"file":"minecraft:font/fed2dc3fb0774afe97b345a932210541/b0931f78dda54a64b9b9c10e499bdd04.png","ascent":8},{"type":"bitmap","chars":["上"],"height":8,"file":"minecraft:font/498ee46843a44eb3939cc45cb0d02f7d/68cdd2c5af09426482d3122eeb523b38.png","ascent":8},{"type":"bitmap","chars":["下"],"height":8,"file":"minecraft:font/1bf1b5cbba9c42b29a2ae153c1fe26c6/70a35c6315a54239ba5f1e2932757e1c.png","ascent":8},{"type":"bitmap","chars":["丌"],"height":8,"file":"minecraft:font/8e3c23bc877f4ff6b7af9e5e91c9deeb/3a5fbb89a87b4275b94a5a31b7554c12.png","ascent":8},{"type":"bitmap","chars":["不"],"height":8,"file":"minecraft:font/505c212dab494b368b0b136977d46ebb/4d93ddd221364b31a4aa725c560b48d9.png","ascent":8},{"type":"bitmap","chars":["与"],"height":8,"file":"minecraft:font/bbd8e09e5ffa41c1a409ae656847ac94/c5c8286c33ca41a7b9872352c6904f57.png","ascent":8},{"type":"bitmap","chars":["丏"],"height":8,"file":"minecraft:font/3ebbe4f6dbe9462191560aabb87f3a32/ce2cc2feee6540c584ca03a4a51a2e28.png","ascent":8},{"type":"bitmap","chars":["丐"],"height":8,"file":"minecraft:font/0c0fef7a67904f8f878dfd9fe1a3edb2/484bb41af72f4317a88c17f73b544f5f.png","ascent":8},{"type":"bitmap","chars":["丑"],"height":8,"file":"minecraft:font/6eb5d8d818b94a799085c2d1b88065eb/ce652fe3eba14bdfb9efb1d77a13ea7b.png","ascent":8},{"type":"bitmap","chars":["丒"],"height":8,"file":"minecraft:font/ebe02c6cede34f13baa77c382fb06263/9ca855202b3a4381902dcd62b778e8bb.png","ascent":8},{"type":"bitmap","chars":["专"],"height":8,"file":"minecraft:font/3bb70893286848138b3e28ebbec3665a/8b797a3c1d2547e89b6a143fdd3cd295.png","ascent":8},{"type":"bitmap","chars":["且"],"height":8,"file":"minecraft:font/e435605622b242359753d1a435d976c6/6a528661921a4c02ab21cec4595799ad.png","ascent":8},{"type":"bitmap","chars":["丕"],"height":8,"file":"minecraft:font/9c25a8612db84963ba1a89366bb7d528/4e01a0ea90114e638365095d86264e65.png","ascent":8},{"type":"bitmap","chars":["世"],"height":8,"file":"minecraft:font/2acccf904c3c419db5bfc88263680ff7/496da44d3e294ad6b2fb086e58df7110.png","ascent":8},{"type":"bitmap","chars":["丗"],"height":8,"file":"minecraft:font/12fb7c917c7f489589c84636cf85fa6c/4e657751fc024fa5806d1b6e471b29fd.png","ascent":8},{"type":"bitmap","chars":["丘"],"height":8,"file":"minecraft:font/d1e33fecd8f54d878eb74305262e329a/191b0816a7b74a368cff16b3a7362987.png","ascent":8},{"type":"bitmap","chars":["丙"],"height":8,"file":"minecraft:font/adf03364a4094c949fd95dd61708f88f/0e5fdb8bd1c54ddfb53ad1c3ae9febd1.png","ascent":8},{"type":"bitmap","chars":["业"],"height":8,"file":"minecraft:font/8cfa344361de4776b50434c1bf3e37d0/c6318d0151c74d638e99abb249e478b6.png","ascent":8},{"type":"bitmap","chars":["丛"],"height":8,"file":"minecraft:font/1b0576156f7f42c699de3b47726ea0d6/ed5b2389f2424960aa17f6fb9809551e.png","ascent":8},{"type":"bitmap","chars":["东"],"height":8,"file":"minecraft:font/0ff8ac027e434d9480401d645961ecba/af1825d8d02947efa4d208ddb8b921e5.png","ascent":8},{"type":"bitmap","chars":["丝"],"height":8,"file":"minecraft:font/938391c32be249ad92cc161a5245fe39/b203e7fc8d5047c8be407277d8b0d28b.png","ascent":8},{"type":"bitmap","chars":["丞"],"height":8,"file":"minecraft:font/07920536749745b7a6382c0e30e923ea/6c9cc7e929644d3eb1c04a2e70808685.png","ascent":8},{"type":"bitmap","chars":["丟"],"height":8,"file":"minecraft:font/5fc7403f43d04ba5be33b00af37ac65c/6a0a205ac6fc46f098cfeb1ce39be3b0.png","ascent":8},{"type":"bitmap","chars":["丠"],"height":8,"file":"minecraft:font/90029306a3a0468c83ab17d5d468d5ee/85bee2c6432444a38e26c6159e035660.png","ascent":8},{"type":"bitmap","chars":["両"],"height":8,"file":"minecraft:font/79a83650de724be692edfecd6b67589c/5072848a517c4cdbb98340b83ed3a5b7.png","ascent":8},{"type":"bitmap","chars":["丢"],"height":8,"file":"minecraft:font/d2089d3542ea42b293ebb87621c643c6/72daba1a4bc14878a3dbd493c790a810.png","ascent":8},{"type":"bitmap","chars":["丣"],"height":8,"file":"minecraft:font/86b9475136c04f71815bb40880598658/eeccc40e363d462a84c4109658ca7927.png","ascent":8},{"type":"bitmap","chars":["两"],"height":8,"file":"minecraft:font/9fe0056aac174d0c8f44cfb47e9b7996/a567a33786f94b15a221dfddf4609bbe.png","ascent":8},{"type":"bitmap","chars":["严"],"height":8,"file":"minecraft:font/016baeb8e2d14e998e1b36e9dcdd190c/d57afbdceff7429db5e9ffb5fa01a1d4.png","ascent":8},{"type":"bitmap","chars":["並"],"height":8,"file":"minecraft:font/406343dd354b45838d31bb58cba6cb0e/f9c9930214a84362a3f651daf8eb0d93.png","ascent":8},{"type":"bitmap","chars":["丧"],"height":8,"file":"minecraft:font/7711d9b9106444c0a4cc7c6dfb73be7b/c1c63bcff4c84b559dfbd2589b2d2d73.png","ascent":8},{"type":"bitmap","chars":["丨"],"height":8,"file":"minecraft:font/39f58c516eb94e67a2f01268983f2d78/82b3d0b5584a4feb86aa4bca56af5042.png","ascent":8},{"type":"bitmap","chars":["丩"],"height":8,"file":"minecraft:font/4c28b1a807c04bf5847063d16c31002f/0bfa6945c4de49fa8f901c0080f47c26.png","ascent":8},{"type":"bitmap","chars":["个"],"height":8,"file":"minecraft:font/ba7e4201c3a9474685c8f62fe187d4b8/f25ddfb3d74e43e0bdb8b9d636a03e11.png","ascent":8},{"type":"bitmap","chars":["丫"],"height":8,"file":"minecraft:font/efca71e9b516415aa6bb47f23e06e8d6/461911a044644c4b9458f54fbbc10b36.png","ascent":8},{"type":"bitmap","chars":["丬"],"height":8,"file":"minecraft:font/f72e43bb2b174780a1b9bea84e64f832/832ee46012b141afa0789121c96d70b7.png","ascent":8},{"type":"bitmap","chars":["中"],"height":8,"file":"minecraft:font/8b8fa28a2975420baabb2d9c6e159faf/d67e7a1aea594ca0a073754326d5c439.png","ascent":8},{"type":"bitmap","chars":["丮"],"height":8,"file":"minecraft:font/fa2819ddc2e74b45a44e28c8563b38ea/9f2a713859294bceab930bdceaa30082.png","ascent":8},{"type":"bitmap","chars":["丯"],"height":8,"file":"minecraft:font/94327ccf4e86493a9c013e6cffddb225/3ac76e3d6b62498eb4e0da141e062bba.png","ascent":8},{"type":"bitmap","chars":["丰"],"height":8,"file":"minecraft:font/77c8f703e85444cea9050218d2db2d58/370225f311f947768433cfb989d0d172.png","ascent":8},{"type":"bitmap","chars":["丱"],"height":8,"file":"minecraft:font/6c7b1e6d134c4d9d81ff6a07ef74ba64/1ddae0667eef414ab8515592c491ad20.png","ascent":8},{"type":"bitmap","chars":["串"],"height":8,"file":"minecraft:font/f34040e4dd874cd5a3febb1b0bddce6c/ca4b22970996477881e46316c3220146.png","ascent":8},{"type":"bitmap","chars":["丳"],"height":8,"file":"minecraft:font/9321a81528464ed09f8633419db6b783/6d9ae560f59844c08e01447eaf946f82.png","ascent":8},{"type":"bitmap","chars":["垙"],"height":16000,"file":"minecraft:font/e8478ade0650430eaad44c16a01393ba/6a54ce2e648d4ba09c9928457f142806.png","ascent":16000},{"type":"bitmap","chars":["亖"],"height":8,"file":"minecraft:font/7bac0ecf2a9640ffa17da81b37b99bfc/4f2d264742c74dd7988bef344eda1ad4.png","ascent":8},{"type":"bitmap","chars":["亗"],"height":8,"file":"minecraft:font/8fcdf65aacdc42e38d96793f42ed7dd4/436a999c1902438ca0120b4727baf598.png","ascent":8},{"type":"bitmap","chars":["亘"],"height":8,"file":"minecraft:font/90716767a97d409ebdd308af52ad9b82/5cc0ef2e809a447eaa60d2a777da25db.png","ascent":8},{"type":"bitmap","chars":["亙"],"height":8,"file":"minecraft:font/2ec5d28b744e41319be99aa8f104214c/999e3c5f252140c28cf7c9bc1f185871.png","ascent":8},{"type":"bitmap","chars":["亚"],"height":8,"file":"minecraft:font/95de984472fd4659b8826c71186ea261/22ca5a0f23624e39889771e4de5838f0.png","ascent":8},{"type":"bitmap","chars":["些"],"height":8,"file":"minecraft:font/122c395715a64b1bbdd8de115a0bf4a8/7422d9c0384b4ad993be8f3f5e5e3941.png","ascent":8},{"type":"bitmap","chars":["亜"],"height":8,"file":"minecraft:font/a84455d940394807b56918503348b2cf/7d29b78e050a40b7a0101d8ec5bde387.png","ascent":8},{"type":"bitmap","chars":["亝"],"height":8,"file":"minecraft:font/62da85d82aa6408887a4a8003ac5d290/94fd3493ef3041fb86c253baf041c77a.png","ascent":8},{"type":"bitmap","chars":["亞"],"height":8,"file":"minecraft:font/eeec94a1d31d45449bb0dcc92d370912/2204cae9ad334d60b517fe8dcef7ee01.png","ascent":8},{"type":"bitmap","chars":["亟"],"height":8,"file":"minecraft:font/e143d5efbaf84400886b30e0b1df4de3/48e1f17f2f47478cb8809d55893d8765.png","ascent":8},{"type":"bitmap","chars":["亠"],"height":8,"file":"minecraft:font/ae0691af4e10448cb4c26856b0f145c9/4bc34a250ba1466ca7421aaf7f3c964a.png","ascent":8},{"type":"bitmap","chars":["亡"],"height":8,"file":"minecraft:font/0257096c852c4c058fc1ef3acb5e6b86/e814b8a45610418394ded24ad1f21884.png","ascent":8},{"type":"bitmap","chars":["亢"],"height":8,"file":"minecraft:font/cd615b4815914fd1a65e0415503d815e/656c766f67ef49889e72c83bc8ea5370.png","ascent":8},{"type":"bitmap","chars":["亣"],"height":8,"file":"minecraft:font/aa6cfac30575404aaacc6c6e5ab1eada/fbedfb5cc16041fb8a285833820379f6.png","ascent":8},{"type":"bitmap","chars":["交"],"height":8,"file":"minecraft:font/694fbac354864aa99abbd4c1f983ae83/61455f7cead54962b74444f6e24ce6fc.png","ascent":8},{"type":"bitmap","chars":["亥"],"height":8,"file":"minecraft:font/53fe3c7d91554a37a7ec15a234be0745/9282a1c533314cc9ab9c825ca87a2039.png","ascent":8},{"type":"bitmap","chars":["亦"],"height":8,"file":"minecraft:font/fb24076b78474336b67e84ebc7a23a30/20d980a9081d49a484d9647db55628c9.png","ascent":8},{"type":"bitmap","chars":["产"],"height":8,"file":"minecraft:font/c2267cd1ec194d778481ff963ca07b28/6e849965f9a14cf1882e8afa40e201a8.png","ascent":8},{"type":"bitmap","chars":["亨"],"height":8,"file":"minecraft:font/634ed747b1ab469f8595edb457c07365/6a032572ed68440782545428c5963df3.png","ascent":8},{"type":"bitmap","chars":["亩"],"height":8,"file":"minecraft:font/18b9d2ebad3e4b2db7794aa53b2c45eb/eba5fe3875ca405bb0ad8f08cec5954d.png","ascent":8},{"type":"bitmap","chars":["亪"],"height":8,"file":"minecraft:font/ee8305550ef4420f9febc975669aa559/98e811657ab94a5bbb505ddf59e771d0.png","ascent":8},{"type":"bitmap","chars":["享"],"height":8,"file":"minecraft:font/65158f7f2abd4f448353ba257be9364c/00f9691060a14da4b4a17cb2824da8a4.png","ascent":8},{"type":"bitmap","chars":["京"],"height":8,"file":"minecraft:font/295e706957e94b23b7daf5e0fbaee1e7/8b68eab137294e5f9bfdb0947f6875c7.png","ascent":8},{"type":"bitmap","chars":["亭"],"height":8,"file":"minecraft:font/a52403c4134b4f6f96d28802d5ee6f9c/651025ab9aa3487b89a3bf2aafe18075.png","ascent":8},{"type":"bitmap","chars":["亮"],"height":8,"file":"minecraft:font/7d16464cb0934848b4e0e853647d55e8/baa2ce28dea74c6ba93eea696e11ebc1.png","ascent":8},{"type":"bitmap","chars":["亯"],"height":8,"file":"minecraft:font/fb456b3aabfa4d8685c8e373dc43514c/fcde75c6e0b44f91aa93699407517260.png","ascent":8},{"type":"bitmap","chars":["亰"],"height":8,"file":"minecraft:font/014035fdc45b4e7b952b24245a526793/c451c411ae1a497f928fd3aabd1c8c64.png","ascent":8},{"type":"bitmap","chars":["亱"],"height":8,"file":"minecraft:font/8f9b7c0ca12042f09fccaf61983e73c8/78023bf072124c27942150be345386ef.png","ascent":8},{"type":"bitmap","chars":["亲"],"height":8,"file":"minecraft:font/b4607d606faa46deb9820ea26bebe3ef/83e30b02e9e94f08a2eb52a5705940e2.png","ascent":8},{"type":"bitmap","chars":["亳"],"height":8,"file":"minecraft:font/e2f04b2ce15143aabca774a80c790229/48f15250decb4c9c8b09cf03a57322dc.png","ascent":8},{"type":"bitmap","chars":["亴"],"height":8,"file":"minecraft:font/8dc03371667a40bbb6635861eb11ece7/ba4e6873fac542af8c01ede8a26e23f2.png","ascent":8},{"type":"bitmap","chars":["亵"],"height":8,"file":"minecraft:font/c0f447962de444e996d086c04348d29f/d14585f443474ff19fcf309d1a065195.png","ascent":8},{"type":"bitmap","chars":["亶"],"height":8,"file":"minecraft:font/9168bca3061747019a84db52bb119b39/b67c2569839041758deeee0ced777762.png","ascent":8},{"type":"bitmap","chars":["亷"],"height":8,"file":"minecraft:font/315151a536814f17815b376bbcc17ef9/ffcee0aae87f4bbfa65de9e100df2acd.png","ascent":8},{"type":"bitmap","chars":["亸"],"height":8,"file":"minecraft:font/a6e8036401f748e7abd1a5ee4f773183/675ff0e28a074fb3afeef6d116126c3b.png","ascent":8},{"type":"bitmap","chars":["亹"],"height":8,"file":"minecraft:font/009372271a2c4153a0bc56ca00cab7ef/36c7cedbc11247d4ba0cd65bc40f1909.png","ascent":8},{"type":"bitmap","chars":["人"],"height":8,"file":"minecraft:font/6712b588533642be97b7acb7ee6e8533/663c49aae0584889b84e830d0b72c6c9.png","ascent":8},{"type":"bitmap","chars":["亻"],"height":8,"file":"minecraft:font/2935c82c76904d98a20a5fe56c596927/bb494ac24d2e428aaa4d89947698cd7a.png","ascent":8},{"type":"bitmap","chars":["亼"],"height":8,"file":"minecraft:font/afd897e0c5ff4d2590ec1acacb300f3d/116fee8bdaed41c784b2337383271644.png","ascent":8},{"type":"bitmap","chars":["亽"],"height":8,"file":"minecraft:font/dd0b55fffb124f67b80ab6112022997a/0d05a486590f4c24ba2e5ee96a73ebae.png","ascent":8},{"type":"bitmap","chars":["亾"],"height":8,"file":"minecraft:font/0afd832deeab47c9b53e9922d90267e5/6b6e425b2abe4322876bf8f5daea49f0.png","ascent":8},{"type":"bitmap","chars":["亿"],"height":8,"file":"minecraft:font/fb2338712d4b48a298b67f5387794c13/5caed90dc3b84d36b556b2307310334e.png","ascent":8},{"type":"bitmap","chars":["什"],"height":8,"file":"minecraft:font/c1f64b63769d437d855671d25fce5811/fc12a6cda2ad4cd893f8fc062d334fe2.png","ascent":8},{"type":"bitmap","chars":["仁"],"height":8,"file":"minecraft:font/4bcca453ff9d4cfb8559f4ed9ccd92db/a63af697187d469fb51d01852d7c18dc.png","ascent":8},{"type":"bitmap","chars":["仂"],"height":8,"file":"minecraft:font/221cfbc64090405dacac78f9c3a6a894/e0cea9ca0b2a4c6f912e87521491536e.png","ascent":8},{"type":"bitmap","chars":["仃"],"height":8,"file":"minecraft:font/942e8d13a42a4ea08874487743b921de/e9dfdee976b54bdea155ec4d0ce1946e.png","ascent":8},{"type":"bitmap","chars":["仄"],"height":8,"file":"minecraft:font/351d907bb215427298ddc41df3290c38/d5c642bc2cb94bbf88b20da6ba272658.png","ascent":8},{"type":"bitmap","chars":["仅"],"height":8,"file":"minecraft:font/1cb6553dd1064e3682a28e2c059e1933/ac656ce6fef740f1bfeb928a36b51ee6.png","ascent":8},{"type":"bitmap","chars":["仆"],"height":8,"file":"minecraft:font/bb1156c8d2b5412680f7146f4ef98c73/fc36d939962a452890411740ba51bd63.png","ascent":8},{"type":"bitmap","chars":["仇"],"height":8,"file":"minecraft:font/56e3720b0b4e4a17991594caf2ef2b55/aca087f66ab14dd7979838d8f6348ccd.png","ascent":8},{"type":"bitmap","chars":["仈"],"height":8,"file":"minecraft:font/37cf116f04054ed9a12d4e27d42a2c6c/2be5cc82f6d145d9873962984e1593ec.png","ascent":8},{"type":"bitmap","chars":["仉"],"height":8,"file":"minecraft:font/f1da9de480214377907eaa1470eba702/6c15566981bf4415b7235393522233a2.png","ascent":8},{"type":"bitmap","chars":["今"],"height":8,"file":"minecraft:font/3e317e71a0fe4cdca48d2b32b456b509/7f561dfcc2c14e1282b863e418464e74.png","ascent":8},{"type":"bitmap","chars":["介"],"height":8,"file":"minecraft:font/b6345b7195d74eafb93af7fbd4a7e251/6e5697c43c014794ac05d853ec898e65.png","ascent":8},{"type":"bitmap","chars":["仌"],"height":8,"file":"minecraft:font/560cf49cc75c4016b5226982e6f6fe9a/d6ff626958604ca1a9fa0a4ed02bb57c.png","ascent":8},{"type":"bitmap","chars":["仍"],"height":8,"file":"minecraft:font/3d33c8d9956d480aa65bce09bc9d3077/788c27a1f17f4c36af98d233c950f93e.png","ascent":8},{"type":"bitmap","chars":["从"],"height":8,"file":"minecraft:font/f07eabbbb2ac493eaddeab506f8c5330/7b1b67688d8a4b6ab69377064eb582e5.png","ascent":8},{"type":"bitmap","chars":["仏"],"height":8,"file":"minecraft:font/cdf5740a90694cb09783d28a743302c8/2a874e3355954244aa4952f7a2c6042d.png","ascent":8},{"type":"bitmap","chars":["仐"],"height":8,"file":"minecraft:font/ee1ed310bf3047af9e4910f75e28e990/874b950b51684f03aef8f44dd99fd913.png","ascent":8},{"type":"bitmap","chars":["仑"],"height":8,"file":"minecraft:font/b0ac764d18714d1c9a6f81081f1c9c32/9bbdefa0b6544ce1ba8f9dedd411b9d7.png","ascent":8},{"type":"bitmap","chars":["仒"],"height":8,"file":"minecraft:font/5772d6b1c0aa458bba73dfdf390c7a7a/162017dc04c84cbdbf1cd88b451b26d9.png","ascent":8},{"type":"bitmap","chars":["仓"],"height":8,"file":"minecraft:font/3150375b10344755ae4c93192834eab3/952e3131db944bf697c690a6394e279e.png","ascent":8},{"type":"bitmap","chars":["仔"],"height":8,"file":"minecraft:font/9ebb8fa9888b4e6bbc2733d63d08a3f2/10308c805ca0407aa738179974f7c428.png","ascent":8},{"type":"bitmap","chars":["仕"],"height":8,"file":"minecraft:font/87e241a563754023bfe6f4896822ca25/2958681350bf43dbb145dc9e9ba4dc89.png","ascent":8},{"type":"bitmap","chars":["他"],"height":8,"file":"minecraft:font/e430168803aa4f0c972a5a169612bdfc/9fb2387c99734899ad5c2a971c1a30aa.png","ascent":8},{"type":"bitmap","chars":["仗"],"height":8,"file":"minecraft:font/8292b5792b2d4c9599040ee71440ebe5/1156aa14b9524080a7ee3227bda4dca1.png","ascent":8},{"type":"bitmap","chars":["付"],"height":8,"file":"minecraft:font/7388399bae304890826b30a57b5e98e4/ce1b050eed4b48779ed1ac8721f030c2.png","ascent":8},{"type":"bitmap","chars":["仙"],"height":8,"file":"minecraft:font/6fb9c36734c64986a7662b5c23acf2df/0d1895a0585c49c7a21d675a1535414b.png","ascent":8},{"type":"bitmap","chars":["仚"],"height":8,"file":"minecraft:font/b5059e0568a141c7870f4d6a1412bf5d/e520c7d3036c4c878d1585625ac61366.png","ascent":8},{"type":"bitmap","chars":["仛"],"height":8,"file":"minecraft:font/aa89a16e80534d79bd0635d189a68602/e6e72a37f8ef488482b2f006d29a12d7.png","ascent":8},{"type":"bitmap","chars":["仜"],"height":8,"file":"minecraft:font/504c836ffa4c4b48880dd820f563e789/9843e2ab06624b0185de38d4fb50062c.png","ascent":8},{"type":"bitmap","chars":["仝"],"height":8,"file":"minecraft:font/e74054e28b01461cb5830e9e9cce7ad2/4e45108dad754ec6ad56e42613e9537b.png","ascent":8},{"type":"bitmap","chars":["仞"],"height":8,"file":"minecraft:font/6239a4f5a3ad457195e244a1ad9899e0/3b60f7b149c645f9bd73f04470481345.png","ascent":8},{"type":"bitmap","chars":["仟"],"height":8,"file":"minecraft:font/4ab36c4a3e45438ab8118d431206ffd4/a50cc17886e548c29979d5dd67cd2ebc.png","ascent":8},{"type":"bitmap","chars":["仠"],"height":8,"file":"minecraft:font/e9926513166c499e885378e3561b067c/1efb3e4f03ce4082be9fa9edf9b8c1f5.png","ascent":8},{"type":"bitmap","chars":["仡"],"height":8,"file":"minecraft:font/a08525aafa0a479098dd4c2fda31ee49/77241bd3fd154d398aea422fe8ef9cf8.png","ascent":8},{"type":"bitmap","chars":["仢"],"height":8,"file":"minecraft:font/2d5f6d4a3aae4c3c95c83c756f9c033c/705b58f096ec4f5788e490d71b081a3a.png","ascent":8},{"type":"bitmap","chars":["代"],"height":8,"file":"minecraft:font/0fab03b1a86b4cdc8841b6571e7a1183/d2a8bbf6042945d98d77c15b25479072.png","ascent":8},{"type":"bitmap","chars":["令"],"height":8,"file":"minecraft:font/4c878b92ad0748e4b317cc780820db22/0ee08716a8df4abca91f429e5332b6cb.png","ascent":8},{"type":"bitmap","chars":["以"],"height":8,"file":"minecraft:font/8aa1a6a0a31a40bdb273f83ac7ca186b/b3be15ba3c73420398530c7cba05317e.png","ascent":8},{"type":"bitmap","chars":["仦"],"height":8,"file":"minecraft:font/7737b34af7ba45df94985544505d1667/1c0e865eebb145e3a01102aabb5017c7.png","ascent":8},{"type":"bitmap","chars":["仧"],"height":8,"file":"minecraft:font/73e8fc1b8d4c4e32b61e2993a3a762e9/57c36d24406a44b289dc3b0aa2e988de.png","ascent":8},{"type":"bitmap","chars":["仨"],"height":8,"file":"minecraft:font/b5b45a415c594428956e900d7be0aec4/1392aacaf898413aadb053e54eb940af.png","ascent":8},{"type":"bitmap","chars":["仩"],"height":8,"file":"minecraft:font/edc3651727ab470c80afbb07745cbfe8/c97f230da51346c78b641a9fb890ea47.png","ascent":8},{"type":"bitmap","chars":["仪"],"height":8,"file":"minecraft:font/cc942fb6623942aca267e9278cade32a/331b363c70e1473bbe62073752ed1602.png","ascent":8},{"type":"bitmap","chars":["仫"],"height":8,"file":"minecraft:font/5552237044a24161a9c40264a18d1de4/8057d194a6564df4b04ab7d10d7537e0.png","ascent":8},{"type":"bitmap","chars":["们"],"height":8,"file":"minecraft:font/f09fca307e084d7c89fcac60452253db/13929e544f46424abb099ea9f05728e3.png","ascent":8},{"type":"bitmap","chars":["仭"],"height":8,"file":"minecraft:font/84950909e24246a998a30c1c13657c96/6ef675d77b3c4de79589d2e7ce6d8c1e.png","ascent":8},{"type":"bitmap","chars":["仮"],"height":8,"file":"minecraft:font/22263a7becfc424187b576ad80be5b24/45893a6aac9c4637a0a0a5f10f82aede.png","ascent":8},{"type":"bitmap","chars":["仯"],"height":8,"file":"minecraft:font/c14564f4cf284075bece7a8e113c2afb/c29cf4092317477e8736e822bfccc526.png","ascent":8},{"type":"bitmap","chars":["仰"],"height":8,"file":"minecraft:font/3d9acacc7d3d414b8ee6456428650646/84a97267eb254fea9c1d3e3cb2d78ddb.png","ascent":8},{"type":"bitmap","chars":["仱"],"height":8,"file":"minecraft:font/546e7e6b48094a34839c223640aecb0b/02cadba3e8ab4ef18e95b24ecd2012ca.png","ascent":8},{"type":"bitmap","chars":["仲"],"height":8,"file":"minecraft:font/e4115c00ecd44feb8483e8848f09a9cc/aa62ffb6b28f4738ba433e738252f5d6.png","ascent":8},{"type":"bitmap","chars":["临"],"height":8,"file":"minecraft:font/d72ad2de7e7b4faba70142a1d5345d83/4c2f936e213f4fbdb31af906ec5acfef.png","ascent":8},{"type":"bitmap","chars":["丵"],"height":8,"file":"minecraft:font/21bab2a72d964b4eae2c707e7e5521ee/913d862142f84a889039d529ae0d05ee.png","ascent":8},{"type":"bitmap","chars":["丶"],"height":8,"file":"minecraft:font/c7d2bda3a9154fb2b8be347fbde49854/6f410864a1d3423995f156aee590ed30.png","ascent":8},{"type":"bitmap","chars":["丷"],"height":8,"file":"minecraft:font/7ccf9e68cd114bfcac2019d28ed2c2c0/a1db4e59129b45d19c414af9bd1c1852.png","ascent":8},{"type":"bitmap","chars":["丸"],"height":8,"file":"minecraft:font/8fe00ced37a844baa497ab060c3e9f48/7f163cf2a31c48c7ab30ed402227355a.png","ascent":8},{"type":"bitmap","chars":["丹"],"height":8,"file":"minecraft:font/02609f0dc227424088a6f0b862f81629/4dea6e75a636442a97843c674496b029.png","ascent":8},{"type":"bitmap","chars":["为"],"height":8,"file":"minecraft:font/4203de1f4f9646fb9273832a71ad59e2/c388865208f84e47a48dda0ba47c9ab5.png","ascent":8},{"type":"bitmap","chars":["主"],"height":8,"file":"minecraft:font/bf0081e780454f6c829d1931c676b306/f0e5848d983e4a8d9e2d927639fe39ab.png","ascent":8},{"type":"bitmap","chars":["丼"],"height":8,"file":"minecraft:font/2f410c95bf9c44528d683b7c17373c36/fda30d5e55ee40b3958aa4a51c8209f7.png","ascent":8},{"type":"bitmap","chars":["丽"],"height":8,"file":"minecraft:font/718891f8b67c4aab9cdf69ac2efc372b/352065ed692649c1bf1ab79c88e84c03.png","ascent":8},{"type":"bitmap","chars":["举"],"height":8,"file":"minecraft:font/5495c17f06004d6c843d55109334d723/57882728af804e66924bf8f9e01ffb03.png","ascent":8},{"type":"bitmap","chars":["丿"],"height":8,"file":"minecraft:font/25f2f9703f4a4db8b8964730074a09c2/c309ffd1067c401c8af0767a266ad675.png","ascent":8},{"type":"bitmap","chars":["乀"],"height":8,"file":"minecraft:font/9bb95eee7b8d43fc92e80dcaf8300329/0530e93068014deb8b7d2307560d3b8d.png","ascent":8},{"type":"bitmap","chars":["乁"],"height":8,"file":"minecraft:font/617d73d9d0ef4ed18bb2ca740876c5f8/b7be4f65fc6f46858d7eb365886a854e.png","ascent":8},{"type":"bitmap","chars":["乂"],"height":8,"file":"minecraft:font/f81dd3bbe0984408ae26a2c2d2577cb0/c3240aa789234b1786bfb997b40700bd.png","ascent":8},{"type":"bitmap","chars":["乃"],"height":8,"file":"minecraft:font/da9b68a73609469a958fd306a2ea1eeb/cbbb665e89094a37836570d5e0c958b3.png","ascent":8},{"type":"bitmap","chars":["乄"],"height":8,"file":"minecraft:font/26c582179059404983b1b93328bec7a6/c79cd7d5f505439f862409a8d6053f3d.png","ascent":8},{"type":"bitmap","chars":["久"],"height":8,"file":"minecraft:font/e7680c4df29244f091448da4799a29db/cca088036ea74dbd8824e28fe9336882.png","ascent":8},{"type":"bitmap","chars":["乆"],"height":8,"file":"minecraft:font/dbb60616e7f84bf7a399de0acf52a2cb/d705d4efcfd04b108b2e81605bd85ccd.png","ascent":8},{"type":"bitmap","chars":["乇"],"height":8,"file":"minecraft:font/ea70986350b247c1965be532b2cec005/8b767af7c3514f86a04d91a55dbc6201.png","ascent":8},{"type":"bitmap","chars":["么"],"height":8,"file":"minecraft:font/f8c3f22a5963448593c34b09e861d716/d5c50b9247f04a48aa4bb94beecefe62.png","ascent":8},{"type":"bitmap","chars":["义"],"height":8,"file":"minecraft:font/56d81e90ef8043d3a1f76803dc150495/60071eed9d37402abed0d9cd1b1f7c46.png","ascent":8},{"type":"bitmap","chars":["乊"],"height":8,"file":"minecraft:font/e1a31e70304c452f8e1c1986c9b0aa76/07e91021b6714f05bd44388aaa56b31e.png","ascent":8},{"type":"bitmap","chars":["之"],"height":8,"file":"minecraft:font/b67334d2c8854bff8b2c5832d9b62740/5f7617297e344fb4b2e012e4c71d0616.png","ascent":8},{"type":"bitmap","chars":["乌"],"height":8,"file":"minecraft:font/fd659a581e7a4e1c83473cadc39019bc/c7db933f90cf4ee0b770888a1e710a8c.png","ascent":8},{"type":"bitmap","chars":["乍"],"height":8,"file":"minecraft:font/018f7d13b2f74a538ab7ffb0c5bcdf70/191ac4614f0b4428b19ed58884750f41.png","ascent":8},{"type":"bitmap","chars":["乎"],"height":8,"file":"minecraft:font/50abc2a2c84947d8af3ac5834ce4d9df/865a96eca57d4874a5efc681ad6950b5.png","ascent":8},{"type":"bitmap","chars":["乏"],"height":8,"file":"minecraft:font/496da78ef75a4782a2dd163e5191bca9/1867684a56bb4b388f1f8a3fb01830f0.png","ascent":8},{"type":"bitmap","chars":["乐"],"height":8,"file":"minecraft:font/0bd3200863f4448a96632dd1cc04960a/19c9042f245542daaf06a0f752ddd4ef.png","ascent":8},{"type":"bitmap","chars":["乑"],"height":8,"file":"minecraft:font/9953d3ef6f904820a161695391c11538/1eef8d6a540447d28ea8f3341e66c98f.png","ascent":8},{"type":"bitmap","chars":["乒"],"height":8,"file":"minecraft:font/b621d61ed93d43c4991f499cdc0ccaef/fe5d634e732a4ab88cc6ce78e7c72123.png","ascent":8},{"type":"bitmap","chars":["乓"],"height":8,"file":"minecraft:font/f90177b8f508443fa11dbc3919bb5945/0dc8d4d712f74b3b97c75dd51064bf4c.png","ascent":8},{"type":"bitmap","chars":["乔"],"height":8,"file":"minecraft:font/0baf0f54807a4b789c4ff4ab999762cd/26b7dceff4ec4edf9b606352fb182d0d.png","ascent":8},{"type":"bitmap","chars":["乕"],"height":8,"file":"minecraft:font/ff6ecf8c6a044bc8985261fe0e4b5b5e/614715cb50ba4330adad433d91d59e1c.png","ascent":8},{"type":"bitmap","chars":["乖"],"height":8,"file":"minecraft:font/c9a6d2087f544e6189a8d0c3fb91635e/3f30f5d4cecb4874b0e257ba7e3240ef.png","ascent":8},{"type":"bitmap","chars":["乗"],"height":8,"file":"minecraft:font/c9ca3d826c6f482d8e5a2443c68a3f9d/327b19a93a31484c8a499feafa8668c8.png","ascent":8},{"type":"bitmap","chars":["乘"],"height":8,"file":"minecraft:font/13ce3ba599424e379bfee5bbdde3c8a7/6aafdd3cc6c043bcbb3f6775c6d73fde.png","ascent":8},{"type":"bitmap","chars":["乙"],"height":8,"file":"minecraft:font/96fe0a03a7df43b5a7c007d4a06dc2bb/9693f97c05fe4043933143dd86be386c.png","ascent":8},{"type":"bitmap","chars":["乚"],"height":8,"file":"minecraft:font/b93597a1bf2d423dbf2dc7f8c382eea3/53a2775dc7374f93aa1f50238b44fc10.png","ascent":8},{"type":"bitmap","chars":["乛"],"height":8,"file":"minecraft:font/c7ac14b7e2194585855de390ba32497b/bf14477ba2814193ba2eca0dc040fa40.png","ascent":8},{"type":"bitmap","chars":["乜"],"height":8,"file":"minecraft:font/90750a8375704813a9783c7914a71ef5/ce5417df44df44e69db5ab605ed69abf.png","ascent":8},{"type":"bitmap","chars":["九"],"height":8,"file":"minecraft:font/c92443db73db42659ba9c300124c1de1/f985ca39fb8f4df49ffe02455f57440c.png","ascent":8},{"type":"bitmap","chars":["乞"],"height":8,"file":"minecraft:font/f1a52f4957fa4d6ca4a7ecef740eb142/6705b10a32604fc3bbc74ae3ff2481b8.png","ascent":8},{"type":"bitmap","chars":["也"],"height":8,"file":"minecraft:font/eab2943c70384fb0b51ced10b1c07279/43df674cd5b24743976769c3cfff8ffc.png","ascent":8},{"type":"bitmap","chars":["习"],"height":8,"file":"minecraft:font/c29c4216aea345c3951a96241a8755b2/79bedbd0af9c44e78cfa0f8d8fb8cc30.png","ascent":8},{"type":"bitmap","chars":["乡"],"height":8,"file":"minecraft:font/e77b8da68fa2464fbc4fc11300ad6a26/2fe183dfe1c04397b627cfd6c38f4a5f.png","ascent":8},{"type":"bitmap","chars":["乢"],"height":8,"file":"minecraft:font/93cae63158be4c34a72e1907bbd4843c/fd31e69ae9aa492b83b63f4e7863e0b5.png","ascent":8},{"type":"bitmap","chars":["乣"],"height":8,"file":"minecraft:font/a6bf78ca46a644f3aa10d01b6bdcf8df/23077bfb3d204038b2d6b747503a4fae.png","ascent":8},{"type":"bitmap","chars":["乤"],"height":8,"file":"minecraft:font/225c71bf8a16484185eab6ccb061fed6/d688b2f2716a4d759736e0f6a48c8238.png","ascent":8},{"type":"bitmap","chars":["乥"],"height":8,"file":"minecraft:font/e4fe949c7ca4402695fb4a8ae103d2c6/958fc4e4da624703a5b239ecdd6ccdba.png","ascent":8},{"type":"bitmap","chars":["书"],"height":8,"file":"minecraft:font/27a41d62b1bd41408328d76e61b8bc64/4cf0475f3f9e44368c34b3c589062e8a.png","ascent":8},{"type":"bitmap","chars":["乧"],"height":8,"file":"minecraft:font/b01f5dd36b9e4a368afc156223fe42fb/8177f8173e454f0ba25869d15fbd0116.png","ascent":8},{"type":"bitmap","chars":["乨"],"height":8,"file":"minecraft:font/415963259d08459d87fc2e2971c21f03/0eb5196f11544da698ee863e0f014a84.png","ascent":8},{"type":"bitmap","chars":["乩"],"height":8,"file":"minecraft:font/9552773edabb4283b1135fa064f867c8/e44a4674ca524a3eb75ae8c716ed6d9c.png","ascent":8},{"type":"bitmap","chars":["乪"],"height":8,"file":"minecraft:font/cc653c607dcf466d9f64aa64e5236f0d/702665ce46c24798a531fde1f2147d0e.png","ascent":8},{"type":"bitmap","chars":["乫"],"height":8,"file":"minecraft:font/6c6eb1e8fc6945938917031890ddcc7f/4bde05891ed14d328cde6367222baa7e.png","ascent":8},{"type":"bitmap","chars":["乬"],"height":8,"file":"minecraft:font/16602ce3d1114a4a9754b8e6581f13e0/3ff20dda75424d5f82676657907b541c.png","ascent":8},{"type":"bitmap","chars":["乭"],"height":8,"file":"minecraft:font/c672c0d66b3f4dd6943fd15ee9b2fddc/502874301fe54efc8d5b490d3f1524a2.png","ascent":8},{"type":"bitmap","chars":["乮"],"height":8,"file":"minecraft:font/9ec2d94cf23c469a84ed727c2f3d2360/0078fe4e6db5441cbf88b47fda1565de.png","ascent":8},{"type":"bitmap","chars":["乯"],"height":8,"file":"minecraft:font/e8c08581571b4f04b231fb2ec8f6e95c/c7fe1b4b11e6431aab1ddb72f827db3a.png","ascent":8},{"type":"bitmap","chars":["买"],"height":8,"file":"minecraft:font/0f96d7c0d3234698846343ae3223a243/7eb426515a2943ea930d702d0ce70124.png","ascent":8},{"type":"bitmap","chars":["乱"],"height":8,"file":"minecraft:font/2da74b7fb9cc4fb7ab364f33c0e9cc3c/ebeb595a1f204876aefa7a956d520dfe.png","ascent":8},{"type":"bitmap","chars":["乲"],"height":8,"file":"minecraft:font/c9d65cc64e984c15b2cc53748de19b41/901d1ff4feb44bb995f85119a8c03a7b.png","ascent":8},{"type":"bitmap","chars":["乳"],"height":8,"file":"minecraft:font/fc7608864f1544a0828e74a4cf6040dd/05ddd5a70c5e45aa918aad982a3eafbd.png","ascent":8},{"type":"bitmap","chars":["乴"],"height":8,"file":"minecraft:font/7b220ded7a604619b6a116b31b9f8337/006c22bf615f4957959bf1e54981a766.png","ascent":8},{"type":"bitmap","chars":["乵"],"height":8,"file":"minecraft:font/0b36dd69a0da46b4a414a93ef41750d2/f1ac29abff7f4b36a15a6e5dfbb0d931.png","ascent":8},{"type":"bitmap","chars":["乶"],"height":8,"file":"minecraft:font/89c8efce547441e6b6f3571677ab12f6/2229e92d2f1046e6934c94e0832cde08.png","ascent":8},{"type":"bitmap","chars":["乷"],"height":8,"file":"minecraft:font/6701f46ccef446df89d0ff696955f5c9/32d70ec9066941de871efdd9fbdeb6d9.png","ascent":8},{"type":"bitmap","chars":["乸"],"height":8,"file":"minecraft:font/12626c1b711f4fada6c4a39297e3e6d4/a5acddd4eaf8405e83afe297b111f55e.png","ascent":8},{"type":"bitmap","chars":["乹"],"height":8,"file":"minecraft:font/da72c3ec7f804d9bb2efaf974cdba865/b4bc53c820a948e5b9b09baacba9d87b.png","ascent":8},{"type":"bitmap","chars":["乺"],"height":8,"file":"minecraft:font/79f66771ea064d3ab87bb6c73d619bf4/b74f55940065449bb94f287b68d4bb09.png","ascent":8},{"type":"bitmap","chars":["乻"],"height":8,"file":"minecraft:font/b476395fbc5a4bbab7639e89f9ab222e/82ee0b5daff64369972b981d003708ee.png","ascent":8},{"type":"bitmap","chars":["乼"],"height":8,"file":"minecraft:font/6e9964d1a26b409e97b5bb75c4f45890/0d70ed52196a4c5e8f0a29c7f66aecc9.png","ascent":8},{"type":"bitmap","chars":["乽"],"height":8,"file":"minecraft:font/b320704ce219414dbe5d417e6bd9f9be/7c1ddb528d4f49c6ba20f5b593d1c02d.png","ascent":8},{"type":"bitmap","chars":["乾"],"height":8,"file":"minecraft:font/933c9d4d985a46b89be9db87b03001b7/d054a9525d80434ca977fe61e9bc1c25.png","ascent":8},{"type":"bitmap","chars":["乿"],"height":8,"file":"minecraft:font/1cce5985b83147288f0a1a09534b776b/efeed31892654b01a281f326ff524ea0.png","ascent":8},{"type":"bitmap","chars":["亀"],"height":8,"file":"minecraft:font/84c604e4c3244373ba01591c79c704f4/9d8e04563f164d0890058cc53310ae4a.png","ascent":8},{"type":"bitmap","chars":["亁"],"height":8,"file":"minecraft:font/db82a3fa335444f0ae9501b3e6b854c2/9850724a624a4da1b60d49650cedd06d.png","ascent":8},{"type":"bitmap","chars":["亂"],"height":8,"file":"minecraft:font/c165e74abd394d3ea168a27cca43802d/c6975bfecaa545f2b68139d23f2c53eb.png","ascent":8},{"type":"bitmap","chars":["亃"],"height":8,"file":"minecraft:font/96d34534a8a2495d89c125868980a5d7/a896f041537b46aa81793bfe79f7b1bc.png","ascent":8},{"type":"bitmap","chars":["亄"],"height":8,"file":"minecraft:font/2cde8dbcb3ef46049f76a20b40ce6612/b2210f6386204b5b90896d3e90687ac2.png","ascent":8},{"type":"bitmap","chars":["亅"],"height":8,"file":"minecraft:font/2f1bd96dcb2c4bbf8e070cc39a951392/63c350bbb3ff4d6b9dd514209056c649.png","ascent":8},{"type":"bitmap","chars":["了"],"height":8,"file":"minecraft:font/8b8c6c0eb0f64fcf8a13e80586141983/2094a6985c2c492899527d6b7c7cd635.png","ascent":8},{"type":"bitmap","chars":["亇"],"height":8,"file":"minecraft:font/8920337a4d5042adbd86854a2e803d88/57754e5043a3423197db4e96ca6d225a.png","ascent":8},{"type":"bitmap","chars":["予"],"height":8,"file":"minecraft:font/da8792f9c56349e39d6dd54ac00d4c89/1a18313c25f64ad4975c0cf3795b55c9.png","ascent":8},{"type":"bitmap","chars":["争"],"height":8,"file":"minecraft:font/851c99e60e63471d8fd88aabe70118e2/4c5c6a8eb7b641f18e946e8c99d69e73.png","ascent":8},{"type":"bitmap","chars":["亊"],"height":8,"file":"minecraft:font/b2fb4c1150d84fbe8234538fef5fef10/3c437dbc924f418984bd2e737bb2031d.png","ascent":8},{"type":"bitmap","chars":["事"],"height":8,"file":"minecraft:font/5b776085e33b4f01ac6c090db486c753/a641967331824bcb93c0ed82865f4e11.png","ascent":8},{"type":"bitmap","chars":["二"],"height":8,"file":"minecraft:font/f33773b46929461aaeecbd76e8370876/c24284e0c77943c782dc07e15b79860f.png","ascent":8},{"type":"bitmap","chars":["亍"],"height":8,"file":"minecraft:font/d9b3fcd5050440f8b6cf1ac943119cb0/322ef3a2391743c8b5cfc142b26e5f4a.png","ascent":8},{"type":"bitmap","chars":["于"],"height":8,"file":"minecraft:font/fd79f4396bab46e99e88c6e877952165/f9f94b72376d457c96ea4e8aa6956e86.png","ascent":8},{"type":"bitmap","chars":["亏"],"height":8,"file":"minecraft:font/05668c944fa747c7898668f0d5a247d2/8c8728e683e343a08216022c08dfe8a6.png","ascent":8},{"type":"bitmap","chars":["亐"],"height":8,"file":"minecraft:font/5966822b6b6a4d22a204a70c0e0151f1/bc28fa2639be4621a6f54e14209d01ce.png","ascent":8},{"type":"bitmap","chars":["云"],"height":8,"file":"minecraft:font/640598c031ce4eb4a13dca8982574f92/b76431f586f64ad5ac728233fce15d9c.png","ascent":8},{"type":"bitmap","chars":["互"],"height":8,"file":"minecraft:font/4009213f1c4348afbb80029dfd4f1331/76cd6b473bd94cbc84083da7d5188ef5.png","ascent":8},{"type":"bitmap","chars":["亓"],"height":8,"file":"minecraft:font/edafc86c3804494d8a2657ab96078b82/9ae58004b86e4afa9c6cc10b7d1aa65a.png","ascent":8},{"type":"bitmap","chars":["五"],"height":8,"file":"minecraft:font/549de19ada2b4898bbc8eafe16c16c18/1e7c41c65e0f415c987d168a8aadcce7.png","ascent":8},{"type":"bitmap","chars":["井"],"height":8,"file":"minecraft:font/9cd898ef6ce94d909e93d7cab49206a7/a59f8368ad1f40eebd338cc49a01a65e.png","ascent":8},{"type":"bitmap","chars":["亖"],"height":8,"file":"minecraft:font/d35c1c6cbe9a40e1acffe08bed0b3cd8/4ac34e89589b483a8fcabd67b40c6f42.png","ascent":8},{"type":"bitmap","chars":["亗"],"height":8,"file":"minecraft:font/01873590527a4868a8ea0aff05d0b3ba/91fa6a6b2de94e05bc5ec1073239d4b1.png","ascent":8},{"type":"bitmap","chars":["亘"],"height":8,"file":"minecraft:font/601d7caae5374a4cb4735127d59fe9e2/5f16fc2480f34a3f8e2af48c13d22ef9.png","ascent":8},{"type":"bitmap","chars":["亙"],"height":8,"file":"minecraft:font/26be1fca9b184b9e8677c9023996505a/0e273dfeb6014fc0a3ae5aaba79e887d.png","ascent":8},{"type":"bitmap","chars":["亚"],"height":8,"file":"minecraft:font/0ab1b64c327c4d388508c56ae2872055/299876cd50994b3687ace289cd2d516b.png","ascent":8},{"type":"bitmap","chars":["些"],"height":8,"file":"minecraft:font/9630018fa5724823b4b317a73779cfc5/1b99dfda06164217b91985065e4ea414.png","ascent":8},{"type":"bitmap","chars":["亜"],"height":8,"file":"minecraft:font/dbfdda597c314909bdcaf2c4821e474f/aa3fa9956ad1413c9981525f2b26449a.png","ascent":8},{"type":"bitmap","chars":["亝"],"height":8,"file":"minecraft:font/9db57484fe7e437596590852115e948b/f58fcd4854fa4dc58e4e282763568029.png","ascent":8},{"type":"bitmap","chars":["亞"],"height":8,"file":"minecraft:font/33e3b26134ab4986b19d29d80bad274b/5519fba07a664cd2bde386175cb7c8b5.png","ascent":8},{"type":"bitmap","chars":["亟"],"height":8,"file":"minecraft:font/b6c66df92cc340ccaf7f91ae9ef0d7bb/f69689bcc03f470baf937352e9e9dfec.png","ascent":8},{"type":"bitmap","chars":["亠"],"height":8,"file":"minecraft:font/b13ed8ea04d241fe957c541588e5556e/80ef8970158142a78f0f9efc4f3d5056.png","ascent":8},{"type":"bitmap","chars":["亡"],"height":8,"file":"minecraft:font/5814801ed95a414ca1b38a1abe564b67/8594eb6bc6ae459ebed8664e177004e2.png","ascent":8},{"type":"bitmap","chars":["亢"],"height":8,"file":"minecraft:font/c18ebd8acc834c479d47812011d64ae2/cd9198e664e6478ea93adf2740697f3d.png","ascent":8},{"type":"bitmap","chars":["亣"],"height":8,"file":"minecraft:font/1148276851ae4a19a600b3d44b410be5/634e2eb2376f47c98d3b42138f2ae88a.png","ascent":8},{"type":"bitmap","chars":["交"],"height":8,"file":"minecraft:font/aa0bd005fbbb41479884057445e90ad2/0b1723af611549e285211553f13fd8ac.png","ascent":8},{"type":"bitmap","chars":["亥"],"height":8,"file":"minecraft:font/5b9f5ed9d0e8438b931d57130fc731cf/8217447bdb704db9b186c387c66fb160.png","ascent":8},{"type":"bitmap","chars":["亦"],"height":8,"file":"minecraft:font/017524d0ed1448d3ba9554b091f2afaf/79d7488d888644b783cda7d8640b4ded.png","ascent":8},{"type":"bitmap","chars":["产"],"height":8,"file":"minecraft:font/abe52967998349bbaa4ae0cc2d245902/c9b281b3da794afdbfdd56cb8962fa60.png","ascent":8},{"type":"bitmap","chars":["亨"],"height":8,"file":"minecraft:font/fe469008c2454894827513c86cffdca1/b6fec12ec6354f83ab6a04c5dcbf1e17.png","ascent":8},{"type":"bitmap","chars":["亩"],"height":8,"file":"minecraft:font/c82a5ab2103c4c41aa98459e4b6c955c/1c7fb819e1274c0d952d10bc58465e09.png","ascent":8},{"type":"bitmap","chars":["亪"],"height":8,"file":"minecraft:font/814caed6e7bb4156a01fa8f245027ed7/94bafe4d0af6411482642f5fe9c794a4.png","ascent":8},{"type":"bitmap","chars":["享"],"height":8,"file":"minecraft:font/4c848fcd251c4c49b8c35094449637ec/4bd721e337b14dd8837584823f2ada03.png","ascent":8},{"type":"bitmap","chars":["京"],"height":8,"file":"minecraft:font/ae8e080a9aa142658cb678e345518965/ff7eaa784efd4e3fad14bf68583b15c8.png","ascent":8},{"type":"bitmap","chars":["亭"],"height":8,"file":"minecraft:font/463e0e2b78774a578453b9498eeb36c8/667f31bdf49c48d2a13bdfe158552dc7.png","ascent":8},{"type":"bitmap","chars":["亮"],"height":8,"file":"minecraft:font/1cdf571522ab47269939a5668f0bdf4d/ef2fd445af714ae3b9e2a34efbe7ac9c.png","ascent":8},{"type":"bitmap","chars":["亯"],"height":8,"file":"minecraft:font/eb7fb05fb66b491385e9f8e13ad8a3f7/4e46a662ede44fa288989261163a355c.png","ascent":8},{"type":"bitmap","chars":["亰"],"height":8,"file":"minecraft:font/b6cd0081f99c40eca9e64023e0d5c4cc/cb6b018c643b4fcea95d976851dd0483.png","ascent":8},{"type":"bitmap","chars":["亱"],"height":8,"file":"minecraft:font/ebe9f94f438e40e4930eebf9e8b007b4/a4ce9519846742508b77d528ca9c79c9.png","ascent":8},{"type":"bitmap","chars":["亲"],"height":8,"file":"minecraft:font/742d25c228f14f508eaa979e2b5b5a53/4c8ff22be51241999d61fd05e6da77fb.png","ascent":8},{"type":"bitmap","chars":["亳"],"height":8,"file":"minecraft:font/9033404deea148828384d79982ce5fe4/639541ed870e4deba04f988a95e486b7.png","ascent":8},{"type":"bitmap","chars":["亴"],"height":8,"file":"minecraft:font/5d9c93df1a7c41d6a70d6cb9acc44a33/5616504251074ed2b099f60b6502387a.png","ascent":8},{"type":"bitmap","chars":["亵"],"height":8,"file":"minecraft:font/11b69ffe3fca41bf904c632e7ea6fa49/be1b72e7c581414bac192cea2a89fb4b.png","ascent":8},{"type":"bitmap","chars":["亶"],"height":8,"file":"minecraft:font/b2865f9e8dfe4d029c7723371f809f41/fb7b3fa3ec8848cb9efefa43607780aa.png","ascent":8},{"type":"bitmap","chars":["亷"],"height":8,"file":"minecraft:font/b53f42e236e941688e34de8141443b9e/db4e9a8b641447e99c5028fc69c1557d.png","ascent":8},{"type":"bitmap","chars":["亸"],"height":8,"file":"minecraft:font/9e2ae63990aa43438a13f0edd81fb8e5/fc8860d5181d47aaa1565231ed16b7a7.png","ascent":8},{"type":"bitmap","chars":["亹"],"height":8,"file":"minecraft:font/18edf951462a4ee2b4c13a6568cae486/05ddf090aced499fa6c7b88cec061444.png","ascent":8},{"type":"bitmap","chars":["人"],"height":8,"file":"minecraft:font/b705c491e23b465aa1b716e976321499/a18bc75847134f59aab59259d36e4bcd.png","ascent":8},{"type":"bitmap","chars":["亻"],"height":8,"file":"minecraft:font/ffae76f169ff4350b0da16e71acfc6a3/73b33c6b99234039a70662b4ab5c653a.png","ascent":8},{"type":"bitmap","chars":["亼"],"height":8,"file":"minecraft:font/a36efa7b359f4f34909d523391d60a3d/ced878d3c7c5456c85eb8ceca5d00f14.png","ascent":8},{"type":"bitmap","chars":["亽"],"height":8,"file":"minecraft:font/e51e914d9c914bd4939a1ee1e5bb8370/33f91cca9fe54fedbf9f0baa0d38e419.png","ascent":8},{"type":"bitmap","chars":["亾"],"height":8,"file":"minecraft:font/658c9f13ebf54d79932ee2083745d4d4/ededa76c31024ab4b7a410a0ff6bea50.png","ascent":8},{"type":"bitmap","chars":["亿"],"height":8,"file":"minecraft:font/2b0eda5312cf4e4d882aed58b10b945b/f057419f32cb4e65a4639a32856d8c2c.png","ascent":8},{"type":"bitmap","chars":["什"],"height":8,"file":"minecraft:font/e061bf79a3684f46a589e513d20de3a0/153d533bdad542edb835bd5d7a22d816.png","ascent":8},{"type":"bitmap","chars":["仁"],"height":8,"file":"minecraft:font/2fdacd538d564c28ad66487cf17ec238/b1b4faaeb9384d12a8f2a646bf6ecace.png","ascent":8},{"type":"bitmap","chars":["仂"],"height":8,"file":"minecraft:font/40059751e2624b66982b3feb924c5ff3/a6af045f9a944eafa2f0c89a486f9125.png","ascent":8},{"type":"bitmap","chars":["仃"],"height":8,"file":"minecraft:font/c9b32cd5513e4701a8e5e744871b3e5c/eecf11ca07ab425484afb661c68faad8.png","ascent":8},{"type":"bitmap","chars":["仄"],"height":8,"file":"minecraft:font/e7f7199bede545f4a59eb62a429ac374/5d8b3ad98e984883ab6c552d6572700b.png","ascent":8},{"type":"bitmap","chars":["仅"],"height":8,"file":"minecraft:font/90e03a8bc6944fed917c82223ba0d68d/9e5bc866f73547f1aec2434205b8ca2d.png","ascent":8},{"type":"bitmap","chars":["仆"],"height":8,"file":"minecraft:font/2bd9f787fe23408c921003d40c0be191/9e729cb189754fafb523b4ec3006972f.png","ascent":8},{"type":"bitmap","chars":["仇"],"height":8,"file":"minecraft:font/f5564211f5624546be0cac3361f7991b/7185cef887204f2b99d90c87a64fef74.png","ascent":8},{"type":"bitmap","chars":["仈"],"height":8,"file":"minecraft:font/623076bf75ad4488923e6a44f1702ee2/84f6c54a007f44f09b6b47b6f665b72f.png","ascent":8},{"type":"bitmap","chars":["仉"],"height":8,"file":"minecraft:font/cf9fc12ec423443b81daa5e8bf0a92b2/074d0905e3444839ac59bbe9751d493c.png","ascent":8},{"type":"bitmap","chars":["今"],"height":8,"file":"minecraft:font/98ac1029a5ca4be19eb5951b227e305d/42f11d3cf73148218a8a1d58e75ffd00.png","ascent":8},{"type":"bitmap","chars":["介"],"height":8,"file":"minecraft:font/df73182c159b49b1a722f4753eab39e1/daae397f878a425984feeed91fc0635e.png","ascent":8},{"type":"bitmap","chars":["仌"],"height":8,"file":"minecraft:font/78b71a0eba65405abac94887ed987cde/cbbcb410148e45b5ad878736b89e7e5b.png","ascent":8},{"type":"bitmap","chars":["仍"],"height":8,"file":"minecraft:font/a10215069e4c4221a6149a97503b0c8e/4840831c9e864c968cf29074f80faa19.png","ascent":8},{"type":"bitmap","chars":["从"],"height":8,"file":"minecraft:font/9d98de0c12c74e5a9c367f8a819bbffd/8f53412f7ffb4bab820712e4ff587c33.png","ascent":8},{"type":"bitmap","chars":["仏"],"height":8,"file":"minecraft:font/85d6db0edb0444db8234fc93c99da2f6/e074983cea79484583145da1a3185c3e.png","ascent":8},{"type":"bitmap","chars":["仐"],"height":8,"file":"minecraft:font/69887941a8df46ea823db2cd7acf5987/ac2cef37ed6749d6beb6d995f5ad57b3.png","ascent":8},{"type":"bitmap","chars":["仑"],"height":8,"file":"minecraft:font/a2592dbefd21436cb295e17ddcd11c13/4e452e87bc0c438db0cb9be8376a6c85.png","ascent":8},{"type":"bitmap","chars":["仒"],"height":8,"file":"minecraft:font/6dffeeeeee9641caa81fcedb31f4ebb2/294b12f77a6a4b81a28c537033f8e88d.png","ascent":8},{"type":"bitmap","chars":["仓"],"height":8,"file":"minecraft:font/9487c9f615d34545ab3b48c79351098f/d1a7473cbe2345daa9ae1bfa562a4b3f.png","ascent":8},{"type":"bitmap","chars":["仔"],"height":8,"file":"minecraft:font/510d00909971430aaef4e92aac43620b/afb4ca5607b64a0e80673b6b1093f37a.png","ascent":8},{"type":"bitmap","chars":["仕"],"height":8,"file":"minecraft:font/885e47dcd20449af9efdb279d4c09997/1fb5ab40dc3d41598c9331b5a54e5749.png","ascent":8},{"type":"bitmap","chars":["他"],"height":8,"file":"minecraft:font/11057acb86544ff6a42e7150274ce61a/89803806fe89475d8de701ab86ef28a7.png","ascent":8},{"type":"bitmap","chars":["仗"],"height":8,"file":"minecraft:font/779e171d039344199cc880851f293393/314a29059637424aa043443ef599d985.png","ascent":8},{"type":"bitmap","chars":["付"],"height":8,"file":"minecraft:font/fc1b55915c8f46bda49e0e3b3d6e2930/a39057f159b249bca2c79de7b7663afe.png","ascent":8},{"type":"bitmap","chars":["仙"],"height":8,"file":"minecraft:font/ab346088ba964e849f6f73604d47b19c/0772b31114bd4ee48b07c60ead8c1c11.png","ascent":8},{"type":"bitmap","chars":["仚"],"height":8,"file":"minecraft:font/e86e5a9a95eb48608dadb960096b27ba/54a8210901544f368e996e9998124c3c.png","ascent":8},{"type":"bitmap","chars":["仛"],"height":8,"file":"minecraft:font/76e868d0fef644b7982202f3f751c655/02afd554a83941aa9e54b61f25cf52d9.png","ascent":8},{"type":"bitmap","chars":["仜"],"height":8,"file":"minecraft:font/6885ff84922543e29d9d19b9dd128cee/a4746fd5d618404c9e62a102738d8575.png","ascent":8},{"type":"bitmap","chars":["仝"],"height":8,"file":"minecraft:font/3b2c9c0e51b2450fa48c111f8e55ba6f/560a4ca74f3e4cc398088bcdba4200bc.png","ascent":8},{"type":"bitmap","chars":["仞"],"height":8,"file":"minecraft:font/0342a70327904efbb626e5f60467dba4/aabefc63f436442cb9e0ea50b0c81148.png","ascent":8},{"type":"bitmap","chars":["仟"],"height":8,"file":"minecraft:font/a620c23c357240189531e7f7478363ca/6d6525320d4c4725909817592d78ab6a.png","ascent":8},{"type":"bitmap","chars":["仠"],"height":8,"file":"minecraft:font/b2ab8e188ba84d77bf314358c1a4f4c0/2ff37db1ce6e4e989a4efa8918a70298.png","ascent":8},{"type":"bitmap","chars":["仡"],"height":8,"file":"minecraft:font/8adcf6b8e53346638b6e976d98f1028b/7cfbcab9d77b436ca68b8e5815bc539f.png","ascent":8},{"type":"bitmap","chars":["仢"],"height":8,"file":"minecraft:font/802ec6a112aa4c4180dd4fa2eb9bb673/65eaef2e95d04ede8c4bf175a098c6c9.png","ascent":8},{"type":"bitmap","chars":["代"],"height":8,"file":"minecraft:font/3477d1e4e8894cfb9f446663ea7a2aa3/fd0f741fd31745698c8f9d1fe60e9d99.png","ascent":8},{"type":"bitmap","chars":["令"],"height":8,"file":"minecraft:font/0e658d4dfc174e0283468cf3726be634/38979bd531164a629c30bc1982f54d45.png","ascent":8},{"type":"bitmap","chars":["以"],"height":8,"file":"minecraft:font/a50088a31a6642c093b1ae012971798b/306685e2d4af4b6eaa5da82f0fab03ff.png","ascent":8},{"type":"bitmap","chars":["仦"],"height":8,"file":"minecraft:font/a59fae24565e4fc189bcc7ae2a493582/fe5db4bf4a7b4af0b41f6d182c40c56b.png","ascent":8},{"type":"bitmap","chars":["仧"],"height":8,"file":"minecraft:font/f0c21d1362fe46ae860aa75579f092e6/da3e591e01ea4d37ae1402fee7b3d1e7.png","ascent":8},{"type":"bitmap","chars":["仨"],"height":8,"file":"minecraft:font/7a3ceaa78e784b6f91a072c61d989bde/5722c423bc7147b184aebeba6927e360.png","ascent":8},{"type":"bitmap","chars":["仩"],"height":8,"file":"minecraft:font/f5a327086a844cc1b8f8ad612bbca7fc/351415cd400a4e9eb625234d89f5c381.png","ascent":8},{"type":"bitmap","chars":["仪"],"height":8,"file":"minecraft:font/9abbe381c8384ac5ac8dcc9b6c78b9d8/76336ff112af49a7b9600892b5ce02f3.png","ascent":8},{"type":"bitmap","chars":["仫"],"height":8,"file":"minecraft:font/6d252cc82d274e788d76b6682161a23d/6b9b24262e6e4ac49ca5b09b939d7e97.png","ascent":8},{"type":"bitmap","chars":["们"],"height":8,"file":"minecraft:font/0a132f45f45545a9961104cc98d22ac5/abf9964e26374df2a9d9e78fc9249408.png","ascent":8},{"type":"bitmap","chars":["仭"],"height":8,"file":"minecraft:font/a5e7a410f91b4a56b064ece56d540841/d13070cef309421ab79cb4a3ffda853c.png","ascent":8},{"type":"bitmap","chars":["仮"],"height":8,"file":"minecraft:font/737adeff23bc4b23b7449ad704a425a4/00f1af908f3f4f46999ef20eec8001e4.png","ascent":8},{"type":"bitmap","chars":["仯"],"height":8,"file":"minecraft:font/fe1488c7ce5a4cec882770e9436f95cb/8d0394ba0fda4519b45aebc0f38e7ecb.png","ascent":8},{"type":"bitmap","chars":["仰"],"height":8,"file":"minecraft:font/e2b8e62c5cc2438c94aa4d6da478ba1f/b1b415dc0a02459fa64410fc9a30a3f9.png","ascent":8},{"type":"bitmap","chars":["仱"],"height":8,"file":"minecraft:font/83fdc7c794bb42f7a237fc7898de8113/ec01de0f5ab74c5fb3b4d3495cf5cd40.png","ascent":8},{"type":"bitmap","chars":["仲"],"height":8,"file":"minecraft:font/e4f33f1784de41e8b0286bc03d34565d/033078a9d0694496a4405d85e812e1a5.png","ascent":8},{"type":"bitmap","chars":["垗"],"height":8,"file":"minecraft:font/2a8e0f7d2f2a4868ba91e531c0591fe1/66d6c3b85d794f31bfc5b034747e9a4e.png","ascent":8},{"type":"bitmap","chars":["仳"],"height":8,"file":"minecraft:font/692a2dd851b24f41957c8d8e15ef077c/2b86e322a3a9409199aec4fe2a81e63b.png","ascent":8},{"type":"bitmap","chars":["仴"],"height":8,"file":"minecraft:font/6bcd8669d5cb433cad469fa3dc370e1a/49ba52db138347db9fd6ebf84ab95245.png","ascent":8},{"type":"bitmap","chars":["仵"],"height":8,"file":"minecraft:font/004b4eb025ad4046843f64ef8fbaadbe/12a2c19130d54171823f39c701109429.png","ascent":8},{"type":"bitmap","chars":["件"],"height":8,"file":"minecraft:font/eb1d1f32fe5644caa5011bb268c0bc4b/2b9dbfabd53d47b280cde74e588a24a5.png","ascent":8},{"type":"bitmap","chars":["价"],"height":8,"file":"minecraft:font/8736e10b72a64982a4f11eaaea50c9d0/9a4e7906d84b47858c02fe3b7aac488f.png","ascent":8},{"type":"bitmap","chars":["仸"],"height":8,"file":"minecraft:font/ddd75ca81b594cdeba2edebc4ee1f000/aee522cbcf58469e9e9c072649a8e39a.png","ascent":8},{"type":"bitmap","chars":["仹"],"height":8,"file":"minecraft:font/0faa8f08a0e84ada831e2e1b5ad70279/e015c70f8a6a4dea8b58676b4b790e86.png","ascent":8},{"type":"bitmap","chars":["仺"],"height":8,"file":"minecraft:font/c2383d12630641d4be51f409806fef5a/e351a03e1211405998b882e4d3a9e0ab.png","ascent":8},{"type":"bitmap","chars":["任"],"height":8,"file":"minecraft:font/e91bed3850244f759fd3e9c80f6c13cf/8d86af2958c54306bf70b909ee3ce085.png","ascent":8},{"type":"bitmap","chars":["仼"],"height":8,"file":"minecraft:font/d6c5ee2200c24bb7a8b73e2f5c66a645/aea7f662f6ab40048cce6e4629d141ef.png","ascent":8},{"type":"bitmap","chars":["份"],"height":8,"file":"minecraft:font/efe655bda43c445c81a014b73b5c7c3c/535dc43e9c304f3bb4e8027b42e90466.png","ascent":8},{"type":"bitmap","chars":["仾"],"height":8,"file":"minecraft:font/82b66f2583914401abf8d2ba92e362c3/b76e55f8a27841a7be4ce20d70bb876e.png","ascent":8},{"type":"bitmap","chars":["仿"],"height":8,"file":"minecraft:font/5d98a685e8bc4288b5d6e87a44472635/99ad57226dd7492284173a23017f8996.png","ascent":8},{"type":"bitmap","chars":["伀"],"height":8,"file":"minecraft:font/dac7f936d5894b3cb7d995e24c4e40c2/40941d51e73b476da0e24541be7e05dc.png","ascent":8},{"type":"bitmap","chars":["企"],"height":8,"file":"minecraft:font/d404f2e8c9d7477ba0e99b85c3ad8567/3654eb855dbb43c9bf73bcbfeb79beb0.png","ascent":8},{"type":"bitmap","chars":["伂"],"height":8,"file":"minecraft:font/d42e475157014596946f77ba49fd40fc/9fe5a5ee2a404aa1b075dc3b65f507c7.png","ascent":8},{"type":"bitmap","chars":["伃"],"height":8,"file":"minecraft:font/47ae20ce70d640e0ace17fb4712093dc/e488d04ebb054be6affb609d401f1e7a.png","ascent":8},{"type":"bitmap","chars":["伄"],"height":8,"file":"minecraft:font/5e36906fa581417a86d2bdf46e2c54b6/e4cb8966c7654760847e560b41d12882.png","ascent":8},{"type":"bitmap","chars":["伅"],"height":8,"file":"minecraft:font/5993ce4ecc3547ea87ceb2cc2768a72b/f80849b0c0e94e519f7a4a5fbc25f8b2.png","ascent":8},{"type":"bitmap","chars":["伆"],"height":8,"file":"minecraft:font/0d4fe095b54c474083a335a3d404ac7b/c4c3ab0ca8e841daab9cee54f0e0d978.png","ascent":8},{"type":"bitmap","chars":["伇"],"height":8,"file":"minecraft:font/c977757212a04ef3952b9e46be1a577a/9071578f4b6a4b18b4ee5a50a9c6d090.png","ascent":8},{"type":"bitmap","chars":["伈"],"height":8,"file":"minecraft:font/439a7ae1ea654c9dab0d8bb68cf5c05b/40257a375f65428991d6af088d594d9a.png","ascent":8},{"type":"bitmap","chars":["伉"],"height":8,"file":"minecraft:font/2b6441319cda493fbc8e0797b55a0207/a2bbd5ba66be4c048c056a31e5b23333.png","ascent":8},{"type":"bitmap","chars":["伊"],"height":8,"file":"minecraft:font/bdc82565b0324af6a9d3e7a3b35e64bd/89f32a729f2b435f87a1e7a29d50ec2d.png","ascent":8},{"type":"bitmap","chars":["伋"],"height":8,"file":"minecraft:font/c4788c20b2de419ab3885c718f4c73f4/dfc1cf567a594df1af90f4388cd90c25.png","ascent":8},{"type":"bitmap","chars":["伌"],"height":8,"file":"minecraft:font/4f913baade314ffc95f641d23b1d8de7/93e907e4d1e94f5db241a4c112a45e79.png","ascent":8},{"type":"bitmap","chars":["伍"],"height":8,"file":"minecraft:font/e0b2d0c9a31e41c8a8fe8fba5524214e/44e75aedca094756b749a269d77b444b.png","ascent":8},{"type":"bitmap","chars":["伎"],"height":8,"file":"minecraft:font/f0feffb676484cc6873ccbd27aa9a251/dc605bdf49f64f6b9cab13ed2a19459e.png","ascent":8},{"type":"bitmap","chars":["伏"],"height":8,"file":"minecraft:font/63483f2044434645ae26df588b65125e/73bc347b5d6f46c6b08c9ebbe71104e4.png","ascent":8},{"type":"bitmap","chars":["伐"],"height":8,"file":"minecraft:font/07920285ccd0479d856a4bcd11368cfd/fccd8d8fcd2d4292bb4cf41e26e3ed72.png","ascent":8},{"type":"bitmap","chars":["休"],"height":8,"file":"minecraft:font/1315ac6015ed40218da5365d9ea9347e/d95a75f629074cb1b2496299f1065915.png","ascent":8},{"type":"bitmap","chars":["伒"],"height":8,"file":"minecraft:font/051be9d24f5848848a180c947efecf5f/dfbeade7551a4194ac449fd91de89709.png","ascent":8},{"type":"bitmap","chars":["伓"],"height":8,"file":"minecraft:font/7484243e926345be976e83bed9fe29ca/6170cc8ea2c747738b34fd080a632def.png","ascent":8},{"type":"bitmap","chars":["伔"],"height":8,"file":"minecraft:font/b8f56427cde144c6baac9377773912d3/4bef284fcbb542f4896b88f019b6d5a3.png","ascent":8},{"type":"bitmap","chars":["伕"],"height":8,"file":"minecraft:font/0537abe83679430cad3743896961c5b9/190c51242cc748628ad5250bef7f871f.png","ascent":8},{"type":"bitmap","chars":["伖"],"height":8,"file":"minecraft:font/2bf804e2e9714ca8985c3b3bd7f30f12/0f207855fe95482f87774578f4cea627.png","ascent":8},{"type":"bitmap","chars":["众"],"height":8,"file":"minecraft:font/c20d7a353f374872b38289bcc2475fdc/1a329704f0b54d148df66c4bc710d7f1.png","ascent":8},{"type":"bitmap","chars":["优"],"height":8,"file":"minecraft:font/669f73c187404b4e8729dd3583d11261/001971c6736843ec8120bec2d39a3fd9.png","ascent":8},{"type":"bitmap","chars":["伙"],"height":8,"file":"minecraft:font/42b5d0f21437430c983167acbf03c526/1874a52ced984e1bb9ae4e79999c5def.png","ascent":8},{"type":"bitmap","chars":["会"],"height":8,"file":"minecraft:font/28ef0e65dee64d3488fc2236afab13c3/4bcf745b1dd94e0f92a0de977e291a7a.png","ascent":8},{"type":"bitmap","chars":["偹"],"height":8,"file":"minecraft:font/0582c70beee3445191cbcbf08d7ca5bb/8c9cf3fd858747849e434bdf9fc93a62.png","ascent":8},{"type":"bitmap","chars":["偺"],"height":8,"file":"minecraft:font/26dd5350ab114cd9933f394c2484473e/b5e0e1258d454fd09a28cfdcf7becade.png","ascent":8},{"type":"bitmap","chars":["偻"],"height":8,"file":"minecraft:font/d8b1b8a18c20494c81108a41a017ae52/08dcbe4facec4659824ca401c5c304d0.png","ascent":8},{"type":"bitmap","chars":["偼"],"height":8,"file":"minecraft:font/755c4b85f4bf4ffdb4592f9ae43f578e/6bc3722ea4054334a39299189c655ec0.png","ascent":8},{"type":"bitmap","chars":["偽"],"height":8,"file":"minecraft:font/89ba271e27374858b3d862252d43e248/52db3ccc068740ec8e8ec6a4a84df09a.png","ascent":8},{"type":"bitmap","chars":["偾"],"height":8,"file":"minecraft:font/99034d6a5fd74c69a11cb1c1b90255f1/a9c9e81d3eb045a49a2d4334c0ab0b32.png","ascent":8},{"type":"bitmap","chars":["偿"],"height":8,"file":"minecraft:font/24478e40c2534bc788dda2fd8fe48df1/36b7cff25f52404c9a1e9f2822967607.png","ascent":8},{"type":"bitmap","chars":["傀"],"height":8,"file":"minecraft:font/ebf2bdc81df14f04b79ef0843490b818/8c5018306614460c981cb6cb57c0eff5.png","ascent":8},{"type":"bitmap","chars":["傁"],"height":8,"file":"minecraft:font/85fa5cb5f1f2404489631904fa01a1ea/ad9c739232b44407972791fd398fea46.png","ascent":8},{"type":"bitmap","chars":["傂"],"height":8,"file":"minecraft:font/8d6e5cb2405a452c8dc87fb3366380a1/7c1bd665ed804d9285e77fcd0423b495.png","ascent":8},{"type":"bitmap","chars":["傃"],"height":8,"file":"minecraft:font/1493bd76e96148b9b26b11790fa4a7ca/2efffa32b5ab4d93ab0852f3012a05c5.png","ascent":8},{"type":"bitmap","chars":["傄"],"height":8,"file":"minecraft:font/d78e82f8c8e14243a8b39de6b2a98825/17de0aa6a01d4b8cbe3eb353b7f46e00.png","ascent":8},{"type":"bitmap","chars":["傅"],"height":8,"file":"minecraft:font/d0875ce085d644fd8bd822cb6f0da870/07cebdd74f7c4e679e845d67386fbe0d.png","ascent":8},{"type":"bitmap","chars":["傆"],"height":8,"file":"minecraft:font/d49aadc458834d7d8faff16dbdab708c/68a747cf29704eedac9da23d087df448.png","ascent":8},{"type":"bitmap","chars":["傇"],"height":8,"file":"minecraft:font/94c91c44565542b3b309d0ac0f781843/161268a3bf574af2b095aeed42427409.png","ascent":8},{"type":"bitmap","chars":["傈"],"height":8,"file":"minecraft:font/f744be4f726e41678e4d272b0558e2b3/091dcbb0292746cd941896ce01a19d77.png","ascent":8},{"type":"bitmap","chars":["傉"],"height":8,"file":"minecraft:font/ac61a80c358848fd9101552cafe0e6d2/a2e2d56499c74d789a20d0a3ed03dc40.png","ascent":8},{"type":"bitmap","chars":["傊"],"height":8,"file":"minecraft:font/acd53d77635d44f08f435d899f9f74dd/3faf17c8a684416590cf76e820850998.png","ascent":8},{"type":"bitmap","chars":["傋"],"height":8,"file":"minecraft:font/d58185ae32af4c398d823bfbbc8f910b/50691cbc61e742da90695d5aa3597b78.png","ascent":8},{"type":"bitmap","chars":["傌"],"height":8,"file":"minecraft:font/82afddab41f147e7ad5cbaef0910f8aa/5a8befd0df15476a818a6fa5690771a7.png","ascent":8},{"type":"bitmap","chars":["垃"],"height":8,"file":"minecraft:font/0cc1317318ec424abd9687bb2127ec94/53f3ccbb486542ca901eba3aab13b661.png","ascent":8},{"type":"bitmap","chars":["垄"],"height":8,"file":"minecraft:font/5f9171fe51994dd68e74dddc8858f9c4/87183ed9c2ee44e4a05046d63b6fe339.png","ascent":8},{"type":"bitmap","chars":["垅"],"height":8,"file":"minecraft:font/0bf93232c2754108bc0362e4c895b919/8c04e8440f234d25a7102a71210293ab.png","ascent":8},{"type":"bitmap","chars":["垆"],"height":8,"file":"minecraft:font/394df263524d4c48a6137a38d380bbb3/be7d669ad9ce4e259c7ce078395c5297.png","ascent":8},{"type":"bitmap","chars":["垇"],"height":8,"file":"minecraft:font/b3ee90b6132e4319bf2e5c84ab420e81/34015b4e948a4787bb005f969e6f2f5f.png","ascent":8},{"type":"bitmap","chars":["垈"],"height":8,"file":"minecraft:font/a757f9f37e194a578b44eb07ec86b051/f4ef299637ce471cb821f2fb12fd19e2.png","ascent":8},{"type":"bitmap","chars":["垉"],"height":8,"file":"minecraft:font/c7573fe5771247d385c7767da2aa3180/8f76d18445574388a9f6b23fa20c52f7.png","ascent":8},{"type":"bitmap","chars":["垊"],"height":8,"file":"minecraft:font/eb653bf0379b4af481d75ae12c68824d/e44c0a3d9a784a738f7b30204252a822.png","ascent":8},{"type":"bitmap","chars":["型"],"height":8,"file":"minecraft:font/1fb5b65cb54144588c51bc678ac7d3e6/fd22a37e50814a9cac0913c17f01459c.png","ascent":8},{"type":"bitmap","chars":["垌"],"height":8,"file":"minecraft:font/b878013e9cc044bd8f2fbc031c1d2516/fb2e969e3141441999e9f1ebf0fa112b.png","ascent":8},{"type":"bitmap","chars":["垍"],"height":8,"file":"minecraft:font/107f755cf92046b4b3e0d9fc8b4f1926/3ca7fc7825d24c08b8e3473c0b2313c3.png","ascent":8},{"type":"bitmap","chars":["垎"],"height":8,"file":"minecraft:font/1bcfa7658e1a453da1ef6e71f26d2cae/741f96e70c134ca9b916cc787a96911b.png","ascent":8},{"type":"bitmap","chars":["垏"],"height":8,"file":"minecraft:font/7f39a8733a7644d38d2376d5b37ae3f8/9fae96ae113d48a585e3de34982951ec.png","ascent":8},{"type":"bitmap","chars":["垐"],"height":8,"file":"minecraft:font/9d7295aa337e4e998db88ab7d08da5d9/bddb0c55f6024d219d69ac94243cb4d9.png","ascent":8},{"type":"bitmap","chars":["垑"],"height":8,"file":"minecraft:font/0b4cafbb01a246d0ae322ef3ad9ca5b4/62f7e1b51eb2453bb41d210adfc80c34.png","ascent":8},{"type":"bitmap","chars":["垒"],"height":8,"file":"minecraft:font/4aa44b8b65ac4ca1a5e84e35125d21b1/2322d4728be2447e92076e9724200911.png","ascent":8},{"type":"bitmap","chars":["垓"],"height":8,"file":"minecraft:font/94fad6cc03354f88ac4aaf07ca6c4c40/85c215f574d64f2ca5f9bf9e938c019e.png","ascent":8},{"type":"bitmap","chars":["垔"],"height":8,"file":"minecraft:font/d8bc508d2e2045eca4c52be94a9f735f/a54b11b058c4456e952a7288e3dac66e.png","ascent":8},{"type":"bitmap","chars":["垕"],"height":8,"file":"minecraft:font/bc95d038d5874f959e43d2473cbced65/4286d0d47d66424e8819c5cbe0b10e7e.png","ascent":8},{"type":"bitmap","chars":["垖"],"height":8,"file":"minecraft:font/8f27b9d5ecb8473386e6c27a21fab280/791cac2e9a864a47a6f6e92be622de03.png","ascent":8},{"type":"bitmap","file":"font/pixel.png","ascent":-1000,"height":-2,"chars":["ᨓ"]},{"type":"bitmap","file":"font/pixel.png","ascent":-10000,"height":1,"chars":["ᨒ"]},{"type":"bitmap","file":"font/pixel.png","ascent":-10000,"height":-2,"chars":["⻙"]}]}