{"providers":[{"type":"bitmap","chars":["垜"],"height":16,"file":"minecraft:font/df641fad1dfc4d33aeb22bfa0c480f5c/39690b043ae04eae90b3208dee15223b.png","ascent":16},{"type":"bitmap","chars":["一"],"height":16,"file":"minecraft:font/d739e650bbc14d20af75b613aceb3959/c43b113d056349889e5d08c40c8995ed.png","ascent":16},{"type":"bitmap","chars":["丁"],"height":8,"file":"minecraft:font/4d530a8666d9445093559b8ee714fc3f/e18123d16532472db6360b59f7b8a7ef.png","ascent":8},{"type":"bitmap","chars":["垞"],"height":8,"file":"minecraft:font/222bd1ab09794b8fb9c44717ac7bebbd/79a8bcd5967e45379ca5abc4048035db.png","ascent":8},{"type":"bitmap","chars":["丂"],"height":8,"file":"minecraft:font/8b4f5d624f184fbb92f5a1098e1ec6bd/1a7d72d5bfa44a93a72647f21fec4a6f.png","ascent":8},{"type":"bitmap","chars":["七"],"height":8,"file":"minecraft:font/a87e3bc2af0f4ef0b238281f599bb019/689baae9bcbf46f781aa367b33788f4c.png","ascent":8},{"type":"bitmap","chars":["丄"],"height":8,"file":"minecraft:font/7674358790eb49978173f59db71f38bb/e4cc9ce0c1a64c4cbbc018828f12dff9.png","ascent":8},{"type":"bitmap","chars":["丅"],"height":8,"file":"minecraft:font/cc4b2007030647d1bd6ccca2d072b078/cf0840486a1f4b9c90350340cfdd2371.png","ascent":8},{"type":"bitmap","chars":["丆"],"height":8,"file":"minecraft:font/3727167bb16440bab5ab2165d6b29324/2725a851de66453889e53ba7e6c7f913.png","ascent":8},{"type":"bitmap","chars":["万"],"height":8,"file":"minecraft:font/2a6778029337445998ccb1b0c12dfb51/40ac9d9d33c74e4e85beaec30e4e2409.png","ascent":8},{"type":"bitmap","chars":["丈"],"height":8,"file":"minecraft:font/e275d87be2e442ca9da9cf02d2355114/152118ad319f4ef7b1cdae1a2aae246d.png","ascent":8},{"type":"bitmap","chars":["三"],"height":8,"file":"minecraft:font/c4209e6df1ce49078f42b27efff8fcce/0ff8e780d8a244f69beaeeca795d0a27.png","ascent":8},{"type":"bitmap","chars":["上"],"height":8,"file":"minecraft:font/4fcc8769797341be96d0ac0896d4637c/16bda809a95e4c70bad70927754bcc53.png","ascent":8},{"type":"bitmap","chars":["下"],"height":8,"file":"minecraft:font/8e4919374257429e8e7a9be101e190bf/3ad01779da8145e9968fc6550c7aecd3.png","ascent":8},{"type":"bitmap","chars":["丌"],"height":8,"file":"minecraft:font/1f2c6a648c9f4a9ea17cb24cc8a09fbb/a595207b6666487d82b345c886f92d28.png","ascent":8},{"type":"bitmap","chars":["不"],"height":8,"file":"minecraft:font/3039bf1e4a4d487895d6a0a822d00e83/974b90619cbd4e0987a0999ce68fae7b.png","ascent":8},{"type":"bitmap","chars":["与"],"height":8,"file":"minecraft:font/d18d2f63012846d29382107cf98c2deb/079290e789f84ca69ddd2e4a7d009b81.png","ascent":8},{"type":"bitmap","chars":["丏"],"height":8,"file":"minecraft:font/a9f128c47fdd4d63b636d3cb24a74863/986d8f0a81e24eeb995e08007d11fd4e.png","ascent":8},{"type":"bitmap","chars":["丐"],"height":8,"file":"minecraft:font/10d3ba016e394dfc882d83c89f1a33cf/d54d483603014cce97278b936c02f525.png","ascent":8},{"type":"bitmap","chars":["丑"],"height":8,"file":"minecraft:font/ee4647e3ab6b467caeb5cfa28558fc70/52fe8894a63c4bf1a165e88837a22958.png","ascent":8},{"type":"bitmap","chars":["丒"],"height":8,"file":"minecraft:font/44c18fae8bb5404a88f9e74b15a0bd38/526a3d9a840c40d4af67849c565861f8.png","ascent":8},{"type":"bitmap","chars":["专"],"height":8,"file":"minecraft:font/5cfe6610f30a4cc69970ac1ccff3af92/23a1419b43d34b7dbbd46ea3fbe8f5de.png","ascent":8},{"type":"bitmap","chars":["且"],"height":8,"file":"minecraft:font/3aa17b94a4644506a7e737bc9a2d1d49/1e5754b34d894b549a6c1f68f04a7969.png","ascent":8},{"type":"bitmap","chars":["丕"],"height":8,"file":"minecraft:font/71f6f138014b45b2bbdf653ca6b139a4/6fed417875fa4b87b16a99c80f530afa.png","ascent":8},{"type":"bitmap","chars":["世"],"height":8,"file":"minecraft:font/28bc8f1253b547f581cbcb1f6ad5925f/2d68251f17f7459099a6bd77c69696d7.png","ascent":8},{"type":"bitmap","chars":["丗"],"height":8,"file":"minecraft:font/0fcca6ce406249ba8e6c11f43d1f4ab1/e28873d7abe14a588e0fb48f421eb4ea.png","ascent":8},{"type":"bitmap","chars":["丘"],"height":8,"file":"minecraft:font/a62d0b81eecb4551b7193cb5088107a8/96fdb5749a134c368891bde485f20704.png","ascent":8},{"type":"bitmap","chars":["丙"],"height":8,"file":"minecraft:font/c86b46c9d166474b97155b9f661f8b79/5c886535e00c4a67af9d8881bfc566aa.png","ascent":8},{"type":"bitmap","chars":["业"],"height":8,"file":"minecraft:font/83eb43ab4e214ae0add7f2d5a0840c4a/eb1b25d96bc5451f91a7fd65aeee1447.png","ascent":8},{"type":"bitmap","chars":["丛"],"height":8,"file":"minecraft:font/4621425a0ff84d8cadf40b0a3d32b830/09ac82caa2414ec2939850974cdb5e0c.png","ascent":8},{"type":"bitmap","chars":["东"],"height":8,"file":"minecraft:font/069d6329bd2f4531a9324d686597f7fc/2c1f12aadc804f17a6b5e06f71830fc9.png","ascent":8},{"type":"bitmap","chars":["丝"],"height":8,"file":"minecraft:font/3e44cce2898c404b9022b395c4ebb24a/2359ad888b90452bb9957bb986d36465.png","ascent":8},{"type":"bitmap","chars":["丞"],"height":8,"file":"minecraft:font/e9a16f48744f4fd88591f2f8169d322d/16fa7becca3e46ac8b1ce989cd30544f.png","ascent":8},{"type":"bitmap","chars":["丟"],"height":8,"file":"minecraft:font/f4f8d97ef95048deb452f7b0cd435b7a/8ce3394bfb6543008d7b494c19d14d3a.png","ascent":8},{"type":"bitmap","chars":["丠"],"height":8,"file":"minecraft:font/be6c3126f07c4a8f87db2ee8cc2128ff/c4a8e5e97eea48bd9a6bf350e0b8ca25.png","ascent":8},{"type":"bitmap","chars":["両"],"height":8,"file":"minecraft:font/27e9c49522c54df69030fc6e58b6c29b/556b5d08e6b940c08ebec4e70f91a069.png","ascent":8},{"type":"bitmap","chars":["丢"],"height":8,"file":"minecraft:font/e9ba554ea4714ce1b05043d2fc0baf39/d75a8adc9a514e1eb1972dcf7e0b74d7.png","ascent":8},{"type":"bitmap","chars":["丣"],"height":8,"file":"minecraft:font/775cb155141f4838a7caa59b18e0037c/f9d278c88d9d40d69bc7c14ac4045638.png","ascent":8},{"type":"bitmap","chars":["两"],"height":8,"file":"minecraft:font/cf81165a3f6343d382867aaffcc554bc/d8df43e04a034213bc1affcb2fb845f9.png","ascent":8},{"type":"bitmap","chars":["严"],"height":8,"file":"minecraft:font/07072956b07545128052e7a068e06afd/11e3dfb28e754b07a0d452c2293665e8.png","ascent":8},{"type":"bitmap","chars":["並"],"height":8,"file":"minecraft:font/867a6532bce74fada32eb48ea7167e10/b0ce0924faa442ce8e7cb3f0f6e113a6.png","ascent":8},{"type":"bitmap","chars":["丧"],"height":8,"file":"minecraft:font/56324d2bb39e436fba8fdffa255dd372/73586f3057cf4b4a85eb78cf02ae10d9.png","ascent":8},{"type":"bitmap","chars":["丨"],"height":8,"file":"minecraft:font/59c1f7a0d89f44168148fa5a681f6b41/f37479995e90480384f675e041623a63.png","ascent":8},{"type":"bitmap","chars":["丩"],"height":8,"file":"minecraft:font/86d8d084536746809e6a6d1209cdd923/7eac09ab66e94d8382e99a9d93c8d254.png","ascent":8},{"type":"bitmap","chars":["个"],"height":8,"file":"minecraft:font/8116c4d336ed418fabe633aab14d80af/85444f06cdc84432b44d311ea1ef0341.png","ascent":8},{"type":"bitmap","chars":["丫"],"height":8,"file":"minecraft:font/496adb8c96704937944d4c8a34245555/0d5369745e354d80902137e7f5c9e25f.png","ascent":8},{"type":"bitmap","chars":["丬"],"height":8,"file":"minecraft:font/1ae6f6a24d2247fbb9d9e30a957e9b81/e7d750b7394544d7ad7bfabec0e5a14a.png","ascent":8},{"type":"bitmap","chars":["中"],"height":8,"file":"minecraft:font/59fe06b6a5c74bb987bec4f3b518aa48/71981cb92b8f4e47bc10e2f152d9fee5.png","ascent":8},{"type":"bitmap","chars":["丮"],"height":8,"file":"minecraft:font/6369705a3d9346618d416705b5c54f7f/6356617d4bf2428696b57628d022d7b9.png","ascent":8},{"type":"bitmap","chars":["丯"],"height":8,"file":"minecraft:font/2d655e3877ec4483956ea14cc11a184a/1faa0b867fa74c8c8c61b5373c44e464.png","ascent":8},{"type":"bitmap","chars":["丰"],"height":8,"file":"minecraft:font/01d7aee6ea1a4c35b1ed6ba35e09a02b/4e9d0fef845e4c0ca917262109a92168.png","ascent":8},{"type":"bitmap","chars":["丱"],"height":8,"file":"minecraft:font/c23963c5d12741a9b1a40e668b0be4a9/6466a2b23eea4d24b78efaa4c323d289.png","ascent":8},{"type":"bitmap","chars":["串"],"height":8,"file":"minecraft:font/2653dfc96f0f4b2aad69d6c732dea25c/bf3f3ba01bf34319983728fa0b90213c.png","ascent":8},{"type":"bitmap","chars":["丳"],"height":8,"file":"minecraft:font/3db19cf2bc264255bb0a711f00398976/01aa658fcbae443cb076b006970c9d6f.png","ascent":8},{"type":"bitmap","chars":["垙"],"height":16000,"file":"minecraft:font/003cd398057f4de7b8cfa30e9bbf1d60/9cbed5bc3385409f85a41f811a0744ea.png","ascent":16000},{"type":"bitmap","chars":["亖"],"height":8,"file":"minecraft:font/763e9e93d6df4bef828b50f6a2869499/ad29bb4a30ce4f70a672578cd7c4d5ae.png","ascent":8},{"type":"bitmap","chars":["亗"],"height":8,"file":"minecraft:font/bfb8dbbd699f4e0987cf0839fe9f9291/fa1fa09b8a28406c8a7cb55d3b890613.png","ascent":8},{"type":"bitmap","chars":["亘"],"height":8,"file":"minecraft:font/a7e0bae4fb96498faa6f56045443404b/9152e2c44df146f9ad439a23d9b4f3df.png","ascent":8},{"type":"bitmap","chars":["亙"],"height":8,"file":"minecraft:font/474c93e1c9bf453cb833c41f292be299/5e32e732e66142cab5f659287251d766.png","ascent":8},{"type":"bitmap","chars":["亚"],"height":8,"file":"minecraft:font/c5a29e377a664a35a764b96345b476f2/cb7d853f4d254dde9ec7868eb6f0948f.png","ascent":8},{"type":"bitmap","chars":["些"],"height":8,"file":"minecraft:font/71e1a13721c246af855a1fc53fc2dab8/973ec6574ca5455987d96b8e328522d9.png","ascent":8},{"type":"bitmap","chars":["亜"],"height":8,"file":"minecraft:font/d831a6c7dda54ccfb875bb5a0bb754b4/823bc901c83c428c9465bed5a7564841.png","ascent":8},{"type":"bitmap","chars":["亝"],"height":8,"file":"minecraft:font/f3ef0187a5e244a58c3ceb3c2a3ed3fb/ef6b48b6e9314930b5dd95aa54442ae0.png","ascent":8},{"type":"bitmap","chars":["亞"],"height":8,"file":"minecraft:font/9198d582bf1748fb8a058260cc7e33a6/7442c90d6e1e4d079bf303270ea13ff9.png","ascent":8},{"type":"bitmap","chars":["亟"],"height":8,"file":"minecraft:font/6d7c6f5d55e4447698f043ed1159f0b2/123d9cf0144a42afbd86a00910c0938d.png","ascent":8},{"type":"bitmap","chars":["亠"],"height":8,"file":"minecraft:font/de2b90b091da4ceba9d5b0d8c0782249/38b21527c986473b8e8f5980eaeca90b.png","ascent":8},{"type":"bitmap","chars":["亡"],"height":8,"file":"minecraft:font/41b560a4eb2d4534b72aaa53633c9256/ba4f0d5a76c44f2f9058d3097d047b7d.png","ascent":8},{"type":"bitmap","chars":["亢"],"height":8,"file":"minecraft:font/832ab97d3e3f44ba8d0218d181828677/6dfb40ba5f82481da171a7346aecfdc9.png","ascent":8},{"type":"bitmap","chars":["亣"],"height":8,"file":"minecraft:font/85dbdc3c256e47778369559902013b8d/d8210618e9e4461cbbfca7f1633c4159.png","ascent":8},{"type":"bitmap","chars":["交"],"height":8,"file":"minecraft:font/7667b9faa39b4a2f8ad06ede4aa25d15/50feafbe2e8b4e33b6426d894a18d510.png","ascent":8},{"type":"bitmap","chars":["亥"],"height":8,"file":"minecraft:font/6fc1f50984d545c8825781d8421e216d/85a4cf4fdb394f2fbd29f8b697e179b7.png","ascent":8},{"type":"bitmap","chars":["亦"],"height":8,"file":"minecraft:font/114872c61074405da55ce1d062863162/1b2546b74ab44c82955df35df41cfee7.png","ascent":8},{"type":"bitmap","chars":["产"],"height":8,"file":"minecraft:font/752ebfd8759341f1ad16bbbb3a8f662f/70da60d8bfe14d88a848ea0e253ce6c4.png","ascent":8},{"type":"bitmap","chars":["亨"],"height":8,"file":"minecraft:font/a35c614259194a4ba12eb75181592a2e/df26c1390a104db08cc2f0ae3e082d6b.png","ascent":8},{"type":"bitmap","chars":["亩"],"height":8,"file":"minecraft:font/fa1a3c8f54a54a3c98e89c61b29d0e80/28228be2fd26463ab6b00864d57fef4b.png","ascent":8},{"type":"bitmap","chars":["亪"],"height":8,"file":"minecraft:font/b19fbd0f82214d878e78b774152a1544/e7bdc432a0494f8095199221d7095500.png","ascent":8},{"type":"bitmap","chars":["享"],"height":8,"file":"minecraft:font/215c245a7f0b4bb5b2dd3ccef7ccdfef/2a66a3736bae4d439e6140da643bc45e.png","ascent":8},{"type":"bitmap","chars":["京"],"height":8,"file":"minecraft:font/63fdb9c68b6d4abb95cb37365b461300/c4f7228058c742cbb5c1795c6583b4ee.png","ascent":8},{"type":"bitmap","chars":["亭"],"height":8,"file":"minecraft:font/e76268958f0445caac7ded6c1b51f802/7c12ecc9c97b4accaa5a6c1f4b9f5ece.png","ascent":8},{"type":"bitmap","chars":["亮"],"height":8,"file":"minecraft:font/6aef1b062ecf4662a258bf15213f49ef/0dc13948e530420a960a3531c207196c.png","ascent":8},{"type":"bitmap","chars":["亯"],"height":8,"file":"minecraft:font/8c179034f05f40b18251ec0514931746/86fa3bdf103d4c019ef8e64613d84310.png","ascent":8},{"type":"bitmap","chars":["亰"],"height":8,"file":"minecraft:font/b713dcb4c5254825b9daad8c2a3cce10/09733370bebe4666b947aa1621bc2475.png","ascent":8},{"type":"bitmap","chars":["亱"],"height":8,"file":"minecraft:font/58d912a7fe254fccb5b4bba1fffa4512/7a3bf0c230e04066a9dced2cc0579502.png","ascent":8},{"type":"bitmap","chars":["亲"],"height":8,"file":"minecraft:font/bca0158755ef43abbdbd51c55321578f/c718e87f05634e678e2b3cb323a4b4db.png","ascent":8},{"type":"bitmap","chars":["亳"],"height":8,"file":"minecraft:font/0f9901aceb58456fbedd1f6477f0eb19/d469f31a2e7f40eea175672d38b49bcb.png","ascent":8},{"type":"bitmap","chars":["亴"],"height":8,"file":"minecraft:font/4a73084090064c28a082e0f9f40f97c1/601358d546da48108065ff18c66dba04.png","ascent":8},{"type":"bitmap","chars":["亵"],"height":8,"file":"minecraft:font/f4d52e1275af440691cb3b272c762c13/c9f5393ff2ba49cbb82cbf9122abf341.png","ascent":8},{"type":"bitmap","chars":["亶"],"height":8,"file":"minecraft:font/e8d3610617944bf8b6ee023816849990/b66f0bfc035744aa819769cec078aa0a.png","ascent":8},{"type":"bitmap","chars":["亷"],"height":8,"file":"minecraft:font/ba49ead4532a4f418053c5de47272ab8/403e58e8f591467fbc7559e89653cafd.png","ascent":8},{"type":"bitmap","chars":["亸"],"height":8,"file":"minecraft:font/1c51db2451b24658a8106b41bba8ec74/941ca6abd13641c5b04e29543deaf15b.png","ascent":8},{"type":"bitmap","chars":["亹"],"height":8,"file":"minecraft:font/0eb862c9802041d9b498a83b4f64513d/a8723da1837644e0b42199071bbddf9d.png","ascent":8},{"type":"bitmap","chars":["人"],"height":8,"file":"minecraft:font/87d9e9d881c045c6a6b4ebfa25f4814c/3ea421a7d9174f4fb17e0d1f9dd066be.png","ascent":8},{"type":"bitmap","chars":["亻"],"height":8,"file":"minecraft:font/fae2626bcf0d43c8991ed9ad5cd8a569/b7580cde89c84f58be315fc17e70d924.png","ascent":8},{"type":"bitmap","chars":["亼"],"height":8,"file":"minecraft:font/5ca2f6ca9830404690ce7c32717f2377/c9ba6da511fd476282431c4db2a6f0cd.png","ascent":8},{"type":"bitmap","chars":["亽"],"height":8,"file":"minecraft:font/dde0d00ae33f488cb6989bd16826d132/4446394d61954d14b8e3e8b4efd8b2d3.png","ascent":8},{"type":"bitmap","chars":["亾"],"height":8,"file":"minecraft:font/a99f16bd67444816bf34dd2a46fb20ba/539c6d9e5bc8442f93554b7acd5cb21c.png","ascent":8},{"type":"bitmap","chars":["亿"],"height":8,"file":"minecraft:font/8e3cc9cb520e493790f8ccd3e4d41e4a/3d6ba9452d1f46539da43fde57f36651.png","ascent":8},{"type":"bitmap","chars":["什"],"height":8,"file":"minecraft:font/9282b64a9cee49e69573779c3e0cd147/1c103588dc80425bbc635f541d857426.png","ascent":8},{"type":"bitmap","chars":["仁"],"height":8,"file":"minecraft:font/4c1be627916c41b188b35a83273b9af3/d21e0d97d6114adfaf18012651a6afd8.png","ascent":8},{"type":"bitmap","chars":["仂"],"height":8,"file":"minecraft:font/8688442d3d904ab2a7940e2a08cdf6ee/5be60687ccb64dee9765aa284f62ebaf.png","ascent":8},{"type":"bitmap","chars":["仃"],"height":8,"file":"minecraft:font/61ef4808d93942238d5d8d110c7765f1/20995af6995c4926b49955142488441e.png","ascent":8},{"type":"bitmap","chars":["仄"],"height":8,"file":"minecraft:font/4b0c6010a8954be5b5ae21c32eea1843/990ef7c5d9cd428f96f48b165788eb91.png","ascent":8},{"type":"bitmap","chars":["仅"],"height":8,"file":"minecraft:font/014d4d2201ca4c4bb8615601f5ddbc4a/b30465624c8241c3aedc8ccb81b7af99.png","ascent":8},{"type":"bitmap","chars":["仆"],"height":8,"file":"minecraft:font/59cf18f008b94dfb8e892d2fe1b7be47/0ee09f69f3164d1baed9bf950aff5029.png","ascent":8},{"type":"bitmap","chars":["仇"],"height":8,"file":"minecraft:font/2245308ea33d4aa78b12d7652b758904/0535869211ab42feb531be69f09a4765.png","ascent":8},{"type":"bitmap","chars":["仈"],"height":8,"file":"minecraft:font/5199ee1a6ad742f99e5a0d63411d4d34/b980c421777c40c6a47d1f58dd4f801e.png","ascent":8},{"type":"bitmap","chars":["仉"],"height":8,"file":"minecraft:font/202cf26f3e2d4fd4947992211ba10c22/04267217287944378c05dbe48ff368bb.png","ascent":8},{"type":"bitmap","chars":["今"],"height":8,"file":"minecraft:font/4567755b7ae741c4b1684be61ef7d43b/d4eae3ba7be740bea7db28b158daecb6.png","ascent":8},{"type":"bitmap","chars":["介"],"height":8,"file":"minecraft:font/4b15b0f0fde84ff7aebafa0030d768dc/ec742ed528134e6abf2ddc202df252b4.png","ascent":8},{"type":"bitmap","chars":["仌"],"height":8,"file":"minecraft:font/ef442b5e34be4f5ba6cdfb00005652ca/3042033438804b30a71a53e9b55fd401.png","ascent":8},{"type":"bitmap","chars":["仍"],"height":8,"file":"minecraft:font/65a630b2b281420d83e3ef06bb3518df/9ceb0e9278d242cbb6317429810cac6b.png","ascent":8},{"type":"bitmap","chars":["从"],"height":8,"file":"minecraft:font/4f322121d74048788514706c020cf780/9276573598f1453da167388da5b68991.png","ascent":8},{"type":"bitmap","chars":["仏"],"height":8,"file":"minecraft:font/555ea47e0ab447dd910ebc24271b47e8/20273a845b9e4fdda5bcc90859c09a4e.png","ascent":8},{"type":"bitmap","chars":["仐"],"height":8,"file":"minecraft:font/39cd04d81efa40a5a9cb57417b002901/c15b6071f3964ee4bad633a0b1d8e57b.png","ascent":8},{"type":"bitmap","chars":["仑"],"height":8,"file":"minecraft:font/7523f8a2e50840c5a45aa5a3a3eb8bef/167d1a61885a4ae4aa67892955dec2f6.png","ascent":8},{"type":"bitmap","chars":["仒"],"height":8,"file":"minecraft:font/4bd8b65edeb8449ca598fd164daa1fa0/ce634ea3a5324e6d97a2969274375fa0.png","ascent":8},{"type":"bitmap","chars":["仓"],"height":8,"file":"minecraft:font/052290086cc649a28dd8b78f1ad0dd3d/8e6bd21c2cb54a19a159e07b79e6e92e.png","ascent":8},{"type":"bitmap","chars":["仔"],"height":8,"file":"minecraft:font/a5ed77a5333e4065b7130c28828c0de3/d224b83367be488cbd0620591a5d62c8.png","ascent":8},{"type":"bitmap","chars":["仕"],"height":8,"file":"minecraft:font/ba90c205585b406aace2f28a5419c4c2/43b8079508c94d8888322159f68dd7e2.png","ascent":8},{"type":"bitmap","chars":["他"],"height":8,"file":"minecraft:font/8a6c8fe437054eabab02c251d4e44644/30f243be6e9e432883614639f9d2cec4.png","ascent":8},{"type":"bitmap","chars":["仗"],"height":8,"file":"minecraft:font/1482e5b7715047d2a9a096bd4cfa49fb/fde2606a243b40ad87d75e661f3e9787.png","ascent":8},{"type":"bitmap","chars":["付"],"height":8,"file":"minecraft:font/d1c5fadce5264d23ae0628e345c5b596/ea5157a309be4519b834f8b187200eca.png","ascent":8},{"type":"bitmap","chars":["仙"],"height":8,"file":"minecraft:font/5f3f9f70c4b54bf6aebe232e191133ea/e05af713cec04187b188bc285c0750d9.png","ascent":8},{"type":"bitmap","chars":["仚"],"height":8,"file":"minecraft:font/4d833ff899c74f4c9885e23dcd5fd48f/e000f2a556ae4ee5904dc9049463b6ca.png","ascent":8},{"type":"bitmap","chars":["仛"],"height":8,"file":"minecraft:font/7849a1325bad49ac8c4dd1e8a06ec329/baa8df1889a24883b4c495ebcbae548c.png","ascent":8},{"type":"bitmap","chars":["仜"],"height":8,"file":"minecraft:font/58a95effed914d9c9f29c0d041f28c14/220e1945ed664e608bc4a9cb81653b22.png","ascent":8},{"type":"bitmap","chars":["仝"],"height":8,"file":"minecraft:font/56437f178824415787af3f2299d42cbb/76211c32dd6e4e60b392911c04d32501.png","ascent":8},{"type":"bitmap","chars":["仞"],"height":8,"file":"minecraft:font/b02860c3cdaf4c1fbbcc6acafd2a2c43/33187c5f58d94a35b76e82e82546ffd5.png","ascent":8},{"type":"bitmap","chars":["仟"],"height":8,"file":"minecraft:font/1ae1ca64951141b98ca42082e48caabd/277f58464ff6474e8abd652a7ef0c96e.png","ascent":8},{"type":"bitmap","chars":["仠"],"height":8,"file":"minecraft:font/868e211c5f35433593d354e60d72b79c/8e1423c9bd7f438cbf44451234194932.png","ascent":8},{"type":"bitmap","chars":["仡"],"height":8,"file":"minecraft:font/ee959e8073a441cd95eeafa63bb1bcd8/2aba48be1b1e46c79943011608ebc860.png","ascent":8},{"type":"bitmap","chars":["仢"],"height":8,"file":"minecraft:font/a746cc4718834217ae2d43193c6c71f4/d71953b2689b4169ac8e5b6ceac7ab21.png","ascent":8},{"type":"bitmap","chars":["代"],"height":8,"file":"minecraft:font/675d5d98891743a2b5285d206cc753d2/4be442432e3a45b885859dd00d971695.png","ascent":8},{"type":"bitmap","chars":["令"],"height":8,"file":"minecraft:font/bee70649771d4a3b894a8ca254353712/245e12877d5c48f29c9d46e7da5a1193.png","ascent":8},{"type":"bitmap","chars":["以"],"height":8,"file":"minecraft:font/890815ae7b4044908b14345fa00c067d/691de9e57ee04062803f7733b33bf1b2.png","ascent":8},{"type":"bitmap","chars":["仦"],"height":8,"file":"minecraft:font/89cacb0407764c7c928a5c227333dd5a/5e4d97edcbb641f5bc3eb5d69dc9d9e9.png","ascent":8},{"type":"bitmap","chars":["仧"],"height":8,"file":"minecraft:font/68106cd9048c4b2da5dfa2379dc51589/3f5574b5c6b04c808e3e6dbfbcc60b7f.png","ascent":8},{"type":"bitmap","chars":["仨"],"height":8,"file":"minecraft:font/009600cd8f2944068fbfdcb2a858a320/55ca331c020e4c2bbdebf782cb95eabc.png","ascent":8},{"type":"bitmap","chars":["仩"],"height":8,"file":"minecraft:font/107b41d965ae46a19d5bdf58e09b8802/ce0f4a129ed34811832a1e1c656ce4d5.png","ascent":8},{"type":"bitmap","chars":["仪"],"height":8,"file":"minecraft:font/eed421734a074a959a3bf550a8feebde/2a8a8058c14347b0839a51a4d809846c.png","ascent":8},{"type":"bitmap","chars":["仫"],"height":8,"file":"minecraft:font/35feea459f054f9392bdde5eb2083df5/ad56add2c4394e3c9bc711edd6399a27.png","ascent":8},{"type":"bitmap","chars":["们"],"height":8,"file":"minecraft:font/42546009f2b145419df2184564b77389/0cce8615cc50490cacf2f63f0413a7a9.png","ascent":8},{"type":"bitmap","chars":["仭"],"height":8,"file":"minecraft:font/10ade7f8f8c54e8db947520a9093f291/9c5c76d41eaf4e82b64ed2b434b58eba.png","ascent":8},{"type":"bitmap","chars":["仮"],"height":8,"file":"minecraft:font/9edb89ba39964d299885a7a81ca7e217/f238ae89c13a4200ae93b4f502255b9c.png","ascent":8},{"type":"bitmap","chars":["仯"],"height":8,"file":"minecraft:font/1fc9574f06a4413e8c46c51a707ab709/cfbf0939dadb4d5c8fdebb6edb41f6cc.png","ascent":8},{"type":"bitmap","chars":["仰"],"height":8,"file":"minecraft:font/0b1b7edcd76c4fb690e67bc1882694a0/23d344615dba420db12d65223146a23e.png","ascent":8},{"type":"bitmap","chars":["仱"],"height":8,"file":"minecraft:font/0b24aacd34eb42dd82c916088b506298/f8cf761c1fc44316be84c9a31b174e47.png","ascent":8},{"type":"bitmap","chars":["仲"],"height":8,"file":"minecraft:font/8f5100f033914ede8ee5aa5609f8ab8a/d014663019c64c9889ac0bdde93fccd1.png","ascent":8},{"type":"bitmap","chars":["临"],"height":8,"file":"minecraft:font/40e812c87c5a4fa081b5307e556e36e3/31eaf450701f4ae2a0baff11f241e814.png","ascent":8},{"type":"bitmap","chars":["丵"],"height":8,"file":"minecraft:font/8ed0c2ba92354734a56145841c2ac219/794316acaa24445f8e2a54a138145c3d.png","ascent":8},{"type":"bitmap","chars":["丶"],"height":8,"file":"minecraft:font/bf05a486464f437ca595dc05b3b75944/528edf3bc6d041b8a35a40461fa1c57c.png","ascent":8},{"type":"bitmap","chars":["丷"],"height":8,"file":"minecraft:font/ce7f72a52d794c04b29fb4ac73439bdf/f5dfcf40def54bbfabbf3b666df7c638.png","ascent":8},{"type":"bitmap","chars":["丸"],"height":8,"file":"minecraft:font/7a88e50385d94333ba4a99ba12d287ed/1a515b9acf234abe913e3ea101590b22.png","ascent":8},{"type":"bitmap","chars":["丹"],"height":8,"file":"minecraft:font/acb513fe2494462abac15647f2ce3ae0/c6329197b57d4bbf9f13787d02edb5c5.png","ascent":8},{"type":"bitmap","chars":["为"],"height":8,"file":"minecraft:font/875afea5ee3141f9851b632c9a4f07b0/033de1e2f75247b3a86eaee1836c3788.png","ascent":8},{"type":"bitmap","chars":["主"],"height":8,"file":"minecraft:font/cb029d61ab914acc8e30647c87b39814/088c54a7a67f4200b6eb4f9512e2cd64.png","ascent":8},{"type":"bitmap","chars":["丼"],"height":8,"file":"minecraft:font/ccd4f8468139406ea1259b228c2ceb5a/abc4113ac2194824b3bf63c8be0c5870.png","ascent":8},{"type":"bitmap","chars":["丽"],"height":8,"file":"minecraft:font/07c4d8a4e95d49258e636730e4c3beb7/741ade57652e4855a36f6318d9a3ae4f.png","ascent":8},{"type":"bitmap","chars":["举"],"height":8,"file":"minecraft:font/4b1505b5abf64f7bbf940301ca2a5d32/27d217ff68f9476c9be88517ee6e29a6.png","ascent":8},{"type":"bitmap","chars":["丿"],"height":8,"file":"minecraft:font/7aa591c7fa384b658b56bf17aadf5513/aa3b1371ec5c444d94b5fa0b1e70d7bf.png","ascent":8},{"type":"bitmap","chars":["乀"],"height":8,"file":"minecraft:font/fd4d1012734f4bcc89aa4e9f11728eee/fdb6d981b68f422eac2ba985bdc86e94.png","ascent":8},{"type":"bitmap","chars":["乁"],"height":8,"file":"minecraft:font/4e9cca2f5bc2440188d7404c3a96b08e/2c0f5f7ac28c42eba0c3c53eba6c6d2d.png","ascent":8},{"type":"bitmap","chars":["乂"],"height":8,"file":"minecraft:font/38fd8f7b2d1b423ea393c5a103a0053f/2671eb3f62544f48b85480ff77923d7f.png","ascent":8},{"type":"bitmap","chars":["乃"],"height":8,"file":"minecraft:font/0b4fc89a89be4e3bb09c5cda7543c378/6c54440e16c945559bd322f4101d25a5.png","ascent":8},{"type":"bitmap","chars":["乄"],"height":8,"file":"minecraft:font/2d50d039e02240c3be93a282ad0cfdbe/43c55a87a60047cbb9cab031aa4adddb.png","ascent":8},{"type":"bitmap","chars":["久"],"height":8,"file":"minecraft:font/d8a0cff1321e403cbecab1120a4920b3/d9bb1b38c5ba409189882e77394e21dd.png","ascent":8},{"type":"bitmap","chars":["乆"],"height":8,"file":"minecraft:font/bf959cc142074c92838e92f176b585d0/7a223968df6c4edc9a9b31e8c2086ab9.png","ascent":8},{"type":"bitmap","chars":["乇"],"height":8,"file":"minecraft:font/cd96b9beb96646179258f8332121af10/b08f683173734885b388b044b553ce9c.png","ascent":8},{"type":"bitmap","chars":["么"],"height":8,"file":"minecraft:font/681bbf9d6b94474ea50bad3d6e308d8f/5f0a0f8fd9c14bf1b5db882461206f28.png","ascent":8},{"type":"bitmap","chars":["义"],"height":8,"file":"minecraft:font/2fe7d3bdcd4f4950952320b8502f3f4c/8f25f2684a9a4b2ea2d1cb019bcbcad3.png","ascent":8},{"type":"bitmap","chars":["乊"],"height":8,"file":"minecraft:font/9ddc6d844c0a4229b1554b2f2ae757ae/58a78231f1ee490da6ae4a7ba49c7211.png","ascent":8},{"type":"bitmap","chars":["之"],"height":8,"file":"minecraft:font/d5e5306c73924c88b3079362eb6e5580/92cbf274847d44139565a1873478df0b.png","ascent":8},{"type":"bitmap","chars":["乌"],"height":8,"file":"minecraft:font/b26d06a450a348a4ad3fdb0277b4ccf4/ee05d4a06c5b409eb4d27e26a6d286d6.png","ascent":8},{"type":"bitmap","chars":["乍"],"height":8,"file":"minecraft:font/24f4e78bf1bc4c9bac0c8b3d2e9b340c/e2122e122d4b45f7952af7288b8a536c.png","ascent":8},{"type":"bitmap","chars":["乎"],"height":8,"file":"minecraft:font/cb405ab341314896b61ac9aae10c9365/688be54804dc4b2abe1e9667bcd99916.png","ascent":8},{"type":"bitmap","chars":["乏"],"height":8,"file":"minecraft:font/ea36fb2d83614f958247afcf390f7b34/7ed901c11b094101ac6bae1d4876049f.png","ascent":8},{"type":"bitmap","chars":["乐"],"height":8,"file":"minecraft:font/ed0754146adb41558752dae690cae18c/7dda11f7387d49329d3ae7dcd5a42f7f.png","ascent":8},{"type":"bitmap","chars":["乑"],"height":8,"file":"minecraft:font/530d91c0ca8d47179e081e8449885187/16597d998ddf4c3f9916b55e565208ac.png","ascent":8},{"type":"bitmap","chars":["乒"],"height":8,"file":"minecraft:font/4360bbf888b5404ab1731f2aa997aa09/dbe46f22ef334a82aea2b8b8dcb3b1ca.png","ascent":8},{"type":"bitmap","chars":["乓"],"height":8,"file":"minecraft:font/3799afdc35e7453c9b845d750bf134e0/d7c6b9b0296d44b4808818966f6b8324.png","ascent":8},{"type":"bitmap","chars":["乔"],"height":8,"file":"minecraft:font/ad8d14edd1dd441fb21f1b4a75f2d576/e6b299a6b960416d8fd667b0bb8586bc.png","ascent":8},{"type":"bitmap","chars":["乕"],"height":8,"file":"minecraft:font/efb518fffe57436eab514f4f6481eaf4/8b0dda0d07714a83b5e6d965e335e9c8.png","ascent":8},{"type":"bitmap","chars":["乖"],"height":8,"file":"minecraft:font/acc612377b414042b9d95956e1e0fe64/e5df0a65d90f415098a4f32c9b3d7279.png","ascent":8},{"type":"bitmap","chars":["乗"],"height":8,"file":"minecraft:font/c4121cd60b6e4ae8816dac09e82d873a/d204641b64714d8da1f324edb33e1034.png","ascent":8},{"type":"bitmap","chars":["乘"],"height":8,"file":"minecraft:font/91efd0354c694277951b87a1e1c69a5f/3ac8c519338d4a9f986f47aa985d23d6.png","ascent":8},{"type":"bitmap","chars":["乙"],"height":8,"file":"minecraft:font/edf2b9a31dee4ba39d1e48c6383f65df/3991bc199e1b46fea15a6134547a1f11.png","ascent":8},{"type":"bitmap","chars":["乚"],"height":8,"file":"minecraft:font/75d4d71a54ee4f6d813f998d5a695cfc/5ffc534328d84b2bb31766b24e1cfa71.png","ascent":8},{"type":"bitmap","chars":["乛"],"height":8,"file":"minecraft:font/9f8ed93d27884760b9c73306ecd1fb51/150a593e8b1c467ba2a4fde62c8e6d20.png","ascent":8},{"type":"bitmap","chars":["乜"],"height":8,"file":"minecraft:font/de7733d832654c669d17f82aaf7037fe/b925ee3ef3134b0db97be61db04497ed.png","ascent":8},{"type":"bitmap","chars":["九"],"height":8,"file":"minecraft:font/13afecc5b7474dc891fe006b877b2bbb/f040e31584354552b18e7ffa6ecdfd08.png","ascent":8},{"type":"bitmap","chars":["乞"],"height":8,"file":"minecraft:font/aff91ff706804f20bbb8b03be1ed3ea5/830bc0698c8346edaed574bfd1193d6e.png","ascent":8},{"type":"bitmap","chars":["也"],"height":8,"file":"minecraft:font/95f14f31f4074f08bcef354c0b72fcc1/43c25e3882e3406ebe0bae865ea75482.png","ascent":8},{"type":"bitmap","chars":["习"],"height":8,"file":"minecraft:font/11199f4543aa4889b7090a8470c1b245/0a2b2b6bee8f4abe8cff995a0889b2cc.png","ascent":8},{"type":"bitmap","chars":["乡"],"height":8,"file":"minecraft:font/ab208bae91bd48288adf4406f141df6a/0946dd5183a6464c871742403f6a577a.png","ascent":8},{"type":"bitmap","chars":["乢"],"height":8,"file":"minecraft:font/745e6801bbdf4c519666bd0f1fb1d255/2c8c1b291e6a4bb09423decbc55ab5c3.png","ascent":8},{"type":"bitmap","chars":["乣"],"height":8,"file":"minecraft:font/c483b5a33df5446cb74c144f056704be/ab8edad341704bdc87df79e581ac1d92.png","ascent":8},{"type":"bitmap","chars":["乤"],"height":8,"file":"minecraft:font/3950b44e94104a4582bb0381d02d3b50/7f5aee24391c4e4eb570ab13fb63000a.png","ascent":8},{"type":"bitmap","chars":["乥"],"height":8,"file":"minecraft:font/a2f0d9fd606c4dd59fc8103e75dcedc4/a98fd675aa924586b2e665d67b37bc73.png","ascent":8},{"type":"bitmap","chars":["书"],"height":8,"file":"minecraft:font/b928d31aa2c947e78182d6a9e6da9bc4/ecd4344adde043f19e16bcfde17d7739.png","ascent":8},{"type":"bitmap","chars":["乧"],"height":8,"file":"minecraft:font/ba2efed10dd34f358142f177b4e53a8c/4729795ec4604251869ab8ffcfd16b19.png","ascent":8},{"type":"bitmap","chars":["乨"],"height":8,"file":"minecraft:font/77925722c535463395b7d5bb5581e397/a18b850169a54df788ecc565902f946f.png","ascent":8},{"type":"bitmap","chars":["乩"],"height":8,"file":"minecraft:font/cb77031eae1f45aca9c6471cde807a76/c440f3fd40184f68b81c0a167c02253f.png","ascent":8},{"type":"bitmap","chars":["乪"],"height":8,"file":"minecraft:font/f9f315a8f7dd4e7ca11403b4e6c9671e/914408c761254834946f0e6a6dd6ba76.png","ascent":8},{"type":"bitmap","chars":["乫"],"height":8,"file":"minecraft:font/381a866d8e1f44f79c7465c5fe691920/94e75762e8954f4bb52ffe4613a81551.png","ascent":8},{"type":"bitmap","chars":["乬"],"height":8,"file":"minecraft:font/9199c9e6a0e5487faadcdd6a470ab18b/38105e27850148348b891695b5218ce9.png","ascent":8},{"type":"bitmap","chars":["乭"],"height":8,"file":"minecraft:font/9d7ca81c6e3c4fe48c446507ba6b2135/337d3915134e440e8c9b7235e1ec73e8.png","ascent":8},{"type":"bitmap","chars":["乮"],"height":8,"file":"minecraft:font/7c37c8a0417647bcbe6482dc1e49ff57/d442c741f0fc43c2ac74fc3973aeaac3.png","ascent":8},{"type":"bitmap","chars":["乯"],"height":8,"file":"minecraft:font/5241a4f298e74d298ce65dfbfd5f144c/68bf2ff0b0a94dd0bddd1dfc3b7e1796.png","ascent":8},{"type":"bitmap","chars":["买"],"height":8,"file":"minecraft:font/fde714e1fb9a4029a07aa27f93ea7d3f/b157576b27e34d0aa8058b0ebef45cc8.png","ascent":8},{"type":"bitmap","chars":["乱"],"height":8,"file":"minecraft:font/6deb0876f034451884affcdb8b3734ae/fcc264afdc6541a39ed5f14deb6890e1.png","ascent":8},{"type":"bitmap","chars":["乲"],"height":8,"file":"minecraft:font/d9df255c491743ba8c2d009849bd7653/4d52520131964794a8f59ea43f175e10.png","ascent":8},{"type":"bitmap","chars":["乳"],"height":8,"file":"minecraft:font/02f76e66a7bc4853ba16f72276dc12da/7459380543bb49dab256137906033012.png","ascent":8},{"type":"bitmap","chars":["乴"],"height":8,"file":"minecraft:font/97bf682109f74e258b4055718590ea42/35276fd9caa345d79c7661ed03f878cd.png","ascent":8},{"type":"bitmap","chars":["乵"],"height":8,"file":"minecraft:font/be4da5edc86d4453ad1b7bc5f94c883a/ce99872c476e4c6e99ebee749c90c15e.png","ascent":8},{"type":"bitmap","chars":["乶"],"height":8,"file":"minecraft:font/91215bad882d4b9bb48fd8269f434cc8/9829c120b238494595cec65317dcc039.png","ascent":8},{"type":"bitmap","chars":["乷"],"height":8,"file":"minecraft:font/a1d28ac2c9c04515bd4a9e01e1b4dad1/e3a8922060e04429baca4f82f35af220.png","ascent":8},{"type":"bitmap","chars":["乸"],"height":8,"file":"minecraft:font/229c2958b9894e02a17b33d67c38fc1c/43dd70ac67b741879e192a30ae761c2a.png","ascent":8},{"type":"bitmap","chars":["乹"],"height":8,"file":"minecraft:font/61c27a8b5a0243caaf37c6995971ffa2/b8695d66ee41430092afd20bbd24f106.png","ascent":8},{"type":"bitmap","chars":["乺"],"height":8,"file":"minecraft:font/75eb607c6da744918be84e5f3e2573e6/5dc990850ca941b6921eebfa064eb9c0.png","ascent":8},{"type":"bitmap","chars":["乻"],"height":8,"file":"minecraft:font/e36fe154f8d64c48bab2b806352e86f7/6f3b1815c9a0428e90622a66642ac6d9.png","ascent":8},{"type":"bitmap","chars":["乼"],"height":8,"file":"minecraft:font/6397ec24b28b485bbbefff4a558d08d3/91f51b94e6de4f5386e742078fac26ec.png","ascent":8},{"type":"bitmap","chars":["乽"],"height":8,"file":"minecraft:font/a324cd5c8ac74980b274a31d91a949d0/80e3e1f4e1b44383a3cdb64602bdee06.png","ascent":8},{"type":"bitmap","chars":["乾"],"height":8,"file":"minecraft:font/5fc8ff45d4d149c19d201208945bcbd4/aada2d54873f478fbccae4cf1e17cfb9.png","ascent":8},{"type":"bitmap","chars":["乿"],"height":8,"file":"minecraft:font/b26f7246dc9f40708987b3a4653d8b4b/cb29004abc434de4b99bc165f0921f95.png","ascent":8},{"type":"bitmap","chars":["亀"],"height":8,"file":"minecraft:font/b9d7db1c44ae46a7ae2df514ed4ede99/4b1394785b29455596dba9e6b2ce6bdf.png","ascent":8},{"type":"bitmap","chars":["亁"],"height":8,"file":"minecraft:font/c7c62550da3f4ee5a600f9a20eede291/1099fe5285f743719bfedb2e97f0271f.png","ascent":8},{"type":"bitmap","chars":["亂"],"height":8,"file":"minecraft:font/5f00c8daefad4fc2a8e8d92d71ef80c0/59da72f641204e6588a79ef60e0e9163.png","ascent":8},{"type":"bitmap","chars":["亃"],"height":8,"file":"minecraft:font/7e9b2d466c1844a292db2b8c98f6aa57/43cdfc70a097493ca3f69dd1426b80c7.png","ascent":8},{"type":"bitmap","chars":["亄"],"height":8,"file":"minecraft:font/134a2afe7eff4a038dd06331dab2e353/ef35c482e4b94118840c5cc56b6b72b8.png","ascent":8},{"type":"bitmap","chars":["亅"],"height":8,"file":"minecraft:font/8c8bca249d374a818261ff2141e89d2c/7096570e229b4acdb6770095a0851d59.png","ascent":8},{"type":"bitmap","chars":["了"],"height":8,"file":"minecraft:font/00c443a500084f4da3fb085968c3451f/b5ad861cb5254c3ebe127483a5b2fbcc.png","ascent":8},{"type":"bitmap","chars":["亇"],"height":8,"file":"minecraft:font/0f97704e1b2f46aca489386efc3bf3cf/3a75d826cf47485a8494a7e87979b25c.png","ascent":8},{"type":"bitmap","chars":["予"],"height":8,"file":"minecraft:font/f2dae6c5fdda476cb566ffaa19abb0e9/39a18f06a1ee41ad8d5b4af17b44e773.png","ascent":8},{"type":"bitmap","chars":["争"],"height":8,"file":"minecraft:font/493879c23484427ebad85a114e744ed4/1f8f3ab03e724b1da322533cc6f868b4.png","ascent":8},{"type":"bitmap","chars":["亊"],"height":8,"file":"minecraft:font/6b130d118e46458989baab723b1d1f71/6d13bb3d84ab48cf9ce5ab43827e9867.png","ascent":8},{"type":"bitmap","chars":["事"],"height":8,"file":"minecraft:font/b4e9663267834cf584cb56aa47056031/6764618119c84b24bfecec648847ded6.png","ascent":8},{"type":"bitmap","chars":["二"],"height":8,"file":"minecraft:font/c199c8e34c564ae49e4f4309142ecf9c/228a125cd76046c4893f83843ab84f9b.png","ascent":8},{"type":"bitmap","chars":["亍"],"height":8,"file":"minecraft:font/12b89cd320b942928502b8fa6c7c82b5/d18b5d06bec54eba815aead395070beb.png","ascent":8},{"type":"bitmap","chars":["于"],"height":8,"file":"minecraft:font/f42d371dc1d249af8c47e0f05d908531/7a8d1404450d457a8e47ca97fcffb691.png","ascent":8},{"type":"bitmap","chars":["亏"],"height":8,"file":"minecraft:font/376a8d94c8c74d8190bcb098aff591a0/569952257d9a47d78b1b7155d900ffee.png","ascent":8},{"type":"bitmap","chars":["亐"],"height":8,"file":"minecraft:font/a47081ed0f384cc489a8fd17959007ec/c98893f7534449659903070c84b581ec.png","ascent":8},{"type":"bitmap","chars":["云"],"height":8,"file":"minecraft:font/0404a5d2051344bba5383af6276c09dd/5f04df0614864613ab9f3643e381f59a.png","ascent":8},{"type":"bitmap","chars":["互"],"height":8,"file":"minecraft:font/d5ba8665282347aabe2aaa1b68896fac/01c20455bdc24cc4b592712ef1f19141.png","ascent":8},{"type":"bitmap","chars":["亓"],"height":8,"file":"minecraft:font/9672de78a5304e07be78442e6439ea77/06a1f3494d1041e495130ede3068fec8.png","ascent":8},{"type":"bitmap","chars":["五"],"height":8,"file":"minecraft:font/04f8173223aa4164a6df013eb520948c/8ff19dda0b384011aeaeb0a12278b3df.png","ascent":8},{"type":"bitmap","chars":["井"],"height":8,"file":"minecraft:font/265efb9846dc400d83f4aad8e27a5bce/b9fe46b4c88f4968ae763a9f3b7d86ed.png","ascent":8},{"type":"bitmap","chars":["亖"],"height":8,"file":"minecraft:font/1b2164b0c42e46bc9986afbf6a67d38e/7e4cc176f82b49779231905394dd7740.png","ascent":8},{"type":"bitmap","chars":["亗"],"height":8,"file":"minecraft:font/8b3fb55afa934017b0004cef2502c7cf/889da3bbc90c4d82b918ca54c5d8f60b.png","ascent":8},{"type":"bitmap","chars":["亘"],"height":8,"file":"minecraft:font/c28ee593c31d45c99bdda26e67f67d48/72ae7320d13d4f259719138774ed4819.png","ascent":8},{"type":"bitmap","chars":["亙"],"height":8,"file":"minecraft:font/5df160c0082a427b83606297f9c30574/17d4d825c01347669d81cf93d90afd5c.png","ascent":8},{"type":"bitmap","chars":["亚"],"height":8,"file":"minecraft:font/583cecb449c247609c549bbff1515016/6ea59a1cd65a46dda38a4f50b9212169.png","ascent":8},{"type":"bitmap","chars":["些"],"height":8,"file":"minecraft:font/3cf581b90c84412bb1b1a37762b8dc98/cff2804266c246a4aec44118bf2c1240.png","ascent":8},{"type":"bitmap","chars":["亜"],"height":8,"file":"minecraft:font/67b8ab0b13dc4bea94c92e1a69b6a227/46e5c8a12b3341778d681c224a81f025.png","ascent":8},{"type":"bitmap","chars":["亝"],"height":8,"file":"minecraft:font/5b1e45101a274c3b88e9c85df39949df/049144092c5e4587a733ff01d1fd46a8.png","ascent":8},{"type":"bitmap","chars":["亞"],"height":8,"file":"minecraft:font/97278787e4b14b72b1872ff885506837/d76301a9bc104594bda2129e5fb00ce7.png","ascent":8},{"type":"bitmap","chars":["亟"],"height":8,"file":"minecraft:font/feb7755fe53246eea035543188a072de/89ead5e4662a4aafa7aa7b14a366c6a4.png","ascent":8},{"type":"bitmap","chars":["亠"],"height":8,"file":"minecraft:font/635b63c043a24a4aa246814348b5a625/811fdc6dcac3428ebf488503e7568f4c.png","ascent":8},{"type":"bitmap","chars":["亡"],"height":8,"file":"minecraft:font/398b669ad14546a7b387f2ecf4dfe020/b919a0a8f0624db19f547eb5d66e6a94.png","ascent":8},{"type":"bitmap","chars":["亢"],"height":8,"file":"minecraft:font/69814dd8d482402eb455c3df333fdd5e/8a37e37b623e4061a6cfc89ce61fcbaa.png","ascent":8},{"type":"bitmap","chars":["亣"],"height":8,"file":"minecraft:font/cfcebdb5c22f4aab8c2c12cd9c7554d4/396f69d668754a778f30ed50ffd59aaf.png","ascent":8},{"type":"bitmap","chars":["交"],"height":8,"file":"minecraft:font/fc6cd5b90d414eee91f7571702125eb2/a3c5c7c1e9c44d1b8bc672774ddf84a8.png","ascent":8},{"type":"bitmap","chars":["亥"],"height":8,"file":"minecraft:font/159bd548efde4655ab4fd639124e0313/05ad42d7abc54c1faf6a3daa20352ede.png","ascent":8},{"type":"bitmap","chars":["亦"],"height":8,"file":"minecraft:font/7837775fc74b442e8300d23701dab55b/f46110eaa3eb4324a59cf42d34e89f15.png","ascent":8},{"type":"bitmap","chars":["产"],"height":8,"file":"minecraft:font/d6bf6bf6a60d45129f40febe31229812/52b4e185387c40b0aa37052d0f532897.png","ascent":8},{"type":"bitmap","chars":["亨"],"height":8,"file":"minecraft:font/428ffe4e935846d99f3cbf4da005c968/63e15a4f3b9344d59105590d2187846e.png","ascent":8},{"type":"bitmap","chars":["亩"],"height":8,"file":"minecraft:font/da65ebea02d643a187f2f29e6d23e59f/b7b6233441ab4b0793799c856eda0e75.png","ascent":8},{"type":"bitmap","chars":["亪"],"height":8,"file":"minecraft:font/41262fa0725e4b2cb63d90c3d84037fb/f5cbbc113a734fdd80a098345e78c6e1.png","ascent":8},{"type":"bitmap","chars":["享"],"height":8,"file":"minecraft:font/2271eb3a54ac4b5e92faed180d30c669/755f259ba60441f0bde21678ebf1859f.png","ascent":8},{"type":"bitmap","chars":["京"],"height":8,"file":"minecraft:font/05605da57e5942ee8b8c3ce94d9248a1/45e1a34d5fca4ea1afce18136968e712.png","ascent":8},{"type":"bitmap","chars":["亭"],"height":8,"file":"minecraft:font/6039268b944c493dada8530b261bb8a3/ad73ca4106c04248a98d9c7f1c50c20b.png","ascent":8},{"type":"bitmap","chars":["亮"],"height":8,"file":"minecraft:font/bd1171b689ab4861bac734731ab0b0c7/ce74ecf86dfa416d9f6849bd233ddd7d.png","ascent":8},{"type":"bitmap","chars":["亯"],"height":8,"file":"minecraft:font/74daec019589411388e701d0bcd0b7a0/79bda3931c5b4b318a5d7c75badb5009.png","ascent":8},{"type":"bitmap","chars":["亰"],"height":8,"file":"minecraft:font/3640881f012044f3a34a57f96e3477af/983d8906df874149aabab8a173e92cdb.png","ascent":8},{"type":"bitmap","chars":["亱"],"height":8,"file":"minecraft:font/43c18d6922b94c19945761fbd698075c/34143530ea92464f918e5f2f7e217894.png","ascent":8},{"type":"bitmap","chars":["亲"],"height":8,"file":"minecraft:font/05adf8b98f9d46c2a4d27aedae5e02c9/8e83d52403054c22b6067344c32f4f2a.png","ascent":8},{"type":"bitmap","chars":["亳"],"height":8,"file":"minecraft:font/de92eabb76314583954fc09a359c77c5/ad12c8cf7c34412ebf91cdb7bad6b3b5.png","ascent":8},{"type":"bitmap","chars":["亴"],"height":8,"file":"minecraft:font/17d93ad30d2b4524a76c980e8c39ca11/15cda8ecb4a34f0ca4428c425df4422e.png","ascent":8},{"type":"bitmap","chars":["亵"],"height":8,"file":"minecraft:font/ab3f325966df40c29e89b530ff17651b/7f5d211668d8488882c8627b3302486c.png","ascent":8},{"type":"bitmap","chars":["亶"],"height":8,"file":"minecraft:font/35e105224ff04b30a3bc481c033d3551/94be041a26874c90b643e0ec73630826.png","ascent":8},{"type":"bitmap","chars":["亷"],"height":8,"file":"minecraft:font/33a80898ac2b4b7a9c1ec046316e5f94/171feb7b34fe4eeda01ab903339be40b.png","ascent":8},{"type":"bitmap","chars":["亸"],"height":8,"file":"minecraft:font/9202cd5fa70c41ff87b85fc10501cd1e/7ea6797d34d44da4867b012f29fba593.png","ascent":8},{"type":"bitmap","chars":["亹"],"height":8,"file":"minecraft:font/f48aecd5baa042d3afeeed878598ff08/770c329d816f41aaa2692c11c516ba8b.png","ascent":8},{"type":"bitmap","chars":["人"],"height":8,"file":"minecraft:font/3c1f1b98360c41e7970d98e399223384/5c1f421488f54126b8829dda306339af.png","ascent":8},{"type":"bitmap","chars":["亻"],"height":8,"file":"minecraft:font/f732dd528a6042bfb007a9b976a85a53/c662994f44b44902b740a28a25bf6a8a.png","ascent":8},{"type":"bitmap","chars":["亼"],"height":8,"file":"minecraft:font/9e8f2a28c76848aaaec14b60b1358f02/658af16711e04db99bd4fc8ffe7ff0ce.png","ascent":8},{"type":"bitmap","chars":["亽"],"height":8,"file":"minecraft:font/f3c312da1948449fbb1950e911eba0f5/2091ecd029594f288ba5e46e5a1af479.png","ascent":8},{"type":"bitmap","chars":["亾"],"height":8,"file":"minecraft:font/71c8892cc45142e6925131372c775a03/ef80adfcfede421da9decab9d5ea8b2c.png","ascent":8},{"type":"bitmap","chars":["亿"],"height":8,"file":"minecraft:font/27e96862ec9840568d28aecb01fb4685/98cf55ea38084280958e66cd467e8bb3.png","ascent":8},{"type":"bitmap","chars":["什"],"height":8,"file":"minecraft:font/ebfb108e9b3b494a885d279baa8e9526/3c3c719c2efa4f81b802011bca692356.png","ascent":8},{"type":"bitmap","chars":["仁"],"height":8,"file":"minecraft:font/b0358bada04e41fdb5403439ef1711c8/0ec7914de57849f290c5bdb8910823da.png","ascent":8},{"type":"bitmap","chars":["仂"],"height":8,"file":"minecraft:font/bdb5ba26a59d48638abc9e0b112ddeb4/41077267d9d14aa98f613f497a2e4efa.png","ascent":8},{"type":"bitmap","chars":["仃"],"height":8,"file":"minecraft:font/2f0e40daf76d40718999ff5464334bbb/c2347759a59f4cd4be25e42fd6cb7087.png","ascent":8},{"type":"bitmap","chars":["仄"],"height":8,"file":"minecraft:font/1e5721dde1de4c5c9ebd393ea957e3a0/aa059bd348f848bdbddca85343ea0f44.png","ascent":8},{"type":"bitmap","chars":["仅"],"height":8,"file":"minecraft:font/54554ddf84d24ef0a34ebd26591a0344/de7feef7cd1c412482b5671e978c613d.png","ascent":8},{"type":"bitmap","chars":["仆"],"height":8,"file":"minecraft:font/27e5c9cf26534523a72558996547a274/6ada862c2f764931906c7c22e4e3bfac.png","ascent":8},{"type":"bitmap","chars":["仇"],"height":8,"file":"minecraft:font/079f44c2a60c45598315d9e41ff1cca2/3d5307ccc8f5431faf3da9b3d4d8caaf.png","ascent":8},{"type":"bitmap","chars":["仈"],"height":8,"file":"minecraft:font/f4345999d7804d3e90ca90111b703c61/8cb65abf95154214aaa4fe57e81c5b5e.png","ascent":8},{"type":"bitmap","chars":["仉"],"height":8,"file":"minecraft:font/cfbe3a7a66174994b166c524c3cfa6b0/4348d2e53cd14c37b81733e89eedaa01.png","ascent":8},{"type":"bitmap","chars":["今"],"height":8,"file":"minecraft:font/169ebe6b2d8d40e0a4a50394dae8ecbd/d67fcf21055a4dcea2e833b912eacbbc.png","ascent":8},{"type":"bitmap","chars":["介"],"height":8,"file":"minecraft:font/188169393ddb423e811ce4dc427e1227/19f66e8ed4bf4d87b0bed27c7668e1a7.png","ascent":8},{"type":"bitmap","chars":["仌"],"height":8,"file":"minecraft:font/cf8c9020ab6d4f16b24cffebff1213bd/4b9d764fdd794e149918df8162b0165a.png","ascent":8},{"type":"bitmap","chars":["仍"],"height":8,"file":"minecraft:font/201b130c354a46dca5e852f45c4d1680/772cc40b22c346818f62858373fe0916.png","ascent":8},{"type":"bitmap","chars":["从"],"height":8,"file":"minecraft:font/ce2d7867b7ad4199a4624e6a7fcd0950/53b63c9bfa594ffa8ba5199f852c977a.png","ascent":8},{"type":"bitmap","chars":["仏"],"height":8,"file":"minecraft:font/37a3a6e9bf0f451180a071619e4106ac/b9061578e8b64c979630cb678df7772a.png","ascent":8},{"type":"bitmap","chars":["仐"],"height":8,"file":"minecraft:font/96798dea8dda4e84b6771b37451d597f/de2f8c5f698549db91f19fa35725466c.png","ascent":8},{"type":"bitmap","chars":["仑"],"height":8,"file":"minecraft:font/1352c493511a44778ff2184e8d0bff25/92758dc44ccb4f99b274dfeb394a98ba.png","ascent":8},{"type":"bitmap","chars":["仒"],"height":8,"file":"minecraft:font/231fd1b06fae48b0b06094a9a785d8d6/81c6c057633149889eb7cbc8cba60740.png","ascent":8},{"type":"bitmap","chars":["仓"],"height":8,"file":"minecraft:font/3f95666a00e04bd6bb857b2e47852f3a/5fab96ae69474e3e975b6aa4fed8fd74.png","ascent":8},{"type":"bitmap","chars":["仔"],"height":8,"file":"minecraft:font/9448ace61e0f42b48d8156ce08e1eaf6/f0c000e832694d76b286c813ce63078f.png","ascent":8},{"type":"bitmap","chars":["仕"],"height":8,"file":"minecraft:font/52db7def8a3a454d89f4d31f0ae2c8e9/9db46dc8059649bc859839c0ab7b2624.png","ascent":8},{"type":"bitmap","chars":["他"],"height":8,"file":"minecraft:font/83df8ffc7af245f7bea5348405bfc3d9/9617388ddc9e412ea619767065419915.png","ascent":8},{"type":"bitmap","chars":["仗"],"height":8,"file":"minecraft:font/6dbfabab5cca42de884dd7d67084a059/eb2e5d9e7b7c43d69d2636808487ddc1.png","ascent":8},{"type":"bitmap","chars":["付"],"height":8,"file":"minecraft:font/0187c92da21a44828229b7387c8cf1b6/e770435e9d4f4021b77095e2acf85a3d.png","ascent":8},{"type":"bitmap","chars":["仙"],"height":8,"file":"minecraft:font/ea51f236a7764a1b9402699033c4811c/bb919a2cae3641cab2b63d82a866434a.png","ascent":8},{"type":"bitmap","chars":["仚"],"height":8,"file":"minecraft:font/36ea1010319c4680aed5c94d78043de0/d2ef3cb18f834d21afa740aba3b0df57.png","ascent":8},{"type":"bitmap","chars":["仛"],"height":8,"file":"minecraft:font/f4342c8cd03449a2807bc3e74011bd27/192c50d42c104dfb89ae68c5efc539d6.png","ascent":8},{"type":"bitmap","chars":["仜"],"height":8,"file":"minecraft:font/89de197482cb451bb29a634701bbf8fe/be507627fad64eb49acde14960f17124.png","ascent":8},{"type":"bitmap","chars":["仝"],"height":8,"file":"minecraft:font/d6d62a3acf9f44d1894c71c51ad580b6/f6c9528de54f4633af1207c1000f2250.png","ascent":8},{"type":"bitmap","chars":["仞"],"height":8,"file":"minecraft:font/876db5e61f3a497388ed8439b2e53c03/d9605c71181047918938cb463064cfd7.png","ascent":8},{"type":"bitmap","chars":["仟"],"height":8,"file":"minecraft:font/54a7aae381b54a5ea1867aedbfefa365/97e25d37ddac4563bb021d24125b0a46.png","ascent":8},{"type":"bitmap","chars":["仠"],"height":8,"file":"minecraft:font/d01f02bae370451b8724a32eeeb91a53/7f493ac944de442bb4680b5b41ddd082.png","ascent":8},{"type":"bitmap","chars":["仡"],"height":8,"file":"minecraft:font/489b8a6547614d10a770e9c0f959790b/bed4a5e95a3c43b0abdf62420b6b1a1c.png","ascent":8},{"type":"bitmap","chars":["仢"],"height":8,"file":"minecraft:font/23769faaeab4434a959a21320c1d8622/3b58af520d25444ba692a77a8247b7fe.png","ascent":8},{"type":"bitmap","chars":["代"],"height":8,"file":"minecraft:font/33c13391f37d42bd9d0bfb50f127daec/d3baab841c7444cd84eaf15f31f798c7.png","ascent":8},{"type":"bitmap","chars":["令"],"height":8,"file":"minecraft:font/04438d4c47794e6db1849087d28d6dd9/2efc6dad801547c691a3565f742f45ef.png","ascent":8},{"type":"bitmap","chars":["以"],"height":8,"file":"minecraft:font/18770d00b0604a2783e2ceb153f0a595/8dd75bef9ab5499c8ed2b9bfeac810ef.png","ascent":8},{"type":"bitmap","chars":["仦"],"height":8,"file":"minecraft:font/2aef839aeb984723a1d4b850f0062da4/3ae098c7749945c58bda8734d88a2e84.png","ascent":8},{"type":"bitmap","chars":["仧"],"height":8,"file":"minecraft:font/5dbcfc29e0c041d9ae60d7fb5d777260/60adb8fa300e407aa8cb81efee917fab.png","ascent":8},{"type":"bitmap","chars":["仨"],"height":8,"file":"minecraft:font/2cb1c6b870b44f3bab5c596ff8d6a765/cdb4ae41df724e4dbce7eee74f5feb0d.png","ascent":8},{"type":"bitmap","chars":["仩"],"height":8,"file":"minecraft:font/c427bfbff4004741a4efce457d7e858c/88d815a1e2784fd1ae1543f95d174806.png","ascent":8},{"type":"bitmap","chars":["仪"],"height":8,"file":"minecraft:font/6847287e4a7d49a9b7ea5affc2263b04/688f37c5d576456c8df3be8d6d21d8fc.png","ascent":8},{"type":"bitmap","chars":["仫"],"height":8,"file":"minecraft:font/b22d48cb0d5b456887298da90ef46d3b/7b77a26d4b6f49a782b8cc5ed119bb4c.png","ascent":8},{"type":"bitmap","chars":["们"],"height":8,"file":"minecraft:font/0717661ced5b411784e497846d81b62f/79ef09a0f9cb4fa6b5ced02cc796f50d.png","ascent":8},{"type":"bitmap","chars":["仭"],"height":8,"file":"minecraft:font/0f0afc3c4d0547349c91898c8eab34a1/f92a018365da49a88fd403978c64dce3.png","ascent":8},{"type":"bitmap","chars":["仮"],"height":8,"file":"minecraft:font/cc809d8cf01e42a595e8fa22d034351e/2370458b67174bc0bf29c8c5b0e38a34.png","ascent":8},{"type":"bitmap","chars":["仯"],"height":8,"file":"minecraft:font/ec06e2c0b7704e32a5fce13661372436/5c8c9fe4f8df4d5fbbe95d778db97bfd.png","ascent":8},{"type":"bitmap","chars":["仰"],"height":8,"file":"minecraft:font/706827d7d90448119e892775495ba076/2881e93408514e4cb506b5d52d944f3d.png","ascent":8},{"type":"bitmap","chars":["仱"],"height":8,"file":"minecraft:font/7d06fea422a34570aef373c669f87493/205ca9f46dd34015af5ec2c120dd226b.png","ascent":8},{"type":"bitmap","chars":["仲"],"height":8,"file":"minecraft:font/e9c84e4df2ff44eda267c4341a66b667/22e2a332e3de45809b908e39ff24cd38.png","ascent":8},{"type":"bitmap","chars":["垗"],"height":8,"file":"minecraft:font/fe1ea610211e40b980cc3e917e81f4b1/be7a115ca724422993aff94658be9755.png","ascent":8},{"type":"bitmap","chars":["仳"],"height":8,"file":"minecraft:font/92c54a7298b34c0aa4070480398520d2/0fc7025829154a798888b2537d27d234.png","ascent":8},{"type":"bitmap","chars":["仴"],"height":8,"file":"minecraft:font/92af967677bd436ca071b16e0c736f2a/9cc00e40e0c940fb9017dcc2b0a8cee0.png","ascent":8},{"type":"bitmap","chars":["仵"],"height":8,"file":"minecraft:font/f964b1435e204ca99da15e69cb327096/da9fbade307643e69ec946220441826c.png","ascent":8},{"type":"bitmap","chars":["件"],"height":8,"file":"minecraft:font/6273f6bc1b95417094d2366a094bcdc7/04da4c95b79244acb48d84a6e8a70c76.png","ascent":8},{"type":"bitmap","chars":["价"],"height":8,"file":"minecraft:font/78946dda57ec435085249d52eed2a340/097310cc26ee46918f957eb3ff6979ba.png","ascent":8},{"type":"bitmap","chars":["仸"],"height":8,"file":"minecraft:font/930c4db490e74405bb3515271b39c38d/938585c09c1b4cf19ad407fbe620cad5.png","ascent":8},{"type":"bitmap","chars":["仹"],"height":8,"file":"minecraft:font/e76f1508f0ff4f659cb8f96335d6ca6a/1fd139725b944960a2e7e0104da0cfb7.png","ascent":8},{"type":"bitmap","chars":["仺"],"height":8,"file":"minecraft:font/a496a4aac0634032b8f8498ee8cac377/1916eef1bc2b4a67a71f247fa86b4b96.png","ascent":8},{"type":"bitmap","chars":["任"],"height":8,"file":"minecraft:font/a371f15066294260840b621eaf678581/91d4d068a3104773939545e244743d2f.png","ascent":8},{"type":"bitmap","chars":["仼"],"height":8,"file":"minecraft:font/83723585600549df9767a27e10b93994/cc4b0227a47445d8825cb31b3478c2b3.png","ascent":8},{"type":"bitmap","chars":["份"],"height":8,"file":"minecraft:font/c969d6b36104406fb5079a88f9a58686/c52b618501fb46f0a9d6ccfd8c13c9ec.png","ascent":8},{"type":"bitmap","chars":["仾"],"height":8,"file":"minecraft:font/7fca8c386fb34e23adb7f4b59f45f5dc/52b72269498740dc96e0cff120288d8c.png","ascent":8},{"type":"bitmap","chars":["仿"],"height":8,"file":"minecraft:font/1a9f46e0adaa455296aca841349bba2b/8e1427d2c62a4d66aebed015479fa871.png","ascent":8},{"type":"bitmap","chars":["伀"],"height":8,"file":"minecraft:font/6c966c16ed3e4f228d53f58e74f66ff9/0aa840664894496f93ed1d2d6b9cc20e.png","ascent":8},{"type":"bitmap","chars":["企"],"height":8,"file":"minecraft:font/507a2409550340fb86ccb4083c03131f/f3d5bc9eac154cc78f2ad2ccb2fff56a.png","ascent":8},{"type":"bitmap","chars":["伂"],"height":8,"file":"minecraft:font/fe852a4b7518432699841c88f687ce5e/aac9ecb4519a4bbfa88be26fe56ae627.png","ascent":8},{"type":"bitmap","chars":["伃"],"height":8,"file":"minecraft:font/9564f2a7fdef4b38b6ae178e06987f1d/96485ca761224208a11338306f0e35dd.png","ascent":8},{"type":"bitmap","chars":["伄"],"height":8,"file":"minecraft:font/9c3706f3d7ac417bace4ccb9a20d35af/cd72dec588934cbcb166191c740a2494.png","ascent":8},{"type":"bitmap","chars":["伅"],"height":8,"file":"minecraft:font/a7ed8943f94c4c5cbbcbc43e91c745a0/3ba68be6c641412bb4a2de9c842b6af9.png","ascent":8},{"type":"bitmap","chars":["伆"],"height":8,"file":"minecraft:font/d682f29447f84596816d1af88fb17cce/e928cd841cb14fbd8851133382bcb468.png","ascent":8},{"type":"bitmap","chars":["伇"],"height":8,"file":"minecraft:font/ed77f92e6e4942018b4653cc813f67b4/2b43e966d63c4b778cee9d71bbcb7475.png","ascent":8},{"type":"bitmap","chars":["伈"],"height":8,"file":"minecraft:font/86258f29f1534435a2c67e01d478d2c9/ec5a9f3a0a6648b1acf43e81995f9e05.png","ascent":8},{"type":"bitmap","chars":["伉"],"height":8,"file":"minecraft:font/32d0b1b11af74ab98f2a0db4faba7b8d/c62c614311344b41a0b960017f047723.png","ascent":8},{"type":"bitmap","chars":["伊"],"height":8,"file":"minecraft:font/9df4d09c527e4b05bd345b4269150d5f/13532319e14748ebb3627435923692d1.png","ascent":8},{"type":"bitmap","chars":["伋"],"height":8,"file":"minecraft:font/51a9ac5279414a2f8030467f2de592c2/032442281d1b4a50b684c2f707e10794.png","ascent":8},{"type":"bitmap","chars":["伌"],"height":8,"file":"minecraft:font/93fa60d83a8b47db894b370abc82cf34/d33a9c29927d4ce58001cdb7ccc9bfbd.png","ascent":8},{"type":"bitmap","chars":["伍"],"height":8,"file":"minecraft:font/786b7a2fa6644ca2990e7318223d1cde/9ea5cfe4640d46e0bed03496e48b8cb5.png","ascent":8},{"type":"bitmap","chars":["伎"],"height":8,"file":"minecraft:font/e69144bc9d1e41d68760cfc13b59b113/474889aa926049499802f2d9a25971a1.png","ascent":8},{"type":"bitmap","chars":["伏"],"height":8,"file":"minecraft:font/c7b9f34a565b4d89afc77ab139401be6/645ca6e27997424e85ccc0b12bb0027b.png","ascent":8},{"type":"bitmap","chars":["伐"],"height":8,"file":"minecraft:font/cec215f5e27a4a7b87cefd04428060f8/687e047614dc43ecb13df1b0c277ff11.png","ascent":8},{"type":"bitmap","chars":["休"],"height":8,"file":"minecraft:font/ae830e27d1704342a0536e8cd3478293/387e2d22e12442c288d9031450bbeacc.png","ascent":8},{"type":"bitmap","chars":["伒"],"height":8,"file":"minecraft:font/3df83485b9dc4cf5839ea8931712d312/bfbc988f121a4feca5114fadb5081e88.png","ascent":8},{"type":"bitmap","chars":["伓"],"height":8,"file":"minecraft:font/9505fbf2a7114d3a825fd8c591afef75/a7bb4acfd9a5442f9692ad84035a0486.png","ascent":8},{"type":"bitmap","chars":["伔"],"height":8,"file":"minecraft:font/70a0664aa7704de4bc3cf8d4e6ebbbce/e9ec8c115bdf448eb5cbc7821a7b322a.png","ascent":8},{"type":"bitmap","chars":["伕"],"height":8,"file":"minecraft:font/9590dbe39f5e4d79ac94e61009ac037e/25e592795a18403f830c120a21464df0.png","ascent":8},{"type":"bitmap","chars":["伖"],"height":8,"file":"minecraft:font/b3259a938ead420eb233dfa914467137/b7c46b8c3d614046ac546cace4688c1a.png","ascent":8},{"type":"bitmap","chars":["众"],"height":8,"file":"minecraft:font/d5cb26bbf8c94666b89278d11ee57cef/840b37ded8f843aea6afab00e70b2cd7.png","ascent":8},{"type":"bitmap","chars":["优"],"height":8,"file":"minecraft:font/f72d0eb9f9474213a7f028efd8ebc420/6ac33a99ff2746f18986710c14d972bc.png","ascent":8},{"type":"bitmap","chars":["伙"],"height":8,"file":"minecraft:font/2f09b64cd28f4c3ea405b8d92e7b9d06/3c50eeb2f0dd495eb5b5a2124d273f7a.png","ascent":8},{"type":"bitmap","chars":["会"],"height":8,"file":"minecraft:font/b0f2f8876e6a42f9a42e9e36660149ff/c5d52d1b94aa421e8f4434619dffe1b1.png","ascent":8},{"type":"bitmap","chars":["偹"],"height":8,"file":"minecraft:font/0471376929df4bd6be252484748ac1c9/aaa8ebce52ea43a98b2f82bd4203573f.png","ascent":8},{"type":"bitmap","chars":["偺"],"height":8,"file":"minecraft:font/42b7bf0fdc9c4c27838cd36c0a2828a2/bcff78df84cb479685574e995801d5e5.png","ascent":8},{"type":"bitmap","chars":["偻"],"height":8,"file":"minecraft:font/b27dce1c66254f2e9f5f04ba96617b1f/92452ba902d143c3869da9d643cae4c3.png","ascent":8},{"type":"bitmap","chars":["偼"],"height":8,"file":"minecraft:font/2b81c3021a8947f8b214f3281db71933/a22bd477cb6d43bf9d45453f9c6cc816.png","ascent":8},{"type":"bitmap","chars":["偽"],"height":8,"file":"minecraft:font/9b028c3dca9a4466b87bae10cce89764/da7f2702b4d94b3eaeb16e47054341da.png","ascent":8},{"type":"bitmap","chars":["偾"],"height":8,"file":"minecraft:font/ed5b3f3390b849c0aeef348b734f35cf/d135c369951944a88e843dfc852da812.png","ascent":8},{"type":"bitmap","chars":["偿"],"height":8,"file":"minecraft:font/2540ea01a2dd4a18af1ffd806feee10d/06cb4509757f4e83bf263038713f228b.png","ascent":8},{"type":"bitmap","chars":["傀"],"height":8,"file":"minecraft:font/fbe7f7a9eeac478ea2dc990ee8781ea5/0c1d76f7663b461dbd907c7a325cf885.png","ascent":8},{"type":"bitmap","chars":["傁"],"height":8,"file":"minecraft:font/bc764d89dc09427cac367fabc7400ef5/751832afdb9a4e87ada5ed5147b6bfb5.png","ascent":8},{"type":"bitmap","chars":["傂"],"height":8,"file":"minecraft:font/00bb542bb30443c883621f026ad2dc7b/f5c0bf3155774d128bdf4723763bffed.png","ascent":8},{"type":"bitmap","chars":["傃"],"height":8,"file":"minecraft:font/76434b8d87a04e26a93398152feac2c8/3d428ad3ea534beabe7b6c83fc6d49f6.png","ascent":8},{"type":"bitmap","chars":["傄"],"height":8,"file":"minecraft:font/b692f631236944fa8f286549d43931e1/d505cf0db4ee42adace29c96657de998.png","ascent":8},{"type":"bitmap","chars":["傅"],"height":8,"file":"minecraft:font/a859cd766223476093df270471ddcdd4/8adecc9ad4ba4118920b4ef64705cb7d.png","ascent":8},{"type":"bitmap","chars":["傆"],"height":8,"file":"minecraft:font/53772682235248b695776328c55f0b82/2afec88c66da490b9a221d0138d15976.png","ascent":8},{"type":"bitmap","chars":["傇"],"height":8,"file":"minecraft:font/d3b7a1c0aa0e49ba9e4d9c0a9bd47550/585579fdb7b14926b44256599f9ec7bd.png","ascent":8},{"type":"bitmap","chars":["傈"],"height":8,"file":"minecraft:font/17a06108e36d48689dda219b6eda01b9/9e4637aa868e4b538ac92de469e422f5.png","ascent":8},{"type":"bitmap","chars":["傉"],"height":8,"file":"minecraft:font/bd413a71e2a64758bbb5abb7cb8657e4/e07be63b310242ed91538280d7056547.png","ascent":8},{"type":"bitmap","chars":["傊"],"height":8,"file":"minecraft:font/795e49c553574d169eade3dd12369efa/b90fe0c813eb4a0e93242af4f51f2c6b.png","ascent":8},{"type":"bitmap","chars":["傋"],"height":8,"file":"minecraft:font/beeae599fb7d4e4d9f452e5b3b4c10c3/41e367825d17499fadf193b3672112cd.png","ascent":8},{"type":"bitmap","chars":["傌"],"height":8,"file":"minecraft:font/6c35a913b97b4569b8d8c4c8d3d5b093/89d5b65e548b45ee98acf4ed8f6511b6.png","ascent":8},{"type":"bitmap","chars":["垃"],"height":8,"file":"minecraft:font/dde59e2af5554987b8a92b424f632ae1/58f12d781be241799cadc73b5dbdb1ae.png","ascent":8},{"type":"bitmap","chars":["垄"],"height":8,"file":"minecraft:font/6d7a7b7349a8439d90d0e429d055c4bf/e4ba075d5ecc4307b4004fceb3105fa4.png","ascent":8},{"type":"bitmap","chars":["垅"],"height":8,"file":"minecraft:font/ccf82484092c4615963e5f9a882d31cc/01c5fa396aa547c8aafdabc0864140c2.png","ascent":8},{"type":"bitmap","chars":["垆"],"height":8,"file":"minecraft:font/85b9dec9d08548d89fbf807190fa3e61/679c7751d85a41798653717201b0efce.png","ascent":8},{"type":"bitmap","chars":["垇"],"height":8,"file":"minecraft:font/0df9370827264f2cbce150a6e95d70e9/21f611a2d61e4e8c8adea9be0d6b767e.png","ascent":8},{"type":"bitmap","chars":["垈"],"height":8,"file":"minecraft:font/cfa09927ab5c417a83463d5769d77050/3ec9730b86334ee49474da11ec7cf57f.png","ascent":8},{"type":"bitmap","chars":["垉"],"height":8,"file":"minecraft:font/637eb883dacb4ba7a5ec18632747cadf/b8db2f4ac8b749989d7862fc2c1e4000.png","ascent":8},{"type":"bitmap","chars":["垊"],"height":8,"file":"minecraft:font/a37dfe06e7154d198c64168d8523f691/cd0283791847457e811912693a2b90ec.png","ascent":8},{"type":"bitmap","chars":["型"],"height":8,"file":"minecraft:font/d7e2744f8656425692bae341718eac83/9c2e4510be004c5a8c8c6a973dfd2988.png","ascent":8},{"type":"bitmap","chars":["垌"],"height":8,"file":"minecraft:font/54c122a4b93b4aeaaa643f8427505065/7fd08aa0294a44f683085f653b4d2089.png","ascent":8},{"type":"bitmap","chars":["垍"],"height":8,"file":"minecraft:font/41e3b6a07aac4feeab03701b699f6513/02288b2abfbf4b9ab2e26d873d5fa382.png","ascent":8},{"type":"bitmap","chars":["垎"],"height":8,"file":"minecraft:font/97f8015afe3c4f57812dec52c6361c83/4582e72fbdf144fb8fe5cbb824362a0d.png","ascent":8},{"type":"bitmap","chars":["垏"],"height":8,"file":"minecraft:font/05ecd1f0299b49cbb6438b1c3c4b43b2/4a89e07d9923406e90c5d77960cfd240.png","ascent":8},{"type":"bitmap","chars":["垐"],"height":8,"file":"minecraft:font/8e1d57812a7440fa8209a6a7c505b72e/2d6903a4a44c403d9d4fe132f0bb1fd6.png","ascent":8},{"type":"bitmap","chars":["垑"],"height":8,"file":"minecraft:font/1210dbd692be4ed59cafcb5df1f83598/5ddb060a9ade4af2aa4aff147da92ec8.png","ascent":8},{"type":"bitmap","chars":["垒"],"height":8,"file":"minecraft:font/660454bb558e4a42bbf94b68bf7ee619/aca3175e9ba54e1fb0bbb2eedd2447f3.png","ascent":8},{"type":"bitmap","chars":["垓"],"height":8,"file":"minecraft:font/57c819d3dbe44485a82e056eafa57c0e/5c095eb241514886977834510579d7fb.png","ascent":8},{"type":"bitmap","chars":["垔"],"height":8,"file":"minecraft:font/799e8dd692a94dee958fe6b95cf890ac/4e57ffc33be6470fbb536ef0a4cdeea5.png","ascent":8},{"type":"bitmap","chars":["垕"],"height":8,"file":"minecraft:font/bd0d692861224b5cabf00bfc55278807/c2268a45457349b897e7eb5a7f2984b8.png","ascent":8},{"type":"bitmap","chars":["垖"],"height":8,"file":"minecraft:font/f7e63137bb214843ad8a324903c28fb5/f7d2585638844f819bd77cf41dfe0321.png","ascent":8},{"type":"bitmap","file":"font/pixel.png","ascent":-1000,"height":-2,"chars":["ᨓ"]},{"type":"bitmap","file":"font/pixel.png","ascent":-10000,"height":1,"chars":["ᨒ"]},{"type":"bitmap","file":"font/pixel.png","ascent":-10000,"height":-2,"chars":["⻙"]}]}