{"providers":[{"height":16,"file":"minecraft:font/ac4081aa65574b1ba55387291382cf96/3f98f9908d2d4b649a344541617c0d94.png","ascent":16,"type":"bitmap","chars":["一"]},{"height":8,"file":"minecraft:font/9eb781f7e7ae4c0c87d11c6d57a3a3d9/c5f4550b17c0474f86264696d50651d5.png","ascent":8,"type":"bitmap","chars":["丁"]},{"height":8,"file":"minecraft:font/b13bb51f502d40b58520fbd3eabd090f/7e78ca4638b444c6bdd4fd3096facbcd.png","ascent":8,"type":"bitmap","chars":["丂"]},{"height":8,"file":"minecraft:font/ca5dc7fca232475e99501d4ed6daf498/2f14aad4407047ad9faeabf0c0e30ac8.png","ascent":8,"type":"bitmap","chars":["七"]},{"height":8,"file":"minecraft:font/7bb004eb93a94117a717cdfa48369a9d/a3b52824f5fb4b2998055fb81afee9eb.png","ascent":8,"type":"bitmap","chars":["丄"]},{"height":8,"file":"minecraft:font/4d696e9d8d48407e8515046ad003cfcb/273dc1744bbd42aa828e2cdbf012a0ce.png","ascent":8,"type":"bitmap","chars":["丅"]},{"height":8,"file":"minecraft:font/7c3629b6954545a3850b9e97a2a7cd39/e5501cf861314909a04df2e4d6128e5b.png","ascent":8,"type":"bitmap","chars":["丆"]},{"height":8,"file":"minecraft:font/cc771aad5032473599d0eee39e855c49/3d6355ba58484b5685811a064e49dd31.png","ascent":8,"type":"bitmap","chars":["万"]},{"height":8,"file":"minecraft:font/2424579e3c844218954cf8454c09b54f/05e0c3b055854cac9afa05076c9d87d1.png","ascent":8,"type":"bitmap","chars":["丈"]},{"height":8,"file":"minecraft:font/5af20d530d964e9b9877b7302b434a76/84158e0bcd8c47cca8e322b0a4f70dae.png","ascent":8,"type":"bitmap","chars":["三"]},{"height":8,"file":"minecraft:font/cab5c4abf1864a7a946715eedd522384/c5fc0cca9b8f42078f7f8005002e5c8f.png","ascent":8,"type":"bitmap","chars":["上"]},{"height":8,"file":"minecraft:font/ccb8366a9d4b42278bf165a1f98587b9/b546830d528f4216a59deae054b63608.png","ascent":8,"type":"bitmap","chars":["下"]},{"height":8,"file":"minecraft:font/27fad49babd14f1181a75bf8d2383f71/e3cd8cea708f4d84bb1118b7662956e8.png","ascent":8,"type":"bitmap","chars":["丌"]},{"height":8,"file":"minecraft:font/78a4e32bb36f4d938f0dddde40f95060/1f9b63d4eab34ffc8bf95903e4b5e960.png","ascent":8,"type":"bitmap","chars":["不"]},{"height":8,"file":"minecraft:font/34a792693d4144ec9fced897bc960802/0f0d66fe1c74496b98e9ba80ac916a0d.png","ascent":8,"type":"bitmap","chars":["与"]},{"height":8,"file":"minecraft:font/d80356d443944652b228f25c3c5a7c8d/5bec24a38c394319831bb6e35f368dda.png","ascent":8,"type":"bitmap","chars":["丏"]},{"height":8,"file":"minecraft:font/c9a373e1314a465cb530c37ff923b294/3c68bf0064c14f328620c4340e9bd3a9.png","ascent":8,"type":"bitmap","chars":["丐"]},{"height":8,"file":"minecraft:font/c480d60a9e444d7fbbb0e6d96017057d/3b7ce83defdb45d5a1c506d4d0179402.png","ascent":8,"type":"bitmap","chars":["丑"]},{"height":8,"file":"minecraft:font/8cb6404172db4007a928386f5f5d94cb/4a813e8de5424b9abd284ae893156be0.png","ascent":8,"type":"bitmap","chars":["丒"]},{"height":8,"file":"minecraft:font/2571e94ff75645169451d496a0c76db5/47a4a4ef32714af49843a4c68751dac2.png","ascent":8,"type":"bitmap","chars":["专"]},{"height":8,"file":"minecraft:font/eea96bb9b4314441bed8af5c427d1ac8/423f27a9483a49bc830c7b227b88058c.png","ascent":8,"type":"bitmap","chars":["且"]},{"height":8,"file":"minecraft:font/f2a62c4ab08a4f49af5a5466db5f3d68/69beb083b0be47b8b7a5538bc5f6ef0d.png","ascent":8,"type":"bitmap","chars":["丕"]},{"height":8,"file":"minecraft:font/20fbe2b3b747441d8a62e8e4818606ae/c8a6dfbdb8674b1c887cc33d06078d18.png","ascent":8,"type":"bitmap","chars":["世"]},{"height":8,"file":"minecraft:font/413f535874ff49afb083e488fc6dfe03/0f8211c42a4a40f28750813841c06e60.png","ascent":8,"type":"bitmap","chars":["丗"]},{"height":8,"file":"minecraft:font/4eec406ee5524f1787f9d263d1f4220b/902dcaac44fb47949761af8caa05c227.png","ascent":8,"type":"bitmap","chars":["丘"]},{"height":8,"file":"minecraft:font/a89331e692ac4a7da2cb88b3046fbb60/19f2b89972e04e2eae101ffaf9eb3f66.png","ascent":8,"type":"bitmap","chars":["丙"]},{"height":8,"file":"minecraft:font/e65f1ef5b1974c9ea95774fe5ac276cb/ad251c764228411c9e781334363cb10f.png","ascent":8,"type":"bitmap","chars":["业"]},{"height":8,"file":"minecraft:font/0d8e30562f394dd1a077e79774daeb1b/99a096b9647e48c8b56c0cabdd0af35f.png","ascent":8,"type":"bitmap","chars":["丛"]},{"height":8,"file":"minecraft:font/a33c847e4e3c490bb082fe9be4c84f6b/e776a2a6e7774c7b9c52baf3290344de.png","ascent":8,"type":"bitmap","chars":["东"]},{"height":8,"file":"minecraft:font/58d0584b6fb24825aa26cb970fd7e453/420a60260dc54d8e80b2713236d2405e.png","ascent":8,"type":"bitmap","chars":["丝"]},{"height":8,"file":"minecraft:font/3aa254384d84486681aea95068ab4b33/15c74ff324a14593b4f9337645366a30.png","ascent":8,"type":"bitmap","chars":["丞"]},{"height":8,"file":"minecraft:font/c0b2326b3ccb44d38c24b3a691e0ee78/78e44130c9d84620aea40928c12e8189.png","ascent":8,"type":"bitmap","chars":["丟"]},{"height":8,"file":"minecraft:font/f4999e79445e4cea9d8e3ec21fb4ec24/a3ea60fcefaa4bbc85df42e224c108e9.png","ascent":8,"type":"bitmap","chars":["丠"]},{"height":8,"file":"minecraft:font/56e4d1535ebc44df85c75b95aac891f3/55e85287e96142588dfd71e1ebbafb16.png","ascent":8,"type":"bitmap","chars":["両"]},{"height":8,"file":"minecraft:font/b9cfd92dc23c4884ad7367f8ddcd0cca/6add664cf34943259bf277cb8a8f426c.png","ascent":8,"type":"bitmap","chars":["丢"]},{"height":8,"file":"minecraft:font/dec1d052c5e74301bc4bd904df099908/aab1223009c74388993e18e08a981db5.png","ascent":8,"type":"bitmap","chars":["丣"]},{"height":8,"file":"minecraft:font/1415d86e505a47828babebda276471bd/8e1faec7433e4f30914f4a775f454550.png","ascent":8,"type":"bitmap","chars":["两"]},{"height":8,"file":"minecraft:font/e05b7e68a61f4dd5866e762fc766843e/e595e42bc260408b9b590c93a41a7c36.png","ascent":8,"type":"bitmap","chars":["严"]},{"height":8,"file":"minecraft:font/93142a5b264f4e80876acf63acde121d/822f977aba0348a5848a4383f9de83f2.png","ascent":8,"type":"bitmap","chars":["並"]},{"height":8,"file":"minecraft:font/f46ad1c0644f4dbda3626531c7b98dd8/f09a2be51441495a85cc470d29328616.png","ascent":8,"type":"bitmap","chars":["丧"]},{"height":8,"file":"minecraft:font/39e46b63cf37484380aca4ff4a2ca05d/aa984d28a8e143ea9bc1f1f6792f977f.png","ascent":8,"type":"bitmap","chars":["丨"]},{"height":8,"file":"minecraft:font/e34432d7ed6043a28ddff8dc22bd3004/cec5f6c34ddf4d019f564003e4149464.png","ascent":8,"type":"bitmap","chars":["丩"]},{"height":8,"file":"minecraft:font/6e3c20dae53147e2a59fbde29fa4ee91/718d951ff9be4fd3a893e49407719aec.png","ascent":8,"type":"bitmap","chars":["个"]},{"height":8,"file":"minecraft:font/c06e246a613c42219c06e273f48420cd/0779615089f04383bd95fd63a8b048b3.png","ascent":8,"type":"bitmap","chars":["丫"]},{"height":8,"file":"minecraft:font/1abc044a13a746e18e7f930a9f6bd2b4/efacbd73ecd84a5bbe7d37fec2363544.png","ascent":8,"type":"bitmap","chars":["丬"]},{"height":8,"file":"minecraft:font/9404fe65ecc041f794c84984b5af3536/59413354591340268344d66b78034e35.png","ascent":8,"type":"bitmap","chars":["中"]},{"height":8,"file":"minecraft:font/af5049c07103466ebce4daa7f19d3bf3/2d3d647599ef4559bd97553ad028ef86.png","ascent":8,"type":"bitmap","chars":["丮"]},{"height":8,"file":"minecraft:font/683dafc5c52140df8f050150c19d4eb7/f91d9164a2ee4076a7618a9e2806e696.png","ascent":8,"type":"bitmap","chars":["丯"]},{"height":8,"file":"minecraft:font/5ee32d34192640cf92f4717b72ea4ddd/9ca69d9dd1e3478db4342867af88f3c7.png","ascent":8,"type":"bitmap","chars":["丰"]},{"height":8,"file":"minecraft:font/bf62f91a2e8d477f9b25f4a7b7a7ede6/ee9dfcba9fb740d499365e80bc709c7f.png","ascent":8,"type":"bitmap","chars":["丱"]},{"height":8,"file":"minecraft:font/0c9f712a9a324762b5cecbc0a54d6864/6f7b51426adc4b94ba811e1793a647cc.png","ascent":8,"type":"bitmap","chars":["串"]},{"height":8,"file":"minecraft:font/7bf8e2fbb85f41738c184ce001085069/678047132c8a4371b30ce59886ef29f4.png","ascent":8,"type":"bitmap","chars":["丳"]},{"height":16000,"file":"minecraft:font/09a276bec499415aa0030ab342cff667/b86caee16f6b45fe95eea602dfaa2b75.png","ascent":16000,"type":"bitmap","chars":["垙"]},{"height":8,"file":"minecraft:font/5ac218f2b0b548db9e9c42ac3ca761bf/213cf7830c8340349eac9e63122fae90.png","ascent":8,"type":"bitmap","chars":["亖"]},{"height":8,"file":"minecraft:font/e776af6acb1b4f3ca8f01a9347dc80f1/bf6c48f9909d46eb82554e44cf2cfaa8.png","ascent":8,"type":"bitmap","chars":["亗"]},{"height":8,"file":"minecraft:font/7493116c8ea3423eb646ab35f2923537/344b7313d3ce45779b8c2d84b1a68677.png","ascent":8,"type":"bitmap","chars":["亘"]},{"height":8,"file":"minecraft:font/d596060453b64b3f8db3a16e7d737641/be95280666394f7aacba7a57e6c03ab6.png","ascent":8,"type":"bitmap","chars":["亙"]},{"height":8,"file":"minecraft:font/a96ff765fccb42089788e5cd1821d53f/94ec4f0e78464b2d9a9d298247808630.png","ascent":8,"type":"bitmap","chars":["亚"]},{"height":8,"file":"minecraft:font/b544a1cf46784e71ac110b492402d9fb/18d77517dba24b89a69c4c6d0d3aa0fe.png","ascent":8,"type":"bitmap","chars":["些"]},{"height":8,"file":"minecraft:font/c789c3db712f4a4abac2a2f8994a4bb9/52ad05d8f35946db895e2689764a8848.png","ascent":8,"type":"bitmap","chars":["亜"]},{"height":8,"file":"minecraft:font/a8a0e458c9274f7b9964b1129d966a32/51d6bac282bd41c58db208c370163415.png","ascent":8,"type":"bitmap","chars":["亝"]},{"height":8,"file":"minecraft:font/2dcc815320ef4103a06bba1bc2282689/8e410ee2398d4a9daf9caf8f81f0b4c4.png","ascent":8,"type":"bitmap","chars":["亞"]},{"height":8,"file":"minecraft:font/35344c81286c458698a680ea9d44ac68/77fcd9f54f0e44c98456345587832d38.png","ascent":8,"type":"bitmap","chars":["亟"]},{"height":8,"file":"minecraft:font/f8c505e984704a1098894865f8c25c25/9a7334302c4048daa60ecbff71200bb7.png","ascent":8,"type":"bitmap","chars":["亠"]},{"height":8,"file":"minecraft:font/26a226511d234bec8d4426ab2116f302/b4b590fd0fb342bc817871563fa03d3c.png","ascent":8,"type":"bitmap","chars":["亡"]},{"height":8,"file":"minecraft:font/aaffa777b51d4349be152c547e62abd6/e10ebfc469084497bbf2f2ae867954d8.png","ascent":8,"type":"bitmap","chars":["亢"]},{"height":8,"file":"minecraft:font/bd6f34b62d5c4f37817baccbeef15317/068641c413a94768a271dcf7449d3e06.png","ascent":8,"type":"bitmap","chars":["亣"]},{"height":8,"file":"minecraft:font/95594730a2fb443aaca1fa351d5823c2/00f30937baac4afaab4c2d646f7db746.png","ascent":8,"type":"bitmap","chars":["交"]},{"height":8,"file":"minecraft:font/45b9530d8f834fe49ce43dfafd363625/e9c73386fb1645cda890e8de43dc8698.png","ascent":8,"type":"bitmap","chars":["亥"]},{"height":8,"file":"minecraft:font/1bb885ea5af84a5198b443e164ebec1b/e78b5c5909d649a2990c328190a1f6d9.png","ascent":8,"type":"bitmap","chars":["亦"]},{"height":8,"file":"minecraft:font/a26ed054b6954409b78f4b513a79571d/becf27421519440a8ae5026414cfcdc8.png","ascent":8,"type":"bitmap","chars":["产"]},{"height":8,"file":"minecraft:font/5f425ac372594ca2ab18c7a4cc892e23/1909563a626246bca51a571820a48bcb.png","ascent":8,"type":"bitmap","chars":["亨"]},{"height":8,"file":"minecraft:font/18eda9650a7e440c97f6056e8a84fa4f/155fd0a4a2fd4e52a9a11d04a67f82de.png","ascent":8,"type":"bitmap","chars":["亩"]},{"height":8,"file":"minecraft:font/5f6cc2f76e824273a57853cdd4312484/690afe97e1ca4f42a4e899a348944501.png","ascent":8,"type":"bitmap","chars":["亪"]},{"height":8,"file":"minecraft:font/ad8d4cdc23184308af5069a5fb067b12/428260a7d34642adb21f6ac5357820c7.png","ascent":8,"type":"bitmap","chars":["享"]},{"height":8,"file":"minecraft:font/759e330e365445f8a3034e9a74dcb149/fbb5127413814356b102e34792fa3e9e.png","ascent":8,"type":"bitmap","chars":["京"]},{"height":8,"file":"minecraft:font/c87fe5e7e33a44e98a152c759a450044/0a8f942958fa4d4a84ec6a4ad752a4eb.png","ascent":8,"type":"bitmap","chars":["亭"]},{"height":8,"file":"minecraft:font/acd4fc8ce12e408d82cd44f68aed669b/136dfea3bf634a7fa32c1c79640ee140.png","ascent":8,"type":"bitmap","chars":["亮"]},{"height":8,"file":"minecraft:font/c858cf12b2804707b06fa85aceb26eea/ca38e1a028cd47b6930669e58d580697.png","ascent":8,"type":"bitmap","chars":["亯"]},{"height":8,"file":"minecraft:font/a4a154cf4c4a47789e687b4de9e427cf/bbd7d2b1634043c291881b5deb37713e.png","ascent":8,"type":"bitmap","chars":["亰"]},{"height":8,"file":"minecraft:font/015e31432f8e476cad08f24e16a8b5da/f6b193d42c8743babd3528864b1a2e56.png","ascent":8,"type":"bitmap","chars":["亱"]},{"height":8,"file":"minecraft:font/6fdb1ec5ae2a44b1b4fbf769340242c3/e7bfd7688f344bf29e34a0bcd648652d.png","ascent":8,"type":"bitmap","chars":["亲"]},{"height":8,"file":"minecraft:font/0535237b728f4f50a69ae435215d245a/cca545418d214a8cab0a0742f0112bea.png","ascent":8,"type":"bitmap","chars":["亳"]},{"height":8,"file":"minecraft:font/708d2e2825ed4691b3103b12c3389fe3/684354a74cdd4d20a0c863945507dd8d.png","ascent":8,"type":"bitmap","chars":["亴"]},{"height":8,"file":"minecraft:font/22200b39e288446191b33688d913c6bc/b0e94921c174405283c03ed550320a93.png","ascent":8,"type":"bitmap","chars":["亵"]},{"height":8,"file":"minecraft:font/c9920f5ad4094a1d86f9ebc1b190a80b/4bd7a9cabe8648d0a80ef4f0a9ee509c.png","ascent":8,"type":"bitmap","chars":["亶"]},{"height":8,"file":"minecraft:font/928aab40a2bd4b2784479a2190ccfa02/5d0d41b6d1f04816a592f08dc8bde3eb.png","ascent":8,"type":"bitmap","chars":["亷"]},{"height":8,"file":"minecraft:font/067702201b0140a191b504b43cabe017/8f4d302f3cad416a80de5516216eb6ff.png","ascent":8,"type":"bitmap","chars":["亸"]},{"height":8,"file":"minecraft:font/78d2790783f24be89f3bcf99ef618fed/6976accbbb9c4c248862935b36a563e8.png","ascent":8,"type":"bitmap","chars":["亹"]},{"height":8,"file":"minecraft:font/2ecf9bbae1494f9cb544da665a82a511/9fede3a206c947c18bd8c3138f4cca9b.png","ascent":8,"type":"bitmap","chars":["人"]},{"height":8,"file":"minecraft:font/1923237693824ba3a98c031161bb0cc5/17e4e92261e74594a7d6129ebefceeec.png","ascent":8,"type":"bitmap","chars":["亻"]},{"height":8,"file":"minecraft:font/4c03d2ae3c0443d49d97483de450772b/29cdee711db646cca0f2fa93d320763e.png","ascent":8,"type":"bitmap","chars":["亼"]},{"height":8,"file":"minecraft:font/01918e3b0418427a9ea80f718e7223ae/597eb1869e634c75aa4da25484c2e0b4.png","ascent":8,"type":"bitmap","chars":["亽"]},{"height":8,"file":"minecraft:font/1bcb32c7cac14fcd9f2dfe0c30fa7fbd/ec4dee35660c49098aa3987ec1e55e2d.png","ascent":8,"type":"bitmap","chars":["亾"]},{"height":8,"file":"minecraft:font/bfc9ccfa807a462ba8feed8fcbaf591f/d81165dd1322413ca37806740e17410c.png","ascent":8,"type":"bitmap","chars":["亿"]},{"height":8,"file":"minecraft:font/169371544a534dddb9fda8ec09ab48a6/4adaa80f37284f1e930ecca41efe3e88.png","ascent":8,"type":"bitmap","chars":["什"]},{"height":8,"file":"minecraft:font/b31610ebf10e454996a77ba5715b9db1/fe4b139e470b40898c2031c3d6236f83.png","ascent":8,"type":"bitmap","chars":["仁"]},{"height":8,"file":"minecraft:font/1ec3995925004152a92350ab444c9309/449760d8cff24b9f87eacf269e369d92.png","ascent":8,"type":"bitmap","chars":["仂"]},{"height":8,"file":"minecraft:font/d70d45ab5daf477a91ebdd7bd63eca2d/f9d1b71e938c42339e7998b7a28b5cf2.png","ascent":8,"type":"bitmap","chars":["仃"]},{"height":8,"file":"minecraft:font/744ed36d6d544f02884ba1891e996949/d8eea04695664da1a43e371364403470.png","ascent":8,"type":"bitmap","chars":["仄"]},{"height":8,"file":"minecraft:font/42781f7c73344f2da31875985a28197f/cba428eb04f542b596107f95fa178f02.png","ascent":8,"type":"bitmap","chars":["仅"]},{"height":8,"file":"minecraft:font/9da7a40a3c82403d8dd405afa332649c/d297877a3ae8453ea8f72d1d221a48c7.png","ascent":8,"type":"bitmap","chars":["仆"]},{"height":8,"file":"minecraft:font/89ed8c9f95c24dc89e018a98b3b6067d/21e71bef85f045c390522dfa66474ed1.png","ascent":8,"type":"bitmap","chars":["仇"]},{"height":8,"file":"minecraft:font/baab6668265d4992a4b35ac62275b057/19827a5e3e3f4811ac820e01781f7a70.png","ascent":8,"type":"bitmap","chars":["仈"]},{"height":8,"file":"minecraft:font/57bf9ef965aa404e8638fbaf527828b4/a3a4032424ec43cab663fa762ea98744.png","ascent":8,"type":"bitmap","chars":["仉"]},{"height":8,"file":"minecraft:font/c1cb0646aa62460f878e65127244711c/541fe1e5c1ce4b04867d4794e17602e2.png","ascent":8,"type":"bitmap","chars":["今"]},{"height":8,"file":"minecraft:font/69f1005f33374b30b809003bb47bd3f7/81f389167e3c485188f9166f93640db8.png","ascent":8,"type":"bitmap","chars":["介"]},{"height":8,"file":"minecraft:font/043eb43ac15246ab87671e6a9589b289/f58800f20eec4330a605001242ee8ce6.png","ascent":8,"type":"bitmap","chars":["仌"]},{"height":8,"file":"minecraft:font/62ba4e2e1ccc46998f5a9b26e7daa3d5/f295a8b77a2141e28f9f2c9be54f2db9.png","ascent":8,"type":"bitmap","chars":["仍"]},{"height":8,"file":"minecraft:font/e0d87ab54e9b4567a480f6c5dd10add1/acc4bec22ab64dcd8c031cbf8ede1c2b.png","ascent":8,"type":"bitmap","chars":["从"]},{"height":8,"file":"minecraft:font/beae5ab86bc042c6ba1d905c54c29cd6/372041b8fd62490e927daaa18edd88ae.png","ascent":8,"type":"bitmap","chars":["仏"]},{"height":8,"file":"minecraft:font/160d1eda91a5464e9a1016925adf3aa9/f1ccb467095b4820a672d58b698fd94b.png","ascent":8,"type":"bitmap","chars":["仐"]},{"height":8,"file":"minecraft:font/1291f4d774a6439c9add6a8528ca2135/e76b5b5cd6b04ecd8a7124aaf60b0a17.png","ascent":8,"type":"bitmap","chars":["仑"]},{"height":8,"file":"minecraft:font/701e0533ca964283b3dee4ce4491397e/59adfc5a4afc4dc8be0095442935c8a0.png","ascent":8,"type":"bitmap","chars":["仒"]},{"height":8,"file":"minecraft:font/756b6af482f24332ae1a68ef70d8aa4e/b576414e866e45e2b52632fe71c037fa.png","ascent":8,"type":"bitmap","chars":["仓"]},{"height":8,"file":"minecraft:font/031495fbbf44460c9b86d8928297b8f3/c62d281df0c0412e88d523d94faf670c.png","ascent":8,"type":"bitmap","chars":["仔"]},{"height":8,"file":"minecraft:font/0213ee5706ec47fd911da27139f62647/80e8d70b20324213a806fc497b598dd5.png","ascent":8,"type":"bitmap","chars":["仕"]},{"height":8,"file":"minecraft:font/fd2a259dfe74476e9e4b0607e7df3710/181834b7d72042c28bd4c66d7719ec89.png","ascent":8,"type":"bitmap","chars":["他"]},{"height":8,"file":"minecraft:font/d8a8a7f5d744413c8017ad0ee00edfca/5ee6de1938ad48c892d824e38ec64dcf.png","ascent":8,"type":"bitmap","chars":["仗"]},{"height":8,"file":"minecraft:font/6eb5d88d11574f26b61dedb071d1afe4/4e34b5bcb44a4e29b4300536f06f53c8.png","ascent":8,"type":"bitmap","chars":["付"]},{"height":8,"file":"minecraft:font/0c929ea1c9c04ef5b8daa028a672998c/c094e59ff9c04ee0bc03b75396c534cb.png","ascent":8,"type":"bitmap","chars":["仙"]},{"height":8,"file":"minecraft:font/1342d123b3f445588782cc7590160b41/cc56022e5600486aacbe462bcc48eded.png","ascent":8,"type":"bitmap","chars":["仚"]},{"height":8,"file":"minecraft:font/df3d1d19260e4f17a20854e6f60bbccd/40fece949711451f8c0ee379554b5216.png","ascent":8,"type":"bitmap","chars":["仛"]},{"height":8,"file":"minecraft:font/355686e12dab4c73b145952909f4fb86/a1c7a44023a24b46aa7fc41b04373f5c.png","ascent":8,"type":"bitmap","chars":["仜"]},{"height":8,"file":"minecraft:font/273ac371aaf640a98ad87d5ad3142edd/4019867756d24a219fc551e805110eb5.png","ascent":8,"type":"bitmap","chars":["仝"]},{"height":8,"file":"minecraft:font/8c29d075402948608daa03a1834e21da/7990a74f5b134894a1e77ad5876b04c1.png","ascent":8,"type":"bitmap","chars":["仞"]},{"height":8,"file":"minecraft:font/8f22619fbbfd42cc9cb7b8b4f5a0248f/240a89a612ad4df9a999c3cb3d6af878.png","ascent":8,"type":"bitmap","chars":["仟"]},{"height":8,"file":"minecraft:font/3bc42e12e51c4d0fbaf0aac68133d7c4/a3fc1138b72548a48eebb15cb43e2857.png","ascent":8,"type":"bitmap","chars":["仠"]},{"height":8,"file":"minecraft:font/d8d5bfb5995b41cc910ab5d9afdeaaba/2c15f1046be74f56805823f6b7ed96a1.png","ascent":8,"type":"bitmap","chars":["仡"]},{"height":8,"file":"minecraft:font/df0b52d0dbb9462abaed0db05c4d85fe/64e9b665c6d14064998d0bb9dc60061c.png","ascent":8,"type":"bitmap","chars":["仢"]},{"height":8,"file":"minecraft:font/b8b2718fbc2f41b488528b3c9ee861e8/47f8d3def1ea4a1787e2973b2e31fb84.png","ascent":8,"type":"bitmap","chars":["代"]},{"height":8,"file":"minecraft:font/f9702c99156c4486af0df8dfe09e40af/5f48750690bb4b4d9476439262a4078a.png","ascent":8,"type":"bitmap","chars":["令"]},{"height":8,"file":"minecraft:font/7c1c6ac5d5d44a72bc70a6b89a95a783/f3376fb3002245fe98d3ab47a2bf313f.png","ascent":8,"type":"bitmap","chars":["以"]},{"height":8,"file":"minecraft:font/1fe2ba553d734e2e8c88b17cf7885271/63faef8f56a14c4592c6d6fa5bdcbd64.png","ascent":8,"type":"bitmap","chars":["仦"]},{"height":8,"file":"minecraft:font/e22305c8610d4fa3a34190bc8c589e51/2bcf406fc5164340a5113ab14f846c92.png","ascent":8,"type":"bitmap","chars":["仧"]},{"height":8,"file":"minecraft:font/81699f17d76b44afad3481a2f0c6417a/0ce1353fef8f41e18d2c1ee6f0e69e68.png","ascent":8,"type":"bitmap","chars":["仨"]},{"height":8,"file":"minecraft:font/362d7f053509490e96e673ab9a9aa781/5f78e4d6e6004c939d1f0fe49e1f4cb8.png","ascent":8,"type":"bitmap","chars":["仩"]},{"height":8,"file":"minecraft:font/f8d9305e8af644ff8507598fe975aea9/94466196478a4a56b70ea93993924683.png","ascent":8,"type":"bitmap","chars":["仪"]},{"height":8,"file":"minecraft:font/8231569ba7d6492cbf0077cb24fcbf62/25f407435de84bd7b5a49cc1e210d34d.png","ascent":8,"type":"bitmap","chars":["仫"]},{"height":8,"file":"minecraft:font/3fa37782b8b84bdebbc98b397cf72eb8/f7f6a4920c4c400fada6c709ba043a46.png","ascent":8,"type":"bitmap","chars":["们"]},{"height":8,"file":"minecraft:font/ca1a01a2de4b46d8bd0a76b690c46edf/ff83abe0cd984fb4b08e869640e9cd05.png","ascent":8,"type":"bitmap","chars":["仭"]},{"height":8,"file":"minecraft:font/8a4105cf6f164902a361d7332e79e55d/c3de606be6334e2db728ec89f8f3f514.png","ascent":8,"type":"bitmap","chars":["仮"]},{"height":8,"file":"minecraft:font/889ee2751aee4b989629ec70b7d8b8c1/98477b7a96624f6da2b7553a5224285d.png","ascent":8,"type":"bitmap","chars":["仯"]},{"height":8,"file":"minecraft:font/18093bf1dd814d4b82a2506242055ce7/5d67e7dff34841a886b024f4f0d4038f.png","ascent":8,"type":"bitmap","chars":["仰"]},{"height":8,"file":"minecraft:font/6d457d8052e94cbd903a88359ec3f7b1/4061289dd21948678805da71481e70d6.png","ascent":8,"type":"bitmap","chars":["仱"]},{"height":8,"file":"minecraft:font/c8ae83b9dae148c5b74fef60671480b3/d6dfcc5b54ef4f64a74f45d512f8a3c8.png","ascent":8,"type":"bitmap","chars":["仲"]},{"height":8,"file":"minecraft:font/c3da3d8bce734a09a74d43c71c451087/38a704aa264f4a48a80db7dfa1b87394.png","ascent":8,"type":"bitmap","chars":["临"]},{"height":8,"file":"minecraft:font/745bff05fb434dfd9dcfd1b129db5edb/f44e4dc4437f47bcba21373938070ee2.png","ascent":8,"type":"bitmap","chars":["丵"]},{"height":8,"file":"minecraft:font/20e405c6cb5b4d29851b7cab274a4643/5883b7208fd942a8b1bd52582e1a712a.png","ascent":8,"type":"bitmap","chars":["丶"]},{"height":8,"file":"minecraft:font/c690c2d294a1432482c71046ac6b172b/2c1ea5c611804b1f808214f4c6ed85b0.png","ascent":8,"type":"bitmap","chars":["丷"]},{"height":8,"file":"minecraft:font/82478cc30ff740688310a6adfdf36686/52e90a3cff964ac5a2969ad4524fcc9f.png","ascent":8,"type":"bitmap","chars":["丸"]},{"height":8,"file":"minecraft:font/1f00a9fbca4046cd9f2813f87848b442/2138882ca22d407cbf19b1d9974ef113.png","ascent":8,"type":"bitmap","chars":["丹"]},{"height":8,"file":"minecraft:font/5baade3f95a544ea9af3929ecac134a1/67e2720e365f46d48986082020d0ff05.png","ascent":8,"type":"bitmap","chars":["为"]},{"height":8,"file":"minecraft:font/beeb3d9498c04383940fd0f6f9529ae6/c23f0ed4c52b496d90b6ba176cad5bfb.png","ascent":8,"type":"bitmap","chars":["主"]},{"height":8,"file":"minecraft:font/d3c8547b49074c8ea91b6669724757ce/9e909859d96647549cbb3ff41ad0d086.png","ascent":8,"type":"bitmap","chars":["丼"]},{"height":8,"file":"minecraft:font/b76be2267d3345f198d570965cbc88bf/f06658aa2c3348d88e731ec532e240ff.png","ascent":8,"type":"bitmap","chars":["丽"]},{"height":8,"file":"minecraft:font/d92676a4dfe94b66a351f4cb294e83de/4bc8e069d2624fa5a72babc3a22273d3.png","ascent":8,"type":"bitmap","chars":["举"]},{"height":8,"file":"minecraft:font/a47418ee1b0a4948aaa826cc002ce163/23754aff0ed54150bca92c557e7d4fb9.png","ascent":8,"type":"bitmap","chars":["丿"]},{"height":8,"file":"minecraft:font/751897f553c4421794945cf4e3fa43d2/1b8520191baa41bf8b1110f941f56a4e.png","ascent":8,"type":"bitmap","chars":["乀"]},{"height":8,"file":"minecraft:font/b1c43045c06e48ee9e3072dba2b37c5f/3ff572d7c79649148a9d6c511aad9dd2.png","ascent":8,"type":"bitmap","chars":["乁"]},{"height":8,"file":"minecraft:font/26278bc4647b4c6881faac4063542e2b/648516aa5b5e45dc88ee3a4fe6aa3ef9.png","ascent":8,"type":"bitmap","chars":["乂"]},{"height":8,"file":"minecraft:font/2454df34bdb746d98b0b8842517b995c/e9d28245f52041f591bce08708664799.png","ascent":8,"type":"bitmap","chars":["乃"]},{"height":8,"file":"minecraft:font/8e1db5a2eff743cab33ce81aca8260da/233fabf2b27b40df8899d230c48577fb.png","ascent":8,"type":"bitmap","chars":["乄"]},{"height":8,"file":"minecraft:font/b2c37903f7884d19a2d96808e1ab987b/6626a8372eb54878bb3894c27faea2fd.png","ascent":8,"type":"bitmap","chars":["久"]},{"height":8,"file":"minecraft:font/5ca17e5903c3420da730bc022ade78e1/8ba3348d41b24a8aa5ef788b6332cc8c.png","ascent":8,"type":"bitmap","chars":["乆"]},{"height":8,"file":"minecraft:font/576e9ebfa171400b86807b4e51affe1c/28d598b444f8403699254205fbcc54dc.png","ascent":8,"type":"bitmap","chars":["乇"]},{"height":8,"file":"minecraft:font/a36f3e563e1f4d909181e7818592ebcb/8980991fa712433ea3450afd4f7275f3.png","ascent":8,"type":"bitmap","chars":["么"]},{"height":8,"file":"minecraft:font/24d7c155845149f58d7500a3ad55c420/c996c1608d954b5db580497d1e79b3e4.png","ascent":8,"type":"bitmap","chars":["义"]},{"height":8,"file":"minecraft:font/aa1e6c03862d485b8affbc77ac91a4fa/a6d861568c5048249875f68f86ed0994.png","ascent":8,"type":"bitmap","chars":["乊"]},{"height":8,"file":"minecraft:font/3cbf90bc0f9b4e4e84e9f5019fdee03b/e0f5d6cf20264a6d888aa6e81ba5415a.png","ascent":8,"type":"bitmap","chars":["之"]},{"height":8,"file":"minecraft:font/861c9b093d704ed19f53bbfe28ee706a/a25265e8d4744123b9826e36f1e88ca6.png","ascent":8,"type":"bitmap","chars":["乌"]},{"height":8,"file":"minecraft:font/93f819f065084d0d81aa9f6b3cbf0253/09a2143ebcca4d58a33dd2a130624b8d.png","ascent":8,"type":"bitmap","chars":["乍"]},{"height":8,"file":"minecraft:font/c4b672e99d1e49d8a700a824f30644d1/19db257c54ca44d5894db849b1dda1df.png","ascent":8,"type":"bitmap","chars":["乎"]},{"height":8,"file":"minecraft:font/60a0720077d744c18e71c72614ba6e8c/134a5257bac74522b09f31258dcf8aa3.png","ascent":8,"type":"bitmap","chars":["乏"]},{"height":8,"file":"minecraft:font/b62e0eadfec041c1af065a80086b6fe3/b3da5d3c94e34a94b350669fa94d4905.png","ascent":8,"type":"bitmap","chars":["乐"]},{"height":8,"file":"minecraft:font/bdc7152dcf574ca6bac7742316067243/639c539f686e4bbe8aaae8224c0c3540.png","ascent":8,"type":"bitmap","chars":["乑"]},{"height":8,"file":"minecraft:font/74c60cdebefa4a1ea87ff529d2512433/a1a518aeb70b423caf466a0f40bfe5b3.png","ascent":8,"type":"bitmap","chars":["乒"]},{"height":8,"file":"minecraft:font/9a05bfa3d2b9483ab9f0d9c753672245/4011835197cc4ebe8bb649038aae3e84.png","ascent":8,"type":"bitmap","chars":["乓"]},{"height":8,"file":"minecraft:font/26c96342afd84acea697f1d660c6b9aa/979cf5d2612342d69a255e6d24ba2d10.png","ascent":8,"type":"bitmap","chars":["乔"]},{"height":8,"file":"minecraft:font/409c10ad05524783aa0e446b527ce393/0768da3a40924e1bb21e07847f2c8e4d.png","ascent":8,"type":"bitmap","chars":["乕"]},{"height":8,"file":"minecraft:font/66d11ee051f04f309b517eb9b35e9e10/d27e774270304ac5ae1b7b1d763f2b68.png","ascent":8,"type":"bitmap","chars":["乖"]},{"height":8,"file":"minecraft:font/903d5aebe4ed419aa343c81de739a188/33ed4917e63f4eed87e4806cad1c96f5.png","ascent":8,"type":"bitmap","chars":["乗"]},{"height":8,"file":"minecraft:font/e10760d255364725a48cde676355a344/2472bf2c24ef4a2fb3722e912017aa1a.png","ascent":8,"type":"bitmap","chars":["乘"]},{"height":8,"file":"minecraft:font/4a87c4373e114e3ca6516b484c4f3605/35a7e3300a3f47f28c9140cfed1fb74e.png","ascent":8,"type":"bitmap","chars":["乙"]},{"height":8,"file":"minecraft:font/cb02aa4a481a42d09966a37c1a1a5657/5c418fd95eb74572a627c4093cfb13bb.png","ascent":8,"type":"bitmap","chars":["乚"]},{"height":8,"file":"minecraft:font/dcc2663f1d4442069bb08f1db98c79ef/e6df76c5f63f49f581eaaa5ffd0f64b6.png","ascent":8,"type":"bitmap","chars":["乛"]},{"height":8,"file":"minecraft:font/a82fba754e8e477db23e5b9fb26781f0/5a0120d6023348479d713dd8b04e4fa1.png","ascent":8,"type":"bitmap","chars":["乜"]},{"height":8,"file":"minecraft:font/e50d0fd409dd48b6bbcc61d69482c337/d83dced8ee6d4760b5043191cc3dec76.png","ascent":8,"type":"bitmap","chars":["九"]},{"height":8,"file":"minecraft:font/784f35dfb8f04d4cb0b236c630fa38bf/774d75970b8f42239daf582daa31c5e8.png","ascent":8,"type":"bitmap","chars":["乞"]},{"height":8,"file":"minecraft:font/c35e368fbc4049bb8000a1ae4374370a/66adaf6d42794e829a30d8b26ca59a98.png","ascent":8,"type":"bitmap","chars":["也"]},{"height":8,"file":"minecraft:font/27bdf0dbf5ac45f19f67d8791d3f08d3/ed85d0ca366b44c18ca2021fa7b72c49.png","ascent":8,"type":"bitmap","chars":["习"]},{"height":8,"file":"minecraft:font/807179f204f24dd7ae1d1beea2cd7a4d/61e0aa35931641ecb6f5d7fa27732705.png","ascent":8,"type":"bitmap","chars":["乡"]},{"height":8,"file":"minecraft:font/d1c94381eb114236bf96916a76407b21/078fe4c188c84b0ca92f3cffae0c03b8.png","ascent":8,"type":"bitmap","chars":["乢"]},{"height":8,"file":"minecraft:font/a9b0de067cd14195a51d7c3f1a16eba7/7f84dd34828547f582abeb1cc52df2e6.png","ascent":8,"type":"bitmap","chars":["乣"]},{"height":8,"file":"minecraft:font/f625d3097fa245cc8da58e1a7cfb9eb2/65eba11266064d27b209c4a1c5f7e425.png","ascent":8,"type":"bitmap","chars":["乤"]},{"height":8,"file":"minecraft:font/7433095038c1473a9171415d08ad8841/fb827cb9af3749dbabed3ae8ad085927.png","ascent":8,"type":"bitmap","chars":["乥"]},{"height":8,"file":"minecraft:font/56542c32002e499e9cf21fd34242b518/a3d627a610af458ab778aac7b8e9bbec.png","ascent":8,"type":"bitmap","chars":["书"]},{"height":8,"file":"minecraft:font/6b63e813631046a497cf29e4ea12a347/b758e86a49dd46f8930be58be42c2cc1.png","ascent":8,"type":"bitmap","chars":["乧"]},{"height":8,"file":"minecraft:font/4af3f17bb9ad435cae71242096a4b2da/d95e1639890b401daf80fed20d081f06.png","ascent":8,"type":"bitmap","chars":["乨"]},{"height":8,"file":"minecraft:font/54c411f318644ceda95bb6f2788503af/2fd84b47a666459aba5e29a5aefd8547.png","ascent":8,"type":"bitmap","chars":["乩"]},{"height":8,"file":"minecraft:font/e7b7a6bf33c94514be2a9141881baab2/30fba4306abd431192f184d35141a96b.png","ascent":8,"type":"bitmap","chars":["乪"]},{"height":8,"file":"minecraft:font/63983d83a22541e89a33148b1dbd726b/d93646fb4cd84071b32afeba8fb72902.png","ascent":8,"type":"bitmap","chars":["乫"]},{"height":8,"file":"minecraft:font/d924dc7f173e4276b26ce7fbe3756ab1/fee9210d74a842bcae9974ae22ccd64c.png","ascent":8,"type":"bitmap","chars":["乬"]},{"height":8,"file":"minecraft:font/5a6119534c444dc7961ca4dcbe3f26c1/e05f710e02b54755a02e96834cbc9636.png","ascent":8,"type":"bitmap","chars":["乭"]},{"height":8,"file":"minecraft:font/0a9d27d33b0540afb2d303347a1ed785/0091868dcf544922a8de9244c8ffeee2.png","ascent":8,"type":"bitmap","chars":["乮"]},{"height":8,"file":"minecraft:font/4818bcc547604714bdd4589ffdc4ce29/b0bcab813ded4e64bb5d9314d72349a6.png","ascent":8,"type":"bitmap","chars":["乯"]},{"height":8,"file":"minecraft:font/d6d925e89f4d489ca66c49eb5672b2d7/196e1bfb3f5041c4bd5138b8e4a0d79e.png","ascent":8,"type":"bitmap","chars":["买"]},{"height":8,"file":"minecraft:font/44fb5012f1034c66942b1cb48249531a/f1317cc191734826bc8512decbfa3fe8.png","ascent":8,"type":"bitmap","chars":["乱"]},{"height":8,"file":"minecraft:font/55fb362a594c4fa7a06391e135d07113/48f10068e89b43e4894111644f4ac8fe.png","ascent":8,"type":"bitmap","chars":["乲"]},{"height":8,"file":"minecraft:font/62d2b6e9a4a14ffc80d67b5c42000e35/8f0b3ff8effb4172b2c17c81c60676e1.png","ascent":8,"type":"bitmap","chars":["乳"]},{"height":8,"file":"minecraft:font/efef0600b80545a399351af52dd24b03/9db4beac5d9043d8ac018f8ee8be0b75.png","ascent":8,"type":"bitmap","chars":["乴"]},{"height":8,"file":"minecraft:font/acc91934bfd74e6587f939093c5c57c7/9ec0157306d74414be3b2449a38573de.png","ascent":8,"type":"bitmap","chars":["乵"]},{"height":8,"file":"minecraft:font/3ac5447e843c47b685c924c1d04d180b/8f01726aa62a4d72aad206d4e84cdd82.png","ascent":8,"type":"bitmap","chars":["乶"]},{"height":8,"file":"minecraft:font/44c5580a2e9a481692c76ac2156118d2/8bcf2604a29b475ea1664e5644dcb4cf.png","ascent":8,"type":"bitmap","chars":["乷"]},{"height":8,"file":"minecraft:font/311111f9e6d341d9aff240f46f0f7d9c/9799e59669714d9894419bb4aebafabc.png","ascent":8,"type":"bitmap","chars":["乸"]},{"height":8,"file":"minecraft:font/25f6b54f37cf473fa9603f21da501886/f2d73e4c69fd40c68fefe2c2444a3a53.png","ascent":8,"type":"bitmap","chars":["乹"]},{"height":8,"file":"minecraft:font/69812b9f709345f3b121a52a5e1d187d/f1c82c2f4d0e4dfda9c9f80d03bda3bb.png","ascent":8,"type":"bitmap","chars":["乺"]},{"height":8,"file":"minecraft:font/ea0f6f21a94140dcb9e462f6db0a7a54/60ab328ffa6b499680fccc37341eb5ef.png","ascent":8,"type":"bitmap","chars":["乻"]},{"height":8,"file":"minecraft:font/896e3d8d1f2d49199b1b1566472d54a0/ab3fd2f3ef4848deb60be64ff3bc5ab7.png","ascent":8,"type":"bitmap","chars":["乼"]},{"height":8,"file":"minecraft:font/a088a8fe58a644f683384883820162c5/f198a162a5b54db1add8c6a16a738794.png","ascent":8,"type":"bitmap","chars":["乽"]},{"height":8,"file":"minecraft:font/ee9a6c6435f44dd5baf2ab43261bf95f/9d4182a2eb2a41cba85858642d9f0c15.png","ascent":8,"type":"bitmap","chars":["乾"]},{"height":8,"file":"minecraft:font/a51e38479ff64a4f92d0aaf8e25c0c6a/5b574d9428434419b59acff5c0fde61e.png","ascent":8,"type":"bitmap","chars":["乿"]},{"height":8,"file":"minecraft:font/578f29f4e0a04823a31920d81f0675fb/2edb2f8f07ef4793aa5a4a9c2d651e47.png","ascent":8,"type":"bitmap","chars":["亀"]},{"height":8,"file":"minecraft:font/efbcdf9b111f447b8f1e4452ad16b47f/99493d9e06bf410cb806b6fc948dff86.png","ascent":8,"type":"bitmap","chars":["亁"]},{"height":8,"file":"minecraft:font/e93603a55f684c0daec706257ffbb4a8/629c899992534137a02a95fda6c1198b.png","ascent":8,"type":"bitmap","chars":["亂"]},{"height":8,"file":"minecraft:font/7f4db3fb9739458b8c24e85d7e08efc4/436ad464ed4d4cd98ef1009e38cef1c3.png","ascent":8,"type":"bitmap","chars":["亃"]},{"height":8,"file":"minecraft:font/8c8ab4e1efb4425db0a5d0378d349fdb/fbfef245949e45188cd0b847ae2b3cbf.png","ascent":8,"type":"bitmap","chars":["亄"]},{"height":8,"file":"minecraft:font/1a559f0e0e3a48ceb9ef110a4ac01b4c/d1d910534ed8409fb4776df1c184f664.png","ascent":8,"type":"bitmap","chars":["亅"]},{"height":8,"file":"minecraft:font/3ec8048d716840cf84ef04e894c4a61f/b6866f2f8e9c4cc88cb43cec6b3bf466.png","ascent":8,"type":"bitmap","chars":["了"]},{"height":8,"file":"minecraft:font/77a430e0f5ef4e13ac6e38725c81ccd5/8e02c6d823af483bb5505ed8c392eda9.png","ascent":8,"type":"bitmap","chars":["亇"]},{"height":8,"file":"minecraft:font/cca6b0a48c6e4fdcb6e90eab07bead2b/faa587a4711a47d2b0868d91b524f5ea.png","ascent":8,"type":"bitmap","chars":["予"]},{"height":8,"file":"minecraft:font/2c1b47d9357f4063911d1cc133958787/b7d33a64d923475e9678a42b29a508c6.png","ascent":8,"type":"bitmap","chars":["争"]},{"height":8,"file":"minecraft:font/e3f95aa2ee5e4df7976bfd2cff1efee8/443d54efdbfc4d6faef7051beab12bb8.png","ascent":8,"type":"bitmap","chars":["亊"]},{"height":8,"file":"minecraft:font/b28ec267b6514cdc8aa6b8ff4b823984/64e2ade8a79e4773a9a042b155290095.png","ascent":8,"type":"bitmap","chars":["事"]},{"height":8,"file":"minecraft:font/7027b3b7bcf14912be283ed2e1d452e6/f2212dec965645c7b3b6a0764a2afb72.png","ascent":8,"type":"bitmap","chars":["二"]},{"height":8,"file":"minecraft:font/f7955738b3d8480eb51bb9668c0e4e85/88b7a6d9a5ab479fbc117b46eb81410e.png","ascent":8,"type":"bitmap","chars":["亍"]},{"height":8,"file":"minecraft:font/fa8d6bb8b9e44be58f7e5eda6b598df1/817eec690c4f45d1995bfd98b1b3effa.png","ascent":8,"type":"bitmap","chars":["于"]},{"height":8,"file":"minecraft:font/b6d4e1f5365444f99258b86c11a2d1b6/2afb19b5cb3f4d4f80b5a64928721b46.png","ascent":8,"type":"bitmap","chars":["亏"]},{"height":8,"file":"minecraft:font/9ebfdd0e0feb41cf8e924a0e90954f07/96abc2c4b3c3409b8b94a0b44d1cc2c1.png","ascent":8,"type":"bitmap","chars":["亐"]},{"height":8,"file":"minecraft:font/4e320ff222fc4dfb8cc5b6665e16e25b/0e63005f2b5e424aa310ee7f04348f3c.png","ascent":8,"type":"bitmap","chars":["云"]},{"height":8,"file":"minecraft:font/160f2d6c232e4625b4bad9fa193be963/5f26a52af31a4b5687c3741d3968c4e4.png","ascent":8,"type":"bitmap","chars":["互"]},{"height":8,"file":"minecraft:font/95d110ad26ae42a9a833fb0830e62b64/4e28ec77c6f54349922885978ed1b6da.png","ascent":8,"type":"bitmap","chars":["亓"]},{"height":8,"file":"minecraft:font/a086b43db4c84088b4c01c259ea39a98/b2eb838efbd242c3ab3904d05f3b9b4a.png","ascent":8,"type":"bitmap","chars":["五"]},{"height":8,"file":"minecraft:font/4140a346ec724139805e94efba8f6c15/18d6838ba20a4539a75d7c34671cb316.png","ascent":8,"type":"bitmap","chars":["井"]},{"height":8,"file":"minecraft:font/0ed2f8efbe13410ab712f4a2ce82af19/ea96697832db494daa61db6199c5bf17.png","ascent":8,"type":"bitmap","chars":["亖"]},{"height":8,"file":"minecraft:font/5d60e63e9dc6416e889c6dc64f31a3c8/1f50c18f60d445a0aba2da76eb530b3c.png","ascent":8,"type":"bitmap","chars":["亗"]},{"height":8,"file":"minecraft:font/e2eba9985f744b1489f7863c7a61d5a6/2951cb0bd0934a40b0186515ae645227.png","ascent":8,"type":"bitmap","chars":["亘"]},{"height":8,"file":"minecraft:font/f96ee83f031e49b1b0f930893c183f89/8f8c2252173f4ce3823604e608cf9398.png","ascent":8,"type":"bitmap","chars":["亙"]},{"height":8,"file":"minecraft:font/21a5b22a537244308f2713d62d3c5838/0c6750ad50eb46e1b07fad27ace1fb06.png","ascent":8,"type":"bitmap","chars":["亚"]},{"height":8,"file":"minecraft:font/c869d0eaf333446bb844ac1b37edf471/09e5a7f5445840eea5f71e19d877ca8d.png","ascent":8,"type":"bitmap","chars":["些"]},{"height":8,"file":"minecraft:font/34ea1a81ecd844b890a444f1d4efed18/6040412276ef4ab5a523729a7d6039ac.png","ascent":8,"type":"bitmap","chars":["亜"]},{"height":8,"file":"minecraft:font/845d5e822eb4415fa3a413a1bd58a82e/faf213bc1cd8411ab2caf47377671e52.png","ascent":8,"type":"bitmap","chars":["亝"]},{"height":8,"file":"minecraft:font/1a8ae3941aa541bb983d0632a973b2a1/cf8c52ec75fa42b9b4c6d55004636935.png","ascent":8,"type":"bitmap","chars":["亞"]},{"height":8,"file":"minecraft:font/9dfa3cede09c44cf9d729ce76932872b/499eded4d8da42dea6582864c1127f19.png","ascent":8,"type":"bitmap","chars":["亟"]},{"height":8,"file":"minecraft:font/186e6dd68df44ac7af27a89d894c45b3/ac94144c8963415bb9b7e5e536a37d9c.png","ascent":8,"type":"bitmap","chars":["亠"]},{"height":8,"file":"minecraft:font/36cf126708814f6bb0bcaacd0e653338/657f7038ac414e3aaaf6b2ecedf216e0.png","ascent":8,"type":"bitmap","chars":["亡"]},{"height":8,"file":"minecraft:font/755da6ac157048e49cda6913b60e331e/fa17750a09ea4bcbb44a44e87a59a1eb.png","ascent":8,"type":"bitmap","chars":["亢"]},{"height":8,"file":"minecraft:font/f6c6b0150ab8419d9be7555a61192a34/666911e22fa54468ac0ef91bce4640cb.png","ascent":8,"type":"bitmap","chars":["亣"]},{"height":8,"file":"minecraft:font/5aec61a7b3c3488285d5ceed6c88c8bd/9d37d401d666488db5cc61ba2e134274.png","ascent":8,"type":"bitmap","chars":["交"]},{"height":8,"file":"minecraft:font/d4dcf8ee5d4c4972bbb8a2b9a07d1da1/2c921f4a5d3c44468b4fd48311bc1274.png","ascent":8,"type":"bitmap","chars":["亥"]},{"height":8,"file":"minecraft:font/fe587f754edd4af8a2d63314872bb232/425c9478d23f4d3aa2f52601379278c0.png","ascent":8,"type":"bitmap","chars":["亦"]},{"height":8,"file":"minecraft:font/e552c078fe7d4513bf9a17b06a18a41a/82ad60e80f77435e96656952d199d16a.png","ascent":8,"type":"bitmap","chars":["产"]},{"height":8,"file":"minecraft:font/9e44d69bc0a14c62b2d90ff2eb719f8f/61fcdab369fc480d8e2bfd579d82c6f8.png","ascent":8,"type":"bitmap","chars":["亨"]},{"height":8,"file":"minecraft:font/88a1dd459c9244619948ddc4b55343e1/557f56d1d9bc43b98518d5278cdb8be7.png","ascent":8,"type":"bitmap","chars":["亩"]},{"height":8,"file":"minecraft:font/a6dcdbbc7fe54f4095dfd31994ff25fc/09845f475fd04fbe91f1b218fd365932.png","ascent":8,"type":"bitmap","chars":["亪"]},{"height":8,"file":"minecraft:font/acb3a05158ff41798258dab0f39c1acb/a4dae5ab7a034e02a77786b1e5aa9db1.png","ascent":8,"type":"bitmap","chars":["享"]},{"height":8,"file":"minecraft:font/3c50fa9bde05407586d68f53f67d38e8/17bbc4306db0489b8913808207bf813c.png","ascent":8,"type":"bitmap","chars":["京"]},{"height":8,"file":"minecraft:font/ec66aa64955e4d80ae985f35608c73f6/b041b7798eaa43a9a89e54efc584d2ad.png","ascent":8,"type":"bitmap","chars":["亭"]},{"height":8,"file":"minecraft:font/4ca60ad7a32f400191e04436a4fa727e/78f3f114328749ecb3d1f2e9f755b420.png","ascent":8,"type":"bitmap","chars":["亮"]},{"height":8,"file":"minecraft:font/ecb35467267a4e8d9f5aca3c9448d78e/1f4c185864c242fc8bc0fcb95f65328f.png","ascent":8,"type":"bitmap","chars":["亯"]},{"height":8,"file":"minecraft:font/a2dafc6757e4411bb07a88b32fb6d558/5b689d30f5b749139541cf0ed3a5a9f4.png","ascent":8,"type":"bitmap","chars":["亰"]},{"height":8,"file":"minecraft:font/39ac8185b30d414da8930498bd6b564f/734399594bfb43df968689e4644e89e3.png","ascent":8,"type":"bitmap","chars":["亱"]},{"height":8,"file":"minecraft:font/fac7fee52b5142c3823629339a5968af/2df8fea96b514b029764c455e61ce766.png","ascent":8,"type":"bitmap","chars":["亲"]},{"height":8,"file":"minecraft:font/0c815a555a7243108ec4308143d5d96b/8667b475d6644f68a39b75cfae4e1373.png","ascent":8,"type":"bitmap","chars":["亳"]},{"height":8,"file":"minecraft:font/505aecdb3fba47bcbe61435e30c31408/44e85159e53d45d3a84495a0cf803e7e.png","ascent":8,"type":"bitmap","chars":["亴"]},{"height":8,"file":"minecraft:font/210fe48aa827461a8b6309f0453d62fb/b1c8dba1ec104312b79efc0d8d9e8681.png","ascent":8,"type":"bitmap","chars":["亵"]},{"height":8,"file":"minecraft:font/694b87f510c74ae98c189030452a56c7/e023c8a7c23547a9a3c297995937ed25.png","ascent":8,"type":"bitmap","chars":["亶"]},{"height":8,"file":"minecraft:font/36356c69dfb146fbba7fa01233ba5952/96cd476e69ac4f98adff9ee2e7aecfea.png","ascent":8,"type":"bitmap","chars":["亷"]},{"height":8,"file":"minecraft:font/e23e169dbee346d0b6d2ea244f00d139/109f0c8dfd904eee9a9e5b0c9ae096b4.png","ascent":8,"type":"bitmap","chars":["亸"]},{"height":8,"file":"minecraft:font/584292b4ff51449d9c680c676c5150aa/6cdbb5a00e204e8088a130fd9f265b09.png","ascent":8,"type":"bitmap","chars":["亹"]},{"height":8,"file":"minecraft:font/fd64fa86b9164a5786303c35498e7101/7f56885db6ed4d5d8875f27e0466cdeb.png","ascent":8,"type":"bitmap","chars":["人"]},{"height":8,"file":"minecraft:font/61410707ed694a81a4c961736cd30ecd/0f09f0ee02a44270bf8c23d3823a2dec.png","ascent":8,"type":"bitmap","chars":["亻"]},{"height":8,"file":"minecraft:font/1bba80d32d0f453cbe1259840207cd85/79f4657cbb3048b481f9f7d8f329088b.png","ascent":8,"type":"bitmap","chars":["亼"]},{"height":8,"file":"minecraft:font/0c073ba42b224ec9b769cf7079f7f162/274a374e388944419778e2fdd21fd9d1.png","ascent":8,"type":"bitmap","chars":["亽"]},{"height":8,"file":"minecraft:font/2b638723f5684672b27e6f8d8f2de173/232dc642c74e4b1e96a0b276582cb3a2.png","ascent":8,"type":"bitmap","chars":["亾"]},{"height":8,"file":"minecraft:font/7c7fba31b95847268d2154d2cac49315/1b7b34ad2db748a18f11e73bc1bb142a.png","ascent":8,"type":"bitmap","chars":["亿"]},{"height":8,"file":"minecraft:font/d83b06302aa44f579ae7cb89dfd4e740/78659847d1bc44928c58fbfc6825f4db.png","ascent":8,"type":"bitmap","chars":["什"]},{"height":8,"file":"minecraft:font/5815d92085fb4af2ad3cf6ec98196965/b46ad6a261f042718d15d3faf60e8e00.png","ascent":8,"type":"bitmap","chars":["仁"]},{"height":8,"file":"minecraft:font/5d35104e0b074f90b9f1429244c76bcc/9f1983671a3f48fa964af444fa572990.png","ascent":8,"type":"bitmap","chars":["仂"]},{"height":8,"file":"minecraft:font/a7881dd1806b4ea5ae810bb4bca086d3/c8636c6de5bb4947952837b043932368.png","ascent":8,"type":"bitmap","chars":["仃"]},{"height":8,"file":"minecraft:font/100d6d845fab437da5324658774019d7/7d68e7936bff48db82e5efa1b552da08.png","ascent":8,"type":"bitmap","chars":["仄"]},{"height":8,"file":"minecraft:font/1ea561238a96400794c7f5b99f012345/408841293bf3417e95b7ccd6bf83201d.png","ascent":8,"type":"bitmap","chars":["仅"]},{"height":8,"file":"minecraft:font/6f403f10fc3a4979a300ee7793027c47/893a3c6925574928b313ae1e6b0ad076.png","ascent":8,"type":"bitmap","chars":["仆"]},{"height":8,"file":"minecraft:font/9d2c3215da794b9aae907b01cb5ff2b0/30a376ec56fd4fb5af3a9f73f6342ed4.png","ascent":8,"type":"bitmap","chars":["仇"]},{"height":8,"file":"minecraft:font/ca96dcaf6fa84759a7c489d204a2aa4f/e2772095a92540969f693b9157090219.png","ascent":8,"type":"bitmap","chars":["仈"]},{"height":8,"file":"minecraft:font/7f7a5b118c1640d1b1dad7cba6e07a19/b592da0661e94e0a97f13c8143ee476d.png","ascent":8,"type":"bitmap","chars":["仉"]},{"height":8,"file":"minecraft:font/ef1c4aa262784074b0466c9fe61a99f6/84f45af14b7548deaa6b3ab273a6fed2.png","ascent":8,"type":"bitmap","chars":["今"]},{"height":8,"file":"minecraft:font/a26f65c7882c436682d697c795022992/de31af9a7df74e0db505a8c44595b472.png","ascent":8,"type":"bitmap","chars":["介"]},{"height":8,"file":"minecraft:font/64d74ed0f1c140ea87c5ef2141501c7e/e0c335b73dea4790883efa9aa928948f.png","ascent":8,"type":"bitmap","chars":["仌"]},{"height":8,"file":"minecraft:font/f5997ce33e90434f8e856927b4e2b9dd/fca7cf87c7844c998d6724f765f9da8e.png","ascent":8,"type":"bitmap","chars":["仍"]},{"height":8,"file":"minecraft:font/e81629cec2b8417b8a0872ed1698140a/614d4daa9db8419496c63ee08890b7c2.png","ascent":8,"type":"bitmap","chars":["从"]},{"height":8,"file":"minecraft:font/e60e57827c2a4599b51552af7f8e3400/aa8e1828b0084352a2ed09d9bb00419a.png","ascent":8,"type":"bitmap","chars":["仏"]},{"height":8,"file":"minecraft:font/081bdebdb5614bb9b9a549f370166934/b4db3d718dba4c5a8b8e0031273b84a9.png","ascent":8,"type":"bitmap","chars":["仐"]},{"height":8,"file":"minecraft:font/9ed54ca1312746beb0ab3f09e4eb3b3b/26adb8f32bc5470ca7bf84b0cf78794f.png","ascent":8,"type":"bitmap","chars":["仑"]},{"height":8,"file":"minecraft:font/fe842883c4ae4c81b1c24d7b46b06da4/af2570c9794b4925ba04c8176466d9f0.png","ascent":8,"type":"bitmap","chars":["仒"]},{"height":8,"file":"minecraft:font/d05cd2f319d14959a2a9185ab9b242c6/9713b94d958041129e21b9c94a74423d.png","ascent":8,"type":"bitmap","chars":["仓"]},{"height":8,"file":"minecraft:font/54099d0e24f84dfe8aa37107ed370b00/72f9fb6cff3e43208d52674e33607e2a.png","ascent":8,"type":"bitmap","chars":["仔"]},{"height":8,"file":"minecraft:font/da07e6e692eb48bfa5bedfdf1d6bead7/497f60454d6d46beb0207d4f3c3317eb.png","ascent":8,"type":"bitmap","chars":["仕"]},{"height":8,"file":"minecraft:font/7b4d701950db4b54b913f9961d43f097/d1ad8125d80842c0af4fd66814b6f273.png","ascent":8,"type":"bitmap","chars":["他"]},{"height":8,"file":"minecraft:font/dd91a3654fbd47e58c1ecbd93e1a1467/c528caaa707640d0a6a9cb1167e55ae6.png","ascent":8,"type":"bitmap","chars":["仗"]},{"height":8,"file":"minecraft:font/88dff6bc795441cc9cbd88c3014fba08/8e100395fa084cc7b3d78057c4948669.png","ascent":8,"type":"bitmap","chars":["付"]},{"height":8,"file":"minecraft:font/16a842b46b4b47578f595becf0e7c902/4d28e241dbe548268a100e4bfcdf40ae.png","ascent":8,"type":"bitmap","chars":["仙"]},{"height":8,"file":"minecraft:font/a0240e85d00f42b597c0720ec8ce1640/14a8fa8dee4d4fc1b688cdbf397de090.png","ascent":8,"type":"bitmap","chars":["仚"]},{"height":8,"file":"minecraft:font/48769b90e98e4e109ec0d2b217fd2733/4d99a30f60e44b7eacf1a7f59cfd775f.png","ascent":8,"type":"bitmap","chars":["仛"]},{"height":8,"file":"minecraft:font/d68fa47bf43b4894baaf48cd076d7025/02903130f8754826965e4d442d9388c3.png","ascent":8,"type":"bitmap","chars":["仜"]},{"height":8,"file":"minecraft:font/06c86e57e44442e5aaa4bb0abc34ede8/d6d437fd301e44b99bbb61eb662e50f1.png","ascent":8,"type":"bitmap","chars":["仝"]},{"height":8,"file":"minecraft:font/b397ed1d53a6468db700af4cb7246730/6a19b4ece85545909fc0770e72884bcd.png","ascent":8,"type":"bitmap","chars":["仞"]},{"height":8,"file":"minecraft:font/15a7d3437cc048e28aec7705a469b9f7/c23e9f2d25a64b4e873825a70e98c15b.png","ascent":8,"type":"bitmap","chars":["仟"]},{"height":8,"file":"minecraft:font/714d1b8f9eb64ed88c91414ddab4cb76/ab3b45f62e3b46a0bb762db603de4a69.png","ascent":8,"type":"bitmap","chars":["仠"]},{"height":8,"file":"minecraft:font/e45d955cff9c4708b3e88b433812e859/1bb5eac2514b4b0eb1fd2d1a46ea2ef2.png","ascent":8,"type":"bitmap","chars":["仡"]},{"height":8,"file":"minecraft:font/15d1db3d5fc349738da6b3f538bab365/a9144adcae2a477281f5dcbeee17d76a.png","ascent":8,"type":"bitmap","chars":["仢"]},{"height":8,"file":"minecraft:font/ebc0a000e94049a7bb7378cddde4bd44/2620d486f7ac4227ae98c056b070b5af.png","ascent":8,"type":"bitmap","chars":["代"]},{"height":8,"file":"minecraft:font/bfd4a0327c9040179fe9ca3987d7e561/16b228a1bd8640febf4673a16b543889.png","ascent":8,"type":"bitmap","chars":["令"]},{"height":8,"file":"minecraft:font/722f6d4f77554058bc0b67db6cf949db/3df6403e28444bce9d00a9f10c750594.png","ascent":8,"type":"bitmap","chars":["以"]},{"height":8,"file":"minecraft:font/4bb1e66638af40a9abbf50f080f082ba/f624f7d43f594556b7b06a2fe987ab01.png","ascent":8,"type":"bitmap","chars":["仦"]},{"height":8,"file":"minecraft:font/cc04c530a92842269bd319c62c748f68/d14c8f832f9844e4b6226a9503af37fa.png","ascent":8,"type":"bitmap","chars":["仧"]},{"height":8,"file":"minecraft:font/07ca547399da44ad83a6eaa4c643d6ac/1b397bd000a04f28bf09b0dced91d1a4.png","ascent":8,"type":"bitmap","chars":["仨"]},{"height":8,"file":"minecraft:font/fba21982bcf94733b44226f96cd186b7/c5243137e47f4b2c8b4fb1a06623c324.png","ascent":8,"type":"bitmap","chars":["仩"]},{"height":8,"file":"minecraft:font/b9c87b75461f4733852dbba242b95f66/0fca6e37721d4030b2f56008fb2408cf.png","ascent":8,"type":"bitmap","chars":["仪"]},{"height":8,"file":"minecraft:font/6b440d28e17341ce952e38c0576da6dd/0a732a9f455646a5a02a71a72e65fa1a.png","ascent":8,"type":"bitmap","chars":["仫"]},{"height":8,"file":"minecraft:font/db175a0bca324e9b9b1c2248ed278ed1/9816b35064fc419f99d389f2de04155a.png","ascent":8,"type":"bitmap","chars":["们"]},{"height":8,"file":"minecraft:font/aad201ef7df54e8ab285abbdcfbae41a/0a5d5d0520014c6495b84aff2d4446b4.png","ascent":8,"type":"bitmap","chars":["仭"]},{"height":8,"file":"minecraft:font/486b525f5a26497596205a99a66d6c98/a95831ac429c413082fc191e864d474c.png","ascent":8,"type":"bitmap","chars":["仮"]},{"height":8,"file":"minecraft:font/13d9432268c04968a11657f3be24ed38/66ba937e0d7343bb80a09a6d6a222c16.png","ascent":8,"type":"bitmap","chars":["仯"]},{"height":8,"file":"minecraft:font/e7195db65626485e950ca339dbc79931/6fab02f8aa784548b549904853756856.png","ascent":8,"type":"bitmap","chars":["仰"]},{"height":8,"file":"minecraft:font/90ac0d14a07747a297005e5f93a6bd32/45a0b37ba22d44dc9c0eef6a4546ad71.png","ascent":8,"type":"bitmap","chars":["仱"]},{"height":8,"file":"minecraft:font/a270e11f562d42f8b75428c720db95d3/2070dcb2a2624c86b76d41f6f4b9d585.png","ascent":8,"type":"bitmap","chars":["仲"]},{"height":8,"file":"minecraft:font/e6e8d05e565544f98aafbb69f5640034/7693cee7252647b4a1d47107ffded700.png","ascent":8,"type":"bitmap","chars":["垗"]},{"height":8,"file":"minecraft:font/9ba4a3ba0d3f4808b263c24fa2d28f7e/cb101d81c6fa44beb7abb8e182cdcab6.png","ascent":8,"type":"bitmap","chars":["仳"]},{"height":8,"file":"minecraft:font/e60b604a808946bd887b06b5e50fb6b5/ba2202fa42c0425288d2bff0d2bba4b9.png","ascent":8,"type":"bitmap","chars":["仴"]},{"height":8,"file":"minecraft:font/f1ec0b1befde4aa089a865e0c8f5bd8e/a5c50ca01ccc419b85a2a1a69fb233a4.png","ascent":8,"type":"bitmap","chars":["仵"]},{"height":8,"file":"minecraft:font/acb93354a1ac4492ad81bf87e0b3c4ce/b08b04caca2c4bcf85cb5adac734cc84.png","ascent":8,"type":"bitmap","chars":["件"]},{"height":8,"file":"minecraft:font/2406883428dd495aa1dd8443d1b9a4fa/0305c86538ad44448a6a8aec033df837.png","ascent":8,"type":"bitmap","chars":["价"]},{"height":8,"file":"minecraft:font/a2a3be7dfd40474a97ea540b8bf89846/3138a861ee1542778ffa7721c2af588d.png","ascent":8,"type":"bitmap","chars":["仸"]},{"height":8,"file":"minecraft:font/eeaef269bab7457dafaa3a27db699703/b482b954ba224dda8ce83f1c5abd1013.png","ascent":8,"type":"bitmap","chars":["仹"]},{"height":8,"file":"minecraft:font/cb8bb3da571c40d2b7c6b6c6f9aa1c66/a4d9ab75a41b4e2cb703b0162355a7d6.png","ascent":8,"type":"bitmap","chars":["仺"]},{"height":8,"file":"minecraft:font/8b8e37da91cb4d38a28c66233eb37f40/cbb5985417b44be88510e956560332c1.png","ascent":8,"type":"bitmap","chars":["任"]},{"height":8,"file":"minecraft:font/1628c5e3bc9d41d986302918ca83eacb/935e5c9489a8438ba6ad9067a4ba61ae.png","ascent":8,"type":"bitmap","chars":["仼"]},{"height":8,"file":"minecraft:font/e06f76b3cbf4448e912cc469170cc109/4bbc42b930924b4499f08c3eb87d34cf.png","ascent":8,"type":"bitmap","chars":["份"]},{"height":8,"file":"minecraft:font/4f3750e029724ae783bb8fd52262887e/57102e36351b4356864530e9a06079d8.png","ascent":8,"type":"bitmap","chars":["仾"]},{"height":8,"file":"minecraft:font/40537b252a094b999839272049c39fb8/00f1993d4a6743169b13e8ff2fded9c2.png","ascent":8,"type":"bitmap","chars":["仿"]},{"height":8,"file":"minecraft:font/0a888f521be44b0da89245a0a641d2c2/60f79b543ac14a1ebfb58b4d2612a23c.png","ascent":8,"type":"bitmap","chars":["伀"]},{"height":8,"file":"minecraft:font/46dfb15a66bb4003adf07f4cb83d327f/6f510d8fb0ae4ada92ee0aa6b2983b0f.png","ascent":8,"type":"bitmap","chars":["企"]},{"height":8,"file":"minecraft:font/933dd0c17cbf4697a3ba110e1d035b2e/52d265a2bc2947dcb09bef978307b1f6.png","ascent":8,"type":"bitmap","chars":["伂"]},{"height":8,"file":"minecraft:font/40b6d97d21ac44158f9e44b34aa1752b/1a7fd436d8de406795f9f1f1bbeca2c9.png","ascent":8,"type":"bitmap","chars":["伃"]},{"height":8,"file":"minecraft:font/5481ee8929eb436ea231f7005d1bace0/acbaad962a424700a00f3e945e97b578.png","ascent":8,"type":"bitmap","chars":["伄"]},{"height":8,"file":"minecraft:font/684edd747d1d48a4b75052f9dd95a3d3/84c0917fffbc442c8562e92696216df6.png","ascent":8,"type":"bitmap","chars":["伅"]},{"height":8,"file":"minecraft:font/63f6426dc6864d9ea69974f47e30f86f/d157f2464d1e4d88a2de0f1e519da9c0.png","ascent":8,"type":"bitmap","chars":["伆"]},{"height":8,"file":"minecraft:font/bee70d283dfd4bd7bec45d6a295e25fa/3cf58709a8eb429c8599cfa9ffcc5a41.png","ascent":8,"type":"bitmap","chars":["伇"]},{"height":8,"file":"minecraft:font/2d1457a9057d41808cd97baf9871bf20/3ea5175e2603462f966df7d3bb55dccd.png","ascent":8,"type":"bitmap","chars":["伈"]},{"height":8,"file":"minecraft:font/e6c8c30167f6497cb13494819c844f12/8fb8415e101c46f6ae5f4cf6e6740481.png","ascent":8,"type":"bitmap","chars":["伉"]},{"height":8,"file":"minecraft:font/da2c65ff43754cd49329f81ee59954ec/012835525e2144d0a1c321801f5ec2fb.png","ascent":8,"type":"bitmap","chars":["伊"]},{"height":8,"file":"minecraft:font/a7b63ce9a1b346ce96346a8287b660d4/f3f49979a1124ed5a0123389ce033944.png","ascent":8,"type":"bitmap","chars":["伋"]},{"height":8,"file":"minecraft:font/5675f8374ec941638bdf980fba36b9ec/90646ac1e64d4fbda0422c9ce098c67f.png","ascent":8,"type":"bitmap","chars":["伌"]},{"height":8,"file":"minecraft:font/7cd8eaa938af4c7eb59ad1f1475ca445/ab359d2156b1413187f3a5358e3e033a.png","ascent":8,"type":"bitmap","chars":["伍"]},{"height":8,"file":"minecraft:font/31ce3c67babf4e339f9066a66ae378c5/89134553fe7645238bf6557db9065625.png","ascent":8,"type":"bitmap","chars":["伎"]},{"height":8,"file":"minecraft:font/9861264c2f6f47c18d2a3ba0b00d95cf/a8fc62f7ce56438d83b2cc068bf05d95.png","ascent":8,"type":"bitmap","chars":["伏"]},{"height":8,"file":"minecraft:font/95b79af464634ee391cb435411e7a78e/384e7b5f9d994cefb5eb46f6047764eb.png","ascent":8,"type":"bitmap","chars":["伐"]},{"height":8,"file":"minecraft:font/fa7b5e669aea41029f2076d9e0866e27/093ea7d4bf4d4c6cb8d4ee87f1a887ee.png","ascent":8,"type":"bitmap","chars":["休"]},{"height":8,"file":"minecraft:font/e94772e20e714d988079db428f1fc834/9e3a8c12a6274efe8d267a27173a6f5b.png","ascent":8,"type":"bitmap","chars":["伒"]},{"height":8,"file":"minecraft:font/045ca35d6cde400e9736aa1b4005ab94/fc5993d697a647e9ad80bc1fac91a57f.png","ascent":8,"type":"bitmap","chars":["伓"]},{"height":8,"file":"minecraft:font/15d86dddabb04824abc3946273f0c7b6/f1b06fee5a2849ca92bdc99ad844cddc.png","ascent":8,"type":"bitmap","chars":["伔"]},{"height":8,"file":"minecraft:font/6a6331db319544deb289dc9c0627ca0f/e8bb6a0d8f474232b5bbb71002e86070.png","ascent":8,"type":"bitmap","chars":["伕"]},{"height":8,"file":"minecraft:font/b186837ee3554b0f9ba65c3dc7fd38f6/963a947a36e24ab5bac4543be5bddc3a.png","ascent":8,"type":"bitmap","chars":["伖"]},{"height":8,"file":"minecraft:font/4eac9af607c7483088fcad48621ac0ad/11ebfdda8f9f4f5f96a17fb99083a7f4.png","ascent":8,"type":"bitmap","chars":["众"]},{"height":8,"file":"minecraft:font/be330233996a4c9881a9428c627f2fa7/e2f1b3f204a145bf8e30b7cf647523f7.png","ascent":8,"type":"bitmap","chars":["优"]},{"height":8,"file":"minecraft:font/510d1f4e240c49ed82c7b1112b313479/7baff02263034b589d51b892d49b735c.png","ascent":8,"type":"bitmap","chars":["伙"]},{"height":8,"file":"minecraft:font/2aac0f2ebee746c7b4f7dfe31e38a44e/5fa7b47f0c904a15b6ce31fce2cab17f.png","ascent":8,"type":"bitmap","chars":["会"]},{"height":8,"file":"minecraft:font/1c8892aeb6634cc8b8b6d558bdca27a5/481744ab6f2944b2b8b95348e40347ee.png","ascent":8,"type":"bitmap","chars":["偹"]},{"height":8,"file":"minecraft:font/205c30cd18704710982b7c884ef83ccc/cc4f5d0f8938481f9bb8fbc01ada3881.png","ascent":8,"type":"bitmap","chars":["偺"]},{"height":8,"file":"minecraft:font/0491c27da31e44589ef73498f9719aac/407b6e27162841f7bb66d6252100da2d.png","ascent":8,"type":"bitmap","chars":["偻"]},{"height":8,"file":"minecraft:font/f8da4e09edaa44848ae1cf5aea75cbd7/e5ef43c7ba7341538cb7a1aad8df64c0.png","ascent":8,"type":"bitmap","chars":["偼"]},{"height":8,"file":"minecraft:font/9b0b916fe06a4bafa94425b00c748833/4cc51152080a4f8b9c0d8c281c1be9d2.png","ascent":8,"type":"bitmap","chars":["偽"]},{"height":8,"file":"minecraft:font/54f95fda8c6c47dba410a7c183992368/1e76f26a996746f0802c82e882a14bf7.png","ascent":8,"type":"bitmap","chars":["偾"]},{"height":8,"file":"minecraft:font/49af9752865a419885e08447b90b9fa7/cda1ad7fca554989b32774102f188eb5.png","ascent":8,"type":"bitmap","chars":["偿"]},{"height":8,"file":"minecraft:font/ae28a664c68144058b7f2baf5a8d2b1d/b24dd8eaa3a7438982997a75955e9492.png","ascent":8,"type":"bitmap","chars":["傀"]},{"height":8,"file":"minecraft:font/798cbc61823a4904b3e693bf227f58d8/dec832776c824b4c8b2530a1bd71ee08.png","ascent":8,"type":"bitmap","chars":["傁"]},{"height":8,"file":"minecraft:font/e5eee96bac2543008c22680ba3da978c/d51933a612454ba8ae8f4159d3d011e7.png","ascent":8,"type":"bitmap","chars":["傂"]},{"height":8,"file":"minecraft:font/e268725ddd4f48bd82546b9b167eea92/190845925bc04ce08acc190effcfd477.png","ascent":8,"type":"bitmap","chars":["傃"]},{"height":8,"file":"minecraft:font/45c06207c18b44d3a2f386aa3edf8046/4eb93b0b59f64048af165c1c599bb54f.png","ascent":8,"type":"bitmap","chars":["傄"]},{"height":8,"file":"minecraft:font/a9695e33f8874ed097c821232c9135bd/860dad7b1b2347509b60a313d971e297.png","ascent":8,"type":"bitmap","chars":["傅"]},{"height":8,"file":"minecraft:font/8c02dcad14894b67ba51ee5ae407a990/f3848432c5a14b39ae1e08ca8ee7ec54.png","ascent":8,"type":"bitmap","chars":["傆"]},{"height":8,"file":"minecraft:font/5482ea70ac1f463e8a0997ab45ec25e0/4edf011770f54d97bf9991bd3d9bba68.png","ascent":8,"type":"bitmap","chars":["傇"]},{"height":8,"file":"minecraft:font/9abfc481a3bd464abc19d33bee31c6af/456a37dc1c0442e4952183d2d2e8b956.png","ascent":8,"type":"bitmap","chars":["傈"]},{"height":8,"file":"minecraft:font/efd3f942868e46a49a6b40e2a46b9dea/b627ffcd15a4450bb7ab2a64d39e7078.png","ascent":8,"type":"bitmap","chars":["傉"]},{"height":8,"file":"minecraft:font/d2fe954b81254959ad036802c2c53142/d75291da6c9b4b349895d4198637d915.png","ascent":8,"type":"bitmap","chars":["傊"]},{"height":8,"file":"minecraft:font/f7100aaecfb64fd382dcd799cf89cd4f/d8c01c8245024ec59562bfd20805cdef.png","ascent":8,"type":"bitmap","chars":["傋"]},{"height":8,"file":"minecraft:font/9c60eebdbdbf427696ef5c0bafae2ec7/ef15ad3f2f1d4f1ab6c016eedb7f5882.png","ascent":8,"type":"bitmap","chars":["傌"]},{"height":8,"file":"minecraft:font/32e3b87e31584d4caef00eeb32ff29c7/10d31bd46ca24b74a67ae26acbb72d0d.png","ascent":8,"type":"bitmap","chars":["垃"]},{"height":8,"file":"minecraft:font/b532a34861264068a8c177e242d12970/44309ea67db348b5b362f4059ff77826.png","ascent":8,"type":"bitmap","chars":["垄"]},{"height":8,"file":"minecraft:font/ec5fc6c036754a1c9e73879e7b823322/8d1cabc2e7a6452faac124cf4d786220.png","ascent":8,"type":"bitmap","chars":["垅"]},{"height":8,"file":"minecraft:font/18e95c88001444b7bbee3257a61353d5/f40fbdb4744b4f8baa0ca4aecbdfd49f.png","ascent":8,"type":"bitmap","chars":["垆"]},{"height":8,"file":"minecraft:font/eded252281564a5aa6a5e0f5071612aa/f625a2c7b59647f0a554eeeeac4ba41d.png","ascent":8,"type":"bitmap","chars":["垇"]},{"height":8,"file":"minecraft:font/ef844381780041069e3f90e4d3871580/8e2e696e2bdc44b7b60e72917891398a.png","ascent":8,"type":"bitmap","chars":["垈"]},{"height":8,"file":"minecraft:font/86e701a1097d4e24971d97f164eb9589/465ce330f02b4a59a9d383ba2a34d9ab.png","ascent":8,"type":"bitmap","chars":["垉"]},{"height":8,"file":"minecraft:font/eca831beec364192a7d40a2bdded7050/0e03f6349b6844afa6da7d215500d79f.png","ascent":8,"type":"bitmap","chars":["垊"]},{"height":8,"file":"minecraft:font/3257ababf340416789af0de3cf673ece/1f0f73fbbf654e20bbf97df465ab3cdf.png","ascent":8,"type":"bitmap","chars":["型"]},{"height":8,"file":"minecraft:font/83fc6d846abf41dc89beb9e8e85abeda/77c5130c15644615b4488f9a30233be2.png","ascent":8,"type":"bitmap","chars":["垌"]},{"height":8,"file":"minecraft:font/6e920bfec1134fe8844e0f0bf5f5e09c/5858ad399fb545ec97f6ff25d11ea58b.png","ascent":8,"type":"bitmap","chars":["垍"]},{"height":8,"file":"minecraft:font/3c8e840db55745a6bb0677f5345de94f/c4c7271783e14b8faa13570ec2b62977.png","ascent":8,"type":"bitmap","chars":["垎"]},{"height":8,"file":"minecraft:font/f7a6375286d0438981664fae3432f80d/c673af6867504d0db3f64b5237dde618.png","ascent":8,"type":"bitmap","chars":["垏"]},{"height":8,"file":"minecraft:font/23d278ed1a314f068141384ecbd24f75/3ec5a65bd29e4f4b85db505cb1036ebe.png","ascent":8,"type":"bitmap","chars":["垐"]},{"height":8,"file":"minecraft:font/62f6cc4a832d4b8db51c5b889eb9020b/3805f45d11ce43e0b7f7f216d05d0917.png","ascent":8,"type":"bitmap","chars":["垑"]},{"height":8,"file":"minecraft:font/b4bd6319869d4707ac1f5b06eb5ea90f/6e03730630e14205aad44ab017d81b0c.png","ascent":8,"type":"bitmap","chars":["垒"]},{"height":8,"file":"minecraft:font/85812428626d4cf7b794d674490dd26b/bbe1a196ead845b8adeedb872941baa5.png","ascent":8,"type":"bitmap","chars":["垓"]},{"height":8,"file":"minecraft:font/aaa4d473ac40408eb92f3c65981e9a78/61a9006b142e490ab51b6e8944119d76.png","ascent":8,"type":"bitmap","chars":["垔"]},{"height":8,"file":"minecraft:font/82f968f37215475699c6f9cbd215ae18/97282bbd9087460fbab1e328949e7b63.png","ascent":8,"type":"bitmap","chars":["垕"]},{"height":8,"file":"minecraft:font/55ffcbd9904f47ebafe3ea91b05b97d2/ec760cecb40a45b19ceffa1a5f1523da.png","ascent":8,"type":"bitmap","chars":["垖"]},{"type":"bitmap","file":"font/pixel.png","ascent":-1000,"height":-2,"chars":["ᨓ"]},{"type":"bitmap","file":"font/pixel.png","ascent":-10000,"height":1,"chars":["ᨒ"]},{"type":"bitmap","file":"font/pixel.png","ascent":-10000,"height":-2,"chars":["⻙"]}]}