{"providers":[{"chars":["垜"],"type":"bitmap","ascent":16,"file":"minecraft:font/1bc6a1cbe7c246bcb103a9f6a3d8e0d9/b39b0f91904c4d0cad9e4921f6c69446.png","height":16},{"chars":["垟"],"type":"bitmap","ascent":16,"file":"minecraft:font/1006a0dfdcf34ca7b351993ee8d4f2cc/8e3047bf4ccc43a2a740ae0e7d1203db.png","height":16},{"chars":["一"],"type":"bitmap","ascent":16,"file":"minecraft:font/61082f1469e743eeb767d668d9bc5df5/7db472ac65f9452fa851434990d0c5a3.png","height":16},{"chars":["丁"],"type":"bitmap","ascent":8,"file":"minecraft:font/294be2c01b2c4f00821b20ceb4dab3a9/ce160b1ffdea444b81176056897e7524.png","height":8},{"chars":["垞"],"type":"bitmap","ascent":8,"file":"minecraft:font/69ddb2500c0441a79b99f13d68ef4ea0/cebbbfecc06c454d938dae4a77731de8.png","height":8},{"chars":["垠"],"type":"bitmap","ascent":8,"file":"minecraft:font/31af581e797c422682d30279f0068bee/17134b7b352448138bbd4a00947637c7.png","height":8},{"chars":["丂"],"type":"bitmap","ascent":8,"file":"minecraft:font/66c7a32601d64c7f9c849a605b79d780/983fdc0ac7f74e53a1094752eaaf0827.png","height":8},{"chars":["七"],"type":"bitmap","ascent":8,"file":"minecraft:font/e07198cddd6b4a54aa686c287bfc1250/d069e64c1bae4665829f694a2a5379ec.png","height":8},{"chars":["丄"],"type":"bitmap","ascent":8,"file":"minecraft:font/61b2fbdfee964bc3aa9ee6c74ea56c90/ad6985efb00c4631ab05ab5027d43cea.png","height":8},{"chars":["丅"],"type":"bitmap","ascent":8,"file":"minecraft:font/5c1659505f6943be81a381c28f0a8e49/a7959bf1143243d093b5c3880442043d.png","height":8},{"chars":["丆"],"type":"bitmap","ascent":8,"file":"minecraft:font/d17f560d94624249a8b396290704c272/0eab085904544b5ab3050f7cad1f00b3.png","height":8},{"chars":["万"],"type":"bitmap","ascent":8,"file":"minecraft:font/8731d7540ab24afea15d0bb7caeacaeb/fd06ab22e3cf456eba71f2f48f674896.png","height":8},{"chars":["丈"],"type":"bitmap","ascent":8,"file":"minecraft:font/4bffb34dba91480eae2eb638bccf7d9c/0964b229cdaa42989f9461e67fa11272.png","height":8},{"chars":["三"],"type":"bitmap","ascent":8,"file":"minecraft:font/6b49e6513c784430b4f3795298aa5ec5/988242acd1594183a2e0e45abac51a98.png","height":8},{"chars":["上"],"type":"bitmap","ascent":8,"file":"minecraft:font/90b63ac0ef7149af98880043e8a339ef/a64e48f2a9514b6c983d05768a107201.png","height":8},{"chars":["下"],"type":"bitmap","ascent":8,"file":"minecraft:font/0efd35dcc182483f94b1559d90e9628b/c346af08be8947beb01c1b6ad89d0925.png","height":8},{"chars":["丌"],"type":"bitmap","ascent":8,"file":"minecraft:font/e100632af7c145f9a981ecdbd9b0d479/8e933ccd19b14f67aba212e3a57a0f34.png","height":8},{"chars":["不"],"type":"bitmap","ascent":8,"file":"minecraft:font/50ec8fbfb9bc4ceea7af27169fd456bc/0de9b340a6da4e7d903f0e32ffe13421.png","height":8},{"chars":["与"],"type":"bitmap","ascent":8,"file":"minecraft:font/f57cdc20ade9456a844e392f64b70ca2/0143508abe194b22ab274a18c7983974.png","height":8},{"chars":["丏"],"type":"bitmap","ascent":8,"file":"minecraft:font/3f237ae1566f422daa27046dd133d01e/5e8f48691372451a96cd8f61502134b8.png","height":8},{"chars":["丐"],"type":"bitmap","ascent":8,"file":"minecraft:font/c6d502ff4cc547b6bbd93f1e5e121a6e/83daf72c4c7744a7845b404d9e28872c.png","height":8},{"chars":["丑"],"type":"bitmap","ascent":8,"file":"minecraft:font/ff4f817bc8144e0da582e665dd075631/5162577fac2d4fa6b19ed8c784e9742e.png","height":8},{"chars":["丒"],"type":"bitmap","ascent":8,"file":"minecraft:font/967d349fc71c44cdbd87cb9da909f5fc/f80d14d9d31342519eb3b95724ba5477.png","height":8},{"chars":["专"],"type":"bitmap","ascent":8,"file":"minecraft:font/cf3bf20c3bb1472e97f3d46e89d5b0a1/b454371e8ac949cc85150ebb21b91def.png","height":8},{"chars":["且"],"type":"bitmap","ascent":8,"file":"minecraft:font/c2d6ae762b1a445ea71b762a1042acf9/f46cbbf90a39466b835a6cdee96af570.png","height":8},{"chars":["丕"],"type":"bitmap","ascent":8,"file":"minecraft:font/40999627e49d400ab1c9b21a792257dd/24d4661427fe4751b416a49f58d32687.png","height":8},{"chars":["世"],"type":"bitmap","ascent":8,"file":"minecraft:font/440203b99c7342bca68736be751a0bd3/0204711564bd49d19b72938adaf9a7f3.png","height":8},{"chars":["丗"],"type":"bitmap","ascent":8,"file":"minecraft:font/393bfdb1c04c42f2b1c07c034ac6b7f9/4ccb7655c00943bcb44b56cd50495808.png","height":8},{"chars":["丘"],"type":"bitmap","ascent":8,"file":"minecraft:font/5c874753f2a740a88d23612313ca99c0/d5b3497c14a14444b18e029bdbb45945.png","height":8},{"chars":["丙"],"type":"bitmap","ascent":8,"file":"minecraft:font/657a6e75d65a44b0aa80074dc663ff21/b48806428a314826814d9bf68eb5fa23.png","height":8},{"chars":["业"],"type":"bitmap","ascent":8,"file":"minecraft:font/afb2216588ab40c9b0ca0e228c05da40/5e946c61f9b54a3991a12154059767a2.png","height":8},{"chars":["丛"],"type":"bitmap","ascent":8,"file":"minecraft:font/c858b5a7f7be4ba6bec02b3cce9fdd73/d3ddb9ee713f41abaf42430cf70e87b2.png","height":8},{"chars":["东"],"type":"bitmap","ascent":8,"file":"minecraft:font/61697466cc1a46959dd97d7fa4efc1b1/0b3e6591b6d04aeda391d359be0303fe.png","height":8},{"chars":["丝"],"type":"bitmap","ascent":8,"file":"minecraft:font/4b96940c74ad4e98b1bb481f459f40ad/d4d5fc69a53342889477e6e3774b6cdf.png","height":8},{"chars":["丞"],"type":"bitmap","ascent":8,"file":"minecraft:font/22b95056a8e04d778c07df46f5867773/5820e8eddcd341cf80c512ab9a9f08ec.png","height":8},{"chars":["丟"],"type":"bitmap","ascent":8,"file":"minecraft:font/99d3d97f34fb4191a317db50d8fabd60/0a3d582076f94fa093987df85d4889f8.png","height":8},{"chars":["丠"],"type":"bitmap","ascent":8,"file":"minecraft:font/506baf6f1a5c426ca7bce15cc7aba7be/237a5aa1984d460ea631b3ce75f3dc26.png","height":8},{"chars":["両"],"type":"bitmap","ascent":8,"file":"minecraft:font/5cc723fe455a4741a962c133e2067dc5/650b777feb914140816e32dddf433165.png","height":8},{"chars":["丢"],"type":"bitmap","ascent":8,"file":"minecraft:font/8577ea992529449280350b76b92e44db/03106e42dc054cffb88de1ed768603d5.png","height":8},{"chars":["丣"],"type":"bitmap","ascent":8,"file":"minecraft:font/42cacd9542644eb087e01e810447e2d0/434df5bdbd0945238eec6ea4d4e051ae.png","height":8},{"chars":["两"],"type":"bitmap","ascent":8,"file":"minecraft:font/5b3b898e15eb45ddbef0d1d7f9d359b2/4086801ed72b4da68ad76fb9218bc38a.png","height":8},{"chars":["严"],"type":"bitmap","ascent":8,"file":"minecraft:font/03b75973990e4f1a897e28fa9a91fa0d/2d2c3d88cded4da7a08f585f74d2986c.png","height":8},{"chars":["並"],"type":"bitmap","ascent":8,"file":"minecraft:font/564185a4575948f9b2a3b252dbb0ee9c/dbdda153c35c440bb45ef384603f2f32.png","height":8},{"chars":["丧"],"type":"bitmap","ascent":8,"file":"minecraft:font/aa9251d6ff3a4ff29744e9ec943ce632/4a2ce8644a104e36a0a16ce42c92ab4b.png","height":8},{"chars":["丨"],"type":"bitmap","ascent":8,"file":"minecraft:font/cf3d4e81ac9548038b56eeafe26a8fd3/cf18a1ef9db14de4b74e3bac2072e88f.png","height":8},{"chars":["丩"],"type":"bitmap","ascent":8,"file":"minecraft:font/b4f05697db4f47aa8e609dcaf4bb34ba/4aefc36805e34c50823b9c0427cfc0f2.png","height":8},{"chars":["个"],"type":"bitmap","ascent":8,"file":"minecraft:font/c65eacea3d8f4acd9433e509d64b0917/a347074dd16842b6af70a47710cb956b.png","height":8},{"chars":["丫"],"type":"bitmap","ascent":8,"file":"minecraft:font/07180279983441498229ae6dda380e0e/04fb77361ad34f25aad44b07ba8ebaab.png","height":8},{"chars":["丬"],"type":"bitmap","ascent":8,"file":"minecraft:font/bef3b14003c346949858135e2b5c76c5/95db7b763e864b6fbe61b0b5c1fe45e0.png","height":8},{"chars":["中"],"type":"bitmap","ascent":8,"file":"minecraft:font/fc039b5dee454f19a150bd0a947ed21c/6d479f3aafa7420eb97c08cf2143e7af.png","height":8},{"chars":["丮"],"type":"bitmap","ascent":8,"file":"minecraft:font/79ce25bc78904a85b5f209a5cc02bab6/cec8b95937284fc9bf168ba1946669e6.png","height":8},{"chars":["丯"],"type":"bitmap","ascent":8,"file":"minecraft:font/e6e214f4b4e34c6ab4d87f6696752aa7/61fefaac38cc49c4a331c38527a5f1e6.png","height":8},{"chars":["丰"],"type":"bitmap","ascent":8,"file":"minecraft:font/f005747488914d5c9bcca8943f46a400/94c7e0686613406393912e9430009ed3.png","height":8},{"chars":["丱"],"type":"bitmap","ascent":8,"file":"minecraft:font/d4a60fe815694bd0ba4bd49c71ef6d8f/ea297964dc774daf914a1a8904f1f588.png","height":8},{"chars":["串"],"type":"bitmap","ascent":8,"file":"minecraft:font/b994b89ede684e0187e9dcf9bcc65a6d/a9feb5ded4444e87a549508ceba0cc4f.png","height":8},{"chars":["丳"],"type":"bitmap","ascent":8,"file":"minecraft:font/549efb220c854710b0457a9b1374fdbb/a581c56a2ffc4e9090d34a1d69bedf62.png","height":8},{"chars":["垙"],"type":"bitmap","ascent":16000,"file":"minecraft:font/60d2c4b5b9414c68800eeae3615f7d50/2a4005032c0844cd88ce639dce31e589.png","height":16000},{"chars":["亖"],"type":"bitmap","ascent":8,"file":"minecraft:font/7b194eace8c2422e8773a2b0560d4ff2/2ca24c40b3634518bbfbabe001af7e5e.png","height":8},{"chars":["亗"],"type":"bitmap","ascent":8,"file":"minecraft:font/5ff64e4d08424e75b1c6b8851f442a46/69bfeec922334453a30f00d8885fb949.png","height":8},{"chars":["亘"],"type":"bitmap","ascent":8,"file":"minecraft:font/96f6cdae9c994800a22f060145ded088/5dc81b203fbd452986a8581b836c2973.png","height":8},{"chars":["亙"],"type":"bitmap","ascent":8,"file":"minecraft:font/3efeab7090874dc3849deec0880aac93/ccb495a34ec349b3b7d348e149f99bf7.png","height":8},{"chars":["亚"],"type":"bitmap","ascent":8,"file":"minecraft:font/7b4ffabeef8549a2a741792c9d92df75/d553d2289981492ca1d2ec67bc7175ef.png","height":8},{"chars":["些"],"type":"bitmap","ascent":8,"file":"minecraft:font/81c668d0bcd54de0b3a8dbad386365cd/ce513588116143a197edf1fe098d2559.png","height":8},{"chars":["亜"],"type":"bitmap","ascent":8,"file":"minecraft:font/2b4a2327f080403abe35481afd4ccf55/7470e589036843edb6c8b49bf45e1a99.png","height":8},{"chars":["亝"],"type":"bitmap","ascent":8,"file":"minecraft:font/cad360d8314c4f538ca441359bcd93bd/ab2af07dcb274b61a5f29f2665f70b7c.png","height":8},{"chars":["亞"],"type":"bitmap","ascent":8,"file":"minecraft:font/cf68ab0929d741a8b00572fb673bc590/5471fc89a80d4e368083c91a609841c8.png","height":8},{"chars":["亟"],"type":"bitmap","ascent":8,"file":"minecraft:font/a2b89c9006cb4d839b6c4266bf72bab7/6216cf95e83c4721bd2bfa8a9228744f.png","height":8},{"chars":["亠"],"type":"bitmap","ascent":8,"file":"minecraft:font/2a82c2c1399d43af8c239386c54386f6/be1cf9fd7c81491a8bfcfe8fc7df289b.png","height":8},{"chars":["亡"],"type":"bitmap","ascent":8,"file":"minecraft:font/4ceb77f2158d425ea32003904fb88f22/b33ad88dfbc44f3f8d080deb98ddf2cb.png","height":8},{"chars":["亢"],"type":"bitmap","ascent":8,"file":"minecraft:font/e0e8029100d047e0a0ed4eb57629b419/8ce09ed7072341d18502225fa90df05f.png","height":8},{"chars":["亣"],"type":"bitmap","ascent":8,"file":"minecraft:font/02d15d4f891a4470a187610e09c1f77d/be224de2beed4a729efb98e16437410c.png","height":8},{"chars":["交"],"type":"bitmap","ascent":8,"file":"minecraft:font/b34e6a05ed384de6883a89d9d49777a2/ec03bfd70d8f4eb388e09f3c4739db16.png","height":8},{"chars":["亥"],"type":"bitmap","ascent":8,"file":"minecraft:font/b0fd68ea357d44a3be53c85703091506/0a02d6249474428daa8fbeec9dfcc3b9.png","height":8},{"chars":["亦"],"type":"bitmap","ascent":8,"file":"minecraft:font/77267cb4236e4062aa5623ed7526e498/f4be82e1e1c74b4c844e5b924e104ff9.png","height":8},{"chars":["产"],"type":"bitmap","ascent":8,"file":"minecraft:font/e7cbf0ef807a42869246d15bce8e2f64/2bda9bc2df6e4c70a838022e9225e724.png","height":8},{"chars":["亨"],"type":"bitmap","ascent":8,"file":"minecraft:font/aed2561e4b34462e8be9bdaafc0daa95/3b4e8e4f2cc04bf8af632724e8a43c39.png","height":8},{"chars":["亩"],"type":"bitmap","ascent":8,"file":"minecraft:font/338ba6c6c7b045c2b65e1ed2e6c304cb/e0660c0a855d43dda1eee9b80c381326.png","height":8},{"chars":["亪"],"type":"bitmap","ascent":8,"file":"minecraft:font/e0c9b05b96a146bbaa12747a2febf507/07cddb40b1e142ccaa95d4b98f78f6c8.png","height":8},{"chars":["享"],"type":"bitmap","ascent":8,"file":"minecraft:font/4d6bc9bf96734f07bebaf95337059bfb/018106ce28b64cfb9cb02d1a99f91dc8.png","height":8},{"chars":["京"],"type":"bitmap","ascent":8,"file":"minecraft:font/d34515f6301f429c8e6c83288efeb3db/89492602f1bf4e268121a9f0f5f9d2de.png","height":8},{"chars":["亭"],"type":"bitmap","ascent":8,"file":"minecraft:font/4aad215a629e4c84b307500d4f92e30a/d68320c77fcb4ccb8495e15294ccfdf7.png","height":8},{"chars":["亮"],"type":"bitmap","ascent":8,"file":"minecraft:font/812564abc8654b4da11679d9b25aa03b/22278224d8284207b5f5287c771bb322.png","height":8},{"chars":["亯"],"type":"bitmap","ascent":8,"file":"minecraft:font/cf6c98dfbbd04e82aaf7529895183b9e/7462947a43504299b608b1c2526d26d2.png","height":8},{"chars":["亰"],"type":"bitmap","ascent":8,"file":"minecraft:font/a4145f55b421435eb74dded333439d99/b7abc64377f44b2188e0685424d4456b.png","height":8},{"chars":["亱"],"type":"bitmap","ascent":8,"file":"minecraft:font/e63eea5822f44ca8b0c5b3f7a42c4152/43f1987a5ff14dc69b11a3fb91bfd6c8.png","height":8},{"chars":["亲"],"type":"bitmap","ascent":8,"file":"minecraft:font/ec1ef17574484f78a25e82cc86a1e592/9109ba4bae664dde82c27726792e6ba0.png","height":8},{"chars":["亳"],"type":"bitmap","ascent":8,"file":"minecraft:font/2c38449fd37646d59d896b192b7836ef/04f913e96d8a4691b04f397932babceb.png","height":8},{"chars":["亴"],"type":"bitmap","ascent":8,"file":"minecraft:font/59dea65cef514aaabb9fa67781afdc1b/e0c3d7b61c704acaa8c8a92248af5ea1.png","height":8},{"chars":["亵"],"type":"bitmap","ascent":8,"file":"minecraft:font/ed5ea9323864482abc14ad37cc4530fe/c140f242a9c845f298f2d2b8776e1350.png","height":8},{"chars":["亶"],"type":"bitmap","ascent":8,"file":"minecraft:font/8deeb0d5e5274dff98886aaed4ab9bcd/280ca6b96ee74d06acd970c48f23cc8b.png","height":8},{"chars":["亷"],"type":"bitmap","ascent":8,"file":"minecraft:font/3fa44e56a0df474bb092932a8a3698b3/4062bef27e41411dbf2a79042709001f.png","height":8},{"chars":["亸"],"type":"bitmap","ascent":8,"file":"minecraft:font/5d0fdc35e13e40a2afc3ec613a17faa3/8641ee9c34664e4aa2746b9a2d1082b9.png","height":8},{"chars":["亹"],"type":"bitmap","ascent":8,"file":"minecraft:font/b803e3b45eb54284b25aaca7af77afd4/e3a3f1ea2e434fcabd6e36725dd0391b.png","height":8},{"chars":["人"],"type":"bitmap","ascent":8,"file":"minecraft:font/b9f4f3eddd4e4a5e93bd904f75c282d8/04f0e50dde544456b7e31a438bdcd3a4.png","height":8},{"chars":["亻"],"type":"bitmap","ascent":8,"file":"minecraft:font/61bfebb7fa5a4efa8a541e691c16b6fc/005fbff0db6f451aa22a2b189a2d2d14.png","height":8},{"chars":["亼"],"type":"bitmap","ascent":8,"file":"minecraft:font/c3698add0a31497fa0561d311c1cc7b6/d99a6e6fbafb4d92a8f6fb0ed3d71ea8.png","height":8},{"chars":["亽"],"type":"bitmap","ascent":8,"file":"minecraft:font/12fa5386c1b640adaa6830d18be2e5e8/c3b40f31ebe54c8d94080175ce2f6d8e.png","height":8},{"chars":["亾"],"type":"bitmap","ascent":8,"file":"minecraft:font/dcab8840132d49f797bd41593578d03b/d0e585c5809c4c328acf4795cef38cb0.png","height":8},{"chars":["亿"],"type":"bitmap","ascent":8,"file":"minecraft:font/ac2612d1ebe94251ab6b36a6ebfc9a9b/2e3072560a4f4951905d4b7b728e7117.png","height":8},{"chars":["什"],"type":"bitmap","ascent":8,"file":"minecraft:font/9260fa93a5f9405fa814dab1483a0e30/6f4fea48bbe942039788753d209779e0.png","height":8},{"chars":["仁"],"type":"bitmap","ascent":8,"file":"minecraft:font/418d399771a045f29d6a669254f456a2/d3e916ede0e54e7a9bdc99fa27688394.png","height":8},{"chars":["仂"],"type":"bitmap","ascent":8,"file":"minecraft:font/681f895f99d748a58fb5e16a5ac05a96/4ed44fd2aafc475d99c0b5ff71a24756.png","height":8},{"chars":["仃"],"type":"bitmap","ascent":8,"file":"minecraft:font/5a291f67c6224a00900a189e81458882/7c5af7d5112e4323b6b46dd301a4676f.png","height":8},{"chars":["仄"],"type":"bitmap","ascent":8,"file":"minecraft:font/34b7d2f007b540f6a8a21c3af9e23245/f413a85fc081447784edd31cbe40d2c2.png","height":8},{"chars":["仅"],"type":"bitmap","ascent":8,"file":"minecraft:font/6b9c1522cb194f18ad6ec1d77ed40beb/99b9da0ad39f46f3b59b12df49e4a2e5.png","height":8},{"chars":["仆"],"type":"bitmap","ascent":8,"file":"minecraft:font/7d4d3a7232b34ad5af24eba51353ab88/18472a5d18ae43a3bd57a4e345cb6390.png","height":8},{"chars":["仇"],"type":"bitmap","ascent":8,"file":"minecraft:font/1ff386887e2245a9aaf1c55ab3f92886/75266896afca4af19079aa3a5f61fc90.png","height":8},{"chars":["仈"],"type":"bitmap","ascent":8,"file":"minecraft:font/33609fafba414d8aa111aa7fe481cfb1/efe3f2782ade4e969cdd0d734f5dcee0.png","height":8},{"chars":["仉"],"type":"bitmap","ascent":8,"file":"minecraft:font/26d9a3ae46684db3b0f262abe1f1d078/5873fba740b24f889d7855cb6550855e.png","height":8},{"chars":["今"],"type":"bitmap","ascent":8,"file":"minecraft:font/26f9a9b3bee7435aa0b2bafe55b2703d/565b866e5fd94b5dbc803d1fad4a20d4.png","height":8},{"chars":["介"],"type":"bitmap","ascent":8,"file":"minecraft:font/4660836fa34c409c96dea03aff67d5f8/9dd64d1eaee34795b640b4a7d04c083b.png","height":8},{"chars":["仌"],"type":"bitmap","ascent":8,"file":"minecraft:font/e1eb43eac7574b868b1f8762782c6376/204e50b0ac9a4025a77f57747093332b.png","height":8},{"chars":["仍"],"type":"bitmap","ascent":8,"file":"minecraft:font/589f036ced19490881bd8a6e569d3964/eac6f0b461b54e6c99cded6ed438386b.png","height":8},{"chars":["从"],"type":"bitmap","ascent":8,"file":"minecraft:font/5eaa1720f9cd4c0b80fc840b4e995bf5/48bc4845b4414a4d8d4a932f6f27caa8.png","height":8},{"chars":["仏"],"type":"bitmap","ascent":8,"file":"minecraft:font/053ba62504b64cca858ab8aa8b98aa0e/105b750768dc467ab1f1bfef654f7c83.png","height":8},{"chars":["仐"],"type":"bitmap","ascent":8,"file":"minecraft:font/2699770f36b94903b444e757cf7fd887/2048ea551e654334a295ae2fe0287121.png","height":8},{"chars":["仑"],"type":"bitmap","ascent":8,"file":"minecraft:font/77bd94952e344ed1811312ec17a825d8/02dfecf6619b445e9b8f671d4bfbd7c7.png","height":8},{"chars":["仒"],"type":"bitmap","ascent":8,"file":"minecraft:font/e6f0dc302d224501a10e2a20176905f8/c3560477e7134e00994b2f8f620f4b5d.png","height":8},{"chars":["仓"],"type":"bitmap","ascent":8,"file":"minecraft:font/9887a53e8a2747a6b1600d3461c84760/6e4d3b4033a64e7abd20987f6ba0bca0.png","height":8},{"chars":["仔"],"type":"bitmap","ascent":8,"file":"minecraft:font/4ede7df6d9d24a29b5f8b27c641e981f/313787a3223341e8b7f747673c64051e.png","height":8},{"chars":["仕"],"type":"bitmap","ascent":8,"file":"minecraft:font/231b1230da17486da5c16c71acac2b68/977a441d709b422a83a4c9e8623b0fd3.png","height":8},{"chars":["他"],"type":"bitmap","ascent":8,"file":"minecraft:font/c483faf81b6c48218787ba4ba2581b05/e6f368006d1340f2819a1f3a21ab267b.png","height":8},{"chars":["仗"],"type":"bitmap","ascent":8,"file":"minecraft:font/1328cbf36c71476d84cf2b31093a0dd8/726dc1ae7db24313bd2fff63eace4ae2.png","height":8},{"chars":["付"],"type":"bitmap","ascent":8,"file":"minecraft:font/a5523faedede4535b719030e612a9513/83f124905dbe43a4ae0ca8f7d968bbe7.png","height":8},{"chars":["仙"],"type":"bitmap","ascent":8,"file":"minecraft:font/21aa800283c6447ea5a009882e69bdff/5435d26d4d7648e2a3888fc138ccc363.png","height":8},{"chars":["仚"],"type":"bitmap","ascent":8,"file":"minecraft:font/c9d2c297460846f38d916a6a15bd3d7c/7476c0edca014944b029f30b5576dfb4.png","height":8},{"chars":["仛"],"type":"bitmap","ascent":8,"file":"minecraft:font/d9c4e71807dc4f7788c26ecb21616c88/41450555256a4a02ab9148514cf13ab8.png","height":8},{"chars":["仜"],"type":"bitmap","ascent":8,"file":"minecraft:font/4b1a04a1aa74443da01bfae48c45596a/747448976fbf4f93bcfe576ad38ada7c.png","height":8},{"chars":["仝"],"type":"bitmap","ascent":8,"file":"minecraft:font/f4a7e59d6bb342ea915d78ed0d4eb1c6/271e0276111c4396ba3372ecfc11d0b3.png","height":8},{"chars":["仞"],"type":"bitmap","ascent":8,"file":"minecraft:font/c83b7505c8344db68e7f9f32958e9351/e7da8b63c5ae491c9719c3873bad0eab.png","height":8},{"chars":["仟"],"type":"bitmap","ascent":8,"file":"minecraft:font/6fcecdde659d49609479d64130795f72/205877108d6540d5aa2546b9fbac64ea.png","height":8},{"chars":["仠"],"type":"bitmap","ascent":8,"file":"minecraft:font/223131fdba1e47ddb2fa8ac4cf151f02/b724fbaa904b4e0189b5ff1b706454d6.png","height":8},{"chars":["仡"],"type":"bitmap","ascent":8,"file":"minecraft:font/12cf777303fd489cb650539f6274535b/06aea52d9b67404d89e7571167b0d82f.png","height":8},{"chars":["仢"],"type":"bitmap","ascent":8,"file":"minecraft:font/594bc8a620ce4fd098b9f2294018d425/b3298a51387047cd857233bc3ae1c828.png","height":8},{"chars":["代"],"type":"bitmap","ascent":8,"file":"minecraft:font/e5bc77964a9244cab3820d89c73529d7/379d182739544ae79ca436a0b28dd533.png","height":8},{"chars":["令"],"type":"bitmap","ascent":8,"file":"minecraft:font/287362ec73734994976d44cae098c196/8e1777a6fbd540bf9910e79be2336644.png","height":8},{"chars":["以"],"type":"bitmap","ascent":8,"file":"minecraft:font/e804f07919b24438a09952979b361399/d095dd98105a42648eb36ae9acfa1066.png","height":8},{"chars":["仦"],"type":"bitmap","ascent":8,"file":"minecraft:font/552992a4b83a41e1be52fd6fdb8dc253/e279d0f6a94f4930bba0df64d491598b.png","height":8},{"chars":["仧"],"type":"bitmap","ascent":8,"file":"minecraft:font/8dd61968ceca477b8a2e4e05a7381822/8b05baf92f97413785870e812c19e0a7.png","height":8},{"chars":["仨"],"type":"bitmap","ascent":8,"file":"minecraft:font/b0618dfb84da46f2a7766e6684adfa75/5e1e111614604ec0a7104de2e171e740.png","height":8},{"chars":["仩"],"type":"bitmap","ascent":8,"file":"minecraft:font/172285cd1dcf43aba89f31370fabaf6a/5a8e089d238945628e5894627bf67b84.png","height":8},{"chars":["仪"],"type":"bitmap","ascent":8,"file":"minecraft:font/96c0aade4b734b0b893a78ec80ee31cc/8988df79bcb84cd09632d6ed734c0328.png","height":8},{"chars":["仫"],"type":"bitmap","ascent":8,"file":"minecraft:font/47116f5371594c2784c3bf7bc6a2235f/d5aa9b5880d44804a71b9884646472d5.png","height":8},{"chars":["们"],"type":"bitmap","ascent":8,"file":"minecraft:font/14c847b79c9547059157b054b64db623/8edd964dce2c4113af27091caafab153.png","height":8},{"chars":["仭"],"type":"bitmap","ascent":8,"file":"minecraft:font/9ce7649ddb324c59a2bba071b466256e/8ca70237cab04c678a1002f1ede65bf6.png","height":8},{"chars":["仮"],"type":"bitmap","ascent":8,"file":"minecraft:font/d61a2d29acd344ee99f9f49cf84881f9/8ce423b7fc674065af3261ee1fd4539d.png","height":8},{"chars":["仯"],"type":"bitmap","ascent":8,"file":"minecraft:font/7d885642e76c445483d10f32311ef760/5cabf274f76c4b69afd691a5faf9aaed.png","height":8},{"chars":["仰"],"type":"bitmap","ascent":8,"file":"minecraft:font/b66e85d3235c4020ae6f22868fc2d2f6/762a33d0f82141f485f432dfb1f8c0cc.png","height":8},{"chars":["仱"],"type":"bitmap","ascent":8,"file":"minecraft:font/fb71567dac10421e81febbb6d446b820/2f20db192b5e4aafb53c30fac95f171a.png","height":8},{"chars":["仲"],"type":"bitmap","ascent":8,"file":"minecraft:font/0fc055d8a8ea4c068d1052741c31d077/24e0766f5822457e98ccb57127cd2b1d.png","height":8},{"chars":["临"],"type":"bitmap","ascent":8,"file":"minecraft:font/017f908b1d724dde8e39cc3e0e617b11/9f7eb86466344303857ffae65e95acdc.png","height":8},{"chars":["丵"],"type":"bitmap","ascent":8,"file":"minecraft:font/51664737156e464d8e2956a4142eaaab/d4df66d3615e4a008c87a0e6dd907365.png","height":8},{"chars":["丶"],"type":"bitmap","ascent":8,"file":"minecraft:font/1e495b6265cf4a38b0736fc051a5d0b3/c2ea981ac11441789f5b555ed2cc81c8.png","height":8},{"chars":["丷"],"type":"bitmap","ascent":8,"file":"minecraft:font/3280c0a165c54849b28cb6aac4e93a2d/9215cb73559b4d07aceeede97783635a.png","height":8},{"chars":["丸"],"type":"bitmap","ascent":8,"file":"minecraft:font/59c40ddc0fca40d0b4e42b877df37b6a/344e56d2f1474357a748827c7eb417a6.png","height":8},{"chars":["丹"],"type":"bitmap","ascent":8,"file":"minecraft:font/99869ec8e4ea480480e4ccac8d3271a4/f6882404d72b424db1b1129dc144615c.png","height":8},{"chars":["为"],"type":"bitmap","ascent":8,"file":"minecraft:font/200ce38ab0734f47be70ab69e026dc7a/876562553f6344a181ee57ffe1b4f97a.png","height":8},{"chars":["主"],"type":"bitmap","ascent":8,"file":"minecraft:font/791a1918bfaa47a3b46a0eca2b39f5b3/46313bbb3998476893f5ef8a513edbf5.png","height":8},{"chars":["丼"],"type":"bitmap","ascent":8,"file":"minecraft:font/5466aff2bf11436e9d1fa0850f5a49f2/75ccc184375f4b40a32da5248b9ae436.png","height":8},{"chars":["丽"],"type":"bitmap","ascent":8,"file":"minecraft:font/7d6e8863f6ee41baa8e2e44ccf78c90b/2eb72de81fa0441192ced9deb8f69084.png","height":8},{"chars":["举"],"type":"bitmap","ascent":8,"file":"minecraft:font/b7c794d213424d00899a1ef56fac9ae3/41924ebae0b54af28d7586517a8c43ec.png","height":8},{"chars":["丿"],"type":"bitmap","ascent":8,"file":"minecraft:font/14120d4f62fa4e25b11172c88ddde88f/4fdad46e90414d558a9cf7faa7352dbf.png","height":8},{"chars":["乀"],"type":"bitmap","ascent":8,"file":"minecraft:font/8e600f7ba2ea446eae70a54e8ae4b744/a71ceeb691d44c4e89ae7111b0fe95f8.png","height":8},{"chars":["乁"],"type":"bitmap","ascent":8,"file":"minecraft:font/16f449c1ddef4f328bb538f0d7637746/368dbe6c64c246e4bfce4ae8abedff68.png","height":8},{"chars":["乂"],"type":"bitmap","ascent":8,"file":"minecraft:font/e03c789e62764ed99dcf5b3caa79be22/8de7427d0b1a45489ff502881b7b5d43.png","height":8},{"chars":["乃"],"type":"bitmap","ascent":8,"file":"minecraft:font/cbd7453b1bb1487cb9ac497091878202/f3fd76f9d9aa41e1875a64db98ae5bd7.png","height":8},{"chars":["乄"],"type":"bitmap","ascent":8,"file":"minecraft:font/9ccfcd63b4314e33b5700cc999738bcb/20c895924f164b0a83664a3d93611e87.png","height":8},{"chars":["久"],"type":"bitmap","ascent":8,"file":"minecraft:font/6fae5f97c8994ea3a3de3449fb9d5316/875a5201bfb54a4db9422ac6acef25d1.png","height":8},{"chars":["乆"],"type":"bitmap","ascent":8,"file":"minecraft:font/fc08b40adc4f4f62b9d936fea13b9de7/c6b91227288441f4aefeb107d0fab4ad.png","height":8},{"chars":["乇"],"type":"bitmap","ascent":8,"file":"minecraft:font/044580f8e45f4e0fb6cc4c966aebf17c/4a793876391d430c885917e85f9e49dc.png","height":8},{"chars":["么"],"type":"bitmap","ascent":8,"file":"minecraft:font/a95a6e3b5ba44a20b2a3c1c6cdea2b55/f1d1119d1e444762b24ca3739c1e5d54.png","height":8},{"chars":["义"],"type":"bitmap","ascent":8,"file":"minecraft:font/b4cedac9162a405b8dccddf09a28a8a1/e9d3bbde92bc4aeeabdbb8c9d6f14fe1.png","height":8},{"chars":["乊"],"type":"bitmap","ascent":8,"file":"minecraft:font/5294e65d008d4949862fe148f88e4acf/5b1d863c2e9e4cd98c7a6ae266ee4b07.png","height":8},{"chars":["之"],"type":"bitmap","ascent":8,"file":"minecraft:font/6f44ede9407341d59d8bbb953517cd83/62135d5f53e24abc8f584bd3aef1dc8b.png","height":8},{"chars":["乌"],"type":"bitmap","ascent":8,"file":"minecraft:font/2ff4c2fb76224f6988f86145eed8f635/08b9d57279c149d7acbba532f47965cb.png","height":8},{"chars":["乍"],"type":"bitmap","ascent":8,"file":"minecraft:font/68acaf1c5a9e4d4ea945d9a2912c0c6c/8f91070f1d2643a6979cec7cce9b9799.png","height":8},{"chars":["乎"],"type":"bitmap","ascent":8,"file":"minecraft:font/a4b25eaab3cb41e9b6e103a13e1d5df1/27e72f87bf204067bdc34259c2e51ef9.png","height":8},{"chars":["乏"],"type":"bitmap","ascent":8,"file":"minecraft:font/c91f7272c1b648e4a5a7298a532871d2/a8f9ea551060455eab5668eba1dc2391.png","height":8},{"chars":["乐"],"type":"bitmap","ascent":8,"file":"minecraft:font/cd12bea3ee00480489157fe582129d98/582043abb83244d1922d22765acacf28.png","height":8},{"chars":["乑"],"type":"bitmap","ascent":8,"file":"minecraft:font/dac2c39e0c3e4283aa3229226ec61f5e/8a27ee2ffc31408399af5be2830d30f9.png","height":8},{"chars":["乒"],"type":"bitmap","ascent":8,"file":"minecraft:font/c18f698d09f143abaeb2d2f6ed487413/6a2aa8502b9246e597a23591cf6762b6.png","height":8},{"chars":["乓"],"type":"bitmap","ascent":8,"file":"minecraft:font/b82e262c9b7b4e73a4f02ebd91b5bce7/834d0a1824fb4d43970152e9a5739c70.png","height":8},{"chars":["乔"],"type":"bitmap","ascent":8,"file":"minecraft:font/6eccac7ba19c458cae30ec0015f30c27/9c1a6c51446c4dc49104e2cb833348bc.png","height":8},{"chars":["乕"],"type":"bitmap","ascent":8,"file":"minecraft:font/5d36ee18df6149bba5711889ef7a9f67/2de8d597e0e94f4093ffada4f75bd9a2.png","height":8},{"chars":["乖"],"type":"bitmap","ascent":8,"file":"minecraft:font/847a291520be44dea899f5583d564045/9c81dcb02b914adea111c885b8771e93.png","height":8},{"chars":["乗"],"type":"bitmap","ascent":8,"file":"minecraft:font/b7c8864cef42404391e696bb645cb9e1/2a9df55e9973432389dc727e2c01470b.png","height":8},{"chars":["乘"],"type":"bitmap","ascent":8,"file":"minecraft:font/43d02a232f33435190f1c94afc81f1d3/ec336118168c499dbb1e8ad0338bb51a.png","height":8},{"chars":["乙"],"type":"bitmap","ascent":8,"file":"minecraft:font/2d883593c6b740ce803c8fc9ee06eb55/00e036d5da824301a9fe74133e6e5191.png","height":8},{"chars":["乚"],"type":"bitmap","ascent":8,"file":"minecraft:font/414f6951f2bb48168ff2ab0368ef8b6a/8fac73209850444f84961d765d0ff0c4.png","height":8},{"chars":["乛"],"type":"bitmap","ascent":8,"file":"minecraft:font/5d1b807c15d04001bbf037bcd8265c8f/2f1e7b2206414920a08cf2316e7f1407.png","height":8},{"chars":["乜"],"type":"bitmap","ascent":8,"file":"minecraft:font/904f3007b3ba48bf97fcac189fa74c71/968d9aef16344c2c831781e9eca318aa.png","height":8},{"chars":["九"],"type":"bitmap","ascent":8,"file":"minecraft:font/ba0a274d95ad4d19b215e902414ff468/16f9f23f5d2645b7a01a1d98058d3baf.png","height":8},{"chars":["乞"],"type":"bitmap","ascent":8,"file":"minecraft:font/f10c3b39a07549b6abd6437f503962d9/2d9bb09af9104e879e566471c2dd3b8b.png","height":8},{"chars":["也"],"type":"bitmap","ascent":8,"file":"minecraft:font/4645b237a33f452caea5f5038564394e/cb6b60b3a7864fdd93f93acfadb2a1c5.png","height":8},{"chars":["习"],"type":"bitmap","ascent":8,"file":"minecraft:font/cac102af7b8147939c28b4e90f9f66ec/084e30625e344ebb997c62072f162fc9.png","height":8},{"chars":["乡"],"type":"bitmap","ascent":8,"file":"minecraft:font/2b9595de03414d36ac2f08461c6cd7d0/9e8d4c2459b24fdb99b6b6a93578f9a2.png","height":8},{"chars":["乢"],"type":"bitmap","ascent":8,"file":"minecraft:font/23903413b6e4443cb0659e3df64593c8/f273d8f070e046589a13b7e2d630ba57.png","height":8},{"chars":["乣"],"type":"bitmap","ascent":8,"file":"minecraft:font/071b3eeb55224350bb55b772e0be511d/e3a817eac902492ca9caf906e41b1365.png","height":8},{"chars":["乤"],"type":"bitmap","ascent":8,"file":"minecraft:font/9b5eb156f3e44d92bd2eb65c1d61c22d/5924c30ae487439c98ab38395b22555c.png","height":8},{"chars":["乥"],"type":"bitmap","ascent":8,"file":"minecraft:font/24096dcf25e74b3789f41d0bc6f0d94c/fe78eb1129e6463e81000d702ac9e2fb.png","height":8},{"chars":["书"],"type":"bitmap","ascent":8,"file":"minecraft:font/9e771aeba7874830a5449d6b4ac7b581/4976945820f34d5b9f45991e112a0acd.png","height":8},{"chars":["乧"],"type":"bitmap","ascent":8,"file":"minecraft:font/884a295c71834e569d1067bee0dd1d69/5a359cc631494beba8e922a75b1fc421.png","height":8},{"chars":["乨"],"type":"bitmap","ascent":8,"file":"minecraft:font/64f62c48da6744b09217ef792156c65a/8987aad78ae3436ba4a582ab43108f41.png","height":8},{"chars":["乩"],"type":"bitmap","ascent":8,"file":"minecraft:font/dbe6e87f3d7d4e258c4a2d55356e0a9a/e4f201263cf249e0a226ba8c65681cdc.png","height":8},{"chars":["乪"],"type":"bitmap","ascent":8,"file":"minecraft:font/bb42453de95f459c9c65538d90f33c71/8e3734e0106449a7aeb892dfb14deda9.png","height":8},{"chars":["乫"],"type":"bitmap","ascent":8,"file":"minecraft:font/5d550e7cbfe24ef794dc439d277eb1ce/4f83075564174dcab3f5f8c9d380d5af.png","height":8},{"chars":["乬"],"type":"bitmap","ascent":8,"file":"minecraft:font/afc47ccb65d04ae797b371cff410699b/752d219d7aaf4fb39fd89c76bf8d4689.png","height":8},{"chars":["乭"],"type":"bitmap","ascent":8,"file":"minecraft:font/8a8856c5ac7b44d1a8487ee45de29077/07a323a7e388448fb21e9dd8955d0388.png","height":8},{"chars":["乮"],"type":"bitmap","ascent":8,"file":"minecraft:font/e06d2b6927dd444e9059c4fd602c33b1/9fcfc9ae09524e3bb0b276be6053f2ad.png","height":8},{"chars":["乯"],"type":"bitmap","ascent":8,"file":"minecraft:font/f27ee9fd354343cab24fa5600d9253e6/d7aad6c0680f4e7eb9c38d5900d7380b.png","height":8},{"chars":["买"],"type":"bitmap","ascent":8,"file":"minecraft:font/5f97d1bba87f4ba1bcda1e6c693a49d4/3fed7171cd66401a9e8a36a209605505.png","height":8},{"chars":["乱"],"type":"bitmap","ascent":8,"file":"minecraft:font/a12246ff702247edb0243504df602bb9/80d1d92efafb48efb1245055e07c74c7.png","height":8},{"chars":["乲"],"type":"bitmap","ascent":8,"file":"minecraft:font/e6f8122c85844b1bbb2b886ef32b3aca/4832d5a791934e0c91420a89b43eee9b.png","height":8},{"chars":["乳"],"type":"bitmap","ascent":8,"file":"minecraft:font/6f8e51167ad74a56b6adb2c1aab2c75d/416e5ee8ea4d4f1698168ab25597af6a.png","height":8},{"chars":["乴"],"type":"bitmap","ascent":8,"file":"minecraft:font/34d7feec905e483999b20e848901ced4/b1dc5bc4423f4b73ae890e9daaa6f58d.png","height":8},{"chars":["乵"],"type":"bitmap","ascent":8,"file":"minecraft:font/2d4c898afd874e69bbf4ca91979ca178/a8731262fd4b4a59b944038a868292f5.png","height":8},{"chars":["乶"],"type":"bitmap","ascent":8,"file":"minecraft:font/0251e5e2d84c4c099b5999de59e35ba6/ef8f87e972e14740a717dbdfdaa04d55.png","height":8},{"chars":["乷"],"type":"bitmap","ascent":8,"file":"minecraft:font/bdde139849a9463ba82b5823e8f0c53f/3f23c703694143c88f500017aba697e8.png","height":8},{"chars":["乸"],"type":"bitmap","ascent":8,"file":"minecraft:font/0fdab661f26b478d8b985fdf6652e211/0c48c6702ace45d0b3199e221ceb6b7d.png","height":8},{"chars":["乹"],"type":"bitmap","ascent":8,"file":"minecraft:font/209f27cd2f774873b84da239363d435a/406856bfe8cc4cfb8e927d806b5ac3a3.png","height":8},{"chars":["乺"],"type":"bitmap","ascent":8,"file":"minecraft:font/3b96053b505e4155a6f337ddcbfea00a/bf9d9459d3584efd81b8a92468650ff0.png","height":8},{"chars":["乻"],"type":"bitmap","ascent":8,"file":"minecraft:font/0b22141121794b688bc45d0ecb32ca04/4daacc24c789472ca6399a400026fe31.png","height":8},{"chars":["乼"],"type":"bitmap","ascent":8,"file":"minecraft:font/b2b8e20ca4654ff9990c0939c4ccb1b7/27940f6916d545e99d73fdfc4202ef90.png","height":8},{"chars":["乽"],"type":"bitmap","ascent":8,"file":"minecraft:font/700a038ad60049af8f2bed3c56bd3693/a6ce46d3e53d4f4ab5fc1bced875e88b.png","height":8},{"chars":["乾"],"type":"bitmap","ascent":8,"file":"minecraft:font/5cd2cff5d2384a0b96e170cb3dbc6bf4/75bdb06e42ed4496ac9313fad674cca3.png","height":8},{"chars":["乿"],"type":"bitmap","ascent":8,"file":"minecraft:font/ee8893e63b3b4fbe9e5bfa30333820a9/80166071c423402ca5f153c1282f17ec.png","height":8},{"chars":["亀"],"type":"bitmap","ascent":8,"file":"minecraft:font/d593e5ecf3964caf9f5f20481bde5645/81b96ee2cd2d4099868314f0b5d1cf0a.png","height":8},{"chars":["亁"],"type":"bitmap","ascent":8,"file":"minecraft:font/a1fcb3b660f34de3ab3523405673f989/a4381a1080184e9a9a9df43675b91d8a.png","height":8},{"chars":["亂"],"type":"bitmap","ascent":8,"file":"minecraft:font/9a82e992ce834ce48480ac7308c30852/1626939dcf2e48c3b00e3e74beca5722.png","height":8},{"chars":["亃"],"type":"bitmap","ascent":8,"file":"minecraft:font/b3e7b9bc23e0411e90e460b6d6a07d83/44723d9af7b440b6b5dfa160293a132a.png","height":8},{"chars":["亄"],"type":"bitmap","ascent":8,"file":"minecraft:font/c1580d4641874f1d8551985f1413bab4/8686f4ee4ef54fbc847ea4267c846250.png","height":8},{"chars":["亅"],"type":"bitmap","ascent":8,"file":"minecraft:font/c5741419ded44002ac68938374f258bc/4f69247aa8a34faf9bf81ff5f28e508e.png","height":8},{"chars":["了"],"type":"bitmap","ascent":8,"file":"minecraft:font/4868113fcefc4ee9ad21f0e88dc334b4/7297829a21d84dadb94f654287268856.png","height":8},{"chars":["亇"],"type":"bitmap","ascent":8,"file":"minecraft:font/69e1728a0c83467baebaeef8a0f03973/f04a592e0b5649e4ba559c19c5fbcdf9.png","height":8},{"chars":["予"],"type":"bitmap","ascent":8,"file":"minecraft:font/7b325390060e4f5a9eda0309da4d423a/7cc573f4d0e842c7942428f787f182ac.png","height":8},{"chars":["争"],"type":"bitmap","ascent":8,"file":"minecraft:font/31709bedaf254bb79908b7ba7d7698a3/2e2ac1e15300428bab20a2cc677ab7d4.png","height":8},{"chars":["亊"],"type":"bitmap","ascent":8,"file":"minecraft:font/21fd10e287634329a946b92e1d1eee22/e2063fd0fada4910b0cb82899eae36db.png","height":8},{"chars":["事"],"type":"bitmap","ascent":8,"file":"minecraft:font/a59ce07eac8740ebab609c8e3b996db3/6b13304910d8421d82fe93014e02c51d.png","height":8},{"chars":["二"],"type":"bitmap","ascent":8,"file":"minecraft:font/30b1c725f31b4e07add920a471d50e27/8a20d9ed9c094762a9b7805c9cd1400e.png","height":8},{"chars":["亍"],"type":"bitmap","ascent":8,"file":"minecraft:font/bba1000042ff46539f131d8c27c9c3f2/c0ef3332efdb4982b5c752866dbf01cb.png","height":8},{"chars":["于"],"type":"bitmap","ascent":8,"file":"minecraft:font/4c953a22f57b4bb5a3069c55164cf79f/87b05410fe6745e184a3e62d1a4eaf34.png","height":8},{"chars":["亏"],"type":"bitmap","ascent":8,"file":"minecraft:font/fca8cdc25c934f1995683df3307a4641/ab5d73ff90fb4a31837a5e43fd985f78.png","height":8},{"chars":["亐"],"type":"bitmap","ascent":8,"file":"minecraft:font/541f1fbd7d1c4f4583912f846697d457/0511480af9144db28ad4bf653d0e847c.png","height":8},{"chars":["云"],"type":"bitmap","ascent":8,"file":"minecraft:font/21935b332bf647cfbea4b3a26f044eee/9b6a57994dd74a47a87a68d6c6982627.png","height":8},{"chars":["互"],"type":"bitmap","ascent":8,"file":"minecraft:font/4896f1ce423d487794068d7ed9531192/46ada5c8987b4143b6de940c0a71bf2f.png","height":8},{"chars":["亓"],"type":"bitmap","ascent":8,"file":"minecraft:font/ccddfab36923478f9ff11f943cc16a1e/7d85120296c4484eb7921d78d844a6bd.png","height":8},{"chars":["五"],"type":"bitmap","ascent":8,"file":"minecraft:font/58886390b970409e858371add00b9b9f/5c72ee91a2064bfb90e40dc2e17bc1f8.png","height":8},{"chars":["井"],"type":"bitmap","ascent":8,"file":"minecraft:font/6339976f1d1e416c993c9306178244f8/bb0dd85a63aa498ba2a798bef280f702.png","height":8},{"chars":["亖"],"type":"bitmap","ascent":8,"file":"minecraft:font/c3970f043e874b21b50e5f6039866584/d06fb30d18e243a3b6c75f9ffd88d1d0.png","height":8},{"chars":["亗"],"type":"bitmap","ascent":8,"file":"minecraft:font/a840cc46ea9e4eca9b3167cf76ce6902/4ca617cdf4ee4e55a14afdb31df150ea.png","height":8},{"chars":["亘"],"type":"bitmap","ascent":8,"file":"minecraft:font/e344c705c4834633941ca168efac4893/2f62d1e0f30d4d37a4c1b1c6322bb862.png","height":8},{"chars":["亙"],"type":"bitmap","ascent":8,"file":"minecraft:font/e087e70ea2dc44fbb3e99afb9c3eaf82/c429dd86121b4ec695255a5228bc5dd1.png","height":8},{"chars":["亚"],"type":"bitmap","ascent":8,"file":"minecraft:font/d0400d4ac1e347ebb7bbafe3fafcd8c1/7c14956a7b454f01aff2e6162748ce03.png","height":8},{"chars":["些"],"type":"bitmap","ascent":8,"file":"minecraft:font/300e93461a8040c380d7dbb70d2eafdb/09242914db9c4d72a463fc66e4ba50be.png","height":8},{"chars":["亜"],"type":"bitmap","ascent":8,"file":"minecraft:font/48a2da5bc0fe433187b317a9a19bb08a/8995aa4d2260456aa121177acb68895b.png","height":8},{"chars":["亝"],"type":"bitmap","ascent":8,"file":"minecraft:font/9150d5bc8677499d97ec7fd53cb0f220/71861e6d4369475cbe1176691139d4b3.png","height":8},{"chars":["亞"],"type":"bitmap","ascent":8,"file":"minecraft:font/d754c9743aaa40569e7002e43bc66b43/d102087c6265470ca97c15c5a062a199.png","height":8},{"chars":["亟"],"type":"bitmap","ascent":8,"file":"minecraft:font/f9e76296cb524cdeaeb5b41d79d02153/22ff84463657409e8af21dff0903e6c8.png","height":8},{"chars":["亠"],"type":"bitmap","ascent":8,"file":"minecraft:font/665417cf0f8a43989e1f5cb61886b55a/546392a9ca674eb1ba8c6aee71c42bca.png","height":8},{"chars":["亡"],"type":"bitmap","ascent":8,"file":"minecraft:font/73f6bbd558fb4b71ac230ad8d4e18ee3/02d4beeff00d4ccf89cf5e2a232bb36d.png","height":8},{"chars":["亢"],"type":"bitmap","ascent":8,"file":"minecraft:font/2040941fafdc4726b0372d7f3c546850/b02d9359f6ae437d91d9fd29eb9f3f4c.png","height":8},{"chars":["亣"],"type":"bitmap","ascent":8,"file":"minecraft:font/5c960473655d453a9fceb50194325841/56d9e8c0f3f14342b7a506700cbd155b.png","height":8},{"chars":["交"],"type":"bitmap","ascent":8,"file":"minecraft:font/badae5ece1e6426cb6bcdc12c692a33c/52c49a6172574423bf36b589c77beccc.png","height":8},{"chars":["亥"],"type":"bitmap","ascent":8,"file":"minecraft:font/29974d5b6bfc44eb95f441e66a3df20e/6c52606666144e2b90244fe240efaaad.png","height":8},{"chars":["亦"],"type":"bitmap","ascent":8,"file":"minecraft:font/bd382ce4aec346d7a631aa2b85720923/375d3f2f971f484cb5b8380a68a40f0b.png","height":8},{"chars":["产"],"type":"bitmap","ascent":8,"file":"minecraft:font/f61c291d0404450ea79743f1da672cd3/14a11d4c6ae04836828e03d741c72421.png","height":8},{"chars":["亨"],"type":"bitmap","ascent":8,"file":"minecraft:font/ad0c6ee49dcb4853b89b842c777aed7c/67fa5ed2b01b43a09d46bfe04d9f1e26.png","height":8},{"chars":["亩"],"type":"bitmap","ascent":8,"file":"minecraft:font/2c23f368e34140c6b4cd80f5b5f0a047/eefd823ff22f4bbfb1489178f052972b.png","height":8},{"chars":["亪"],"type":"bitmap","ascent":8,"file":"minecraft:font/82724aa79b394a88a85a0d5a0164fea0/3ea0358d3dd84575a69ca24de59d8872.png","height":8},{"chars":["享"],"type":"bitmap","ascent":8,"file":"minecraft:font/1ae99928eecf4b70af26fa83f448809e/50c7b472d86d44a7a6b0478cf92bdcbb.png","height":8},{"chars":["京"],"type":"bitmap","ascent":8,"file":"minecraft:font/39d8c8d743644c1a855dca264e182825/961db399ef3241159c4d9b7381516719.png","height":8},{"chars":["亭"],"type":"bitmap","ascent":8,"file":"minecraft:font/ebe2a2c34e5f4a818d5a52ba98173a2e/01b07283f0554d059c88690b6cfd7116.png","height":8},{"chars":["亮"],"type":"bitmap","ascent":8,"file":"minecraft:font/36634fb934f2473596bae44a1a0f5e95/706609c413d140eeacb9f15c0c46a87b.png","height":8},{"chars":["亯"],"type":"bitmap","ascent":8,"file":"minecraft:font/d3116a78762f4c7293bf37b06cddbaa1/1db3823e630c43f4b17e58c8c132e69d.png","height":8},{"chars":["亰"],"type":"bitmap","ascent":8,"file":"minecraft:font/5f0b65129f164c2f8fe4b9d37284b82a/c22cd0947e1144a582fa9bdc4ecfe71f.png","height":8},{"chars":["亱"],"type":"bitmap","ascent":8,"file":"minecraft:font/a2a27377f868424d97b0fa6cf2bab10d/3988dec16394441bace99dcf04ae139f.png","height":8},{"chars":["亲"],"type":"bitmap","ascent":8,"file":"minecraft:font/98ab05b66ffc47a090af92ec95d9d71b/9f95461689304ee783f283f8d0dd0b34.png","height":8},{"chars":["亳"],"type":"bitmap","ascent":8,"file":"minecraft:font/1192e2b5fc594ea1be8b022f738afc7c/1853fcc67b6847d7a591dd197128541c.png","height":8},{"chars":["亴"],"type":"bitmap","ascent":8,"file":"minecraft:font/7bddacdb62424c7d864fbe6bd674fddd/53b3149e8ac54a7cb387a69a13b4f4e8.png","height":8},{"chars":["亵"],"type":"bitmap","ascent":8,"file":"minecraft:font/fa6970894a58453db8a62d3becaac847/b6be9452e050431baecc5a3334ead779.png","height":8},{"chars":["亶"],"type":"bitmap","ascent":8,"file":"minecraft:font/31abc05b764b47ccb6eb375faf8b3426/efe0277c6f2f467ea00f1e1b544272c9.png","height":8},{"chars":["亷"],"type":"bitmap","ascent":8,"file":"minecraft:font/33fa3e6a43ae48acaab535e22e024f57/046993f890d74aacb8f0ef805f158ea9.png","height":8},{"chars":["亸"],"type":"bitmap","ascent":8,"file":"minecraft:font/074e9bdb91eb4c4f91fa022afbd06c5f/d79c9947c57545ff9116c85b58f07dae.png","height":8},{"chars":["亹"],"type":"bitmap","ascent":8,"file":"minecraft:font/e7accc1393d048318b717baf7684d3fb/257983a67e5c417b9c0b16467a2b53b2.png","height":8},{"chars":["人"],"type":"bitmap","ascent":8,"file":"minecraft:font/9c49c9e144f54e94872032e470b30241/8d14c5094fad4f4d948cb58d757cbeae.png","height":8},{"chars":["亻"],"type":"bitmap","ascent":8,"file":"minecraft:font/028128bf535842aaa89483c933f8c045/4a55e4afc840455785059ce70caa33f4.png","height":8},{"chars":["亼"],"type":"bitmap","ascent":8,"file":"minecraft:font/3d34954279814b489c8effa20bbb2144/44e44a44cd4346bbb2da5e9bb45ad889.png","height":8},{"chars":["亽"],"type":"bitmap","ascent":8,"file":"minecraft:font/ac8008dc96ee4874bc0f00c74266895c/8f4f0d23912d453486efe1706b32b3df.png","height":8},{"chars":["亾"],"type":"bitmap","ascent":8,"file":"minecraft:font/1deca9b0612c4fb2b10d9f33eafb9553/eaddcafac60a4e4a80c167cc2887ddd9.png","height":8},{"chars":["亿"],"type":"bitmap","ascent":8,"file":"minecraft:font/7d56ca24d8d744d4a32bc7eb11b436b8/2950c970de524d9fa0535ebda7bb5594.png","height":8},{"chars":["什"],"type":"bitmap","ascent":8,"file":"minecraft:font/848336503e874e78ae4862d4f6040cc9/2972135299094c39ae596f2316991211.png","height":8},{"chars":["仁"],"type":"bitmap","ascent":8,"file":"minecraft:font/b86c9e55128e498ea043b47c5ec07a96/aa4f2421104e44b4b6d78b658bdbace3.png","height":8},{"chars":["仂"],"type":"bitmap","ascent":8,"file":"minecraft:font/8055f924dbfe46d3b135bd6a571291b6/f4b7b2f9951e421ab02645edf5e187cf.png","height":8},{"chars":["仃"],"type":"bitmap","ascent":8,"file":"minecraft:font/f4c516d563374825a2b10b0a51c6185c/b02ec010646d45e59c259ad0625190e3.png","height":8},{"chars":["仄"],"type":"bitmap","ascent":8,"file":"minecraft:font/1babee3016fa411a80c997b0e27ae18f/bd631d04afcc403f85886116d55b5457.png","height":8},{"chars":["仅"],"type":"bitmap","ascent":8,"file":"minecraft:font/f8a955f354ae45a6a1488d62a0ac3680/ca82c9b445914dc4830b49c4f0882779.png","height":8},{"chars":["仆"],"type":"bitmap","ascent":8,"file":"minecraft:font/582e8c406a634653a26cf50a17f51f44/2822c99902ee4a8999be3321d7737716.png","height":8},{"chars":["仇"],"type":"bitmap","ascent":8,"file":"minecraft:font/5f6be48cbb6043fdbc43472abbd617ff/ebcfdb52a77d4afba7871a51e0056b56.png","height":8},{"chars":["仈"],"type":"bitmap","ascent":8,"file":"minecraft:font/8e45f7d909934e3da40aef7fe0f9a05f/342dfdcf479f441ca25245bbc47bd6cf.png","height":8},{"chars":["仉"],"type":"bitmap","ascent":8,"file":"minecraft:font/080b61bf6d564cda97be088805ca0c45/1e1796a942d14f90a3c71d54f3c0a267.png","height":8},{"chars":["今"],"type":"bitmap","ascent":8,"file":"minecraft:font/fad80a67adfa475e9ae30908d4cac1d4/05744423617b4c2ead16897347a9a25d.png","height":8},{"chars":["介"],"type":"bitmap","ascent":8,"file":"minecraft:font/51bb343a3ae941bda67789be97187c27/a98a54d85e2449c8a0ecefbb00fa8d91.png","height":8},{"chars":["仌"],"type":"bitmap","ascent":8,"file":"minecraft:font/00b195c2197f4426aca971dc156fba62/c857593ad8c74444a553a2ad2b48dc54.png","height":8},{"chars":["仍"],"type":"bitmap","ascent":8,"file":"minecraft:font/a3003d4b7b38439088b556e5a3a52b8d/79edd911b6fe41f18265f558caf2d119.png","height":8},{"chars":["从"],"type":"bitmap","ascent":8,"file":"minecraft:font/3f94572643534b4caccbb84ffac65c8c/500478b1a7884f23be7080104b5a594d.png","height":8},{"chars":["仏"],"type":"bitmap","ascent":8,"file":"minecraft:font/5d510698e6004adab17008fa45d048b0/8708a0b82b3d4206b236333286328070.png","height":8},{"chars":["仐"],"type":"bitmap","ascent":8,"file":"minecraft:font/8e6934199cfe4ca29418c81acbc615a5/4e5e6cb7b0894d5d9b631190318f6e02.png","height":8},{"chars":["仑"],"type":"bitmap","ascent":8,"file":"minecraft:font/911c584eb82a408195c94bfdfc713a88/ea433eb22eeb4228b4e1963d68c1b05f.png","height":8},{"chars":["仒"],"type":"bitmap","ascent":8,"file":"minecraft:font/41e067d8dfc841b58afdc166eea67050/d3563222e0fd4c09b72d904b8a56f672.png","height":8},{"chars":["仓"],"type":"bitmap","ascent":8,"file":"minecraft:font/0fdca7de4cc246c99e4e55c482db04c8/b751c11f173543deae8e5336e6379a52.png","height":8},{"chars":["仔"],"type":"bitmap","ascent":8,"file":"minecraft:font/0bd4dfe2074a41b9a5433838397f2705/805a16288e80456d802c029241611eaa.png","height":8},{"chars":["仕"],"type":"bitmap","ascent":8,"file":"minecraft:font/bcf0c9902d1d405b8323339630edd210/225c85ddb6f8428da344eac300f5801b.png","height":8},{"chars":["他"],"type":"bitmap","ascent":8,"file":"minecraft:font/235f898014504b90ba52ed98fc34c8eb/c652c294d11d466bb7f572f12e7f18b3.png","height":8},{"chars":["仗"],"type":"bitmap","ascent":8,"file":"minecraft:font/bc39e568273b440fa40141044b8409b9/8d58d85f11084f59b4a8f1fe742bd391.png","height":8},{"chars":["付"],"type":"bitmap","ascent":8,"file":"minecraft:font/30691b212f914442a0990d2e3f0759f7/449446c35a5e49c8a13c53481d8baf04.png","height":8},{"chars":["仙"],"type":"bitmap","ascent":8,"file":"minecraft:font/7fa3d9e56ee8466694503459881c5598/a8c2f719139c4300be05e07bc197e01f.png","height":8},{"chars":["仚"],"type":"bitmap","ascent":8,"file":"minecraft:font/0fdd06532d3d42d7a8159a369961afe4/6091ec03fe1041d082720983354c2cc5.png","height":8},{"chars":["仛"],"type":"bitmap","ascent":8,"file":"minecraft:font/0094d99a3c074659a42e5c13f690f1e6/523fd876db5347a389edf5579f9d392e.png","height":8},{"chars":["仜"],"type":"bitmap","ascent":8,"file":"minecraft:font/82999dc2b8634628863a63a92bf6e001/60f72caa2a6f4e1fa5594b646442057b.png","height":8},{"chars":["仝"],"type":"bitmap","ascent":8,"file":"minecraft:font/e0955c3111c140359cca775747b691d2/96b045cfbf2749b8948a1339c2639a1e.png","height":8},{"chars":["仞"],"type":"bitmap","ascent":8,"file":"minecraft:font/bef732d52f004a0fb474374ccb561570/81a134f27d384c2281a9f5dc97df1d88.png","height":8},{"chars":["仟"],"type":"bitmap","ascent":8,"file":"minecraft:font/1854d3c91bff4757a3d139290f04c112/f4c0bfea52a643ecb8c6070e9beb387c.png","height":8},{"chars":["仠"],"type":"bitmap","ascent":8,"file":"minecraft:font/e84fdd3d3ad041c6bf0d8651f7813b79/567d976d903e4316a5f0e6194424cd6a.png","height":8},{"chars":["仡"],"type":"bitmap","ascent":8,"file":"minecraft:font/d55254edba1744408bfddeb4f6ffa662/f1d82f1915124184afa76c6118a2e23b.png","height":8},{"chars":["仢"],"type":"bitmap","ascent":8,"file":"minecraft:font/3bcf1055175e4d059e793e11f2ef538e/0ab8064a52414995bca4ee8845805921.png","height":8},{"chars":["代"],"type":"bitmap","ascent":8,"file":"minecraft:font/eb6acc67ca934f5288839674e50d9eb3/b36d02ce879f477cbeeaeeedca8f03f3.png","height":8},{"chars":["令"],"type":"bitmap","ascent":8,"file":"minecraft:font/6f3a7d5606b54506b5d639899fbb6ed2/6c4fe6698fa64179b1005e446f38ca19.png","height":8},{"chars":["以"],"type":"bitmap","ascent":8,"file":"minecraft:font/7abb7671bebf4c7ba4014e567bcd06a6/27855568875742fe92503de110e59250.png","height":8},{"chars":["仦"],"type":"bitmap","ascent":8,"file":"minecraft:font/66a26a9bcaa34e39b9a9911ff79db481/3ae614f540e847b78f3a98483e484700.png","height":8},{"chars":["仧"],"type":"bitmap","ascent":8,"file":"minecraft:font/3b19247dbba1463ca0966f5e711587d2/1d5fcdc206bb4cb0861eb30f4a0731a0.png","height":8},{"chars":["仨"],"type":"bitmap","ascent":8,"file":"minecraft:font/bf862b93d30a4e43b4266c85eda0369f/d1af9a09d6a0491d962f376e80f1f434.png","height":8},{"chars":["仩"],"type":"bitmap","ascent":8,"file":"minecraft:font/d3334c2e691b4603befbd87f97c2aa82/a8bdeaf88cef41b1bc4e752b8a315b96.png","height":8},{"chars":["仪"],"type":"bitmap","ascent":8,"file":"minecraft:font/198022cd09e546f0baa33331d1ff9cfd/e988338106a14ec0958a7ef477f1f5fc.png","height":8},{"chars":["仫"],"type":"bitmap","ascent":8,"file":"minecraft:font/6f905403f845423cb84e9e38397e9a79/fa9df97f500845a4a8bc7359e3669440.png","height":8},{"chars":["们"],"type":"bitmap","ascent":8,"file":"minecraft:font/fb6df8ecf493446f820143b3ee8c9177/8c65af52f93341398081f27551e3d5ff.png","height":8},{"chars":["仭"],"type":"bitmap","ascent":8,"file":"minecraft:font/07ce03188296495586a52a79c75009f4/dbc781189db74b6d8378077c5f20d795.png","height":8},{"chars":["仮"],"type":"bitmap","ascent":8,"file":"minecraft:font/5a40be6fd1784bf98a68b0e97bf1262b/2c7fc28bd7814132a785cec06ebab307.png","height":8},{"chars":["仯"],"type":"bitmap","ascent":8,"file":"minecraft:font/19902186d0b5419ba2c20eb2db7fa251/7ead6d4ad78644e7846fcfc04c1d9c68.png","height":8},{"chars":["仰"],"type":"bitmap","ascent":8,"file":"minecraft:font/6cd187baba5044b392d399ce0dc41ca9/c2f6a4a5629b4492a20cbd2d90d12818.png","height":8},{"chars":["仱"],"type":"bitmap","ascent":8,"file":"minecraft:font/c79170b38aba484f8d9dbf2c429b71bd/4bb27ca5cbc045d4bf1e97a8b9c48652.png","height":8},{"chars":["仲"],"type":"bitmap","ascent":8,"file":"minecraft:font/95677250031b4273acfe6931dfc9ae41/68c5f2c89abc4b6c9070419af0b29d6c.png","height":8},{"chars":["垗"],"type":"bitmap","ascent":8,"file":"minecraft:font/e71d6d248d1e4e1aab75b1cdbec2962f/8cbf91ab12f14800b7730a5aa55afc13.png","height":8},{"chars":["仳"],"type":"bitmap","ascent":8,"file":"minecraft:font/c01c678352d34879866538df64223905/43f6e92c0c574122932add02b9e34ccd.png","height":8},{"chars":["仴"],"type":"bitmap","ascent":8,"file":"minecraft:font/3fc0bc3690b940af836a881bb2c429a4/d5724e34c1cd4d98b1de8caa1ec232be.png","height":8},{"chars":["仵"],"type":"bitmap","ascent":8,"file":"minecraft:font/e31918eedad74be58a68f27e4108e614/8da4652562fc48da8fa671e43a86bd76.png","height":8},{"chars":["件"],"type":"bitmap","ascent":8,"file":"minecraft:font/3742ce885ede4effa80a7fab56f53837/3c2a0da54d4644bb93075f1bc10bf92d.png","height":8},{"chars":["价"],"type":"bitmap","ascent":8,"file":"minecraft:font/d0228c748c2344d4a9c1056ea0bdf46a/31280a9ca1f743588899f7591c10052e.png","height":8},{"chars":["仸"],"type":"bitmap","ascent":8,"file":"minecraft:font/38d522067e3d41c2860f6aa655eb8879/8b93a7ab434a4d059d9b45278028d2a3.png","height":8},{"chars":["仹"],"type":"bitmap","ascent":8,"file":"minecraft:font/0a1983bf43e547ae8598a7c7d2903a33/86ba08a2b8404737884ed3adf53e3470.png","height":8},{"chars":["仺"],"type":"bitmap","ascent":8,"file":"minecraft:font/45ab6790fa95477c923b36ce7a4ff4b5/8dd4ff8b9e2b4e589712ad5952c10d6c.png","height":8},{"chars":["任"],"type":"bitmap","ascent":8,"file":"minecraft:font/4117439801484641bf8120b78478d687/bbb9ba4450354e9b821b71d514299244.png","height":8},{"chars":["仼"],"type":"bitmap","ascent":8,"file":"minecraft:font/735641f1eebb4dc09d214b3a87410ce9/ef16fb3e07354afab7fb55eb494be529.png","height":8},{"chars":["份"],"type":"bitmap","ascent":8,"file":"minecraft:font/7ff5bdac0d954fb284e9750d22528961/01f060dfe2514c799a135e4fa9afd349.png","height":8},{"chars":["仾"],"type":"bitmap","ascent":8,"file":"minecraft:font/009c55d5283142c59482d9d6839beda8/f5f0be4f6390407aa355c75ed65a94ea.png","height":8},{"chars":["仿"],"type":"bitmap","ascent":8,"file":"minecraft:font/15aca7a7efb84a4f871978ff29437224/41dd9c46b5c643649af18dc3905b14fe.png","height":8},{"chars":["伀"],"type":"bitmap","ascent":8,"file":"minecraft:font/29a95e86b74f46818d49cb70569ebaa5/1ce8fb1f68994934ae174dfbca591d36.png","height":8},{"chars":["企"],"type":"bitmap","ascent":8,"file":"minecraft:font/f2f3b0913a5b48ce9517b15baa5f3714/27a793e6843c4efeb47470282eb98d88.png","height":8},{"chars":["伂"],"type":"bitmap","ascent":8,"file":"minecraft:font/9b300c521e474fc59c78dc78b27e2c62/96e954f2390b4834b988e8ff4e4c621d.png","height":8},{"chars":["伃"],"type":"bitmap","ascent":8,"file":"minecraft:font/da59d1fdb70143bda0fc0251f17bdecf/9133a8d251794c4d95ba9f6438561286.png","height":8},{"chars":["伄"],"type":"bitmap","ascent":8,"file":"minecraft:font/5a03cd983a4c4c9380dea547d43e2d0a/96d655dd428b4c2f9ddfa291979d48e6.png","height":8},{"chars":["伅"],"type":"bitmap","ascent":8,"file":"minecraft:font/31eaeb2182974c7ab65c385d35afa37f/3ec1fff5728e43ce80a446cfdbe0d7ad.png","height":8},{"chars":["伆"],"type":"bitmap","ascent":8,"file":"minecraft:font/0b52af5a8940404d820a26f752ac9510/210f97663c64418ca93828f4e9de95e1.png","height":8},{"chars":["伇"],"type":"bitmap","ascent":8,"file":"minecraft:font/5be37ee5259f46f7b063be315c24222c/5840a049a2224ae198417ba100185041.png","height":8},{"chars":["伈"],"type":"bitmap","ascent":8,"file":"minecraft:font/01ff8f2e83f446ddba831a434dbffb59/710aa7bb5fd44be0819bfecf2b74cb5e.png","height":8},{"chars":["伉"],"type":"bitmap","ascent":8,"file":"minecraft:font/5a35b3082cd945e78994328bc9e72cdf/a06a1ec027054066bde79857542da99f.png","height":8},{"chars":["伊"],"type":"bitmap","ascent":8,"file":"minecraft:font/b6e7910450f9436f868241dd43274aa6/e5f576ff406245d38f0bffb3dd3e7615.png","height":8},{"chars":["伋"],"type":"bitmap","ascent":8,"file":"minecraft:font/f60adaf2620c4d22ba8c8956776386e2/ea9c1c0246f642b8b261998c72b43f93.png","height":8},{"chars":["伌"],"type":"bitmap","ascent":8,"file":"minecraft:font/d4412f23fa1646909caddd8c3d533992/ab6d06a19a86458f8190c04635ca9587.png","height":8},{"chars":["伍"],"type":"bitmap","ascent":8,"file":"minecraft:font/1e293dc77b794d0580a76bd2c59d79f1/3301adf8b1c44a7c8337753002c353f4.png","height":8},{"chars":["伎"],"type":"bitmap","ascent":8,"file":"minecraft:font/76d4676bdd7b4ff386804a1af5dde0db/7ff3e417905f40ff87292362e30f9ebc.png","height":8},{"chars":["伏"],"type":"bitmap","ascent":8,"file":"minecraft:font/cc7d87d0241242fc95d086aa97316995/6f9fa98481e543ca897db620b0926913.png","height":8},{"chars":["伐"],"type":"bitmap","ascent":8,"file":"minecraft:font/26340d5ebc104bf1b07beeae70258995/7f801537d6474fa7a87c8d0729049f7d.png","height":8},{"chars":["休"],"type":"bitmap","ascent":8,"file":"minecraft:font/8a59b326d6ff4135819633f39d59ce8c/192211672d9948c78c0ff61cc5490dfe.png","height":8},{"chars":["伒"],"type":"bitmap","ascent":8,"file":"minecraft:font/5fbadc09a5334c619611bfe8ac58567b/c63a42cf06be460c8385838eb1bce3d4.png","height":8},{"chars":["伓"],"type":"bitmap","ascent":8,"file":"minecraft:font/6abfb935ddbe4c12887ed2900c84a249/73f693de068f44b6aba5414f5e6d3698.png","height":8},{"chars":["伔"],"type":"bitmap","ascent":8,"file":"minecraft:font/be5020f418b44d85b0cf69e5db631e96/a21aa265427f468ba02d66d74f6fba1d.png","height":8},{"chars":["伕"],"type":"bitmap","ascent":8,"file":"minecraft:font/cd3ca92e937a42378171512ac978c5f0/ef219c36adb84a04ba0398c0f5e981ca.png","height":8},{"chars":["伖"],"type":"bitmap","ascent":8,"file":"minecraft:font/af54b2dc7ae64d18bfe4324f58c9343e/49ee6964685d4f0c912c94643b31109d.png","height":8},{"chars":["众"],"type":"bitmap","ascent":8,"file":"minecraft:font/b901ddbbdb514b9bb41c44ec5d82ec17/bc44db372947412e979dfd283558b295.png","height":8},{"chars":["优"],"type":"bitmap","ascent":8,"file":"minecraft:font/e772791f9d804cbe83c9ffdc13aa8a5e/8d847d30dd3f4bddb40f5a279d4e3042.png","height":8},{"chars":["伙"],"type":"bitmap","ascent":8,"file":"minecraft:font/a5a493192b6040439c1a3ecf6ac6c772/97e2c69429e04552a93de3f246eaa2d5.png","height":8},{"chars":["会"],"type":"bitmap","ascent":8,"file":"minecraft:font/f5683530b526425fb5298dbb7f1644d4/4d17d8a4589d4a2d844f4f926e4e1e46.png","height":8},{"chars":["偹"],"type":"bitmap","ascent":8,"file":"minecraft:font/318a55c8beac47b98a2e2716d5848938/271913b4d9074fda8c3f9e9576e9aaba.png","height":8},{"chars":["偺"],"type":"bitmap","ascent":8,"file":"minecraft:font/35a913b221d1444eaacef47f6393f8f7/bef2145b09cc4f46a49a76f60d0accbf.png","height":8},{"chars":["偻"],"type":"bitmap","ascent":8,"file":"minecraft:font/10af80f5f5e74d53aee47f99b6776190/7a38684ee769461d86f9ffe85ea12d2b.png","height":8},{"chars":["偼"],"type":"bitmap","ascent":8,"file":"minecraft:font/feb54d61d6e940749dc2a36dc9357473/0d601b0a7817430883a11da5817b28a6.png","height":8},{"chars":["偽"],"type":"bitmap","ascent":8,"file":"minecraft:font/80431b089b464da48a28bcafffbc22a9/5d73e1be262549a2bfd11fa3ca276c58.png","height":8},{"chars":["偾"],"type":"bitmap","ascent":8,"file":"minecraft:font/6f200f72dadd48389b7bf21facdb89f3/e1656a73a8d54ade8564ce439d3955d8.png","height":8},{"chars":["偿"],"type":"bitmap","ascent":8,"file":"minecraft:font/bef01d26146f4e7c888911529b35e613/07bb4a728036418e8ab93854246e5ce4.png","height":8},{"chars":["傀"],"type":"bitmap","ascent":8,"file":"minecraft:font/ec69212a820b4a0a966a30a273ab17c1/d88d3c43dc52491eb662105573961676.png","height":8},{"chars":["傁"],"type":"bitmap","ascent":8,"file":"minecraft:font/45a678c47bc64108b523c302ddcd1b54/1351fa76e8b940c8847a5a6e492f11e1.png","height":8},{"chars":["傂"],"type":"bitmap","ascent":8,"file":"minecraft:font/91a54a048b5440feaba7a5f143f4e245/f0bcac69583246bc8d66c15b1ca8fccd.png","height":8},{"chars":["傃"],"type":"bitmap","ascent":8,"file":"minecraft:font/f4b7fb39d6e841e8bb608b080e25f5fd/72e3e8833f904c0ab8acc583bf93acca.png","height":8},{"chars":["傄"],"type":"bitmap","ascent":8,"file":"minecraft:font/dea9618491324085bf1baf29ef35a20b/ab7f35cf8ead4b0995e624decb203ca6.png","height":8},{"chars":["傅"],"type":"bitmap","ascent":8,"file":"minecraft:font/1542a34177c24db9b788f315c6476ab5/bfaeaad263194dbbabd3e3c9a3251e10.png","height":8},{"chars":["傆"],"type":"bitmap","ascent":8,"file":"minecraft:font/9ad285716003429186ac5200f9ab0a99/3667f135e8764523b7b32089cddb7683.png","height":8},{"chars":["傇"],"type":"bitmap","ascent":8,"file":"minecraft:font/185221671a1540a2bbc93f0485802b3a/0fcf2cb1d89a4db9875a9eff774a184c.png","height":8},{"chars":["傈"],"type":"bitmap","ascent":8,"file":"minecraft:font/55a4fb7c86fd48e7b1c30b5c24697ad6/95642ecf00c34550bb27cc29e82c43e9.png","height":8},{"chars":["傉"],"type":"bitmap","ascent":8,"file":"minecraft:font/6d9d7690bab34abe82b620d41e1e2d9b/cb74ee988a9549d19a01d39bcb678d8a.png","height":8},{"chars":["傊"],"type":"bitmap","ascent":8,"file":"minecraft:font/3f5fa5e7ecea414c85887cf0d1f873d0/e65a5799392e4625b172ad3a8b68127b.png","height":8},{"chars":["傋"],"type":"bitmap","ascent":8,"file":"minecraft:font/2e2d6659b7904e0daf777e549543905b/cfafabde466c4908bb3dc860a5c8d490.png","height":8},{"chars":["傌"],"type":"bitmap","ascent":8,"file":"minecraft:font/842b2af456f9453e8270a043c54c2080/c6197bd4f56549ceb1fe08cb4df8c9a3.png","height":8},{"chars":["垃"],"type":"bitmap","ascent":8,"file":"minecraft:font/6fa341c0306248efab06da385ab11906/2f4250d6b94442bb847abe39b195ca81.png","height":8},{"chars":["垄"],"type":"bitmap","ascent":8,"file":"minecraft:font/b89899a9ee8f4fb38040053edf90e193/cdf92ef55f4844c69a165f6cb26f336b.png","height":8},{"chars":["垅"],"type":"bitmap","ascent":8,"file":"minecraft:font/b520e342daac4f19a300c5c36533e65f/8bee536450f047bbb42d87c09da8fd06.png","height":8},{"chars":["垆"],"type":"bitmap","ascent":8,"file":"minecraft:font/fd6b463dd9894e3ba2aca738b9cee522/299dda2bb5204105b924d490efdf08b8.png","height":8},{"chars":["垇"],"type":"bitmap","ascent":8,"file":"minecraft:font/3f0a93fedbf344c4a18f5450b68b4fd2/a718a6df162945779f2c9205c6ca0ea9.png","height":8},{"chars":["垈"],"type":"bitmap","ascent":8,"file":"minecraft:font/b75d762e107d41dcb132bd65096e7d42/616ddea84639411bbab99b6c24dbd47c.png","height":8},{"chars":["垉"],"type":"bitmap","ascent":8,"file":"minecraft:font/8723a1be2499438f925d13c3a21c2b8d/737e6baafa9c441699c0072f69f155ee.png","height":8},{"chars":["垊"],"type":"bitmap","ascent":8,"file":"minecraft:font/3203cb739b6a4c43ba9e28081ebb77c2/77a04ba3e8614408b539b01d2319aa72.png","height":8},{"chars":["型"],"type":"bitmap","ascent":8,"file":"minecraft:font/7d949f021f9440de86be7eeab5d1e8c2/3ca2c11f1df24cba9a74a67456367783.png","height":8},{"chars":["垌"],"type":"bitmap","ascent":8,"file":"minecraft:font/3a22aeccf5a444b69f5bf44f81921890/836b005a8ce141f8bd24dfde049e6164.png","height":8},{"chars":["垍"],"type":"bitmap","ascent":8,"file":"minecraft:font/971de58fbfdf4928b062c76b5d89d919/2a054072561b43edb18c0197c19359cb.png","height":8},{"chars":["垎"],"type":"bitmap","ascent":8,"file":"minecraft:font/8e6965711ee943cbbde61379dd71b2ef/23d7e57b117b4482aec354f984a79efe.png","height":8},{"chars":["垏"],"type":"bitmap","ascent":8,"file":"minecraft:font/d47dfbef6530425c9975bcbd8363fff9/4d60e2f949e548e58c1ffdd5b6f310ba.png","height":8},{"chars":["垐"],"type":"bitmap","ascent":8,"file":"minecraft:font/71a649b17bba4c5a9e5cabf3705daf0b/280744373b1242428ffd9722bd03e9da.png","height":8},{"chars":["垑"],"type":"bitmap","ascent":8,"file":"minecraft:font/38b2ff81bdb44415b9661f8addde9fac/cf6b7f76329e4c07aec23814d4d5fa93.png","height":8},{"chars":["垒"],"type":"bitmap","ascent":8,"file":"minecraft:font/66c7b9fd7bba4bddb05a0d7cdc45c50c/af70336621734c038b7b01696643de8a.png","height":8},{"chars":["垓"],"type":"bitmap","ascent":8,"file":"minecraft:font/109b8db18b9942d5b1867e085048e24a/f6723e7d3f604195971e0a111ffa0bb6.png","height":8},{"chars":["垔"],"type":"bitmap","ascent":8,"file":"minecraft:font/5ac77ab20e1d43ecb2ef400d3a4a0984/65cf7c20f48c419799b18aecd68dcdc7.png","height":8},{"chars":["垕"],"type":"bitmap","ascent":8,"file":"minecraft:font/afe4ba6a95214acb95460c21186ef6aa/c92b02673ced4cbe9e71477838942f55.png","height":8},{"chars":["垖"],"type":"bitmap","ascent":8,"file":"minecraft:font/5b909b0db7484447a222cd4124569a74/bb6a364aac164ba9bf0db885f68c16db.png","height":8},{"type":"bitmap","file":"font/pixel.png","ascent":-1000,"height":-2,"chars":["ᨓ"]},{"type":"bitmap","file":"font/pixel.png","ascent":-10000,"height":1,"chars":["ᨒ"]},{"type":"bitmap","file":"font/pixel.png","ascent":-10000,"height":-2,"chars":["⻙"]}]}