{"providers":[{"height":16,"file":"minecraft:font/47ac8358ad5f4943a6c262993aed943b/e0ea84ef52a34e3aae32a3890278a102.png","ascent":16,"type":"bitmap","chars":["垜"]},{"height":16,"file":"minecraft:font/b08e7c04fd224d82bc71a8f1836b5349/44a58701a0324ef7a2df0dce8067daea.png","ascent":16,"type":"bitmap","chars":["垟"]},{"height":16,"file":"minecraft:font/d5200d255bae49f48c644f6d7d69cf6d/8f70fdb5e3e54387924226006eef50fd.png","ascent":16,"type":"bitmap","chars":["一"]},{"height":8,"file":"minecraft:font/b63926ced469458680b3cb4d480d694f/5fedd5161f8f484ab09e92ff61bcc950.png","ascent":8,"type":"bitmap","chars":["丁"]},{"height":8,"file":"minecraft:font/90522ead75054d288e465edbc56b4ca8/7fa534bd45864f9ba47b76eca4af55f3.png","ascent":8,"type":"bitmap","chars":["垞"]},{"height":8,"file":"minecraft:font/bd94f23509324380b721d6380f9ec2b4/e97ede6a218449fe9914dd0c73069618.png","ascent":8,"type":"bitmap","chars":["垠"]},{"height":8,"file":"minecraft:font/1cec2bab76dc4198b61d410309ffe6db/74ba3ed8644241b6b3e6061a42b7d925.png","ascent":8,"type":"bitmap","chars":["丂"]},{"height":8,"file":"minecraft:font/1da64791e30d4111bb7f10358aa771dc/199383e941fa480995df14f42e7d14f8.png","ascent":8,"type":"bitmap","chars":["七"]},{"height":8,"file":"minecraft:font/b8e94730ea87423c94d42cc5d7ac32c6/c767de7352bd4ba8acf17d21d715f4fc.png","ascent":8,"type":"bitmap","chars":["丄"]},{"height":8,"file":"minecraft:font/db3b7ab2e14f40698930733d24ec80d1/2218bd099655491688ffb0022fc26b0a.png","ascent":8,"type":"bitmap","chars":["丅"]},{"height":8,"file":"minecraft:font/b65c6b27e416431494f619b40cfa0b9b/b0ee9c47125a4c8cb5afe01dfaf6693d.png","ascent":8,"type":"bitmap","chars":["丆"]},{"height":8,"file":"minecraft:font/1a31b231ffd74b98a9fc43a9336cdbd8/b626dcab148e4ad49c7f92b5575d388c.png","ascent":8,"type":"bitmap","chars":["万"]},{"height":8,"file":"minecraft:font/3632667674884fa184ad3bd4c7914c70/21f8b1180519445a8c4e40ab11dac5f4.png","ascent":8,"type":"bitmap","chars":["丈"]},{"height":8,"file":"minecraft:font/d0a24fc28c2849df83d607323227c3fd/f330a73fd1e64bbe8f52619b77e9ac2e.png","ascent":8,"type":"bitmap","chars":["三"]},{"height":8,"file":"minecraft:font/d53974dd1cb5439cbff81db7c7bcdb0d/cc34103c7d614f8f80937cf14292f7e9.png","ascent":8,"type":"bitmap","chars":["上"]},{"height":8,"file":"minecraft:font/d54c66e67690409a83dc390b5f97e64e/fb7ba951fb1c4290a92a13ebbfe1e248.png","ascent":8,"type":"bitmap","chars":["下"]},{"height":8,"file":"minecraft:font/0e8b8e3a7fc14a7697123e54943f1b36/114ea82d439f4e6585fa2e1276be927d.png","ascent":8,"type":"bitmap","chars":["丌"]},{"height":8,"file":"minecraft:font/08d36687eff34e7484b9effc891d9ebc/8c5e89c6395c4620b103b6c00b37da02.png","ascent":8,"type":"bitmap","chars":["不"]},{"height":8,"file":"minecraft:font/715bdad7e5ed4cadb5b6c9b9f1bfc5a9/0ab851b62cc24ba3834020e1270fd074.png","ascent":8,"type":"bitmap","chars":["与"]},{"height":8,"file":"minecraft:font/feb34cff699a433e86968c3e8c50bcc5/8e85f194f6d348e0a9a2e21dc7ccbafa.png","ascent":8,"type":"bitmap","chars":["丏"]},{"height":8,"file":"minecraft:font/91ea10f10f8546ea9fab45ffe145fcd8/7e22a6f653ab4ff6a370d5eb216b198d.png","ascent":8,"type":"bitmap","chars":["丐"]},{"height":8,"file":"minecraft:font/ca683b648f84403d81f26ced31130c46/3254ed84058e45ed8a296dd71295d4cb.png","ascent":8,"type":"bitmap","chars":["丑"]},{"height":8,"file":"minecraft:font/e44998dba28f43e893e7dc0cd53d23be/5c0d868eaa6f42338b60b66ddfe18c25.png","ascent":8,"type":"bitmap","chars":["丒"]},{"height":8,"file":"minecraft:font/d58b919d6a2e4e7d8619cc58518b2c13/84421df84ab24ed3928ac5b718c7e011.png","ascent":8,"type":"bitmap","chars":["专"]},{"height":8,"file":"minecraft:font/d8959d356da847c28d873806c8ad84ca/217459c74c924f6a952c305062ae9898.png","ascent":8,"type":"bitmap","chars":["且"]},{"height":8,"file":"minecraft:font/1e18891d72ff46f3a3ab9a022146ee30/87503b3fb38546ffb0214033abbf49cd.png","ascent":8,"type":"bitmap","chars":["丕"]},{"height":8,"file":"minecraft:font/c3be7e3baafc4c0d9f1e21fef78c8e8b/e010eed7ff0245f4b056a3a3f8fc8f80.png","ascent":8,"type":"bitmap","chars":["世"]},{"height":8,"file":"minecraft:font/f902a3071bad42dc9ef323a76910a82f/38b6d53e6c934fe5a85cbb32c78e13c4.png","ascent":8,"type":"bitmap","chars":["丗"]},{"height":8,"file":"minecraft:font/2ed5af4aa56b47048510225713fd3147/aab3a466b46643f2962fca02afd6e95a.png","ascent":8,"type":"bitmap","chars":["丘"]},{"height":8,"file":"minecraft:font/c8369e4333784ac685bf37ea70d05dec/1941c7d3fff34994ae2fd071183cff5e.png","ascent":8,"type":"bitmap","chars":["丙"]},{"height":8,"file":"minecraft:font/a6067c827e5541abb7fa68499546a0dd/4ede9b5d8fe74cb5afc2c8c96913a25b.png","ascent":8,"type":"bitmap","chars":["业"]},{"height":8,"file":"minecraft:font/b2a30b34f8254bff8b064c34c61b49da/9833219df2664edc8e397e99c2a7439b.png","ascent":8,"type":"bitmap","chars":["丛"]},{"height":8,"file":"minecraft:font/42e14c8cd4cb4b879fde6ca26207eeef/5004e6901d7145f3bfd3230ca8a95543.png","ascent":8,"type":"bitmap","chars":["东"]},{"height":8,"file":"minecraft:font/2d9df2fad8c9424398c6430b458b2e6e/e5fcb4360949445385582694b47ff057.png","ascent":8,"type":"bitmap","chars":["丝"]},{"height":8,"file":"minecraft:font/85648933791d4a5ca7d2baf3b5984a44/05bcfeee11ea469cb0b70cf0f160eb8a.png","ascent":8,"type":"bitmap","chars":["丞"]},{"height":8,"file":"minecraft:font/117d4970c7084bc180596df7bb2c9891/941498faa47145a88002d2cb5b71309a.png","ascent":8,"type":"bitmap","chars":["丟"]},{"height":8,"file":"minecraft:font/5384c7ce0f694ed18b7b8d84733d44c5/8ab82a2f01d04d36b79d799228de48ed.png","ascent":8,"type":"bitmap","chars":["丠"]},{"height":8,"file":"minecraft:font/27973f629b34494abe9d9f4a1763dde2/66f49865448e4785aaed1ac677d6d45a.png","ascent":8,"type":"bitmap","chars":["両"]},{"height":8,"file":"minecraft:font/0424f3baaeac44309c8cf228d751e74a/446f19dedc554742b4dd809e5aabca10.png","ascent":8,"type":"bitmap","chars":["丢"]},{"height":8,"file":"minecraft:font/89d23740ee414e1f8346ab0310c92a96/3f1c2adc8c9f422ca4e027b5535b7e61.png","ascent":8,"type":"bitmap","chars":["丣"]},{"height":8,"file":"minecraft:font/6a7cf1d4928849cbb16f77efc4809791/8053e1d808d5430ab35ed6e4ae54f54a.png","ascent":8,"type":"bitmap","chars":["两"]},{"height":8,"file":"minecraft:font/3c1b8f3297374e3683e8d0e455fd8d7d/75e534c8c90143f99af619bf38e8fcb5.png","ascent":8,"type":"bitmap","chars":["严"]},{"height":8,"file":"minecraft:font/0d1ff48e6cc64a29af0f257907312977/4466302b2ef94654a37f1e963af20f21.png","ascent":8,"type":"bitmap","chars":["並"]},{"height":8,"file":"minecraft:font/471247c7ca884a69ae4d18d179fe1321/2a8d392c0f0c4598aaa0a967aaeec2fc.png","ascent":8,"type":"bitmap","chars":["丧"]},{"height":8,"file":"minecraft:font/abbb96fd15774abca54f60b14db720b1/b16c3b8abee54c19bac17f0cd5e1a8c0.png","ascent":8,"type":"bitmap","chars":["丨"]},{"height":8,"file":"minecraft:font/e6f0023764e34db69671bdba87bce8bf/ba841bededfd44018c0503ded7d005d8.png","ascent":8,"type":"bitmap","chars":["丩"]},{"height":8,"file":"minecraft:font/b462647c00364cf6bd2077ecd9be791f/b8d49c9ccbe5466bae5a0d4fee693e63.png","ascent":8,"type":"bitmap","chars":["个"]},{"height":8,"file":"minecraft:font/3c83386249a544dab560ee2cda317524/e291a3c7287b4b61a5370647fd189f27.png","ascent":8,"type":"bitmap","chars":["丫"]},{"height":8,"file":"minecraft:font/99fb9aefc164465c8f5d2058496bf4f6/a2a30983ce9f4713a02935beadf5ba48.png","ascent":8,"type":"bitmap","chars":["丬"]},{"height":8,"file":"minecraft:font/0ca9cf01d5f94246b80424b1afcc65bb/2f9851e3e320447aad2bb9c9d18c2878.png","ascent":8,"type":"bitmap","chars":["中"]},{"height":8,"file":"minecraft:font/591c6f32c18f448ca7427483b0581d4f/211feeb71b584ab4acdddb2a0f8a5a98.png","ascent":8,"type":"bitmap","chars":["丮"]},{"height":8,"file":"minecraft:font/79280d6bf9674eba943cb4611a84c0c2/14d856fad6f9434291e351ccb12d5996.png","ascent":8,"type":"bitmap","chars":["丯"]},{"height":8,"file":"minecraft:font/e93fa649006f4d599c659c8c7cae2140/c32dc19359084ec3b774b3725dcb1d78.png","ascent":8,"type":"bitmap","chars":["丰"]},{"height":8,"file":"minecraft:font/c09b7c5981ab4ffab012de5f953dcb70/f811f2582df44443a8f8c92c40371bee.png","ascent":8,"type":"bitmap","chars":["丱"]},{"height":8,"file":"minecraft:font/13a169fe2f9e4b06b33b6f60969a3c04/6164aee525dc4de0bfccca8e19ddc687.png","ascent":8,"type":"bitmap","chars":["串"]},{"height":8,"file":"minecraft:font/b9eef94d4abe4a3aa5108a9c9fad13ec/884b30ee5c75455ba86b24914c90d04c.png","ascent":8,"type":"bitmap","chars":["丳"]},{"height":16000,"file":"minecraft:font/31b684ae4fbb44cebf45aed7523f5fdf/11877d693b05446598580d4c7a2d429f.png","ascent":16000,"type":"bitmap","chars":["垙"]},{"height":8,"file":"minecraft:font/c161322e245045bb8aa99269db162f4a/7008a3116cb54a208afd69be5b39ed2f.png","ascent":8,"type":"bitmap","chars":["亖"]},{"height":8,"file":"minecraft:font/9b14eeef2b404b69a9e06a52d2c25730/d0eaffb9018d446caaea7fbceb517405.png","ascent":8,"type":"bitmap","chars":["亗"]},{"height":8,"file":"minecraft:font/3f36f71bf5ab4cc9b0c5f1fd7ed7c904/41a5cc21cbc240aaa2034998f43ea742.png","ascent":8,"type":"bitmap","chars":["亘"]},{"height":8,"file":"minecraft:font/11a2ce92084f4f3fa2f64c6c53ea51ea/6df46842b4ee49a189faeb1669589704.png","ascent":8,"type":"bitmap","chars":["亙"]},{"height":8,"file":"minecraft:font/434896056aa240518ced1f9376e547bf/b67915497ad7489fbada44da8cd71624.png","ascent":8,"type":"bitmap","chars":["亚"]},{"height":8,"file":"minecraft:font/c551e119ea1c4e3689161755d7843f52/9a3917f84e984fbeb42cad884e049416.png","ascent":8,"type":"bitmap","chars":["些"]},{"height":8,"file":"minecraft:font/13bdbd1ce924440299a592fdb98774df/ad4a73b0243f4d26b277896b91d92872.png","ascent":8,"type":"bitmap","chars":["亜"]},{"height":8,"file":"minecraft:font/0671b18a9e9443228e8f9fa736a194d2/17af37fe3c4d4abcb1ff9a4f6f69272d.png","ascent":8,"type":"bitmap","chars":["亝"]},{"height":8,"file":"minecraft:font/ba81d780232146d3a18692406fd2a636/35b672285c58476bbff577be4b59965e.png","ascent":8,"type":"bitmap","chars":["亞"]},{"height":8,"file":"minecraft:font/eec6d3119d6840f9a2cf0b911018ff98/9ac71f4986c74384adb16532ca4a8383.png","ascent":8,"type":"bitmap","chars":["亟"]},{"height":8,"file":"minecraft:font/14995b4900be4063aef7d1fc036c3c45/4ef4f81fd33645b285c62b94007fbd18.png","ascent":8,"type":"bitmap","chars":["亠"]},{"height":8,"file":"minecraft:font/94b6f69a1f524f6e85d9cec6913cb263/f6b406833f414154bb51fd2ecf25512e.png","ascent":8,"type":"bitmap","chars":["亡"]},{"height":8,"file":"minecraft:font/ef09cac44c1c414dade3d95ab20d781c/d6b6724a54dd4d528a239a6e0104b7b4.png","ascent":8,"type":"bitmap","chars":["亢"]},{"height":8,"file":"minecraft:font/de90ff1843004b78b9aca6e5efe6e3a1/191bdf80ee2f40c0946ad72c8a0b3ee4.png","ascent":8,"type":"bitmap","chars":["亣"]},{"height":8,"file":"minecraft:font/c6e86cabf01e46708b8a52cb9e3552d3/8f4f00eed08f429d8b972fa68692564e.png","ascent":8,"type":"bitmap","chars":["交"]},{"height":8,"file":"minecraft:font/e7600e96bd814151afd06b835ac89e74/3aa281e52cb74d7cab361bd83e606e35.png","ascent":8,"type":"bitmap","chars":["亥"]},{"height":8,"file":"minecraft:font/2963a610d0b64aca89817464d7ddb257/58bb422d966542b59f483bbb720ac074.png","ascent":8,"type":"bitmap","chars":["亦"]},{"height":8,"file":"minecraft:font/ff61963159474f2295a6cd7d1873b6cd/95801ee02ef84f2e84f3a4270ee90d9e.png","ascent":8,"type":"bitmap","chars":["产"]},{"height":8,"file":"minecraft:font/c9c6b6d347164260903d1df59a3978a7/725bd2da72aa401486101ec0b1fc95a5.png","ascent":8,"type":"bitmap","chars":["亨"]},{"height":8,"file":"minecraft:font/594e7185b3844274b567604eb326a6ae/33cf56379d624a6181a54cca2decf5ac.png","ascent":8,"type":"bitmap","chars":["亩"]},{"height":8,"file":"minecraft:font/2f789c9215be4680945ebcb0ca4a79e5/f1a64ee228da418199ac77ca27acef96.png","ascent":8,"type":"bitmap","chars":["亪"]},{"height":8,"file":"minecraft:font/d6a0605e2cc4425cbcfbc971d2d58700/82c64874d7f14d13a56e0a203b3453ec.png","ascent":8,"type":"bitmap","chars":["享"]},{"height":8,"file":"minecraft:font/76468f90a0d6498caeb1e7d1c7a44c3f/e3996eafc97b4f06abe590239d6612a6.png","ascent":8,"type":"bitmap","chars":["京"]},{"height":8,"file":"minecraft:font/ffdf4d25e5c7486da4635da3b7f4157f/3e3342ad9abb41519d7ae5f5c1d8ea30.png","ascent":8,"type":"bitmap","chars":["亭"]},{"height":8,"file":"minecraft:font/9d6f4af219ca4063820b4c2ce4b40ec0/2f34c572b66d4327b19b43739a8b4978.png","ascent":8,"type":"bitmap","chars":["亮"]},{"height":8,"file":"minecraft:font/60ff7fb1072f48829ef44dee1b177c20/2aadcb8d94274883b7051837869ad576.png","ascent":8,"type":"bitmap","chars":["亯"]},{"height":8,"file":"minecraft:font/f9ce5d61b7e74b2a83f2438f22c365a7/90277931c16140ad8cd2524547d249a5.png","ascent":8,"type":"bitmap","chars":["亰"]},{"height":8,"file":"minecraft:font/30277ee4b7f54f56bd75ce444806b3d0/24eda2874ddb495f9332ebd13230eb14.png","ascent":8,"type":"bitmap","chars":["亱"]},{"height":8,"file":"minecraft:font/3defb66e989e4095b007019baa2a8b48/0002793f21394691b1c384a6ddd49405.png","ascent":8,"type":"bitmap","chars":["亲"]},{"height":8,"file":"minecraft:font/4f19fab79d89409787f638f0fb493205/c7a443b318b448fba0414157246b5a2b.png","ascent":8,"type":"bitmap","chars":["亳"]},{"height":8,"file":"minecraft:font/d18a06777985430ab17c5a6027a92283/ac17212e5ea943249762c3211ffe2883.png","ascent":8,"type":"bitmap","chars":["亴"]},{"height":8,"file":"minecraft:font/e3df85015cf844e7974189df109bf8a4/bc01b11325a148c98f4d8cd0ea579179.png","ascent":8,"type":"bitmap","chars":["亵"]},{"height":8,"file":"minecraft:font/0f6a53f021844d3e8ef89a4f65ceac72/ca53dd14a8144b07b627f54d9a0699f6.png","ascent":8,"type":"bitmap","chars":["亶"]},{"height":8,"file":"minecraft:font/3e12f8d5dcca44548841e112bb0191ff/a761f9f0a9c74d9abe8b2559acec4952.png","ascent":8,"type":"bitmap","chars":["亷"]},{"height":8,"file":"minecraft:font/522ea05844db40149ca3d72729cdc70a/b666f305c4604dcaa6cf2f7deadeb849.png","ascent":8,"type":"bitmap","chars":["亸"]},{"height":8,"file":"minecraft:font/a3beaf8d40cb4beca610b2bb5ea9d2dd/6a576b134b174cd79847ba9076a41e87.png","ascent":8,"type":"bitmap","chars":["亹"]},{"height":8,"file":"minecraft:font/47dde98e4a4e4c42807d9c2ab3f773e7/3349071efafb4736b76ec91f1a51e4f5.png","ascent":8,"type":"bitmap","chars":["人"]},{"height":8,"file":"minecraft:font/62941a77be7947c2b3778e81128ec80b/36cd85eecabc4b66a34c4f1a11f41f61.png","ascent":8,"type":"bitmap","chars":["亻"]},{"height":8,"file":"minecraft:font/10b19283950548b3bedb7acbc730ed6d/2c25273957a24d498caedfb98c7e99a5.png","ascent":8,"type":"bitmap","chars":["亼"]},{"height":8,"file":"minecraft:font/96fef379d59445fdbdcc8efcaed75308/ba866ef3dd10492bbea295bf7ec08ed8.png","ascent":8,"type":"bitmap","chars":["亽"]},{"height":8,"file":"minecraft:font/1c242c652feb43b58d6232632a43e7f2/1c02fa110b094a59824e423b7d229b9d.png","ascent":8,"type":"bitmap","chars":["亾"]},{"height":8,"file":"minecraft:font/cf749e9ee05b4fc1a1b27a4882709560/156128d22d7c463a84bef95da0ed5f69.png","ascent":8,"type":"bitmap","chars":["亿"]},{"height":8,"file":"minecraft:font/6b2d00ae54f8486583c75260c963f391/1498c110d8f84b9fba83258ccce0d829.png","ascent":8,"type":"bitmap","chars":["什"]},{"height":8,"file":"minecraft:font/bb50d229067d46a8bad6e1dd81fb02b0/9f84fa894fdc4e77b8b9e7445758dbe8.png","ascent":8,"type":"bitmap","chars":["仁"]},{"height":8,"file":"minecraft:font/aa13c692d2c64481a4ff2adc4d7e6055/0dc33bb645fc429cac7be7c3c10958d3.png","ascent":8,"type":"bitmap","chars":["仂"]},{"height":8,"file":"minecraft:font/9916f7ab0923411da0a2c98f842124ea/3872ffb3cea5436b83c02a56147c9866.png","ascent":8,"type":"bitmap","chars":["仃"]},{"height":8,"file":"minecraft:font/53e293bcaae84d02a8fa27617902c62f/58cec2dc0a27494aad9fd76157fb0035.png","ascent":8,"type":"bitmap","chars":["仄"]},{"height":8,"file":"minecraft:font/dc6adc79db964801b752da08f5ba0452/2ddce9a497864c5c94d4c40a9b73dbaf.png","ascent":8,"type":"bitmap","chars":["仅"]},{"height":8,"file":"minecraft:font/b5273d3db8b0481d97d2d883f780b44d/a5be2ec6565d4c92a1ae93843d3ed0a5.png","ascent":8,"type":"bitmap","chars":["仆"]},{"height":8,"file":"minecraft:font/4acd670d01e44b1dae3994f52cf109eb/8ddd291485af4d32aae7a4820763146b.png","ascent":8,"type":"bitmap","chars":["仇"]},{"height":8,"file":"minecraft:font/8791927d6ddc48d9b32d4f9094d61e20/420acf901eed49d499c8830dfd990085.png","ascent":8,"type":"bitmap","chars":["仈"]},{"height":8,"file":"minecraft:font/0b9413ffc6294688a97d37b1802c19c1/77ebe49157e94607bfc931283e25537c.png","ascent":8,"type":"bitmap","chars":["仉"]},{"height":8,"file":"minecraft:font/c1fe01d9a1974c208994085786f1c778/d6aeda446ad643f8baca42c36abb7fa4.png","ascent":8,"type":"bitmap","chars":["今"]},{"height":8,"file":"minecraft:font/c0ce79da4e8a47f5aefc6f1e9b4aa5df/2f04ea93f3164023ac05e227fe0b59fe.png","ascent":8,"type":"bitmap","chars":["介"]},{"height":8,"file":"minecraft:font/361a5ea5403f442097c2adeeee1b9287/199ffa16296246f09a6fb87a1846c2e0.png","ascent":8,"type":"bitmap","chars":["仌"]},{"height":8,"file":"minecraft:font/c925f6291a1247e497a2153ed3caedc0/6c299edb542e46e68c48545152fd7bc3.png","ascent":8,"type":"bitmap","chars":["仍"]},{"height":8,"file":"minecraft:font/3bd595b6ec144cb8aaf8bc334537acb4/33daec53688c4c0189b4808ecabbf90e.png","ascent":8,"type":"bitmap","chars":["从"]},{"height":8,"file":"minecraft:font/4f5869fbd34d482797e100202239ac0e/23363db0ec174140a62cdd9a7313e5dc.png","ascent":8,"type":"bitmap","chars":["仏"]},{"height":8,"file":"minecraft:font/2cd51abba6ea4096bac92601d126331c/12cfa38255ba4f57b06f467e936ec231.png","ascent":8,"type":"bitmap","chars":["仐"]},{"height":8,"file":"minecraft:font/5ac8e151526545fcbbe120362a333f98/8f7ce916d3714736a52f5c7dfc7e3fe4.png","ascent":8,"type":"bitmap","chars":["仑"]},{"height":8,"file":"minecraft:font/ef805ff88f1c4aa29a6eb3ce0046a32f/f74b75fa185c4982bfb0dc432f44a474.png","ascent":8,"type":"bitmap","chars":["仒"]},{"height":8,"file":"minecraft:font/c2b25308140d4b2489168ecb27a44844/4eedb6754ed3477e84b8362dce568cbd.png","ascent":8,"type":"bitmap","chars":["仓"]},{"height":8,"file":"minecraft:font/82eaebaa772d4fe1952e64e46290bd1f/75cc1af3f399405cb564ad4a4f5008a9.png","ascent":8,"type":"bitmap","chars":["仔"]},{"height":8,"file":"minecraft:font/72e6b768e93d45cda0e7663341d8c2d4/e5e876e6a15644a8925fb3e46788ec1f.png","ascent":8,"type":"bitmap","chars":["仕"]},{"height":8,"file":"minecraft:font/09ed92d78ba640c2b858fba8b20d61a8/ee6d27392221427e8e61213e6a257ae4.png","ascent":8,"type":"bitmap","chars":["他"]},{"height":8,"file":"minecraft:font/285c1679ae2047fca5d0a010d997d208/756553b763bd41d389e9edebe79a0c95.png","ascent":8,"type":"bitmap","chars":["仗"]},{"height":8,"file":"minecraft:font/128738164b4949eebb9d4f1d31f9942a/d4da5d00fda4449ebdcdb87fea6f2b1e.png","ascent":8,"type":"bitmap","chars":["付"]},{"height":8,"file":"minecraft:font/eab3c9eccd3f482f999ce196bfd5b820/c21448a729a74ab89564c4f969408660.png","ascent":8,"type":"bitmap","chars":["仙"]},{"height":8,"file":"minecraft:font/b45786f4152e44369d6d272a050036c1/bdc08963b69b471886dcea34a41211cc.png","ascent":8,"type":"bitmap","chars":["仚"]},{"height":8,"file":"minecraft:font/846510eb8819431b93b6de55527c8adf/95c4907c27734e9497252a4c7a3c13b3.png","ascent":8,"type":"bitmap","chars":["仛"]},{"height":8,"file":"minecraft:font/1585ddbd05fd4a0aa7bffac4c0ea523f/6a6805d79975439ca6ec4cbe16a7254d.png","ascent":8,"type":"bitmap","chars":["仜"]},{"height":8,"file":"minecraft:font/f378c5f0e0e444359c700a3285ffec45/87ba7d5a4cb24d7a8c8eac9549eda098.png","ascent":8,"type":"bitmap","chars":["仝"]},{"height":8,"file":"minecraft:font/abfb2ff4a5f1455da76c04a37d1ebe2e/055121eb8a074cfdb7eed18c138d1009.png","ascent":8,"type":"bitmap","chars":["仞"]},{"height":8,"file":"minecraft:font/50d584af0ffc49e7806753433ad3a43e/8820eefaba0f4a29989adc7974cbea50.png","ascent":8,"type":"bitmap","chars":["仟"]},{"height":8,"file":"minecraft:font/42a844546be248c6a4980b5e702d34d0/0da09a181c6b490faf9a3af9e916ccb4.png","ascent":8,"type":"bitmap","chars":["仠"]},{"height":8,"file":"minecraft:font/cfe71b4628b34876bfa4a589511deb9a/e6c36aeb8f11475798e9392b3889b511.png","ascent":8,"type":"bitmap","chars":["仡"]},{"height":8,"file":"minecraft:font/9487d21762d34a65826c4e73b9a759ab/580f9343a75f47efaec4574327873238.png","ascent":8,"type":"bitmap","chars":["仢"]},{"height":8,"file":"minecraft:font/2c58171c89264592b6415f39dd3ade8a/48372eaeaec04d41b0aabffaa3b8e9ee.png","ascent":8,"type":"bitmap","chars":["代"]},{"height":8,"file":"minecraft:font/e9f3356d83f9428180fcf1156157f234/0f5bf7d52df441c589f8cb160a95c339.png","ascent":8,"type":"bitmap","chars":["令"]},{"height":8,"file":"minecraft:font/9c2f95e087e84cd4a2684bdbcaf76fa7/45fb5a9faf0d4039b3dbf5998851bb32.png","ascent":8,"type":"bitmap","chars":["以"]},{"height":8,"file":"minecraft:font/2b5c3cf55136487299aa11fd01f6e8f4/d89a71bb158343cf830538d7cd9f873e.png","ascent":8,"type":"bitmap","chars":["仦"]},{"height":8,"file":"minecraft:font/ac64b3b6f86748268cbb7de333cffad6/1741991cd2044a858467f55a735e1aa1.png","ascent":8,"type":"bitmap","chars":["仧"]},{"height":8,"file":"minecraft:font/a8c0b744d1a144a98845a5748c5c1358/ebf0902b09714afeab46056b1a799f91.png","ascent":8,"type":"bitmap","chars":["仨"]},{"height":8,"file":"minecraft:font/a990ea34fe124efab4b0b1c1027e84e8/4bddde354d2b42958689cc72ae22a14b.png","ascent":8,"type":"bitmap","chars":["仩"]},{"height":8,"file":"minecraft:font/8afed8060d4d45b1be64df9154a58916/f58b409163e7461bade278b23429d4ec.png","ascent":8,"type":"bitmap","chars":["仪"]},{"height":8,"file":"minecraft:font/0c11b9b55ebb4d00bf7f40ee5c40dd7f/57bb5e212b52496c9a0e0adb0976d510.png","ascent":8,"type":"bitmap","chars":["仫"]},{"height":8,"file":"minecraft:font/43760cf195e34e1bb3bf2b175e0f6fd8/04b4c1135394407f9be0f24c44515711.png","ascent":8,"type":"bitmap","chars":["们"]},{"height":8,"file":"minecraft:font/332b05ce0aaa47daa658a3ca4dfa979e/ce9fdd73d5794db9ac76f203e504468a.png","ascent":8,"type":"bitmap","chars":["仭"]},{"height":8,"file":"minecraft:font/5e87bde7d8924fdc87ac9cebc51653fb/b9f51e59939a4b3bae411cb5d22b41f8.png","ascent":8,"type":"bitmap","chars":["仮"]},{"height":8,"file":"minecraft:font/db25c86879694223b42a8d20ec7a8680/157b4e2a250e4e15a79db36fe70244b0.png","ascent":8,"type":"bitmap","chars":["仯"]},{"height":8,"file":"minecraft:font/cb796718267a46d6806f58b9428d208d/9909576a7529416eb644513bafd2bfeb.png","ascent":8,"type":"bitmap","chars":["仰"]},{"height":8,"file":"minecraft:font/3103eb998d654506b1a875326cd44772/6d2127a2fbc94512b194b375ab4a008c.png","ascent":8,"type":"bitmap","chars":["仱"]},{"height":8,"file":"minecraft:font/adbc4233ac014248bbc68d1f1ac39a49/25b22c35b184414e8acf83babda55a3d.png","ascent":8,"type":"bitmap","chars":["仲"]},{"height":8,"file":"minecraft:font/0b61201f8db8438db0a67311bf91be23/a7e64d81912c48d08b788cfec67f5eb5.png","ascent":8,"type":"bitmap","chars":["临"]},{"height":8,"file":"minecraft:font/7e2552bfe89b4a4cb048448ef8281176/b1c3628e56a749939086fb129737f83e.png","ascent":8,"type":"bitmap","chars":["丵"]},{"height":8,"file":"minecraft:font/b492d4f96ba849ce9f2ccaae00dd52cd/971dab90b3d6404aaf974dcaec5cb39e.png","ascent":8,"type":"bitmap","chars":["丶"]},{"height":8,"file":"minecraft:font/84b2d7db0b01499f95f99f6f9d63dad2/fa071b38bd2949248a782c4d177756aa.png","ascent":8,"type":"bitmap","chars":["丷"]},{"height":8,"file":"minecraft:font/a8c1d93a442746149aed3ec8d6d24a43/e7b5b4661af74bca80e181bc89bdfdda.png","ascent":8,"type":"bitmap","chars":["丸"]},{"height":8,"file":"minecraft:font/455c3bee293a40f497162d7f5a62bf5a/82028c436c444a0f94a970a2b20f56c7.png","ascent":8,"type":"bitmap","chars":["丹"]},{"height":8,"file":"minecraft:font/33bac643ff2441f5938c7ae2812943eb/97ebe81ced244ec3b42c33fa1145a868.png","ascent":8,"type":"bitmap","chars":["为"]},{"height":8,"file":"minecraft:font/94ac49bae060430ebffe0c0bc15f15bf/18a41dbcfd4e4c9cb7a3696c6f631984.png","ascent":8,"type":"bitmap","chars":["主"]},{"height":8,"file":"minecraft:font/970673d1b2bd40e9b1697967be7ce351/ae4511cab75c45a780751e6b52473602.png","ascent":8,"type":"bitmap","chars":["丼"]},{"height":8,"file":"minecraft:font/0ed6d0e1998d4166824089a9a64f9cb4/00d9a08910fc4db78ae7d2c1d83cc3e5.png","ascent":8,"type":"bitmap","chars":["丽"]},{"height":8,"file":"minecraft:font/79201f0654a24ccc8310fe9454dc7cab/3c14301d516d4f3ba9a6eeb39d9bafb5.png","ascent":8,"type":"bitmap","chars":["举"]},{"height":8,"file":"minecraft:font/4dabd1a0c13c4bc9962757e93fe52e4e/0bca7bd762964a0ebb61ffe79992dbe0.png","ascent":8,"type":"bitmap","chars":["丿"]},{"height":8,"file":"minecraft:font/3f7b4e397b6848c286d8c255e9812294/71a06a62f3f2440d9870948d3ca5dfae.png","ascent":8,"type":"bitmap","chars":["乀"]},{"height":8,"file":"minecraft:font/fffb813269c849e689333ce2c54d8991/b39df7de5d8543588b69fd1f814c461a.png","ascent":8,"type":"bitmap","chars":["乁"]},{"height":8,"file":"minecraft:font/07bf92ad390d4299be25472ae5d64ea4/16c1b2359972486f9c44e9973e13af18.png","ascent":8,"type":"bitmap","chars":["乂"]},{"height":8,"file":"minecraft:font/3b6f4c4575f543349964e9ce53797bd7/dfd9613c7bf546bf9cb6c69e8c80e415.png","ascent":8,"type":"bitmap","chars":["乃"]},{"height":8,"file":"minecraft:font/fb5d24421b684d2cb19c043d97d1022a/7be0377942504ac1ac620ddfff75e530.png","ascent":8,"type":"bitmap","chars":["乄"]},{"height":8,"file":"minecraft:font/ef54d4e4433346a38547fc31a86cfe08/52aae3fc25ee4a5d9269e20deb04ea88.png","ascent":8,"type":"bitmap","chars":["久"]},{"height":8,"file":"minecraft:font/2ae1484b267d483f8bf2997ff5157c8c/bff271132a8a4ff29c827332908f5443.png","ascent":8,"type":"bitmap","chars":["乆"]},{"height":8,"file":"minecraft:font/5b139f424c724a46852d77c4b9388036/0957c020670b4ccb9730fe2d2f39d9a1.png","ascent":8,"type":"bitmap","chars":["乇"]},{"height":8,"file":"minecraft:font/6ed224395a1e49efa9024bc9247394f7/41e1b44dcd834fd698fcf11f05ef4a29.png","ascent":8,"type":"bitmap","chars":["么"]},{"height":8,"file":"minecraft:font/e5467ce512054d109def82de5aec16fb/3c361e800d6846c190d0bd5bdccb7d70.png","ascent":8,"type":"bitmap","chars":["义"]},{"height":8,"file":"minecraft:font/134b49f6a156466fb3b62bcade2713dd/91a95b637eef4961bc8c70c15f005ce2.png","ascent":8,"type":"bitmap","chars":["乊"]},{"height":8,"file":"minecraft:font/616c5ba498ab474294969a76f7730311/4510dae6cee642258b38ec971067bc56.png","ascent":8,"type":"bitmap","chars":["之"]},{"height":8,"file":"minecraft:font/9946f25bbf8d468aba8b92195d89a3a4/1368e6edc09846fbaf527a67a2e50522.png","ascent":8,"type":"bitmap","chars":["乌"]},{"height":8,"file":"minecraft:font/e2e1e839d64548c59719b0242e03ba6d/30049e1980824decbcef798c2f0dfa39.png","ascent":8,"type":"bitmap","chars":["乍"]},{"height":8,"file":"minecraft:font/1acadd170066473e832d952841d22e2f/b2d4c174c1e2441c9ee092a1570154aa.png","ascent":8,"type":"bitmap","chars":["乎"]},{"height":8,"file":"minecraft:font/5452eb3b408344dc8de7b514c3f2c1be/1a630c9b4b0e4937bc9d265850704575.png","ascent":8,"type":"bitmap","chars":["乏"]},{"height":8,"file":"minecraft:font/5f9320ef623646a9b90d08606b7dc20d/2b2dfc899a914e91b18f9d6df184399f.png","ascent":8,"type":"bitmap","chars":["乐"]},{"height":8,"file":"minecraft:font/458738554f154dcfbef63aabda494583/59575d9b52f544e18bd1f5614cd12a5e.png","ascent":8,"type":"bitmap","chars":["乑"]},{"height":8,"file":"minecraft:font/d20569c8b7db4d0a974372ed900bfc20/6e135d9c2e9f4f71828004d720158a4e.png","ascent":8,"type":"bitmap","chars":["乒"]},{"height":8,"file":"minecraft:font/f66abe1e225e4c5485b39bf01168c989/ffe0d7955c7746a184831b99dda56a68.png","ascent":8,"type":"bitmap","chars":["乓"]},{"height":8,"file":"minecraft:font/a7ce098b20b54f348bd2f4ffd24ad9a6/7ae532569cdf4b71bf1a240526a25cff.png","ascent":8,"type":"bitmap","chars":["乔"]},{"height":8,"file":"minecraft:font/8478b5454cc645048563dad334d67678/623111fecd0b4f2aa380ab5c5eb01f99.png","ascent":8,"type":"bitmap","chars":["乕"]},{"height":8,"file":"minecraft:font/26337667b98c4af38b27912350a33496/517b543e8f7746c081cd302af311dd58.png","ascent":8,"type":"bitmap","chars":["乖"]},{"height":8,"file":"minecraft:font/5510d6e1692a47f0b8981c8aa70cbeb6/eb39b683dcaa4a078f28cfcff50b60a9.png","ascent":8,"type":"bitmap","chars":["乗"]},{"height":8,"file":"minecraft:font/697cb3e946aa47fcb914c622b95db5a9/fe33e92a10b446d3aa99cf053feccb2f.png","ascent":8,"type":"bitmap","chars":["乘"]},{"height":8,"file":"minecraft:font/c3cd7eaf1379478baa98d7018ea2fbbf/f22d38278f264eb3b2b4aec2e0b014c4.png","ascent":8,"type":"bitmap","chars":["乙"]},{"height":8,"file":"minecraft:font/43768d7e83b348519b65be94baafa4de/b0c51f0dc6e64b4db9a00c85fb2fe8e0.png","ascent":8,"type":"bitmap","chars":["乚"]},{"height":8,"file":"minecraft:font/5cecfa06f1e94058a3c919ca38333c9d/58feb78cbb4c4b78b9d9a00e20d84532.png","ascent":8,"type":"bitmap","chars":["乛"]},{"height":8,"file":"minecraft:font/8b8f9976868640edbb178b22cbbf9271/8efb14dad15f45b7acc36f5d4e66187c.png","ascent":8,"type":"bitmap","chars":["乜"]},{"height":8,"file":"minecraft:font/ccdb6012e79e45169b0f8752c8abcc29/beed6285fc7e4ba49ca20a36becb7c16.png","ascent":8,"type":"bitmap","chars":["九"]},{"height":8,"file":"minecraft:font/0c99b3c4efee4bcaa421fb3c07ab319f/fdeff67c06ab49afabb737437dddf2fd.png","ascent":8,"type":"bitmap","chars":["乞"]},{"height":8,"file":"minecraft:font/21bce035c43d433fbd95c62d0c81a67d/03af4699cd364883b7e4d081f90126c3.png","ascent":8,"type":"bitmap","chars":["也"]},{"height":8,"file":"minecraft:font/87295ab730f64470a0207132aad0ad73/ad6331fc4bea4e029e2fb18bfbf2d262.png","ascent":8,"type":"bitmap","chars":["习"]},{"height":8,"file":"minecraft:font/b98fde544aa1401db15af28d92af4a87/7b4c6928b7114cbf912427e3678e257b.png","ascent":8,"type":"bitmap","chars":["乡"]},{"height":8,"file":"minecraft:font/1f3ee4679ab54af9b7d5763e7a312833/d115353d92eb439cae070b2cb34c287e.png","ascent":8,"type":"bitmap","chars":["乢"]},{"height":8,"file":"minecraft:font/ef5fc090fc0241af9ec2e86aac8c22d4/4f8c57e0fe874ff1982e7814f46a9961.png","ascent":8,"type":"bitmap","chars":["乣"]},{"height":8,"file":"minecraft:font/27b115e8274e4392b91a7fb794568042/299bf52ca026474a81e42843df1b0477.png","ascent":8,"type":"bitmap","chars":["乤"]},{"height":8,"file":"minecraft:font/492fad44ade348e69a6e27be8f3b00a4/798c053169e849b6b70f362ce0ca6d76.png","ascent":8,"type":"bitmap","chars":["乥"]},{"height":8,"file":"minecraft:font/e3e35ff43b9e4be4a686b2ed44da4b0c/ec9cc9151cbe494591214f63798c7b14.png","ascent":8,"type":"bitmap","chars":["书"]},{"height":8,"file":"minecraft:font/b1342da7e11a4f4ea389bafddf7338ab/745d400c69ec4ed1977fd4a1dc92d806.png","ascent":8,"type":"bitmap","chars":["乧"]},{"height":8,"file":"minecraft:font/167cd32a00c7480d93aefc530702d721/2fa7ae7a35204ee890c1a6cbbe0db9b4.png","ascent":8,"type":"bitmap","chars":["乨"]},{"height":8,"file":"minecraft:font/eecbdf507ec94ea28ebc0303d47a4ecb/f3a20edbca774d1b90da613229e6929b.png","ascent":8,"type":"bitmap","chars":["乩"]},{"height":8,"file":"minecraft:font/184a4d3a9843413ba1934350bfb7b4d7/68a654191c924cedb8426ceb44680342.png","ascent":8,"type":"bitmap","chars":["乪"]},{"height":8,"file":"minecraft:font/4dc30263d3cf4aa3b09749fbe79424c3/e8b84435f6114bf6a898c0d2b1f459db.png","ascent":8,"type":"bitmap","chars":["乫"]},{"height":8,"file":"minecraft:font/1cde8c899f484b77be489ead29c5e50a/fe54214d6a014ddcacdc7ba02467bd96.png","ascent":8,"type":"bitmap","chars":["乬"]},{"height":8,"file":"minecraft:font/636aceaaebee4f2f9afa6dc14276f67d/d8835fc987d24f188b7e026c15f417b9.png","ascent":8,"type":"bitmap","chars":["乭"]},{"height":8,"file":"minecraft:font/0225167e1be34661bd66921274e12bdd/d18c8200ae284fd4b17a43bee37ccc40.png","ascent":8,"type":"bitmap","chars":["乮"]},{"height":8,"file":"minecraft:font/f07aa6fad1bb4e708041b651073fe05d/69f0989055e34090be297bf3e9a655d8.png","ascent":8,"type":"bitmap","chars":["乯"]},{"height":8,"file":"minecraft:font/053ad3d7bcd04d4d87932144184f4adf/4e2fffb12bd24c998e9ca7b8d821a61a.png","ascent":8,"type":"bitmap","chars":["买"]},{"height":8,"file":"minecraft:font/ac007d48498145f886b302c934d37f81/5b236f9b59cd4cb3b31fa1afdcac14a6.png","ascent":8,"type":"bitmap","chars":["乱"]},{"height":8,"file":"minecraft:font/3c8afe4ed34b4a92ab515ffc032639ec/549e0fb9e5c445768284f58072396d71.png","ascent":8,"type":"bitmap","chars":["乲"]},{"height":8,"file":"minecraft:font/b1de5b750b80467a848f93af10d2bfc1/414c2d98dc2247809c8dfc8f3f7dfb0e.png","ascent":8,"type":"bitmap","chars":["乳"]},{"height":8,"file":"minecraft:font/92db35cbff6f4952b16d2258a86a690c/1008455e2aca4715b751e10436093f5c.png","ascent":8,"type":"bitmap","chars":["乴"]},{"height":8,"file":"minecraft:font/7e41261a64c1460c81cb8525555404d3/f34f5e0fc565454ea32784046eec3446.png","ascent":8,"type":"bitmap","chars":["乵"]},{"height":8,"file":"minecraft:font/c5300868a8f4433b810b709cd1440faa/404c5cdfbff24f8792aa03cce2012ff1.png","ascent":8,"type":"bitmap","chars":["乶"]},{"height":8,"file":"minecraft:font/6ba3a1b3cc6d45d49dbb475730c45d61/3a8059b8b10543a5a60bc74cccc3bb22.png","ascent":8,"type":"bitmap","chars":["乷"]},{"height":8,"file":"minecraft:font/ae1518d452cf42389bea6eb06688268f/7f9c053d158647af889a5d66c8fa94d2.png","ascent":8,"type":"bitmap","chars":["乸"]},{"height":8,"file":"minecraft:font/f9f2aa144af144a49d25252ade1fe52b/e322a565821b4a4297cb9078e06456c1.png","ascent":8,"type":"bitmap","chars":["乹"]},{"height":8,"file":"minecraft:font/8656fa7ae177485aacaa7209107cf762/30a5c026cbf149c0a412942f5a22e597.png","ascent":8,"type":"bitmap","chars":["乺"]},{"height":8,"file":"minecraft:font/314a221b96e148f987e503ee88716117/ce2b63c05fad4310ac2479dc5982091c.png","ascent":8,"type":"bitmap","chars":["乻"]},{"height":8,"file":"minecraft:font/2dcd72c8660241b29b854df28660eec2/68550bac628f415e95668b66b6ce5153.png","ascent":8,"type":"bitmap","chars":["乼"]},{"height":8,"file":"minecraft:font/d8c9aac6eedd480a90e5dbbb23e1d4ba/773b9cd7d3634b1d91fd51d85bf7b4c9.png","ascent":8,"type":"bitmap","chars":["乽"]},{"height":8,"file":"minecraft:font/83484ca668764d848c19a152a9a167e6/02c94d215eba4f8aaf93060463cac247.png","ascent":8,"type":"bitmap","chars":["乾"]},{"height":8,"file":"minecraft:font/10d8e5f59f024dfe8965ad02e631f79a/72a32e7594734388ba8bd3faf54e77d4.png","ascent":8,"type":"bitmap","chars":["乿"]},{"height":8,"file":"minecraft:font/ee19083e24984f4a86541ce0e5433e7e/f3fa2b064da54583a82eefc4e02ec6de.png","ascent":8,"type":"bitmap","chars":["亀"]},{"height":8,"file":"minecraft:font/7b9dbbef92074b48886f0022c2cae0c8/3074b9626aa84b0fb4a2024d7d9f66cd.png","ascent":8,"type":"bitmap","chars":["亁"]},{"height":8,"file":"minecraft:font/f350f16f8ac7457db1cb62879169b3f5/59313921c8854a89b5050aee0b7a057c.png","ascent":8,"type":"bitmap","chars":["亂"]},{"height":8,"file":"minecraft:font/7fe1e8ed1cbd4130b82bdff846f7e4a5/4a2ff70fd40347f8a4a7cf28e1fb8293.png","ascent":8,"type":"bitmap","chars":["亃"]},{"height":8,"file":"minecraft:font/80e420fb3cde4b91b7027ff628885ea7/66e7ddf1001b49b7b4cec73f572b4700.png","ascent":8,"type":"bitmap","chars":["亄"]},{"height":8,"file":"minecraft:font/8c85e5175ad2442b8388e2acb0249916/9a2a72c3de744ebda1f44d3fa93a643b.png","ascent":8,"type":"bitmap","chars":["亅"]},{"height":8,"file":"minecraft:font/dd8a2e28a64044968f543d85ea936e61/71e37929153d450e8cb43ab547fb0f96.png","ascent":8,"type":"bitmap","chars":["了"]},{"height":8,"file":"minecraft:font/56da11869bba4c0cb3785cf50f636a9d/6bc56d9eeef64e6b97742ce877606908.png","ascent":8,"type":"bitmap","chars":["亇"]},{"height":8,"file":"minecraft:font/fe6195538d1e4724a250c9c4ac04c421/698bcb8ea69c4b23baf44b95ca285f66.png","ascent":8,"type":"bitmap","chars":["予"]},{"height":8,"file":"minecraft:font/df4d1f4106ec483e904f98bde355bb7c/ab7cf393416349478cac73e9aa8d758c.png","ascent":8,"type":"bitmap","chars":["争"]},{"height":8,"file":"minecraft:font/fc390f8959d94d84a1df5ae567e99dbd/c91202a8670e4f5eb818fa471252067c.png","ascent":8,"type":"bitmap","chars":["亊"]},{"height":8,"file":"minecraft:font/c2c29f19fbf54cf8b39349e55bc92d12/e7a7a0fd83f8460e8b61f9d33e32197b.png","ascent":8,"type":"bitmap","chars":["事"]},{"height":8,"file":"minecraft:font/cdd64fb46b4e4410b4dbd6fcf566f873/83cc495c5fae4d71885d882678052048.png","ascent":8,"type":"bitmap","chars":["二"]},{"height":8,"file":"minecraft:font/70a48cee49fc4027ba9d3c8a7585a78e/d235dccb23484706b56d968080f16490.png","ascent":8,"type":"bitmap","chars":["亍"]},{"height":8,"file":"minecraft:font/6c45a8e4a8a04c918ded021ae4560603/80e753497f6349628f9ac864b0aba909.png","ascent":8,"type":"bitmap","chars":["于"]},{"height":8,"file":"minecraft:font/5de54c5074524c549e4234e906532bd7/9436d3273a7649028f08ed2c05e66b8b.png","ascent":8,"type":"bitmap","chars":["亏"]},{"height":8,"file":"minecraft:font/cf88ae5f811441a9a41a13ab77bab6c9/f542bf7c31894a1f87617ff4959d8a3f.png","ascent":8,"type":"bitmap","chars":["亐"]},{"height":8,"file":"minecraft:font/6d4ca138a7d74fa6bcfe8127db726c67/7ed4d5635beb490a8f027c55d9e61132.png","ascent":8,"type":"bitmap","chars":["云"]},{"height":8,"file":"minecraft:font/5ef242b216f84fd9b0e05e2a439c85bd/4a66a111242948cc948819732fe43dbc.png","ascent":8,"type":"bitmap","chars":["互"]},{"height":8,"file":"minecraft:font/00c1580f19834c62b3dcfc6ea9612c33/5ec55da1e0364a508f0bfd4b9dab7896.png","ascent":8,"type":"bitmap","chars":["亓"]},{"height":8,"file":"minecraft:font/225e71631dd844eeb4eddb41c09cc1cf/3bf7356b643d4d948df860df737b8e47.png","ascent":8,"type":"bitmap","chars":["五"]},{"height":8,"file":"minecraft:font/5cd97653d70b4d31994c9b27da5c9eb0/14ee0bb30a284f4ba1704f6afdc7f93f.png","ascent":8,"type":"bitmap","chars":["井"]},{"height":8,"file":"minecraft:font/603b8df1551945b1bd0f49260558ed64/66fd95a49f6b44689d1620b4e0163908.png","ascent":8,"type":"bitmap","chars":["亖"]},{"height":8,"file":"minecraft:font/c309ce477b2448b7bfd9552797f4c3db/ef9768723a28401d93e1d66bec1a0213.png","ascent":8,"type":"bitmap","chars":["亗"]},{"height":8,"file":"minecraft:font/60ff86fea7ba4dcf83190b9926dda9ef/4fb434974bda4df4b73c040d62c673e8.png","ascent":8,"type":"bitmap","chars":["亘"]},{"height":8,"file":"minecraft:font/490e4c468c9f45eabd1a00788a3d344b/2ac536cc189d4060a4d5963356e93348.png","ascent":8,"type":"bitmap","chars":["亙"]},{"height":8,"file":"minecraft:font/140d454612164e58848a54ab1f33c58f/7d49cab73c514a8bb02a1c663e1cb7b2.png","ascent":8,"type":"bitmap","chars":["亚"]},{"height":8,"file":"minecraft:font/d0c52639cd3d4d5faf4b5d139a00f406/a7ffc30abc9d4d95810a3928ac9773d1.png","ascent":8,"type":"bitmap","chars":["些"]},{"height":8,"file":"minecraft:font/8785c53dd41f4490a1d7cafba45d7f08/804e13763397462bbee461bec619c0a3.png","ascent":8,"type":"bitmap","chars":["亜"]},{"height":8,"file":"minecraft:font/e93f3b52d53b4a9db3d6af91b512f292/51a9f934bbef4920848b39c5891b5157.png","ascent":8,"type":"bitmap","chars":["亝"]},{"height":8,"file":"minecraft:font/8a10fc6d56d14b9db42661b66abd1b43/3cfa8b4dfc434771aa9fd87af51f5160.png","ascent":8,"type":"bitmap","chars":["亞"]},{"height":8,"file":"minecraft:font/28f6e427bdd24cba8c233abef6de1915/a753be2a5af94933bf7b4a6f5b6e7ba2.png","ascent":8,"type":"bitmap","chars":["亟"]},{"height":8,"file":"minecraft:font/9a9c89d59d384cc1baaee473ea662b60/08f2cc716c3f4de9856f8861f32d8431.png","ascent":8,"type":"bitmap","chars":["亠"]},{"height":8,"file":"minecraft:font/4d4d4ea7fd68450ea19eed823483105b/6ec1234d8ea746acbfd05f7283440433.png","ascent":8,"type":"bitmap","chars":["亡"]},{"height":8,"file":"minecraft:font/a1176161df3b46c69201fc3c22d3f911/8bad11c134354b6280f070c156cd87d9.png","ascent":8,"type":"bitmap","chars":["亢"]},{"height":8,"file":"minecraft:font/1edc1eaac88645bbb0f75dc4cb85f498/1fc03c8223a84240b9c551d5c7b29afb.png","ascent":8,"type":"bitmap","chars":["亣"]},{"height":8,"file":"minecraft:font/50aba037ee8e45518807502ffffedee6/2bc58a2f0eb8484481ebeee1f2224903.png","ascent":8,"type":"bitmap","chars":["交"]},{"height":8,"file":"minecraft:font/75a431a9a97742f2b80647d9613a9d08/1a0a90bc29c946f2b9c838e2ad704735.png","ascent":8,"type":"bitmap","chars":["亥"]},{"height":8,"file":"minecraft:font/4319df7e32444bd3968def924a5dbdf7/18a50b5d615c49c9a2e43af8800c2155.png","ascent":8,"type":"bitmap","chars":["亦"]},{"height":8,"file":"minecraft:font/777589aebbe94afaa3c45d753dd41f77/49b612db597947ac82122eb21226e7e0.png","ascent":8,"type":"bitmap","chars":["产"]},{"height":8,"file":"minecraft:font/b2252f495d054d2295b5ed37e91156d5/aae474d77e354dd98c83cc05743a8b6d.png","ascent":8,"type":"bitmap","chars":["亨"]},{"height":8,"file":"minecraft:font/b32437097709449dbd0c18a696459d17/e1830fd15ad44c309ab55c4bdfcdd381.png","ascent":8,"type":"bitmap","chars":["亩"]},{"height":8,"file":"minecraft:font/c8da8bb4ca704848af3d4615fb23f8e5/25e550fe070d43e7ae3e06085370d553.png","ascent":8,"type":"bitmap","chars":["亪"]},{"height":8,"file":"minecraft:font/1564ec453f164518a2c3e32279636b7c/aa71e7231cea4afba9b8ca1e7448325c.png","ascent":8,"type":"bitmap","chars":["享"]},{"height":8,"file":"minecraft:font/4f18ba9e2e5e4b54ba01839f75880070/58f99a9ae131450fb57fa7b3694b9613.png","ascent":8,"type":"bitmap","chars":["京"]},{"height":8,"file":"minecraft:font/4452ca6a63eb42d582b2861260ffce95/bc8f7455146c4502b16a6305feec111f.png","ascent":8,"type":"bitmap","chars":["亭"]},{"height":8,"file":"minecraft:font/de8effc0d89044fb8c20ca043ef26a7f/db32c9ad6e0846ca91a0dba26fb3d06b.png","ascent":8,"type":"bitmap","chars":["亮"]},{"height":8,"file":"minecraft:font/9a2940fdf35543c7884f46626a31a69f/481334e07d954af59291be2cf70ee4e3.png","ascent":8,"type":"bitmap","chars":["亯"]},{"height":8,"file":"minecraft:font/4b2257d794d041dba62a6fdc047cb872/8a993245e2c64a4e8b50f11db1ced409.png","ascent":8,"type":"bitmap","chars":["亰"]},{"height":8,"file":"minecraft:font/0b77d596b52d4f9996e5c55fbebeb44c/ccd206b18dd24da6b2a6b37ca4826cc1.png","ascent":8,"type":"bitmap","chars":["亱"]},{"height":8,"file":"minecraft:font/6f8c05fd45874fc0b3db4701a46b9ee8/5c7760d03f054c74a0a4f79a4e99ae70.png","ascent":8,"type":"bitmap","chars":["亲"]},{"height":8,"file":"minecraft:font/ef397d6c2a68437c91cc182cce235288/49d097f3210a44be9b8f3a1b7a64d99a.png","ascent":8,"type":"bitmap","chars":["亳"]},{"height":8,"file":"minecraft:font/8e9009b5fb4a4121b62feb0160277515/4d9d14bc53084c2a86b3283f19ff00ad.png","ascent":8,"type":"bitmap","chars":["亴"]},{"height":8,"file":"minecraft:font/231e5d5a27494253870dcf3b26daf4f0/494cf4fe2f234a31a8826bf70e95ce46.png","ascent":8,"type":"bitmap","chars":["亵"]},{"height":8,"file":"minecraft:font/88dd8cb5cd0a40439d573ed00805ba24/5a578928c8784cca90abd1079f505166.png","ascent":8,"type":"bitmap","chars":["亶"]},{"height":8,"file":"minecraft:font/685e64cf62db48c3825c200b969cd056/dd50c7ef9a35464798d4b7feedb8269e.png","ascent":8,"type":"bitmap","chars":["亷"]},{"height":8,"file":"minecraft:font/d9231186965b497cbbb2ef55e4c6ce5f/a4b57d9d89574323bfe99a498d22e6f2.png","ascent":8,"type":"bitmap","chars":["亸"]},{"height":8,"file":"minecraft:font/dcbfe7893e134bafbec0f73bc5985c7b/da6c04241d0544c2bae5b19e030ca865.png","ascent":8,"type":"bitmap","chars":["亹"]},{"height":8,"file":"minecraft:font/218581377dac4f059cdab80a736dec40/a9548a828ce54842901040781d586bfc.png","ascent":8,"type":"bitmap","chars":["人"]},{"height":8,"file":"minecraft:font/bd6ca6dc0d3f4746abdf5e70b619b60d/5aded1f6ef814eb48e5322d711c0bc2a.png","ascent":8,"type":"bitmap","chars":["亻"]},{"height":8,"file":"minecraft:font/759951f6e22e4eaba2a1885ea316bc5e/0c5817f6b9d541319a20115fa910b35c.png","ascent":8,"type":"bitmap","chars":["亼"]},{"height":8,"file":"minecraft:font/3e8e340d68e34f43a10d675eef5dc0fc/2a163555005c4519826e31e371857dcf.png","ascent":8,"type":"bitmap","chars":["亽"]},{"height":8,"file":"minecraft:font/409b2c7e29074339bbad59039dc9130c/aa52f99d28a84808a42d3fa0b03df227.png","ascent":8,"type":"bitmap","chars":["亾"]},{"height":8,"file":"minecraft:font/7e6d4b4619bc49aabf7cf552bc1dda51/731b8ae04cde4be989f89485e2ccb9d0.png","ascent":8,"type":"bitmap","chars":["亿"]},{"height":8,"file":"minecraft:font/f0f5e83ceb6549e7aa9084a14be81390/f268ed70d1db4d10a8dc0dda67870722.png","ascent":8,"type":"bitmap","chars":["什"]},{"height":8,"file":"minecraft:font/92ff274cd6b545fdbb4cea2ab5ad7213/660e82fc10ae44e9afe58821cf906ab2.png","ascent":8,"type":"bitmap","chars":["仁"]},{"height":8,"file":"minecraft:font/e1ee7eb6c8c441d18c7a6502a64f3e88/af563dce50e946399b2d9cfe08aaa3f5.png","ascent":8,"type":"bitmap","chars":["仂"]},{"height":8,"file":"minecraft:font/25bdff92cf714d7d9e02c6e9d701380b/6cbe670d0ab2400597a2f61b8cbb9072.png","ascent":8,"type":"bitmap","chars":["仃"]},{"height":8,"file":"minecraft:font/492f700101524e67993ac673d54cd697/5ad7553d34b74783b0dd89acf916c121.png","ascent":8,"type":"bitmap","chars":["仄"]},{"height":8,"file":"minecraft:font/753502062afc4f6fbe16871f347f0b42/7d2364321e15445a91d671d402ce8783.png","ascent":8,"type":"bitmap","chars":["仅"]},{"height":8,"file":"minecraft:font/446b71a512104f56a5e0dcacb0982dec/727b719ff2be432685305471dacc2b04.png","ascent":8,"type":"bitmap","chars":["仆"]},{"height":8,"file":"minecraft:font/4dfe514d1ae64764b09c45e866e0ae62/8e4463e6678e4feca04e13500cb3b0ce.png","ascent":8,"type":"bitmap","chars":["仇"]},{"height":8,"file":"minecraft:font/122bc62740894449a791c144fec1ffd4/ae84ac50182344e7aeeee5d5280618ba.png","ascent":8,"type":"bitmap","chars":["仈"]},{"height":8,"file":"minecraft:font/45ac22c5509840d5b6e8567181ad062e/5f9213f58e8c4c6692cc62ea3af5fcb3.png","ascent":8,"type":"bitmap","chars":["仉"]},{"height":8,"file":"minecraft:font/7a080dfa148248828bb8625c1ed35036/ae01c2be5dbd413ca12cd02c64935440.png","ascent":8,"type":"bitmap","chars":["今"]},{"height":8,"file":"minecraft:font/61a8a78d74a14c679764bbc769635342/e296ec0e915e450d855c0f7c18e9dd94.png","ascent":8,"type":"bitmap","chars":["介"]},{"height":8,"file":"minecraft:font/465ad2c990c54b638d822a6f68a81e4b/055a1dabd8284728a03ff29078364c86.png","ascent":8,"type":"bitmap","chars":["仌"]},{"height":8,"file":"minecraft:font/309ce88365974edba982eee2bd17c535/f3fb061aa8564d4f8c7156aef5017812.png","ascent":8,"type":"bitmap","chars":["仍"]},{"height":8,"file":"minecraft:font/73e9dee8102440c082a1301942778918/a1ac01e015724e23acf0d1ebb7ba6875.png","ascent":8,"type":"bitmap","chars":["从"]},{"height":8,"file":"minecraft:font/461bc3cf8fd3477190862e8a61e05a93/2c389372a95c48efb52cadb2010f2da4.png","ascent":8,"type":"bitmap","chars":["仏"]},{"height":8,"file":"minecraft:font/2dd1b829764a47aa8adc86566630fffa/4b27f99956724ccca93020006d887642.png","ascent":8,"type":"bitmap","chars":["仐"]},{"height":8,"file":"minecraft:font/95f71ff2b8e346b89b97f0b8e0db5193/7737ae37ef7c4ee3910540cc5bccf250.png","ascent":8,"type":"bitmap","chars":["仑"]},{"height":8,"file":"minecraft:font/97a92041a8874cac96954d7eb25502eb/dc9069a5e7fc4923ba515208299ee5cc.png","ascent":8,"type":"bitmap","chars":["仒"]},{"height":8,"file":"minecraft:font/624978f85e1d4b22a0d47d5f1f6133b2/a18b4a43904f49c19d3989c123e84f46.png","ascent":8,"type":"bitmap","chars":["仓"]},{"height":8,"file":"minecraft:font/8126f91c342f495fadf4ff4308f979c8/33d0e4d507d04e9fa6a0960aeccf61b4.png","ascent":8,"type":"bitmap","chars":["仔"]},{"height":8,"file":"minecraft:font/0ff79b86aaa547e0b201fbb66bdc4191/9667196ba16f4597a5be4c3ffeccb951.png","ascent":8,"type":"bitmap","chars":["仕"]},{"height":8,"file":"minecraft:font/108aad1e768d4e7e9b6805a500cbec9d/1da39bbaee3042378cd8688afb31cfd2.png","ascent":8,"type":"bitmap","chars":["他"]},{"height":8,"file":"minecraft:font/9d699e4d8cf2452fabcedf76b22ed38a/de265944763945c5892f90ade875d29b.png","ascent":8,"type":"bitmap","chars":["仗"]},{"height":8,"file":"minecraft:font/7fd5151bf02a4e7fbcc5e53705474dd7/15d3db5e855342e9bdf2f18876537f4e.png","ascent":8,"type":"bitmap","chars":["付"]},{"height":8,"file":"minecraft:font/0650159110514464beb7a5cdf96ee0d9/45c281f20256469d96918e26dba60d5b.png","ascent":8,"type":"bitmap","chars":["仙"]},{"height":8,"file":"minecraft:font/31c69e1c4c04417c9893413842ac7cea/3bf766e5c39d4f2c954fd5dbd95c6f01.png","ascent":8,"type":"bitmap","chars":["仚"]},{"height":8,"file":"minecraft:font/60fa6528629d4b9aa89d951f9d992b13/2ea61c1fc03e45738bd6a78c1cade699.png","ascent":8,"type":"bitmap","chars":["仛"]},{"height":8,"file":"minecraft:font/2ba21e14cdd649e2bf46216edae66f6d/bdf2eb091c284c40a374dd9f2bff2270.png","ascent":8,"type":"bitmap","chars":["仜"]},{"height":8,"file":"minecraft:font/9f6e1142f0d84e25ad60d852016c2288/f7d5da3c255541a8ba0bff6093d00d6b.png","ascent":8,"type":"bitmap","chars":["仝"]},{"height":8,"file":"minecraft:font/2705b29dcace444cb39b092952155c32/5092837560f844ed9f169d8a6fa5d27d.png","ascent":8,"type":"bitmap","chars":["仞"]},{"height":8,"file":"minecraft:font/403c659b41d740058dea6ae832c08cc8/4be9ca0b21504347996166572becd5b0.png","ascent":8,"type":"bitmap","chars":["仟"]},{"height":8,"file":"minecraft:font/f82ae124266c48ccbc58040c13a7110a/3c91c7f351ef48919e5002759a0dff1f.png","ascent":8,"type":"bitmap","chars":["仠"]},{"height":8,"file":"minecraft:font/6a9cb69418284ddbbdc894921ea86f14/1ae6118f94bc48359ac47c43fe612bd5.png","ascent":8,"type":"bitmap","chars":["仡"]},{"height":8,"file":"minecraft:font/05e9dd7c561f4833ae8b458b378a4a9c/3805b95a897d47519b7b19cbcf94072d.png","ascent":8,"type":"bitmap","chars":["仢"]},{"height":8,"file":"minecraft:font/05925cbdb5214733a9b259a8b69617cd/710cd419ec6f451dbef90b7a513eaf6b.png","ascent":8,"type":"bitmap","chars":["代"]},{"height":8,"file":"minecraft:font/e2efce9eef044998bff84ad08756b43e/1c001182095b49a98a441c948f76823e.png","ascent":8,"type":"bitmap","chars":["令"]},{"height":8,"file":"minecraft:font/36eaf68df0d2451db032b746954056a0/1351333fcc0e411d901bf73ecd7d883c.png","ascent":8,"type":"bitmap","chars":["以"]},{"height":8,"file":"minecraft:font/89bdf397d7b6469499bd5c20ca182680/8b48c451b5fc48559fc3052f8c6b6915.png","ascent":8,"type":"bitmap","chars":["仦"]},{"height":8,"file":"minecraft:font/1e6dfca94c234b86bc30af9af3860353/3bc2fdfeed5046d0aeff2808aad1115d.png","ascent":8,"type":"bitmap","chars":["仧"]},{"height":8,"file":"minecraft:font/6d9c421969e843b0851408881af5761a/99e22bb5f5d4484eab596a1ba7e42d3d.png","ascent":8,"type":"bitmap","chars":["仨"]},{"height":8,"file":"minecraft:font/345b8c81acb644f08dbb5b2288c2af6f/d31cb7f546f940a0874fd69c44625f70.png","ascent":8,"type":"bitmap","chars":["仩"]},{"height":8,"file":"minecraft:font/9eb05f4be5bf4f47b58c33a672c580b4/c3a095ea3560405fad981032ec57b2fa.png","ascent":8,"type":"bitmap","chars":["仪"]},{"height":8,"file":"minecraft:font/364ef8477a104d05b1a2e97889468882/7932337f2e384173bee037ba4eebfbb4.png","ascent":8,"type":"bitmap","chars":["仫"]},{"height":8,"file":"minecraft:font/457b4c2a1b1848e6a897bd457431d277/537bb5386baa4104aeef48c06e88450a.png","ascent":8,"type":"bitmap","chars":["们"]},{"height":8,"file":"minecraft:font/d7d30cbd060947a2815560e27ae68eeb/7e3c82fb67334c729983599daa8be2e9.png","ascent":8,"type":"bitmap","chars":["仭"]},{"height":8,"file":"minecraft:font/4c4d8ad2596d4684b745c7afc3c45eb8/1e880912011741be9b5dcfcf9d83cfcb.png","ascent":8,"type":"bitmap","chars":["仮"]},{"height":8,"file":"minecraft:font/150ca535c91e4b6c8414f1af2cb692d8/6ce1c81bf27c4851a4c9c951ff2e3ffd.png","ascent":8,"type":"bitmap","chars":["仯"]},{"height":8,"file":"minecraft:font/1fa726c62f824c6f83043d6e8d42be6a/cde52415cb3842a1a98f095b65e0336b.png","ascent":8,"type":"bitmap","chars":["仰"]},{"height":8,"file":"minecraft:font/20f5767ef33d44a5bdec8f395d062909/26649543a78a4e85bcb5b2a540b63742.png","ascent":8,"type":"bitmap","chars":["仱"]},{"height":8,"file":"minecraft:font/f2b720d346b549248d30ed6b4b38b9de/ed4d5ff47a09492cb182d9e711e80e68.png","ascent":8,"type":"bitmap","chars":["仲"]},{"height":8,"file":"minecraft:font/e9c0bcfc075e4f379d9b76ee43d82a44/00d9a08de9df461e8ec2bf2999b153d4.png","ascent":8,"type":"bitmap","chars":["垗"]},{"height":8,"file":"minecraft:font/6db8a342ed2c4eeeb48d46315340aa8b/63b6032dc4f24084a2d7aa729a0caa62.png","ascent":8,"type":"bitmap","chars":["仳"]},{"height":8,"file":"minecraft:font/754a6e0b1ea64baea6db88b07e03aa3d/4fc21b8c57e2431ea5d57dce13dcbe21.png","ascent":8,"type":"bitmap","chars":["仴"]},{"height":8,"file":"minecraft:font/70940edaa4504dbebf9e18c4a5b88e71/e4a794eef5884d5493a0103861163bf7.png","ascent":8,"type":"bitmap","chars":["仵"]},{"height":8,"file":"minecraft:font/52d866ae5ead47bfb91d1cea78592db2/6cf04d5ab4d74c91b169ab9aa6a0fb86.png","ascent":8,"type":"bitmap","chars":["件"]},{"height":8,"file":"minecraft:font/a4a0350a82794993ac8af6af240ea451/38edead11119423cb610f0bf529303b3.png","ascent":8,"type":"bitmap","chars":["价"]},{"height":8,"file":"minecraft:font/426072d780fa46c4801de764ac9ceb95/f94dc79a2fc24d979049b4170daac847.png","ascent":8,"type":"bitmap","chars":["仸"]},{"height":8,"file":"minecraft:font/1a8d08b5fa4349128defc3bb0cd1c5b4/a05f508bac874aa896c0a94f7ae8c03b.png","ascent":8,"type":"bitmap","chars":["仹"]},{"height":8,"file":"minecraft:font/12ccde35297b4f91b73b39830518d983/25d7940200d141c3ab1eed9e0a52908e.png","ascent":8,"type":"bitmap","chars":["仺"]},{"height":8,"file":"minecraft:font/fdb521f8bd1d4c13bdfd831575e33d11/213dc90b3dee4806b9eb66f733ada596.png","ascent":8,"type":"bitmap","chars":["任"]},{"height":8,"file":"minecraft:font/1db6660087404736bd2cf754273a98a2/ba4121b556fd4c5684a2e4270d72ac92.png","ascent":8,"type":"bitmap","chars":["仼"]},{"height":8,"file":"minecraft:font/4e64098d41df4829b703becd3aa11dfd/b2cbae9dba2d499db558c439d18cb432.png","ascent":8,"type":"bitmap","chars":["份"]},{"height":8,"file":"minecraft:font/3ac74060ea1b4781a03cab52f28d26e6/5028d3dd2acd409c9009aec7ea7b6ab6.png","ascent":8,"type":"bitmap","chars":["仾"]},{"height":8,"file":"minecraft:font/83a8b20dd1d849aab761b0cf0d92caa4/dfeb9e488b7244ef8ef568abe2e581f4.png","ascent":8,"type":"bitmap","chars":["仿"]},{"height":8,"file":"minecraft:font/7822d0aaf3574d9e87e22363b6c036bd/b2b3c614c12e4a32a234140f5bbd2ad4.png","ascent":8,"type":"bitmap","chars":["伀"]},{"height":8,"file":"minecraft:font/151c91bf792145988bef5c81c245d995/48bec1ee96ac4038b72d3419f31fd97a.png","ascent":8,"type":"bitmap","chars":["企"]},{"height":8,"file":"minecraft:font/aa7e3f884e944ce390f599e6af3b4041/a94e1752cf6441e38d9ca1cd88312832.png","ascent":8,"type":"bitmap","chars":["伂"]},{"height":8,"file":"minecraft:font/8ccd849e6be947d983f9324753099603/9ecc1454da8c4c998af470691c8f1a59.png","ascent":8,"type":"bitmap","chars":["伃"]},{"height":8,"file":"minecraft:font/d9645ba44d974524bf5dbf5de2b8a537/c75cc0a6a0634e6682f450ae4eac15f2.png","ascent":8,"type":"bitmap","chars":["伄"]},{"height":8,"file":"minecraft:font/41d15b8ba5cd4728a44a1cd6c5e825c3/ffd673280c744916a3e4054de491dcd5.png","ascent":8,"type":"bitmap","chars":["伅"]},{"height":8,"file":"minecraft:font/0d06dc59a615445c8343118668d97a63/4bff5b6210804559a095058392ae3f40.png","ascent":8,"type":"bitmap","chars":["伆"]},{"height":8,"file":"minecraft:font/7c7516cf8bfd44c8a9cfd6df3284e7cb/db82abfc353342d99aa2b2a273dc8acc.png","ascent":8,"type":"bitmap","chars":["伇"]},{"height":8,"file":"minecraft:font/4e3aeb92cd0242218738d8daf5dccb79/8b1d8323532d421980ff8875dc796cd7.png","ascent":8,"type":"bitmap","chars":["伈"]},{"height":8,"file":"minecraft:font/80a7cc5bdefe46288084daf51759b968/9939bdf1b33b42fc809e281e5c1f01bb.png","ascent":8,"type":"bitmap","chars":["伉"]},{"height":8,"file":"minecraft:font/954b89208de94c2cba7299c581b6df0f/f2e15805432446dfa243dbbd96bb14d4.png","ascent":8,"type":"bitmap","chars":["伊"]},{"height":8,"file":"minecraft:font/11a01f42e62e4befa3d1af9653cdd05a/5daceb72bf7b4f3394b0acc7f1fac02e.png","ascent":8,"type":"bitmap","chars":["伋"]},{"height":8,"file":"minecraft:font/ae30824da7f344d7839b7b374b2a1152/1bf468b77e2e43a1b115b193faded6ff.png","ascent":8,"type":"bitmap","chars":["伌"]},{"height":8,"file":"minecraft:font/41b39f3625a34b8c84117db7e04a0c23/f2b10ff1bd6940ab9783a68319a1804f.png","ascent":8,"type":"bitmap","chars":["伍"]},{"height":8,"file":"minecraft:font/94acbdecfe784a38a3ab25d52a54b788/3e0da9520cbb488cae6dcb20ad18fb46.png","ascent":8,"type":"bitmap","chars":["伎"]},{"height":8,"file":"minecraft:font/2a9e0e21066c4403a45814c66026cdd7/7e224b75005a4f15863c289202474b69.png","ascent":8,"type":"bitmap","chars":["伏"]},{"height":8,"file":"minecraft:font/30256117e4d240dcae18022854dd0399/f33bfed7ae3947ab8686caac0c23b711.png","ascent":8,"type":"bitmap","chars":["伐"]},{"height":8,"file":"minecraft:font/07f4ac09e4c04675a69fc6abe2825446/706a10ec54ab49458f5e5ee2a03866df.png","ascent":8,"type":"bitmap","chars":["休"]},{"height":8,"file":"minecraft:font/783331190753449aa1f108631954b407/6d35d9451c92458e810abbfe26cba3f7.png","ascent":8,"type":"bitmap","chars":["伒"]},{"height":8,"file":"minecraft:font/1d19ab8e85874717860de0428a63d02b/28479327cf3e448d80f4401e419928a9.png","ascent":8,"type":"bitmap","chars":["伓"]},{"height":8,"file":"minecraft:font/c21007357b4045ceab62cffecc71e810/40cb7f078d81476eae7bd0996dabfd50.png","ascent":8,"type":"bitmap","chars":["伔"]},{"height":8,"file":"minecraft:font/19c4b476ac2d4af68966d206f3463a53/66262f0a622742d3a575ce2bf6edb040.png","ascent":8,"type":"bitmap","chars":["伕"]},{"height":8,"file":"minecraft:font/6a38a44c3b764d8a86482a2d3ce7f7d3/d37ed83539cc41698ae09eef4b01474f.png","ascent":8,"type":"bitmap","chars":["伖"]},{"height":8,"file":"minecraft:font/5e3675236451478486c18b45f8e77267/6008e2a4c534481ea64f08f03493c80b.png","ascent":8,"type":"bitmap","chars":["众"]},{"height":8,"file":"minecraft:font/0fb01b9de6e444c1a2e1d6df83b124d4/b0aba94ae03e4af795e7d98a1ba0f1bd.png","ascent":8,"type":"bitmap","chars":["优"]},{"height":8,"file":"minecraft:font/e7c922d258c94c82a259fcfc81849ad9/f7ddec33633f4c9186ca2386889e9225.png","ascent":8,"type":"bitmap","chars":["伙"]},{"height":8,"file":"minecraft:font/80f5daa6593c49d5871fb3cd9e486184/6b61924ea9184ebcb6fa8f146f601732.png","ascent":8,"type":"bitmap","chars":["会"]},{"height":8,"file":"minecraft:font/4e6c45fa0a034905a518d8f307583c3e/cb2777a4ae834b2daa83a8a02140d786.png","ascent":8,"type":"bitmap","chars":["偹"]},{"height":8,"file":"minecraft:font/116b6ad23d8840f6aeafe5ccae28e956/3da417bad832402aa7a5648c7cef85ce.png","ascent":8,"type":"bitmap","chars":["偺"]},{"height":8,"file":"minecraft:font/d579658c1a40422fa729d128a562d04d/7035bc6928584fec9bae128da4ae2250.png","ascent":8,"type":"bitmap","chars":["偻"]},{"height":8,"file":"minecraft:font/338ee84cb0e7415b9ce90bdf44082801/a2f2f738847c4cc1bc653a13935ae709.png","ascent":8,"type":"bitmap","chars":["偼"]},{"height":8,"file":"minecraft:font/71800b22eaa349dca1eaff0c6954d248/5b3821608fd44c309ced52821ed0b1b3.png","ascent":8,"type":"bitmap","chars":["偽"]},{"height":8,"file":"minecraft:font/eb1dfd623a70493fa92b9849b00705b1/0090bd847aad49fe880fc2fa67e82892.png","ascent":8,"type":"bitmap","chars":["偾"]},{"height":8,"file":"minecraft:font/007b79c16fcd437a8dfab6cc8d8a1708/d8178417a50144388fb1ddc94c3111eb.png","ascent":8,"type":"bitmap","chars":["偿"]},{"height":8,"file":"minecraft:font/84b65f80d155463aa34f7635347da9b7/51ca4b3649fe42fca71356cc9bbaae95.png","ascent":8,"type":"bitmap","chars":["傀"]},{"height":8,"file":"minecraft:font/64e776840d324fc4acddb8db3026ae34/b6065984284a406c91151f177652b380.png","ascent":8,"type":"bitmap","chars":["傁"]},{"height":8,"file":"minecraft:font/4b8bfade394e4e0a8ee4d556ffc7a51d/dd0019c5019d4569b9bfb1d80b1e9464.png","ascent":8,"type":"bitmap","chars":["傂"]},{"height":8,"file":"minecraft:font/4cf2a13b877f461ba413b5751b4be959/c3139e2eb22546ca869e7faa06a6a624.png","ascent":8,"type":"bitmap","chars":["傃"]},{"height":8,"file":"minecraft:font/5fa08bd70edb4f989dd3ddf7d760512c/0e6c3b8aac2b470282871d17c0afc1ce.png","ascent":8,"type":"bitmap","chars":["傄"]},{"height":8,"file":"minecraft:font/d54a15d4caa34308b54331525070cf16/3738be77d618467bb3a63c99d221c2b9.png","ascent":8,"type":"bitmap","chars":["傅"]},{"height":8,"file":"minecraft:font/bdc4dcbc04ff481983cfe6adba6e4475/37c5821fa78e410a8d8911f84491532f.png","ascent":8,"type":"bitmap","chars":["傆"]},{"height":8,"file":"minecraft:font/0aefb03b500b4a40b9cb59842bc5f86d/e4f7b4b47b08477299b7f531df2aeac6.png","ascent":8,"type":"bitmap","chars":["傇"]},{"height":8,"file":"minecraft:font/d525c0bedf584a6c9bc387aa59a2e5be/2914f07adc714e5ead081f501873a37d.png","ascent":8,"type":"bitmap","chars":["傈"]},{"height":8,"file":"minecraft:font/856df1d8ab2e44deb969d433a67e875d/fa658f4ec5f241449305cddb330d2ab0.png","ascent":8,"type":"bitmap","chars":["傉"]},{"height":8,"file":"minecraft:font/b6d4c7cf59cf4b2bba1135036f3cf2d3/e08874b33dec4d2985108102b98499a6.png","ascent":8,"type":"bitmap","chars":["傊"]},{"height":8,"file":"minecraft:font/e55a4c28ef75465dbdb313f0dd7fb4fc/5c23c0a088604fc2b8661b80b67934e1.png","ascent":8,"type":"bitmap","chars":["傋"]},{"height":8,"file":"minecraft:font/d33955179d434fe4b64a3dc395fcfeb9/6ade427a54b34f479041dd711a553d5e.png","ascent":8,"type":"bitmap","chars":["傌"]},{"height":8,"file":"minecraft:font/e7967cc3fd77433eb1e81a8767da7ffd/8f14b5e069494f60993244dd63b46043.png","ascent":8,"type":"bitmap","chars":["垃"]},{"height":8,"file":"minecraft:font/797a6598e23441a29209c9e2f2673c10/0f50479d428146999d68f5122570cac8.png","ascent":8,"type":"bitmap","chars":["垄"]},{"height":8,"file":"minecraft:font/dea44cab0b444240a329e9b3f8a9b75e/f769f88a65384da2b7452db1b994e0b1.png","ascent":8,"type":"bitmap","chars":["垅"]},{"height":8,"file":"minecraft:font/7fb47f65f9644af583793605e78ef80e/d2c05faca3a54e0da7e9104c2c7e1651.png","ascent":8,"type":"bitmap","chars":["垆"]},{"height":8,"file":"minecraft:font/82a5d5eab59b4d448804c2ba3ec5511f/33eebe7377844eea9c9f1da700eb94bb.png","ascent":8,"type":"bitmap","chars":["垇"]},{"height":8,"file":"minecraft:font/332c7203336e4f388c9317983042b5a4/014bb9040ad647658bc2ad51c9ba49af.png","ascent":8,"type":"bitmap","chars":["垈"]},{"height":8,"file":"minecraft:font/7c27b6df967f461a872669f2b1819419/1cf91bddee8b4f21a41980e7937b9997.png","ascent":8,"type":"bitmap","chars":["垉"]},{"height":8,"file":"minecraft:font/33049a3baeef421bb3bda34c985efa6b/981bf99b6d0842208dabf341d12b1032.png","ascent":8,"type":"bitmap","chars":["垊"]},{"height":8,"file":"minecraft:font/caa5e2adf70b48c29e4f13e562d80771/7564826c8dc14834aa0cb9d86a148403.png","ascent":8,"type":"bitmap","chars":["型"]},{"height":8,"file":"minecraft:font/4b75d8cba2a444e6ab13e6fe1ef0c09d/b26536948ac24ec88ec74e2d065b6e8e.png","ascent":8,"type":"bitmap","chars":["垌"]},{"height":8,"file":"minecraft:font/f4c78e1155f74a9f851bd81468499715/bca15eae6a584f45a69d1530079d1687.png","ascent":8,"type":"bitmap","chars":["垍"]},{"height":8,"file":"minecraft:font/3364509dd7ac4257b3799d0ac3d9af08/2f01577d283646e5915ee9a20ca180cd.png","ascent":8,"type":"bitmap","chars":["垎"]},{"height":8,"file":"minecraft:font/aced54a015e3495bab8cc9db76f49513/24d913fdbbbe409299bb3f6e6128c801.png","ascent":8,"type":"bitmap","chars":["垏"]},{"height":8,"file":"minecraft:font/029bdf6d99d14e378eaa38c80e9e81b4/247927d0ad3340a58cbf81df4438004b.png","ascent":8,"type":"bitmap","chars":["垐"]},{"height":8,"file":"minecraft:font/58a0e0f4cb8449d5bbdeb7c0debede64/0c02e96740de49b28e3363686b16acb0.png","ascent":8,"type":"bitmap","chars":["垑"]},{"height":8,"file":"minecraft:font/adaa83448bc44b6c8487608449f31951/50d8729f560540cabe63bb2f56cb6989.png","ascent":8,"type":"bitmap","chars":["垒"]},{"height":8,"file":"minecraft:font/77d16c9bee5941aabdac6d6a4f4bf1df/7af931b8aa34416ea24077ad5caee3ac.png","ascent":8,"type":"bitmap","chars":["垓"]},{"height":8,"file":"minecraft:font/5c64ae6348d14f0aaf0c511b73252b61/3e3926b8bbb848bd9c2f7cf24d7d9e52.png","ascent":8,"type":"bitmap","chars":["垔"]},{"height":8,"file":"minecraft:font/90e624723cd3452288348cc062cc3b7d/8dd2941d5dc542248636d58cfb95c168.png","ascent":8,"type":"bitmap","chars":["垕"]},{"height":8,"file":"minecraft:font/10628fe74bb64f46b3dda5d17221067b/e47159f8dc3748869d7c0a64a0cd7ad2.png","ascent":8,"type":"bitmap","chars":["垖"]},{"type":"bitmap","file":"font/pixel.png","ascent":-1000,"height":-2,"chars":["ᨓ"]},{"type":"bitmap","file":"font/pixel.png","ascent":-10000,"height":1,"chars":["ᨒ"]},{"type":"bitmap","file":"font/pixel.png","ascent":-10000,"height":-2,"chars":["⻙"]}]}