{"providers":[{"chars":["垜"],"type":"bitmap","ascent":16,"file":"minecraft:font/3f7820adfc1740278ab2ef99f60e96dc/5c69e3a20beb4a61b221d1171015e82f.png","height":16},{"chars":["一"],"type":"bitmap","ascent":16,"file":"minecraft:font/58f526e22bb64167b31aab7233323eab/eb0f58d1a9594f80bc0eebdb7c7b31c0.png","height":16},{"chars":["丁"],"type":"bitmap","ascent":8,"file":"minecraft:font/6b84f568f2d945629eb57ac55f5cefc5/30e90986473b4cbc82bd0b17e076f388.png","height":8},{"chars":["垞"],"type":"bitmap","ascent":8,"file":"minecraft:font/e03c237b629a452e8947f311977497ff/0923807785524e619d584c53da8dfa95.png","height":8},{"chars":["丂"],"type":"bitmap","ascent":8,"file":"minecraft:font/3940672288044bc39a4a3a1738e8b05b/cc1caebf67d34129b2911b75745287c2.png","height":8},{"chars":["七"],"type":"bitmap","ascent":8,"file":"minecraft:font/a93f75934fb24d4dbd08efeab4271c3e/ea19509e994b442e88a56312c1900dcb.png","height":8},{"chars":["丄"],"type":"bitmap","ascent":8,"file":"minecraft:font/078285b7b3de4233b78cbe1335ae247f/79408429857a4d5cbb5905c0bb210bb4.png","height":8},{"chars":["丅"],"type":"bitmap","ascent":8,"file":"minecraft:font/a14d79fa021746908f0380f4c70c49c6/9955646b74644c738141227a076b3747.png","height":8},{"chars":["丆"],"type":"bitmap","ascent":8,"file":"minecraft:font/3b19f76ef58c490ea2e9abfaf4320200/6c38bb3d57084311a4b2d1d9e4d59415.png","height":8},{"chars":["万"],"type":"bitmap","ascent":8,"file":"minecraft:font/308b92280c19471ca96d8dd1e38b8e42/fc438b5f26504883a92bdc5c42673b4a.png","height":8},{"chars":["丈"],"type":"bitmap","ascent":8,"file":"minecraft:font/c4f8679ac24541c6aae741e148b3c15a/8351d109392e41fba4665271124b1115.png","height":8},{"chars":["三"],"type":"bitmap","ascent":8,"file":"minecraft:font/edf272cc2e374639b1f890494a27b500/04b8a59e3e754835855b7777353887ce.png","height":8},{"chars":["上"],"type":"bitmap","ascent":8,"file":"minecraft:font/0dc4d1622b4144d8af6609eebab51592/ebc3ccb1dc4a46a4b100ab0151acb89b.png","height":8},{"chars":["下"],"type":"bitmap","ascent":8,"file":"minecraft:font/36852ee000c54cb1a6c61810506692fe/ef6b53640b0c44c2b913f8ed1e7b0d02.png","height":8},{"chars":["丌"],"type":"bitmap","ascent":8,"file":"minecraft:font/202b8897c2ae40d093f66684d265cd98/e5a7b27c1adf45bda4c748a92899af61.png","height":8},{"chars":["不"],"type":"bitmap","ascent":8,"file":"minecraft:font/8a680d7ff01b4dbbaeea86fc3ba30bdd/963ada2b5357402fa9f13654edf800b0.png","height":8},{"chars":["与"],"type":"bitmap","ascent":8,"file":"minecraft:font/7c73f085177a4f7ea38f2c473678b561/53c9b70e0070488c82de6d89e8e1ac43.png","height":8},{"chars":["丏"],"type":"bitmap","ascent":8,"file":"minecraft:font/b97252643fba4181bfd015882964aa77/480622ce46c549a3b6c5761efbb121b3.png","height":8},{"chars":["丐"],"type":"bitmap","ascent":8,"file":"minecraft:font/5c4cb0242c79495f8f985ebb478a3413/bf35e35f77c44eb7969bb2109a38ba3d.png","height":8},{"chars":["丑"],"type":"bitmap","ascent":8,"file":"minecraft:font/6ea61001b4e94dbf9363defd64f0d915/6db7052a91c346ccb25256ce08e10b82.png","height":8},{"chars":["丒"],"type":"bitmap","ascent":8,"file":"minecraft:font/b05eb0117f904b0ea5228d32fa3b4be2/e9482ac0d27f40babb3ad9abcff5c08b.png","height":8},{"chars":["专"],"type":"bitmap","ascent":8,"file":"minecraft:font/a3fac56b936e47b29202940d24edfe29/edbc2e8a2b1543acbeb7654ce9286fa0.png","height":8},{"chars":["且"],"type":"bitmap","ascent":8,"file":"minecraft:font/60fae296eaec429f916009e7d79a8bcf/bde37128c0824d29aa37436ae7542fa9.png","height":8},{"chars":["丕"],"type":"bitmap","ascent":8,"file":"minecraft:font/6f623443a68f442b9fe277b80eed7523/3e18c03c75dc4e0aab4af2b5f22a321a.png","height":8},{"chars":["世"],"type":"bitmap","ascent":8,"file":"minecraft:font/42e851ac87c34971ba7bac8a3d99edc2/c4d889b124c347fea9806eec4314bd96.png","height":8},{"chars":["丗"],"type":"bitmap","ascent":8,"file":"minecraft:font/2c7095900e184ac79a5e362f564e8bd7/ae441a6081324f239d5505ae84ccb484.png","height":8},{"chars":["丘"],"type":"bitmap","ascent":8,"file":"minecraft:font/ae3ff020d8694743be3dd5309dc1ba3b/31ae96d2c4ea4f27bc51658e66db9830.png","height":8},{"chars":["丙"],"type":"bitmap","ascent":8,"file":"minecraft:font/01c1a719017441cea42913663d4dc277/cecb11a20c8c4eea96341bec8996573f.png","height":8},{"chars":["业"],"type":"bitmap","ascent":8,"file":"minecraft:font/2c9187b112b847d2995e211a6d7a1995/6632cf1f9492404fa5b23684e4904771.png","height":8},{"chars":["丛"],"type":"bitmap","ascent":8,"file":"minecraft:font/04e99418fc174167b265e9e16afd25cc/a1027748b76946feb5c0bae2b16f0c43.png","height":8},{"chars":["东"],"type":"bitmap","ascent":8,"file":"minecraft:font/9773cb5509764bc988b6d19e9d3b2e76/1144271f6e3b430b8e1805f56d07df9e.png","height":8},{"chars":["丝"],"type":"bitmap","ascent":8,"file":"minecraft:font/4f0bd559fa3341ea9c364ac9ac6ec5e4/f58e2c1cff4841868a7c11b7ccdb2ea5.png","height":8},{"chars":["丞"],"type":"bitmap","ascent":8,"file":"minecraft:font/ee651eba1c384c2ea2904888c0e3397a/ab5d85e7e140473296e96948c982eae9.png","height":8},{"chars":["丟"],"type":"bitmap","ascent":8,"file":"minecraft:font/12d5f8a1890046e892098437428349d2/ec0ff73019284050953e9e74a217d467.png","height":8},{"chars":["丠"],"type":"bitmap","ascent":8,"file":"minecraft:font/14e4b836b7b34f399ddb1e2612c5d683/3c5e00c929744216a8eb2b2ac7d059ff.png","height":8},{"chars":["両"],"type":"bitmap","ascent":8,"file":"minecraft:font/135da56dfc344381a9d73979dd140201/2b46a0013f8846f7823fb6324ddde24b.png","height":8},{"chars":["丢"],"type":"bitmap","ascent":8,"file":"minecraft:font/b00bb282d78f417698b21878e26c5e71/bf86d197e7714f7c8d870f3c2fc1cb7f.png","height":8},{"chars":["丣"],"type":"bitmap","ascent":8,"file":"minecraft:font/ee0779b8834a4187a9d3220d0beea6ad/ee16ae4453a04f1ba6ef34a979cf7dc0.png","height":8},{"chars":["两"],"type":"bitmap","ascent":8,"file":"minecraft:font/44526bafd3334185a80ba752d55bec1b/bd44f6b020054cd4a3477c44938d8bc0.png","height":8},{"chars":["严"],"type":"bitmap","ascent":8,"file":"minecraft:font/6430196611e14feb9321650f083846ed/c5259acdc7b24823aa02ae9ea2c750d1.png","height":8},{"chars":["並"],"type":"bitmap","ascent":8,"file":"minecraft:font/7052381fa89c45df9f8133c5c89dd52e/f23ddca18d604295a7c02060a46fed6f.png","height":8},{"chars":["丧"],"type":"bitmap","ascent":8,"file":"minecraft:font/db3fc79d65194e1980789e60ba91dd18/c30985e3e9524fc49eda9bbffad930da.png","height":8},{"chars":["丨"],"type":"bitmap","ascent":8,"file":"minecraft:font/18b6c46ae94d4f19abd4fd547e63694d/251cc57e86ad4eef928885b2f8df2902.png","height":8},{"chars":["丩"],"type":"bitmap","ascent":8,"file":"minecraft:font/b5953ea48a864b05aee2272f3ea18756/751f2fe9822a4033baff2d943c8702a1.png","height":8},{"chars":["个"],"type":"bitmap","ascent":8,"file":"minecraft:font/4e9e030e9b924cb7837f6efa9aa2f365/dd62613533c64d5bb3ee6fbb74f9ffff.png","height":8},{"chars":["丫"],"type":"bitmap","ascent":8,"file":"minecraft:font/23ba63f4bfcc44c99d6b82ac8596c180/c795cd3e83cd4bf6a6a018df3fe2a7d0.png","height":8},{"chars":["丬"],"type":"bitmap","ascent":8,"file":"minecraft:font/2a5645239ba740f78a3e1b0a1253c841/5a7ede498a7e4e8eae3c196b73cfc8d9.png","height":8},{"chars":["中"],"type":"bitmap","ascent":8,"file":"minecraft:font/68cf567d06854a5a9e3833ef88ad69f5/ae31c885f70943eaa56d4888c89b67ad.png","height":8},{"chars":["丮"],"type":"bitmap","ascent":8,"file":"minecraft:font/607dd7068da04bca9a345dd84037fca3/9e4f9fda608b427a99e9b429eb810202.png","height":8},{"chars":["丯"],"type":"bitmap","ascent":8,"file":"minecraft:font/91d0992129b3423dab4baca7977775d9/7190649b9b484323ad48b8ed8b55effe.png","height":8},{"chars":["丰"],"type":"bitmap","ascent":8,"file":"minecraft:font/7ef56611d87d40ab87c3f8ed419ea9bd/7ccb8bd61850462d88bc99d7584ad6ce.png","height":8},{"chars":["丱"],"type":"bitmap","ascent":8,"file":"minecraft:font/1d9fac06a9104c89a31099ee066659d6/95866e80227945ffacd31aa77bd09971.png","height":8},{"chars":["串"],"type":"bitmap","ascent":8,"file":"minecraft:font/0aad5def9907477883474d27a3a5053e/9df47f3685ef4348ae29e80e042f02bd.png","height":8},{"chars":["丳"],"type":"bitmap","ascent":8,"file":"minecraft:font/6b94c35ced0647b8b33fd98c3fda69a7/889c3cdcd2724aeeb8c490187d289348.png","height":8},{"chars":["垙"],"type":"bitmap","ascent":16000,"file":"minecraft:font/a533f0e581014fa79f8de0b54a5322da/9cef8d6729b148138f494a4665bea7f8.png","height":16000},{"chars":["亖"],"type":"bitmap","ascent":8,"file":"minecraft:font/2b3d5bb5a4014886a421a11209d6472f/f5f2012530a3437db2f8347f182b80e3.png","height":8},{"chars":["亗"],"type":"bitmap","ascent":8,"file":"minecraft:font/6555acbd50c448fb9a3b04227baa5a6b/bb5be3c5ef1e47ff8b6da1e71aed1cb6.png","height":8},{"chars":["亘"],"type":"bitmap","ascent":8,"file":"minecraft:font/2d576bb7c682432bbf2976b829c0b175/c43a1efca91d4377974a40dea9f3e814.png","height":8},{"chars":["亙"],"type":"bitmap","ascent":8,"file":"minecraft:font/21c7a54d8a8d4a3681646ec6aab7cd49/2e0c69b3230d427da30f3e396090d6eb.png","height":8},{"chars":["亚"],"type":"bitmap","ascent":8,"file":"minecraft:font/57cc99bb2c954166a708aa7c25b1e18f/a0237ddf6fb0433bb1548485e17c14ba.png","height":8},{"chars":["些"],"type":"bitmap","ascent":8,"file":"minecraft:font/a884a14c4f554940883ab071ecd0b3e2/8b56fbca5ade4538aa3c87656cdc19a9.png","height":8},{"chars":["亜"],"type":"bitmap","ascent":8,"file":"minecraft:font/91c92a0439b94c06aee602bffb23eedc/a2dc01788d394bdca721d6033941d1a6.png","height":8},{"chars":["亝"],"type":"bitmap","ascent":8,"file":"minecraft:font/89748c61f7044a34996d6a9993e2b95c/2bf0361af70a4d22b5694379a8c703b2.png","height":8},{"chars":["亞"],"type":"bitmap","ascent":8,"file":"minecraft:font/5477f786af094a0bb22d0074c779b393/c2e8fb545d764e719b6eb3623d40e92e.png","height":8},{"chars":["亟"],"type":"bitmap","ascent":8,"file":"minecraft:font/9eac402dcd564fe78dfa3c8d5eaada90/c849c98294194f0e9ef5b9f1d1bc5dbe.png","height":8},{"chars":["亠"],"type":"bitmap","ascent":8,"file":"minecraft:font/1b3ef6ad013d4262bc8c87dd6e4af915/9c6ef8523fee4df59ce8f404902bab84.png","height":8},{"chars":["亡"],"type":"bitmap","ascent":8,"file":"minecraft:font/f9bf678782b74b61b923a3cbf880b4e9/94fafcc0fb72412583cc08ae53ffe364.png","height":8},{"chars":["亢"],"type":"bitmap","ascent":8,"file":"minecraft:font/f742d46fa22146f59e1eb7900fd3fba1/1131f958a357470bb254ebbb654ecb27.png","height":8},{"chars":["亣"],"type":"bitmap","ascent":8,"file":"minecraft:font/e89d74e0464d44378683f0902ff4fc4f/0e0b54ed0d414a758ee900c020d4b8dd.png","height":8},{"chars":["交"],"type":"bitmap","ascent":8,"file":"minecraft:font/63c71b51314e450c91cc90567636199c/58701e6c22c34667b21f3671def856a5.png","height":8},{"chars":["亥"],"type":"bitmap","ascent":8,"file":"minecraft:font/9243766bf2674637aa34efdd0f3ae6cd/f99b5abc85314d63899ff27facb6ac59.png","height":8},{"chars":["亦"],"type":"bitmap","ascent":8,"file":"minecraft:font/05697c96dc194b7b8559441ffe0ef807/2a801a2b714d427cb66247781994bc37.png","height":8},{"chars":["产"],"type":"bitmap","ascent":8,"file":"minecraft:font/aed8402b7d7e4ff096db9454f20c3419/a3d59b7f7337470ea3d9571e1c00d428.png","height":8},{"chars":["亨"],"type":"bitmap","ascent":8,"file":"minecraft:font/e0736932f64f4156bfed06cac25d582f/a80c759203f047a9a77aab2ead7f1c4f.png","height":8},{"chars":["亩"],"type":"bitmap","ascent":8,"file":"minecraft:font/94c56162411b4cd0b7da78e1568e45f8/4271df843cf647b9b0b824bba5083764.png","height":8},{"chars":["亪"],"type":"bitmap","ascent":8,"file":"minecraft:font/1740ea7ff62b4d469d4f3aaa8df1ed71/c17fd2b38e5842a0b1e9e996b529dc34.png","height":8},{"chars":["享"],"type":"bitmap","ascent":8,"file":"minecraft:font/3fab02470fae4216aea3be96060ab0cb/1cb4bbc539234a95b6d6ce9680d9bac8.png","height":8},{"chars":["京"],"type":"bitmap","ascent":8,"file":"minecraft:font/057571a15f4b43c3b0a671856763e19b/76d2c4502bea478d8373be741f7d9f86.png","height":8},{"chars":["亭"],"type":"bitmap","ascent":8,"file":"minecraft:font/2efbd55f52fd4586949c29ca7fb526a8/bb2f2eb2e99a444b92a6c78cbf0d4bd6.png","height":8},{"chars":["亮"],"type":"bitmap","ascent":8,"file":"minecraft:font/8dabc0ecfd224a5d9dcf45932d4eda2e/5b2b8db2e9a2456c8052458754c42cfa.png","height":8},{"chars":["亯"],"type":"bitmap","ascent":8,"file":"minecraft:font/84099a81b65c4d71b2dc3024e9b2e1fe/0caf925ac60b4b7b8cffc1d1ceec2660.png","height":8},{"chars":["亰"],"type":"bitmap","ascent":8,"file":"minecraft:font/691772c2528e426badbaa9ebb17bbd36/ffd9aaf6005640f088fcafd3fc469e4f.png","height":8},{"chars":["亱"],"type":"bitmap","ascent":8,"file":"minecraft:font/8ac8b39b35654365bd118c0cff51fc5e/470738a704d84246854f6a2cf772542f.png","height":8},{"chars":["亲"],"type":"bitmap","ascent":8,"file":"minecraft:font/1ba59d0285e34c53bbe584fb1d484c00/935883eb427f4d558f0bf4f37c86d2af.png","height":8},{"chars":["亳"],"type":"bitmap","ascent":8,"file":"minecraft:font/8bfe10c28bcf4ed0974da98a071cd64c/b38d268594434b49b396a9e960364bf6.png","height":8},{"chars":["亴"],"type":"bitmap","ascent":8,"file":"minecraft:font/e50399d53f9c498e95ce54cd9f2c9525/2a92a7f2285642269b37dd3eb8afd04d.png","height":8},{"chars":["亵"],"type":"bitmap","ascent":8,"file":"minecraft:font/f56084b0550943c8926ea28c7e5f6213/9e9aae25cd4e49ca8c986f421fa805a8.png","height":8},{"chars":["亶"],"type":"bitmap","ascent":8,"file":"minecraft:font/48e69223624e40d6baa6fceb331e7715/52d83eee135542698794077940f4a517.png","height":8},{"chars":["亷"],"type":"bitmap","ascent":8,"file":"minecraft:font/c83809e64cf14d6cbb244dbbcd7504be/493d947138544b6a818120a7d12858ad.png","height":8},{"chars":["亸"],"type":"bitmap","ascent":8,"file":"minecraft:font/296d5211e6b6471fac75fd2c2cee7e02/b69753a51fd64816a059c68e8c6d6754.png","height":8},{"chars":["亹"],"type":"bitmap","ascent":8,"file":"minecraft:font/a3010ca9eaf24f9d833d20f7c74a1d74/eb365f0b352d4d83933a88b8360eaf12.png","height":8},{"chars":["人"],"type":"bitmap","ascent":8,"file":"minecraft:font/6dc2c04564bc4376b7a3fa0d99756959/37bc76a4ad654677a2c7d4680cd34c89.png","height":8},{"chars":["亻"],"type":"bitmap","ascent":8,"file":"minecraft:font/50140f5fdaef4a2eb8dd80c70a0eb987/370ef5ad7c414bca8bc062cffff0f413.png","height":8},{"chars":["亼"],"type":"bitmap","ascent":8,"file":"minecraft:font/2bd64e630bbf4266834e72e5fc88ba50/0288b2cf68ae4907b9cd2c7e05003b36.png","height":8},{"chars":["亽"],"type":"bitmap","ascent":8,"file":"minecraft:font/df8d2a225bfd453087c8595b467a371c/f85b8ed422d2432dab94e574aa78b61a.png","height":8},{"chars":["亾"],"type":"bitmap","ascent":8,"file":"minecraft:font/9cec52150ae2443d928dc5dc3a6dae7e/0019ec87117c480a86559203c1e3870a.png","height":8},{"chars":["亿"],"type":"bitmap","ascent":8,"file":"minecraft:font/2475d932ab034f96bca3b78d4726e2e6/cb31428caf3b4feb8f65c8d1821c2bb6.png","height":8},{"chars":["什"],"type":"bitmap","ascent":8,"file":"minecraft:font/7e0748f7ef574e2897cfb8d2133055c2/5c67e548c4964bbbb3017c96361465aa.png","height":8},{"chars":["仁"],"type":"bitmap","ascent":8,"file":"minecraft:font/37a8b6fe038b4ddfbb52d35410117d39/61353705c81645ef8dfccd86d52357da.png","height":8},{"chars":["仂"],"type":"bitmap","ascent":8,"file":"minecraft:font/af6d0acafcfd4744af3c7bd20009f6d3/e87189051ca24c43baf9af7d7f386d2e.png","height":8},{"chars":["仃"],"type":"bitmap","ascent":8,"file":"minecraft:font/23d6c483e5c54920933a50aa0dbfae44/860ed1d7804b47aeb1a046c6af268fcd.png","height":8},{"chars":["仄"],"type":"bitmap","ascent":8,"file":"minecraft:font/62bfbed704ec4f40a91a7232bb353c82/4e1c659fc16a493fb89287c659631f51.png","height":8},{"chars":["仅"],"type":"bitmap","ascent":8,"file":"minecraft:font/24a713ae18c14b79815ec44227fc5392/655b0bd79cf44b099e97045ed72c5326.png","height":8},{"chars":["仆"],"type":"bitmap","ascent":8,"file":"minecraft:font/7961402fb5bb43e6ae214455f25e934d/31ea94b6e43b48748a2988fdf00dd6aa.png","height":8},{"chars":["仇"],"type":"bitmap","ascent":8,"file":"minecraft:font/df4b9da8d2e9490e984e1feeef12f936/5ab04ba3a7964f5480b97be9d58fc739.png","height":8},{"chars":["仈"],"type":"bitmap","ascent":8,"file":"minecraft:font/c2c9952966e74f77b33a7b6bc4d25d1e/4f7d83b4cbed44a99f257586826788a6.png","height":8},{"chars":["仉"],"type":"bitmap","ascent":8,"file":"minecraft:font/f362102b11174c839637e748c3862274/5da68fed7ab34d09a7a271885fdd7933.png","height":8},{"chars":["今"],"type":"bitmap","ascent":8,"file":"minecraft:font/06962da44b044904a7ed81be76e5c134/0dff978811864788b24406a98f65dab0.png","height":8},{"chars":["介"],"type":"bitmap","ascent":8,"file":"minecraft:font/4907368452ce4461a824d710c65e75a5/c1d89f62cd70459abf4c8040d1f41b9f.png","height":8},{"chars":["仌"],"type":"bitmap","ascent":8,"file":"minecraft:font/cd06fd3be9594a1cbd1714b96588cc76/162c3b94b63b40c9b5690b621c9a0010.png","height":8},{"chars":["仍"],"type":"bitmap","ascent":8,"file":"minecraft:font/b904dd01fef64408ac963eb503ae21b8/cdaaf743a64d4bc2bc1acfa238d83037.png","height":8},{"chars":["从"],"type":"bitmap","ascent":8,"file":"minecraft:font/450d656868b8446baf3cfc9d369fbcdf/746718f0c4394d1daa459ee1a2e4188a.png","height":8},{"chars":["仏"],"type":"bitmap","ascent":8,"file":"minecraft:font/fa2bed92f74e405b86b4287eed4a4432/1662134cd86744d28dc953f39ea80776.png","height":8},{"chars":["仐"],"type":"bitmap","ascent":8,"file":"minecraft:font/2ddd7d441ffe4fb1b704585ef51fbb87/e734727ee51546c68195115b4a7a891c.png","height":8},{"chars":["仑"],"type":"bitmap","ascent":8,"file":"minecraft:font/b50479fda9c048b6810f205a30de25e4/b9ff8de6ee974c7c8853c310016d6aad.png","height":8},{"chars":["仒"],"type":"bitmap","ascent":8,"file":"minecraft:font/daf46fecfd8b4a5ba8d44aef6666d6f4/ca09726856e6465b9fc1dbe07f54eeec.png","height":8},{"chars":["仓"],"type":"bitmap","ascent":8,"file":"minecraft:font/68b2d352bbb04532863a674f85ee88e9/9d7b4665d5d841aeaeec9a60e613ecce.png","height":8},{"chars":["仔"],"type":"bitmap","ascent":8,"file":"minecraft:font/a12a93a740114bcab0d53cebb6e97ae8/e61ba1074ab84d70a04fc846f37bebd5.png","height":8},{"chars":["仕"],"type":"bitmap","ascent":8,"file":"minecraft:font/5c47c403e88542f9b1f3db3749fa84cf/1accf5f17e06440c94ac366c0b0efb0b.png","height":8},{"chars":["他"],"type":"bitmap","ascent":8,"file":"minecraft:font/ac685186a39f46ea90a9e65b2bb265b5/de61afb35de94f1895d4375d495540a0.png","height":8},{"chars":["仗"],"type":"bitmap","ascent":8,"file":"minecraft:font/11740b4ca7d3456aa2d34f48ee11da46/b23d54075720426ebf11186356f11d8a.png","height":8},{"chars":["付"],"type":"bitmap","ascent":8,"file":"minecraft:font/4f1dd897d856429ebc568eda89801185/18f24a3fd21d4184855c7e8bb14f88ed.png","height":8},{"chars":["仙"],"type":"bitmap","ascent":8,"file":"minecraft:font/5955fdee60e94145bf8f98a6269acec9/d3acab01360340699e6498ab1206817f.png","height":8},{"chars":["仚"],"type":"bitmap","ascent":8,"file":"minecraft:font/630f26b3166340dfafae0b2e75e21ded/8db8b08c01614460b4f2307138e0f258.png","height":8},{"chars":["仛"],"type":"bitmap","ascent":8,"file":"minecraft:font/c39347333e474bdfa151c7a6f3228f6e/7c6bfff302ce4f5f8b9af47aa714aabd.png","height":8},{"chars":["仜"],"type":"bitmap","ascent":8,"file":"minecraft:font/e1080d2416b641fd9f05b0746b9cfd12/7c7830cd48534d66a2d87e056ee775d0.png","height":8},{"chars":["仝"],"type":"bitmap","ascent":8,"file":"minecraft:font/eede0119247d433f8dad8c89ca088b3d/97a2ad00ed0249fa9e5f580a1f479f0e.png","height":8},{"chars":["仞"],"type":"bitmap","ascent":8,"file":"minecraft:font/6f9a2c905f2f4055a8399f2b04a9cfed/2c4df13e586f41a2bd044faa411b74b4.png","height":8},{"chars":["仟"],"type":"bitmap","ascent":8,"file":"minecraft:font/754134631f684a00bd07f483a55a6f4b/e4ec175122914360b534449b7f27ae4c.png","height":8},{"chars":["仠"],"type":"bitmap","ascent":8,"file":"minecraft:font/fe6e13eaa401499cb89141b69dfb3342/6f44c23f0a544225ad3c5ca06381cc62.png","height":8},{"chars":["仡"],"type":"bitmap","ascent":8,"file":"minecraft:font/d6d17322c65f4b7ca8d9f0bbecf48be6/8eac4aa563bf48d1b6997a42f3724ae2.png","height":8},{"chars":["仢"],"type":"bitmap","ascent":8,"file":"minecraft:font/a3bb7316f892417a80823a116fc0c6c6/f71528a848d145638cd4a07d15879ed9.png","height":8},{"chars":["代"],"type":"bitmap","ascent":8,"file":"minecraft:font/de7ffb88e74e4255b278c2747cf06baa/40e4b05527214f88bddb0c3309170379.png","height":8},{"chars":["令"],"type":"bitmap","ascent":8,"file":"minecraft:font/535b697e7cec4c90a980679ea70c3d27/f25cff96bc6f43c89b0d5e53a5619011.png","height":8},{"chars":["以"],"type":"bitmap","ascent":8,"file":"minecraft:font/f15b2dd0dd0841d3b64164f01ae40e33/1a44b30824934f31a16c1828b221afe7.png","height":8},{"chars":["仦"],"type":"bitmap","ascent":8,"file":"minecraft:font/c2a725943a8c449cbf2b8e7e2dd2a183/36d91464d7514936a6991e1283cf40f4.png","height":8},{"chars":["仧"],"type":"bitmap","ascent":8,"file":"minecraft:font/e6f9e18c80974eef8030e71c913b31ef/c088360cc5d447999f6f913aaafa4a8e.png","height":8},{"chars":["仨"],"type":"bitmap","ascent":8,"file":"minecraft:font/b4f6d672297741c3bf21d2cec1d278df/f1995a4c8147445f8fd51ca34f3f8928.png","height":8},{"chars":["仩"],"type":"bitmap","ascent":8,"file":"minecraft:font/00f2e4b496d84ac08312e07da1a442a2/d0649876559a4d33a0735ea0c8e162a6.png","height":8},{"chars":["仪"],"type":"bitmap","ascent":8,"file":"minecraft:font/2ad06e688d2d4c30987609a7d74cc6c4/7e98b7f9f72546f492a62713982cf91e.png","height":8},{"chars":["仫"],"type":"bitmap","ascent":8,"file":"minecraft:font/63235f0ac2784307a42dd6926beee78f/9a07b5943133452690153d9c62cecab6.png","height":8},{"chars":["们"],"type":"bitmap","ascent":8,"file":"minecraft:font/b4afc94a7c67495e88a066ea3c164d80/04e524bcde1d44b2b2167c95166e321e.png","height":8},{"chars":["仭"],"type":"bitmap","ascent":8,"file":"minecraft:font/d2e611b277cd4403b3e335ea98c11aa6/4abd1bce3c3747438559257730880e73.png","height":8},{"chars":["仮"],"type":"bitmap","ascent":8,"file":"minecraft:font/459d333daef14db28e99e89cfbfb9094/588e51a66e9b451eb97756597b4cceef.png","height":8},{"chars":["仯"],"type":"bitmap","ascent":8,"file":"minecraft:font/10c1ab266cb5492a88fa9c9429001b5c/e83fd9b9c6ae4361a08e8fd91ab85c71.png","height":8},{"chars":["仰"],"type":"bitmap","ascent":8,"file":"minecraft:font/3c2ebb222ad24e8bb39461cd1c377fb9/652b69597ddf4ab1aacc599ce6747268.png","height":8},{"chars":["仱"],"type":"bitmap","ascent":8,"file":"minecraft:font/3077415a1b7a4cea8b47d51587214d25/5204d04638e943cdaa468cd6b5251000.png","height":8},{"chars":["仲"],"type":"bitmap","ascent":8,"file":"minecraft:font/e1cd26f6a39e466f9a21a91002b33f39/aeeafe3687494225a712d827ccaaa32c.png","height":8},{"chars":["临"],"type":"bitmap","ascent":8,"file":"minecraft:font/4b335afd4c2741f386441a53b327debf/b10b2b08c6ed4d7ab766232c9f014d44.png","height":8},{"chars":["丵"],"type":"bitmap","ascent":8,"file":"minecraft:font/3c3040745f434f209b3ace13c3504127/75bcf0637e274da6a558f4bf993e97c5.png","height":8},{"chars":["丶"],"type":"bitmap","ascent":8,"file":"minecraft:font/8553467633c045cb9a8c0b34ff158b03/14e7ca4cd8cc47bd978676c23164d319.png","height":8},{"chars":["丷"],"type":"bitmap","ascent":8,"file":"minecraft:font/8f0e785171a84e8ea60e93b3cd20ae72/0087b8f8d02c45329e945762347b0fec.png","height":8},{"chars":["丸"],"type":"bitmap","ascent":8,"file":"minecraft:font/5832ad17eda84b5e8146d505655d2e2c/d29f9a7098f24ca1b9ed0d4af1256327.png","height":8},{"chars":["丹"],"type":"bitmap","ascent":8,"file":"minecraft:font/3f6a61db423c434d82fc17d28d0e83a1/c4623eda011a4729bc421acec562a6b2.png","height":8},{"chars":["为"],"type":"bitmap","ascent":8,"file":"minecraft:font/7a97430d799c44ac8dfbc6ed3f8c674c/57fc8e5e292c4c1fba7a979b2261c4a3.png","height":8},{"chars":["主"],"type":"bitmap","ascent":8,"file":"minecraft:font/1a1f9d9725cf48349b615c6b1fa88b7b/ea2aaa6f6baa4735ab9e474612e899c2.png","height":8},{"chars":["丼"],"type":"bitmap","ascent":8,"file":"minecraft:font/18c6131cdbe44fa6b35c363ec466bae2/d4a96c33eeb0432ab2943a7d754b9fa2.png","height":8},{"chars":["丽"],"type":"bitmap","ascent":8,"file":"minecraft:font/9674c627d50e41d9bff4eb687d617212/263be8f43327403bb2fbf5e2739323b0.png","height":8},{"chars":["举"],"type":"bitmap","ascent":8,"file":"minecraft:font/fef95164ec374ef3b1f53e8a59833188/0c831840c1f04bcf84bc0a0eaaf7e111.png","height":8},{"chars":["丿"],"type":"bitmap","ascent":8,"file":"minecraft:font/d167435dc45a4f6eb967388e134f3621/ed3352b02a22428d85e794e25f9cc961.png","height":8},{"chars":["乀"],"type":"bitmap","ascent":8,"file":"minecraft:font/9d25f1d788634dd7b9d59df472844df3/d78ebaea2e6b4ce7a839b5925f5b1b8d.png","height":8},{"chars":["乁"],"type":"bitmap","ascent":8,"file":"minecraft:font/4d03a9d689d14371879ff8c50900b8a2/08e8c2a0c93549b082c9b5934b13da87.png","height":8},{"chars":["乂"],"type":"bitmap","ascent":8,"file":"minecraft:font/17156d962b84404dbed4cebb8d9885e5/7b0d436bd6454ea4ba21cc64bc5d632d.png","height":8},{"chars":["乃"],"type":"bitmap","ascent":8,"file":"minecraft:font/89e567387a824e87a8c93c88aec65449/11e42ee39f5a45f3aad03be4242a34ca.png","height":8},{"chars":["乄"],"type":"bitmap","ascent":8,"file":"minecraft:font/6c69196f69384821a5b06654e398dd9c/4eca9e7201474fafbefc3bde2924c3ce.png","height":8},{"chars":["久"],"type":"bitmap","ascent":8,"file":"minecraft:font/6eeac82102a542c8abfb3ce575da76c2/63d672fda4d6440e957ce8de3c61e653.png","height":8},{"chars":["乆"],"type":"bitmap","ascent":8,"file":"minecraft:font/d07fa971433a4d4e92b19d3973c512d8/dd95170a122b466291ac9f5677401521.png","height":8},{"chars":["乇"],"type":"bitmap","ascent":8,"file":"minecraft:font/2dd779db6d234d8199f779dd4177155c/166243857b034cf49005f1cc9067e887.png","height":8},{"chars":["么"],"type":"bitmap","ascent":8,"file":"minecraft:font/838001c3ed3b432bab8158cfc8df96e4/27a593ace51540fa99dbd5ed26adf5c6.png","height":8},{"chars":["义"],"type":"bitmap","ascent":8,"file":"minecraft:font/314a598a22b146b880d0fca3e5c93683/ba7a188685624febb06b4b31253136b7.png","height":8},{"chars":["乊"],"type":"bitmap","ascent":8,"file":"minecraft:font/0b90a2e133dc40228ba8b2fe0bd8000a/86e6991817e14d848d5982dd4e833b15.png","height":8},{"chars":["之"],"type":"bitmap","ascent":8,"file":"minecraft:font/b0ccad6a11e14d84b623b1b11b7de4c0/b4426a2a4209423ba9fcd8a995487efe.png","height":8},{"chars":["乌"],"type":"bitmap","ascent":8,"file":"minecraft:font/cea6d11a46a74e75aaf55fbc31d48c9b/b12bbe46c8944b068bcefdcf561b05bf.png","height":8},{"chars":["乍"],"type":"bitmap","ascent":8,"file":"minecraft:font/b19d8392337d4bc78a5fe7295e084878/0a7139c66d7b486c93d0b2ed3c103555.png","height":8},{"chars":["乎"],"type":"bitmap","ascent":8,"file":"minecraft:font/d008bdfe5b8643c5a70d054af08d8ca2/06ab715aa3aa4b48bb19537c75e0e253.png","height":8},{"chars":["乏"],"type":"bitmap","ascent":8,"file":"minecraft:font/9c8d5dca59c7442abfddaa7c22cb38b8/a3195b92db6e47fba412c0f123c8af56.png","height":8},{"chars":["乐"],"type":"bitmap","ascent":8,"file":"minecraft:font/a355ca8602364619956c6c7f3957bc34/c0bdfab2fdec4973ad6b35f333823ded.png","height":8},{"chars":["乑"],"type":"bitmap","ascent":8,"file":"minecraft:font/6d17274866d64ffb997969aaadafc260/8699260ee4b24760a4a6f608e8ed5b90.png","height":8},{"chars":["乒"],"type":"bitmap","ascent":8,"file":"minecraft:font/0bcfdc8c3a28483db22de6dbd8b9b792/41c15358693f41d1941714c3d8fadb79.png","height":8},{"chars":["乓"],"type":"bitmap","ascent":8,"file":"minecraft:font/6b70a045d75743f294d00a741e5ecaa3/0a487be79b0f45f9991555d9d03dac68.png","height":8},{"chars":["乔"],"type":"bitmap","ascent":8,"file":"minecraft:font/409d1a3ad7fc4c25936b84c216d5bedc/75b0b845dc55456c845a7e96f156aadb.png","height":8},{"chars":["乕"],"type":"bitmap","ascent":8,"file":"minecraft:font/7f01a8a8abd04737a979dbbe455afa4d/fda91ee0c22a4caf9ad3900deaa98665.png","height":8},{"chars":["乖"],"type":"bitmap","ascent":8,"file":"minecraft:font/0aaff5600695486ebc64e4cc29f99758/3a8b52015dbd434bbde588fc5ff6d361.png","height":8},{"chars":["乗"],"type":"bitmap","ascent":8,"file":"minecraft:font/7e052c81c04249baa9ff473c0267df70/4087c9b7d5244fa29f95f79bf9abd9a0.png","height":8},{"chars":["乘"],"type":"bitmap","ascent":8,"file":"minecraft:font/080b1b9d17f5409e8ecc7816a603b154/f12b12184111480e8489ad3109e1ffe8.png","height":8},{"chars":["乙"],"type":"bitmap","ascent":8,"file":"minecraft:font/cf85933a5a0a4d65b5f2715e1282d5a2/67be669e7d2a4c999c72c6b2f7e8df9e.png","height":8},{"chars":["乚"],"type":"bitmap","ascent":8,"file":"minecraft:font/5b6a6c12eddb4699b072711f031f571c/b36c3d00abc94cd99c9876c61076ca49.png","height":8},{"chars":["乛"],"type":"bitmap","ascent":8,"file":"minecraft:font/34cdab89d6684a6b9ada161764061299/c730831035dd47baafc87262ecf82a6a.png","height":8},{"chars":["乜"],"type":"bitmap","ascent":8,"file":"minecraft:font/c692f9863f704005a33f92075eaf0aa0/47fb0093d6a34411880809ea74d125fa.png","height":8},{"chars":["九"],"type":"bitmap","ascent":8,"file":"minecraft:font/5efa07216d0546148df8ac5341e7a38f/20af6643b935448c861105758647d7a1.png","height":8},{"chars":["乞"],"type":"bitmap","ascent":8,"file":"minecraft:font/4448482b798d4e969ef904763c5a9a97/13c49840ba554847b59a9f16651f3fd8.png","height":8},{"chars":["也"],"type":"bitmap","ascent":8,"file":"minecraft:font/e8b64a76913b4e4ab2ba2aa335425ccc/d558e6d10b904d2293b05cb1aed7bd52.png","height":8},{"chars":["习"],"type":"bitmap","ascent":8,"file":"minecraft:font/f8bac0ef231549b2b03ef1ddd004cf6e/c6022a0cdf6047dda39f5d25e5f43035.png","height":8},{"chars":["乡"],"type":"bitmap","ascent":8,"file":"minecraft:font/7aedd760401b491cb7c4b2bafd1407b9/fec1f770388e4068b5b049cd73713ef1.png","height":8},{"chars":["乢"],"type":"bitmap","ascent":8,"file":"minecraft:font/4297792444194e26a90b13af9c8d0bce/15b9ea5532e84e2baa6774302122484f.png","height":8},{"chars":["乣"],"type":"bitmap","ascent":8,"file":"minecraft:font/b921403305794f12ad1ce4fc21a6354c/742f526827df46fc830e7b6e5096dbec.png","height":8},{"chars":["乤"],"type":"bitmap","ascent":8,"file":"minecraft:font/f680d7b3cdaf4358a2a741e101ff5f85/caffd98e252b428487939e2cfcaaf48d.png","height":8},{"chars":["乥"],"type":"bitmap","ascent":8,"file":"minecraft:font/e310913901d242caac77ad511883c681/89f9f633dde24375a8175bf495c49c55.png","height":8},{"chars":["书"],"type":"bitmap","ascent":8,"file":"minecraft:font/f683967de0c249179cc1965b803de038/92bb49fb0ecd453ba4f6d3212c936dc8.png","height":8},{"chars":["乧"],"type":"bitmap","ascent":8,"file":"minecraft:font/0fc4a27abe0c4802801a61935b5f00cb/b8487425899349228b3507112725bd84.png","height":8},{"chars":["乨"],"type":"bitmap","ascent":8,"file":"minecraft:font/acfd345cf6424a8d8859ba1d1c9056af/ae4a5f44f469495093dee893ebda7aa2.png","height":8},{"chars":["乩"],"type":"bitmap","ascent":8,"file":"minecraft:font/9dbb5a14c59e4fd8aaaf89d764ce7342/6e79b823e6e14da49cc59dd2067c964a.png","height":8},{"chars":["乪"],"type":"bitmap","ascent":8,"file":"minecraft:font/a49e1941a3564526ab0fa944c84d3fbf/9f1020be596f476a8b6c28c1b2843e91.png","height":8},{"chars":["乫"],"type":"bitmap","ascent":8,"file":"minecraft:font/372ba4392cd2402fb7d36d0b162dfc6d/4f2abeb6874648b490d32e6aaf526728.png","height":8},{"chars":["乬"],"type":"bitmap","ascent":8,"file":"minecraft:font/e5f3a6c657ee495e9b08b38c63b0fb5f/06f38206bc7b45699d6c4459e073409f.png","height":8},{"chars":["乭"],"type":"bitmap","ascent":8,"file":"minecraft:font/db9f516a1f644efe87703e97bfcd4aee/db5b666d8a6c45288bbdf4750bb530c3.png","height":8},{"chars":["乮"],"type":"bitmap","ascent":8,"file":"minecraft:font/6a388dccca924a87b03ea2d71bc60647/434f230ca314412782f3de9b3a0a40af.png","height":8},{"chars":["乯"],"type":"bitmap","ascent":8,"file":"minecraft:font/4c51fc995f764d45a1d6d9f98237ad2d/f2aa4c6181c6459a96fd9f41306e8c00.png","height":8},{"chars":["买"],"type":"bitmap","ascent":8,"file":"minecraft:font/1e2504395ee3481b9c33eadda6e08f01/649742cda0ee44cdb477bb1ea4cdd6aa.png","height":8},{"chars":["乱"],"type":"bitmap","ascent":8,"file":"minecraft:font/b8cb18f85a3249e7942f0710c68b764f/8130a1d94655465f99cebd2e0ee63919.png","height":8},{"chars":["乲"],"type":"bitmap","ascent":8,"file":"minecraft:font/a29ad85462ec4684b98da3142385002d/ca1650ddb04d412f9a96dadd8d912af6.png","height":8},{"chars":["乳"],"type":"bitmap","ascent":8,"file":"minecraft:font/c86b25037ee04780aee1599fa31cea5f/ac1a045f4af94cdfbbbec21c76f08744.png","height":8},{"chars":["乴"],"type":"bitmap","ascent":8,"file":"minecraft:font/ff59dc8037e542ca870db64d1e8e3775/aee63ad6fb9443c4b0b673c838f68beb.png","height":8},{"chars":["乵"],"type":"bitmap","ascent":8,"file":"minecraft:font/93613ac3d0fe49939da851b332c5a0be/1c57600d5c4c4fb1b2a2031013093e8a.png","height":8},{"chars":["乶"],"type":"bitmap","ascent":8,"file":"minecraft:font/4c322fd125b24e28a23754d8a2f7798c/77242c9a097a4498b11540eb195184be.png","height":8},{"chars":["乷"],"type":"bitmap","ascent":8,"file":"minecraft:font/2327439892d546918fb0a1a8d6f4807b/04f1f506f7de4cadbdcde069689583b9.png","height":8},{"chars":["乸"],"type":"bitmap","ascent":8,"file":"minecraft:font/a615628b88174dcda6eb816cf8a27b7e/ae7db8327c5d42c29893836bce1df2c1.png","height":8},{"chars":["乹"],"type":"bitmap","ascent":8,"file":"minecraft:font/dc706bdb61fb46ccbe3d747e0935cbd3/84ebf369d4904c908a17d3ffb9c5c6c4.png","height":8},{"chars":["乺"],"type":"bitmap","ascent":8,"file":"minecraft:font/6d916b527d6f49c8805326b0468f5dfe/c40dedce1289431abf7d10f37f22637a.png","height":8},{"chars":["乻"],"type":"bitmap","ascent":8,"file":"minecraft:font/014a139dbb85475ebde12f95622e10e1/b8b2beeb430a4f45877567d6bc98ec73.png","height":8},{"chars":["乼"],"type":"bitmap","ascent":8,"file":"minecraft:font/28f4c3a706e24ed8a07af2454adad5bf/c4765abeeff24d9aa9ab711f9034557a.png","height":8},{"chars":["乽"],"type":"bitmap","ascent":8,"file":"minecraft:font/2a35de8c343b461dab3f9115e5d7bd68/44cd8b2b35c74637bc8a4f87443b923c.png","height":8},{"chars":["乾"],"type":"bitmap","ascent":8,"file":"minecraft:font/98c48a75530c41fb9fb5675734147b24/2b6ef0d90b014c9f8fade575a538dcee.png","height":8},{"chars":["乿"],"type":"bitmap","ascent":8,"file":"minecraft:font/3221b44c81144bf09dabb4ccd657b81d/b9acb436c3d048dcb5339b96c074c9fe.png","height":8},{"chars":["亀"],"type":"bitmap","ascent":8,"file":"minecraft:font/3d44f94ecab54ef5ae1229ea490fa929/0317ae2d900b4f349f729011c7b2912a.png","height":8},{"chars":["亁"],"type":"bitmap","ascent":8,"file":"minecraft:font/379ca3fcaaa248b7bbd004cd3d6b2989/1f6163156dde473c886b9f9ecaece54a.png","height":8},{"chars":["亂"],"type":"bitmap","ascent":8,"file":"minecraft:font/7e699ab9d7dc456aa24b88d8e6cc45a2/7be98be7f00947d7a19315184a86cbaf.png","height":8},{"chars":["亃"],"type":"bitmap","ascent":8,"file":"minecraft:font/cd276f806c4d47f199f2f2ac1bd3ff70/3a469f7dd72e406782fde815c3decd17.png","height":8},{"chars":["亄"],"type":"bitmap","ascent":8,"file":"minecraft:font/8f5f3166d8b84dfd9a20d4df238b8a39/63f00831d96a434f87b2bbd75a889763.png","height":8},{"chars":["亅"],"type":"bitmap","ascent":8,"file":"minecraft:font/769eb256ff414fe195a35eef936b6eb7/9afddaae2d4a45a1b3a4c5a66362e7a9.png","height":8},{"chars":["了"],"type":"bitmap","ascent":8,"file":"minecraft:font/74125eee2d164ed8a511ec0ef94a5580/3a70e82acae8472085a886392a7d350e.png","height":8},{"chars":["亇"],"type":"bitmap","ascent":8,"file":"minecraft:font/43a031d2d9cd4aacb263dcb260df6451/4192e3b9858a491183621698a738827c.png","height":8},{"chars":["予"],"type":"bitmap","ascent":8,"file":"minecraft:font/3d3a9ed768f44927a821fd7af02e198b/b9accd837f8c4e0ebb838c5342e21c36.png","height":8},{"chars":["争"],"type":"bitmap","ascent":8,"file":"minecraft:font/848583ba58124dbab724a8365d3168f4/efc5491e6b1d4091aa9fafdcc6063411.png","height":8},{"chars":["亊"],"type":"bitmap","ascent":8,"file":"minecraft:font/4cff3b676d12406886df14eb767fd832/a11d3f896bbe491099fd27acdba7d73e.png","height":8},{"chars":["事"],"type":"bitmap","ascent":8,"file":"minecraft:font/79a7ff713a8f48f3981cb77052adfa63/d7db054009c449119a2c44e16667da1c.png","height":8},{"chars":["二"],"type":"bitmap","ascent":8,"file":"minecraft:font/60a97e7e49d14d32a9854795b42dc048/273198dd9e85446fad2a5a0b9df1f5b7.png","height":8},{"chars":["亍"],"type":"bitmap","ascent":8,"file":"minecraft:font/5500b456a2f249088b59ffddf5704800/bd4a7b1aa3d3455f830224f933f89833.png","height":8},{"chars":["于"],"type":"bitmap","ascent":8,"file":"minecraft:font/27578c191aa34e008b9e5f814fc25e68/b84b2556d11b44ac83761b7ad44456f3.png","height":8},{"chars":["亏"],"type":"bitmap","ascent":8,"file":"minecraft:font/020aba88e4a843258bdd04b10ecc1303/18d00060b92b4761adebb237e2783656.png","height":8},{"chars":["亐"],"type":"bitmap","ascent":8,"file":"minecraft:font/ef016d45df274166a853d1572a96b876/6532a1fe0596416186ac976cd08c9ce9.png","height":8},{"chars":["云"],"type":"bitmap","ascent":8,"file":"minecraft:font/534c6c557e854218afa4abaff242f344/2a33dbab65784748af9ac8281495a462.png","height":8},{"chars":["互"],"type":"bitmap","ascent":8,"file":"minecraft:font/66754e99e81e4a99ab75afae959aaf63/d1ee63b7580e42c18c5d284fabb243e8.png","height":8},{"chars":["亓"],"type":"bitmap","ascent":8,"file":"minecraft:font/a08cf07aaa014c559546ab77079090d7/a9358b55fdd64879b3e5e626113c570f.png","height":8},{"chars":["五"],"type":"bitmap","ascent":8,"file":"minecraft:font/78d572ae7b6745298f29c2c72683ba6b/4fe372553cd54389b9a170264b9bb80f.png","height":8},{"chars":["井"],"type":"bitmap","ascent":8,"file":"minecraft:font/4b4099e65b224beaa53c0c780397d2c7/3c9a7c282ffb40cfafde5d9ed0f18198.png","height":8},{"chars":["亖"],"type":"bitmap","ascent":8,"file":"minecraft:font/5c06ed8d92ac45488e2c0b884d2b6cf6/d73e876367a343c383fefe19e17a95e4.png","height":8},{"chars":["亗"],"type":"bitmap","ascent":8,"file":"minecraft:font/d2d8f05fbb1e49a680def58274005290/58556c7597e9430a8f2e8f81e3c37e3a.png","height":8},{"chars":["亘"],"type":"bitmap","ascent":8,"file":"minecraft:font/bcff164c84aa439eb98179932282df65/eaaf33412814465e9d798d7e003e75c5.png","height":8},{"chars":["亙"],"type":"bitmap","ascent":8,"file":"minecraft:font/668d955f536543dba52a6306a62e9aa5/d370513cdf32417dbf69466ec8b60b25.png","height":8},{"chars":["亚"],"type":"bitmap","ascent":8,"file":"minecraft:font/adb95269ea2045d5b7d478df17f3070a/bbde615edc3747009faf4337f5ff437e.png","height":8},{"chars":["些"],"type":"bitmap","ascent":8,"file":"minecraft:font/5f803ec5b1cd494280fec9a8b5ddf0e4/5e074f6ad8b24bfabe359dae6c69f561.png","height":8},{"chars":["亜"],"type":"bitmap","ascent":8,"file":"minecraft:font/cb5b81fee3d3486385c6e523b98e3bfc/8bcbc9050bd043128bfbf8351b6e0944.png","height":8},{"chars":["亝"],"type":"bitmap","ascent":8,"file":"minecraft:font/04c92ac0f4f84cc9941c860ba5956251/fa37c4d5ac42483aa95e38db4526f06a.png","height":8},{"chars":["亞"],"type":"bitmap","ascent":8,"file":"minecraft:font/4ddb108c22694460ba8d03b3244503e7/ac05809d543d4a6f80dd470df8914407.png","height":8},{"chars":["亟"],"type":"bitmap","ascent":8,"file":"minecraft:font/9d056cbcd9b545d39723021d1bf5f10b/c0111d5408b745a8b01e34cbd537a2f6.png","height":8},{"chars":["亠"],"type":"bitmap","ascent":8,"file":"minecraft:font/fec0081db0564030b17223b12c5a4d00/83cdd3a6921e4a1f8094993f06780370.png","height":8},{"chars":["亡"],"type":"bitmap","ascent":8,"file":"minecraft:font/9a9f661f9b9d4dea80ff92ab6aa0cfd9/5f6fd1a7d00a43b1bbdf6e5e53d24b2a.png","height":8},{"chars":["亢"],"type":"bitmap","ascent":8,"file":"minecraft:font/129ccf75d50744bfb60ec4d5a18053ef/34252fbfbfe64ba8b79050f2903404a2.png","height":8},{"chars":["亣"],"type":"bitmap","ascent":8,"file":"minecraft:font/ca93ce95e0484837a8714d9792e969c8/3c88f669ceb641119f8bcaf7b368427e.png","height":8},{"chars":["交"],"type":"bitmap","ascent":8,"file":"minecraft:font/f77ccd351f784a6f97a0d84199b07a1f/76d24db63ad5447db807dadaf47fbd8c.png","height":8},{"chars":["亥"],"type":"bitmap","ascent":8,"file":"minecraft:font/3f287d368f0a46bfaae4138d344d3d95/9fefa0e962bd4886b4c4d83e4ce12449.png","height":8},{"chars":["亦"],"type":"bitmap","ascent":8,"file":"minecraft:font/2c8393a24526436792cc45a42e405e0d/0c785f5150d04d9e9732fd36b6e6c0b0.png","height":8},{"chars":["产"],"type":"bitmap","ascent":8,"file":"minecraft:font/a7af3b888c824be9b5e8d606e9c27c93/6be21e16c5d04facb82188f1b0a5685d.png","height":8},{"chars":["亨"],"type":"bitmap","ascent":8,"file":"minecraft:font/0c8a58282a2d409195a23b2504606ec7/3a70d3e16f3d44478889bb1a372d5614.png","height":8},{"chars":["亩"],"type":"bitmap","ascent":8,"file":"minecraft:font/7bad17c072b84a47a425375da248aff7/cff9f965e20f4155a4b3fedada2c52eb.png","height":8},{"chars":["亪"],"type":"bitmap","ascent":8,"file":"minecraft:font/392f58640fbb4b0ba0686f2e9e1c4367/2e1754bdd4f34ac89caa0589b80be8ca.png","height":8},{"chars":["享"],"type":"bitmap","ascent":8,"file":"minecraft:font/c2826e1add16430c97f5149769193932/8c6196649b4945d1b22094ca29a17bea.png","height":8},{"chars":["京"],"type":"bitmap","ascent":8,"file":"minecraft:font/7618bccd72b24bd78273fc591ccd2e8d/e0067b45b3fb4f2e9601fd283fd2adab.png","height":8},{"chars":["亭"],"type":"bitmap","ascent":8,"file":"minecraft:font/02a93fd1405045288c324d86acb3c14f/72f2b3fb65104a74a2be2fd0d864e5c3.png","height":8},{"chars":["亮"],"type":"bitmap","ascent":8,"file":"minecraft:font/e90a0005b42142efa01fdd58205436e3/3f78bcbac54f4c5d9cc43c744877ea54.png","height":8},{"chars":["亯"],"type":"bitmap","ascent":8,"file":"minecraft:font/f7bfa6ed84ab48d4b2585284a282dd9c/98b579028a20460594892b816d07e8f5.png","height":8},{"chars":["亰"],"type":"bitmap","ascent":8,"file":"minecraft:font/0a5d6f8d8f9f486890849170f6397b59/32fd70dd7ee0454ba453c3531e16f9d3.png","height":8},{"chars":["亱"],"type":"bitmap","ascent":8,"file":"minecraft:font/4836bfbb3fb3484ab8f48ceaf7b52194/2f6dee7261104d1e8c47d3a1ad89b53e.png","height":8},{"chars":["亲"],"type":"bitmap","ascent":8,"file":"minecraft:font/1a735b2a61a34cc28e26a416ac9be5f4/5924612b18c34689b73f71a9987a0f7f.png","height":8},{"chars":["亳"],"type":"bitmap","ascent":8,"file":"minecraft:font/6a97738042df4a97a403934a98f54c15/9da32ccf37ab4f5a87f3b3d8fe87ba7b.png","height":8},{"chars":["亴"],"type":"bitmap","ascent":8,"file":"minecraft:font/847c9009a4a54cbc9a73acfd89601ffa/58ebbe3e214441b38a611ded94993c2d.png","height":8},{"chars":["亵"],"type":"bitmap","ascent":8,"file":"minecraft:font/e19ff0a29f7d47889134c40401e6b25e/4f065834f07148de8bf2cd040215ec38.png","height":8},{"chars":["亶"],"type":"bitmap","ascent":8,"file":"minecraft:font/37fe627a3944480696ca961c139489f6/da5270e45fbf4bedbd63ff42679fa863.png","height":8},{"chars":["亷"],"type":"bitmap","ascent":8,"file":"minecraft:font/b4ee4cd3ec5c4ae6b24dbeb488f80606/6d5055dc7d9440bbae37e247fed14073.png","height":8},{"chars":["亸"],"type":"bitmap","ascent":8,"file":"minecraft:font/cf494f6b203e443b81e3ecc410fe54d7/9ed4c9a74c1e4eaba81c3570fd19563f.png","height":8},{"chars":["亹"],"type":"bitmap","ascent":8,"file":"minecraft:font/a1c1a559b20941148ed55ff63b733b74/1e8271898205436ab7da269687b0f721.png","height":8},{"chars":["人"],"type":"bitmap","ascent":8,"file":"minecraft:font/2ae7947782d243f8837826fc7e23e16f/8ff3c40f60c34350b54dc20b620d2744.png","height":8},{"chars":["亻"],"type":"bitmap","ascent":8,"file":"minecraft:font/264a1bfb878a44b3ab8ca23aadbd355b/6446578dfb434fe893c97f120eff5630.png","height":8},{"chars":["亼"],"type":"bitmap","ascent":8,"file":"minecraft:font/5a71653b0f3940fd976e3190c74bfb2d/8034c86c3b81433a8b40b9c8ad86e2fe.png","height":8},{"chars":["亽"],"type":"bitmap","ascent":8,"file":"minecraft:font/875829ae95364b9d8d59a227e8ee12b3/ac854ad0e5d34259bbaa5a46cd510480.png","height":8},{"chars":["亾"],"type":"bitmap","ascent":8,"file":"minecraft:font/09de288d63954469bcd61eb0472167cc/74ac9a6a537e40868ced885627abb54a.png","height":8},{"chars":["亿"],"type":"bitmap","ascent":8,"file":"minecraft:font/29fe54a1e3de40b2b0df0beae887d171/159224ace40a45ff8b559013df2504c1.png","height":8},{"chars":["什"],"type":"bitmap","ascent":8,"file":"minecraft:font/297506ed0d3541269007ddb45b28932f/6be62c39cedb48c6a65e069f11163760.png","height":8},{"chars":["仁"],"type":"bitmap","ascent":8,"file":"minecraft:font/37523e11601147e09ecb8d37a54c1f8e/025714a929bb43eeb667cda8ceb8d6ac.png","height":8},{"chars":["仂"],"type":"bitmap","ascent":8,"file":"minecraft:font/9563e602716b496fa69c364cff1be378/3917da4c59a14fa0ae37f0aef5877e0b.png","height":8},{"chars":["仃"],"type":"bitmap","ascent":8,"file":"minecraft:font/a32250b211cb451ebf04a2f8ef109950/7a7303ef72a84cca8a1038e037455dfc.png","height":8},{"chars":["仄"],"type":"bitmap","ascent":8,"file":"minecraft:font/c7e14241f3664d9fb31188261aec4776/d5cc8e619ad444f8b04b7e3c12766e0f.png","height":8},{"chars":["仅"],"type":"bitmap","ascent":8,"file":"minecraft:font/ba7869eac4d24edf91524a8da7015618/21c02eeeb11f4af5ae5130ad95c4db4b.png","height":8},{"chars":["仆"],"type":"bitmap","ascent":8,"file":"minecraft:font/191658de7e164bb1a0c9cf7bcaad45b4/857476be5a8c4314aff72ee70b90d6e3.png","height":8},{"chars":["仇"],"type":"bitmap","ascent":8,"file":"minecraft:font/0e976807df97444e94d71c84efab82a2/31bdc4533fab44ac91baedbb47d8f48a.png","height":8},{"chars":["仈"],"type":"bitmap","ascent":8,"file":"minecraft:font/248faa843140438ea91c5cbaff39cc40/20353a0db38f4ea0ac3f0043d656f586.png","height":8},{"chars":["仉"],"type":"bitmap","ascent":8,"file":"minecraft:font/d7fb9f1836f04633acdc0f4f5f132583/4d5dd0793bfe4b7daf603e35d80c90e7.png","height":8},{"chars":["今"],"type":"bitmap","ascent":8,"file":"minecraft:font/da8fc8037a9b443b91ee0c5839b0744a/0182577639fc439ba0a88c7b3085b2a5.png","height":8},{"chars":["介"],"type":"bitmap","ascent":8,"file":"minecraft:font/86171fc45aa34e09b82859b31a5c12d8/a7cc8c87dd3c41b480abdafad3510b5c.png","height":8},{"chars":["仌"],"type":"bitmap","ascent":8,"file":"minecraft:font/6509c11d1a3547f8893dc86cf2ef3c2c/e83df12a3c4e4cc0825bc3577c4f15a8.png","height":8},{"chars":["仍"],"type":"bitmap","ascent":8,"file":"minecraft:font/6afd7e7d03a84256a62a8628d1441da1/6fd2fbe70fa9453b97ec9bb34cf78651.png","height":8},{"chars":["从"],"type":"bitmap","ascent":8,"file":"minecraft:font/22b229dc0504430897578882a8195319/75ab360539be42d3b09b3bf4d231e2fe.png","height":8},{"chars":["仏"],"type":"bitmap","ascent":8,"file":"minecraft:font/2f0a107a55d244c8b646fda39025de5e/902f6bec142b4796af42ec3818b6f9ea.png","height":8},{"chars":["仐"],"type":"bitmap","ascent":8,"file":"minecraft:font/1d7ea2db86b04fc88691cad7fb3c2775/e123ac4f7ef5414682052c9a11c0fd12.png","height":8},{"chars":["仑"],"type":"bitmap","ascent":8,"file":"minecraft:font/dbfcef8092de4c638e6de6397863367e/445c67f42c8a4be98bf613ac3fed29ee.png","height":8},{"chars":["仒"],"type":"bitmap","ascent":8,"file":"minecraft:font/1b88c38c91e14558a80c5b421b22d78b/8f4141af4e6241f0ab0b56c675714015.png","height":8},{"chars":["仓"],"type":"bitmap","ascent":8,"file":"minecraft:font/caf2dd81902f4a5b8c225b65c0a6533b/f702ab77f9a64d03a88f549ac9186bbb.png","height":8},{"chars":["仔"],"type":"bitmap","ascent":8,"file":"minecraft:font/7ef4b02bff3d4d59bf2b6ddad8626118/9cffac666a39441bb5c772d5e5ebe10d.png","height":8},{"chars":["仕"],"type":"bitmap","ascent":8,"file":"minecraft:font/287a662f51854fb3a1bd8452ef988728/eb90beda661945fca2bef40612f1302b.png","height":8},{"chars":["他"],"type":"bitmap","ascent":8,"file":"minecraft:font/47ae3879b8624bdb9802bce886bbb628/8e4de1c4927b4059be024ae58e7b00b6.png","height":8},{"chars":["仗"],"type":"bitmap","ascent":8,"file":"minecraft:font/44ef1e5337734e5dba8505d222cb459c/499cb5c9158246f7ad77f60ad18402aa.png","height":8},{"chars":["付"],"type":"bitmap","ascent":8,"file":"minecraft:font/2daec479dada4d8ab098b118f4050541/8b8ce60615c0485e81a01d56cd35bc38.png","height":8},{"chars":["仙"],"type":"bitmap","ascent":8,"file":"minecraft:font/d254011e5f004cff969b1d94ea9cad7d/793734ed92c24b518fd2a945558b3621.png","height":8},{"chars":["仚"],"type":"bitmap","ascent":8,"file":"minecraft:font/274543932c83492a8e2c41173c635c4b/00d9ca28254d4a92a1303ea4d73ca3dc.png","height":8},{"chars":["仛"],"type":"bitmap","ascent":8,"file":"minecraft:font/9d4a185d4fac42ee84a5c4ac8cdf5c29/5968dc2e26b04fbc90bf6a9fe249cbd9.png","height":8},{"chars":["仜"],"type":"bitmap","ascent":8,"file":"minecraft:font/fb3ac38aa6224ce3852d818b217af222/6c53dd4f00ac483ca72a1a160d8e215c.png","height":8},{"chars":["仝"],"type":"bitmap","ascent":8,"file":"minecraft:font/079b5cf16b444b58b3e11be3cf7625cd/8c254faa19db412f86f41391e5083864.png","height":8},{"chars":["仞"],"type":"bitmap","ascent":8,"file":"minecraft:font/946e813c44f241bd94b8389c69e6ff58/de37b54f4dbd4f72bbcedc2b5606d561.png","height":8},{"chars":["仟"],"type":"bitmap","ascent":8,"file":"minecraft:font/c7885c4ed94e47c19f0c94e6d53609ce/b5bad4e335054a0880ab260ba6b12ae1.png","height":8},{"chars":["仠"],"type":"bitmap","ascent":8,"file":"minecraft:font/1f302b522d144bb985d1c5b89dd41cfc/a9f22926a9264f3f96fbbc111e39a081.png","height":8},{"chars":["仡"],"type":"bitmap","ascent":8,"file":"minecraft:font/3ac02a2c5ea5493ca1a8bc08cc3d881d/8996de1c8b944348870c1495ff42b8c3.png","height":8},{"chars":["仢"],"type":"bitmap","ascent":8,"file":"minecraft:font/baf4bb0fb7d04e25ac218dad2706b0d1/eb59eabaccd048ceb651db32f26810a8.png","height":8},{"chars":["代"],"type":"bitmap","ascent":8,"file":"minecraft:font/577a24b02e4442c9aaaf40b28a1b28ee/c207a83fdca64b439f00f709ea858003.png","height":8},{"chars":["令"],"type":"bitmap","ascent":8,"file":"minecraft:font/8e93a6eee22a475b963f7cb0c2998c18/f530c3d5a4c64d209568162370066121.png","height":8},{"chars":["以"],"type":"bitmap","ascent":8,"file":"minecraft:font/053e58bce8f54687b3f7c4f8a6137e66/4c1da6c858674e49ae30d90f946ce5d0.png","height":8},{"chars":["仦"],"type":"bitmap","ascent":8,"file":"minecraft:font/b85aafbb6c804e839e5b8947b087575b/5b6e3ddc5ad94d5ba73143fb1388465f.png","height":8},{"chars":["仧"],"type":"bitmap","ascent":8,"file":"minecraft:font/0c3d7ae1dd5c4ebca2c5cf38ba383052/712e4a72a278424b9396077dc3a5fcdc.png","height":8},{"chars":["仨"],"type":"bitmap","ascent":8,"file":"minecraft:font/3265f55262134ffc839015d567215ff6/b4ee066a2b0d4046919f98f4e33c8b24.png","height":8},{"chars":["仩"],"type":"bitmap","ascent":8,"file":"minecraft:font/421283de73d74383a4c0bc83adc5e356/67defed0ac854c8ab1ea1be8ead677e9.png","height":8},{"chars":["仪"],"type":"bitmap","ascent":8,"file":"minecraft:font/d27c8cc0384c4c2d91c444cc0d80202a/56641233621a493fb38f9ef960ba21bd.png","height":8},{"chars":["仫"],"type":"bitmap","ascent":8,"file":"minecraft:font/a15bc80d376a4117bb2fdf3427fee39f/9d9634bb0d0a4c9884338ed91f9d33a5.png","height":8},{"chars":["们"],"type":"bitmap","ascent":8,"file":"minecraft:font/a36ad592a9f94df298207c9e7e6a40aa/72501645ed2c4c2b88597ed595689b30.png","height":8},{"chars":["仭"],"type":"bitmap","ascent":8,"file":"minecraft:font/2ba3f6b1c6d6449abf8d8f324a4c175c/7899c6269a3b43f39e3e3743bc380539.png","height":8},{"chars":["仮"],"type":"bitmap","ascent":8,"file":"minecraft:font/748bb971502b4da99ebcf6c6e02d23ad/7051e3719ed045dbadafacfab10e0b33.png","height":8},{"chars":["仯"],"type":"bitmap","ascent":8,"file":"minecraft:font/b130053135174aeb81e93c0fc9127974/754ab83dfd624be3a79eba6280b8207b.png","height":8},{"chars":["仰"],"type":"bitmap","ascent":8,"file":"minecraft:font/e8bd3bfb53144ef59d9049f916ddf4e9/a1e19d42f9cb429790c3ff52aa37d7fe.png","height":8},{"chars":["仱"],"type":"bitmap","ascent":8,"file":"minecraft:font/4164af905f864244a77d524896105323/8ab59cc193df4955a127162d65e7ad6c.png","height":8},{"chars":["仲"],"type":"bitmap","ascent":8,"file":"minecraft:font/0b261f14238c412aa24f45b51a48e338/dcd322153460434f95a230f2704c0483.png","height":8},{"chars":["垗"],"type":"bitmap","ascent":8,"file":"minecraft:font/3814215b9af64c3fb3c523dcdbaaa2a8/b9543ad2da9648319ed7902dbe532343.png","height":8},{"chars":["仳"],"type":"bitmap","ascent":8,"file":"minecraft:font/67997bc2766743e48e3c1aef41409191/38c05047f47641acbcaa610ffeea240e.png","height":8},{"chars":["仴"],"type":"bitmap","ascent":8,"file":"minecraft:font/4020852bcab1427783d60efdc8f42fad/3fa48a02c182420b83fb77a750e57fbb.png","height":8},{"chars":["仵"],"type":"bitmap","ascent":8,"file":"minecraft:font/572e08258cae4cc59bc90f313ecaa509/9c6d7178ef094a41a549497424227b30.png","height":8},{"chars":["件"],"type":"bitmap","ascent":8,"file":"minecraft:font/6a2a153f58364244aa775a10530042ae/81e3a7f6638a4690a89b402e990234f7.png","height":8},{"chars":["价"],"type":"bitmap","ascent":8,"file":"minecraft:font/f5ff5c94b57341cea409644a29e3c270/55cb79b57bc84055b661422d2947a957.png","height":8},{"chars":["仸"],"type":"bitmap","ascent":8,"file":"minecraft:font/4988fadf022041659cc57636411d1629/70251f23960a49b8b812d1dd0a112123.png","height":8},{"chars":["仹"],"type":"bitmap","ascent":8,"file":"minecraft:font/a0016dcba93e4b78bc6dc71cef8d240c/9a3581958c764dfdb1288c1ec89715b6.png","height":8},{"chars":["仺"],"type":"bitmap","ascent":8,"file":"minecraft:font/978c2ad70834473998cc5361c371a3cf/110d24d78cf042d99b2656f2bf284b37.png","height":8},{"chars":["任"],"type":"bitmap","ascent":8,"file":"minecraft:font/942c0f5340ca4c06a02c00a79589698e/b09931aba7a047deab0ad005d0b209cb.png","height":8},{"chars":["仼"],"type":"bitmap","ascent":8,"file":"minecraft:font/f876f9df0234496b96aa5784e25a0ff2/bcea0e3650334a2a8b6acf75c8f84c04.png","height":8},{"chars":["份"],"type":"bitmap","ascent":8,"file":"minecraft:font/639f28689e1f4fa8900836e258b47e2c/7461406a050b4104a9ee0dde472a2978.png","height":8},{"chars":["仾"],"type":"bitmap","ascent":8,"file":"minecraft:font/0f3911172d834eceb56d03a07d434151/616bd576db7e48ae8d041b1b5198cf1c.png","height":8},{"chars":["仿"],"type":"bitmap","ascent":8,"file":"minecraft:font/ecfc29e1bcf74329bc975dde8cb16e4d/2d55350e522c4d0994948ae9b45da6a4.png","height":8},{"chars":["伀"],"type":"bitmap","ascent":8,"file":"minecraft:font/03d307cb4fa4422f9966430aef56e0a1/a49a5d4193b84998b0bc7c15597f94cf.png","height":8},{"chars":["企"],"type":"bitmap","ascent":8,"file":"minecraft:font/b876044c323c4e70861cb76772ca6bf0/569ec0aa10fa44b2955502dc9576c31d.png","height":8},{"chars":["伂"],"type":"bitmap","ascent":8,"file":"minecraft:font/8a929662fcd44c3db1ecaedfbfd2e839/bb96992f4a2e4c7d92f229a378024325.png","height":8},{"chars":["伃"],"type":"bitmap","ascent":8,"file":"minecraft:font/6d3a6a0e5cf541a59b00b88ab2db1d0b/956a02f414054bfa8c08ba4d6756afd3.png","height":8},{"chars":["伄"],"type":"bitmap","ascent":8,"file":"minecraft:font/fa0a16e63cbe44269211bee9d4a1d509/db0df750d1274f128777c65904cd81f8.png","height":8},{"chars":["伅"],"type":"bitmap","ascent":8,"file":"minecraft:font/211018f71cf040d786b525bb9c789195/a3a6667be1ab43369a36939b1ad3aedb.png","height":8},{"chars":["伆"],"type":"bitmap","ascent":8,"file":"minecraft:font/31b46dcee0904f9a873437c6ddeba047/9b5f751f9bf342af90d73c40af96b95a.png","height":8},{"chars":["伇"],"type":"bitmap","ascent":8,"file":"minecraft:font/fb0c3852b3b0490281dd91ddcfa629ca/0eb7a81eec5b4ab398d46f3f07e8dc9f.png","height":8},{"chars":["伈"],"type":"bitmap","ascent":8,"file":"minecraft:font/aa71814bcb744ebe9121537c49ad5439/46813fac33a542978e3641975179d61e.png","height":8},{"chars":["伉"],"type":"bitmap","ascent":8,"file":"minecraft:font/c63b91201ef04bdcb9dd0542e076fd84/0c87346ff147485f9100a8be2fd45fdf.png","height":8},{"chars":["伊"],"type":"bitmap","ascent":8,"file":"minecraft:font/e01131d14192492ca927b62005996e23/3f63b811060a462baba55682a8897997.png","height":8},{"chars":["伋"],"type":"bitmap","ascent":8,"file":"minecraft:font/ce6f213ba67c4f3fab7970f476b50c33/e886746e5453455e925739422d049ed2.png","height":8},{"chars":["伌"],"type":"bitmap","ascent":8,"file":"minecraft:font/e549b338cd0b4e0a8633163af598c0b6/a1d06ef80fcc4490bf5b9bdeb0fdaf88.png","height":8},{"chars":["伍"],"type":"bitmap","ascent":8,"file":"minecraft:font/f2672ff47c2448f189d02fbacc054178/fd64790698d5436f89bae6f1f8fc038e.png","height":8},{"chars":["伎"],"type":"bitmap","ascent":8,"file":"minecraft:font/8d9c03e9cda1481987eb075686470005/6df476b52f1a437d8ba427d5304c0c1a.png","height":8},{"chars":["伏"],"type":"bitmap","ascent":8,"file":"minecraft:font/08c43d0f80e24140b2fce6d683c90eb1/8479c62e43814ab9b24402ba0a607a2a.png","height":8},{"chars":["伐"],"type":"bitmap","ascent":8,"file":"minecraft:font/05fe301e96e9435a93b44438254b35ba/c71dccbd577d461daab44e4647e1c3ee.png","height":8},{"chars":["休"],"type":"bitmap","ascent":8,"file":"minecraft:font/d956aedfb6e64a12ae38e3b0fb63796f/d81afe83b1704e45a5b8c68440f19aa3.png","height":8},{"chars":["伒"],"type":"bitmap","ascent":8,"file":"minecraft:font/7a23783c19884c08b0a3cd66b975cd99/9ff35dc956274f6c929d47a06d003c56.png","height":8},{"chars":["伓"],"type":"bitmap","ascent":8,"file":"minecraft:font/f23469854e5348f8afae28a2a18203ad/a0bed66aa9a9496b8df4f0dc918bbe60.png","height":8},{"chars":["伔"],"type":"bitmap","ascent":8,"file":"minecraft:font/7c3225c338d44a4589540e1b127597db/847a2ade474e446fa96e2eeef5931751.png","height":8},{"chars":["伕"],"type":"bitmap","ascent":8,"file":"minecraft:font/a3e07cdfe73d44259970494171e4a49b/47219e1300e240fda0ca5028282caf24.png","height":8},{"chars":["伖"],"type":"bitmap","ascent":8,"file":"minecraft:font/ccd4a64f03374b7aa7d1125e83c6ae9a/a4244e9c74ab433c93412bee4eb528ee.png","height":8},{"chars":["众"],"type":"bitmap","ascent":8,"file":"minecraft:font/05c283593db547e0a483719d20f27eab/b8443c813d1247a58720c220d9b2b5c8.png","height":8},{"chars":["优"],"type":"bitmap","ascent":8,"file":"minecraft:font/4caaa8a6ba014c7e9b7f09486e3a1b6d/3ec7c68a0faa403a853e303576d5377a.png","height":8},{"chars":["伙"],"type":"bitmap","ascent":8,"file":"minecraft:font/f49e9a809f2b464197b05141c877d662/d51f1e22d4854357bdc1c306e1f95528.png","height":8},{"chars":["会"],"type":"bitmap","ascent":8,"file":"minecraft:font/ea22c5c8d9c04c14af3d71c466e7f1c9/6241017b8cc443d285e009cc4bd0584e.png","height":8},{"chars":["偹"],"type":"bitmap","ascent":8,"file":"minecraft:font/80ccc68959354ef2b63458b3d6236a6b/2d31f2fb85c846b38355e7932b25cc38.png","height":8},{"chars":["偺"],"type":"bitmap","ascent":8,"file":"minecraft:font/42e5a3a19af44454a3dd80ec10d6ea4c/54fe58c82e304853962006f638d3d933.png","height":8},{"chars":["偻"],"type":"bitmap","ascent":8,"file":"minecraft:font/278c244c768845eba923ebc4d833dffb/f087474534f34d5791ee1c02be4612b6.png","height":8},{"chars":["偼"],"type":"bitmap","ascent":8,"file":"minecraft:font/d66a88f84f9749b2b3e47deaac7ed5eb/c215bea5041d4fd6bfe22e32c106b2a5.png","height":8},{"chars":["偽"],"type":"bitmap","ascent":8,"file":"minecraft:font/a27dcffbc2ae4af58c10a9b11c7ba3bf/520aa71a8e5849fa9b0e63c4d79dcba6.png","height":8},{"chars":["偾"],"type":"bitmap","ascent":8,"file":"minecraft:font/1657f04432f748b5aa632904df7b289d/0060136dec3c4418b2b37df4cb77ed14.png","height":8},{"chars":["偿"],"type":"bitmap","ascent":8,"file":"minecraft:font/cedf40a56e704a768e8370c00401ae93/ba9713df0c2642eca56593e504601078.png","height":8},{"chars":["傀"],"type":"bitmap","ascent":8,"file":"minecraft:font/4b53eb22e3b74ee98d26df9f19d7cb6a/ff21ebc3a7f349a58d290787999b5061.png","height":8},{"chars":["傁"],"type":"bitmap","ascent":8,"file":"minecraft:font/4bd888cada7c40aaae71fb9dfbdafb69/688fdbf586114123aee412510ac75ce1.png","height":8},{"chars":["傂"],"type":"bitmap","ascent":8,"file":"minecraft:font/8709fbd0d021414ca1b6880a859f19ad/bae3e62a144f4d199a789d188b8fe0ad.png","height":8},{"chars":["傃"],"type":"bitmap","ascent":8,"file":"minecraft:font/1bd4ea5fa1b44aa2b7dcadc4aaccead1/995b5b9ef36d4f1cb1c89b6eb4df37ad.png","height":8},{"chars":["傄"],"type":"bitmap","ascent":8,"file":"minecraft:font/3e0bedf579e44ef8a68d8e12d4a8ead2/10cc00690981484d932f154d728efdbf.png","height":8},{"chars":["傅"],"type":"bitmap","ascent":8,"file":"minecraft:font/2a7c648f97ca4a1fb52365667d6e2573/c298656078624d799a11064fe6e29430.png","height":8},{"chars":["傆"],"type":"bitmap","ascent":8,"file":"minecraft:font/547c160ac9964d75a1d2fc05de5f2421/1b4890f531844b0298f792eaae1ea951.png","height":8},{"chars":["傇"],"type":"bitmap","ascent":8,"file":"minecraft:font/9fc4df9983f04af5b68b8944869d24c2/08d0da629cdc44b89bed295fcdb1b1b2.png","height":8},{"chars":["傈"],"type":"bitmap","ascent":8,"file":"minecraft:font/e756ffca640446aa8a4c257be967e5d0/6a296ba6cd984b1a9540d39612985e6d.png","height":8},{"chars":["傉"],"type":"bitmap","ascent":8,"file":"minecraft:font/504af29c83714499bf93a1d76258b52e/ffdefb570ea54c4ca43626305b40a92d.png","height":8},{"chars":["傊"],"type":"bitmap","ascent":8,"file":"minecraft:font/bd91a2df32dd4265b1bb04f5a2997db6/3ca4efc58233424a82853267ceaa6cbf.png","height":8},{"chars":["傋"],"type":"bitmap","ascent":8,"file":"minecraft:font/170932f28d04442da874b9bb0379e55f/00c636f2899c406bb470e7ebba65ba75.png","height":8},{"chars":["傌"],"type":"bitmap","ascent":8,"file":"minecraft:font/14f41a492fde44b88f3965f8ac738b8d/076d2d511df3469f9335c7bc5c9003cb.png","height":8},{"chars":["垃"],"type":"bitmap","ascent":8,"file":"minecraft:font/6a83f62d85bd43328527548958620eff/693dd03bfb594afa88ad9dec6293decf.png","height":8},{"chars":["垄"],"type":"bitmap","ascent":8,"file":"minecraft:font/46618316b17249339386ab13a218d180/36003603040c4fcebfdedf99bfe7f0d6.png","height":8},{"chars":["垅"],"type":"bitmap","ascent":8,"file":"minecraft:font/4617f72f87014523a69e080e7b2deca7/2af90831f40243b59198b9f1e33fbf51.png","height":8},{"chars":["垆"],"type":"bitmap","ascent":8,"file":"minecraft:font/0b3cb74a3aff450c91914cf2bf1386a2/473d2b0b843949a389e12bcd29f8ea88.png","height":8},{"chars":["垇"],"type":"bitmap","ascent":8,"file":"minecraft:font/a3b2729b8fe94eb89d2f7a2eca690b22/202a5c45d30f40de96dfcbc9af43d7f9.png","height":8},{"chars":["垈"],"type":"bitmap","ascent":8,"file":"minecraft:font/2377cbdf550744bf9299493b995b958c/3beecc68223b4b22bd88809de382b2a8.png","height":8},{"chars":["垉"],"type":"bitmap","ascent":8,"file":"minecraft:font/fed5d3e33b8a405e89082bbd036ec70e/d46b5cbff1a14dc4926a6a2a2b745b14.png","height":8},{"chars":["垊"],"type":"bitmap","ascent":8,"file":"minecraft:font/480c99d772554998bee3ede72808f628/9e1dde373ee44c2ab00740ed3b178997.png","height":8},{"chars":["型"],"type":"bitmap","ascent":8,"file":"minecraft:font/0256d8cfcf01473090fc20dbe525a93c/5403229934e74eaaa22b23fa5ea00c55.png","height":8},{"chars":["垌"],"type":"bitmap","ascent":8,"file":"minecraft:font/734de16d0de44069bb8bd333ad77280d/143611b48fd4481295e468c0f22eaef9.png","height":8},{"chars":["垍"],"type":"bitmap","ascent":8,"file":"minecraft:font/a49cb56267784472b6d99c9ee6284b50/99d076bc42c84d568f493772c442c10e.png","height":8},{"chars":["垎"],"type":"bitmap","ascent":8,"file":"minecraft:font/f56f02502fd24f1a9921997ad84e51ee/241671184ef74cf1b06a166361faae7d.png","height":8},{"chars":["垏"],"type":"bitmap","ascent":8,"file":"minecraft:font/dfd55d72a70246a4b63ac48f55c035dd/bbf55c0ef24e4ee7a12b7368d4baca36.png","height":8},{"chars":["垐"],"type":"bitmap","ascent":8,"file":"minecraft:font/c403e47676d841dcbf300ad4323b7937/1b33b4d807304cd1b221b79058694bec.png","height":8},{"chars":["垑"],"type":"bitmap","ascent":8,"file":"minecraft:font/c7d91a8848d1452186eb4d3da1e15305/9268a88e1de0447fb5367ad77adbf5ab.png","height":8},{"chars":["垒"],"type":"bitmap","ascent":8,"file":"minecraft:font/991f8740529a457dba4b74dc9d7a688a/105edcf539524c7ea9ec30d73b98240e.png","height":8},{"chars":["垓"],"type":"bitmap","ascent":8,"file":"minecraft:font/1d5f595b5cc3483182cd33b60e46c0ae/ed33f9f4eb8f47668fc73fbbc35d5525.png","height":8},{"chars":["垔"],"type":"bitmap","ascent":8,"file":"minecraft:font/8c421dcad9b64209b5137606857a7da5/62e9abb2d01f4ecd9c90ff2766511d69.png","height":8},{"chars":["垕"],"type":"bitmap","ascent":8,"file":"minecraft:font/a8cebb80713e4658878aea25078031f3/06a583e9a7454b1b8dad525d30c0f9f0.png","height":8},{"chars":["垖"],"type":"bitmap","ascent":8,"file":"minecraft:font/362ccf6133f947829bffc06612c6e3c5/65fc395f74b248c4b87adecb219726fd.png","height":8},{"type":"bitmap","file":"font/pixel.png","ascent":-1000,"height":-2,"chars":["ᨓ"]},{"type":"bitmap","file":"font/pixel.png","ascent":-10000,"height":1,"chars":["ᨒ"]},{"type":"bitmap","file":"font/pixel.png","ascent":-10000,"height":-2,"chars":["⻙"]}]}