{"providers":[{"file":"minecraft:font/e7019932dd0c448e8d30d745f4092e97/3d81708269744be69c200b5001385384.png","height":16,"chars":["一"],"type":"bitmap","ascent":16},{"file":"minecraft:font/3d851d6630104b3dbab48f62b067b970/47b5a6373b9142729c6674c8e7d5e405.png","height":8,"chars":["丁"],"type":"bitmap","ascent":8},{"file":"minecraft:font/82f1240d5e0b4c34a234d83239fc4b89/ddc6c4f4888e44839df29000c90bb2b9.png","height":8,"chars":["丂"],"type":"bitmap","ascent":8},{"file":"minecraft:font/e9a3bae8977149de942b37909550b426/db1627268f404d8881886860721fa161.png","height":8,"chars":["七"],"type":"bitmap","ascent":8},{"file":"minecraft:font/49747d9255ff44c4a65b5bbb0f1f48b1/1c1baebe32fa46a0bef28200c078a5ad.png","height":8,"chars":["丄"],"type":"bitmap","ascent":8},{"file":"minecraft:font/7cfbc38675bf422a92e1f31f3ad027d0/9601a1a4f5664da4b08baeeb9bd7367f.png","height":8,"chars":["丅"],"type":"bitmap","ascent":8},{"file":"minecraft:font/e5f5a940d00240a090fc9f3a1515c262/78f5fd56b6d94353b60e99097d65a01e.png","height":8,"chars":["丆"],"type":"bitmap","ascent":8},{"file":"minecraft:font/0c5736b7943d48169243eb9ce3c5b7b3/4bf1fc6d67f140a1aa60243a686e5901.png","height":8,"chars":["万"],"type":"bitmap","ascent":8},{"file":"minecraft:font/c0784831ad134d918aabab1fe8245e74/3c5d7a30eaf64fa59b0b1908307793ad.png","height":8,"chars":["丈"],"type":"bitmap","ascent":8},{"file":"minecraft:font/732635056a04467aa843541498ca22d6/128f96caf1144bec95da326698500758.png","height":8,"chars":["三"],"type":"bitmap","ascent":8},{"file":"minecraft:font/25762804a9814f8ab5bd32ae36e47733/d252701e9cb949b7a7c5a7ebcd14a92c.png","height":8,"chars":["上"],"type":"bitmap","ascent":8},{"file":"minecraft:font/9caa59244994453a9961f85d5108f011/795b2720c0244aed97e6863867d09240.png","height":8,"chars":["下"],"type":"bitmap","ascent":8},{"file":"minecraft:font/4be63b883e684fd0a2ebba8873abb3c0/bdd3f74887564d7390efb39a8e71054a.png","height":8,"chars":["丌"],"type":"bitmap","ascent":8},{"file":"minecraft:font/c238ffe80d9e49d89f41288ee56540d4/2fe2501c710a49d89e24cae44f04fafd.png","height":8,"chars":["不"],"type":"bitmap","ascent":8},{"file":"minecraft:font/30c25daa747448328ec08ccacca8281b/5413bf0ff7f2475986f56bd5d6ed6402.png","height":8,"chars":["与"],"type":"bitmap","ascent":8},{"file":"minecraft:font/30ae29a6be754053bda62d8ff65ff2ce/31a0b4affced4b47823b68139ca8d3a2.png","height":8,"chars":["丏"],"type":"bitmap","ascent":8},{"file":"minecraft:font/409f965f23d548aca29d62374ddbcdbc/a4ae07db26b545dba4f07b7ff39738bf.png","height":8,"chars":["丐"],"type":"bitmap","ascent":8},{"file":"minecraft:font/62643a34051c49e2a7bace6cabc3b305/dadc19f89a294b44aac1502638ffce59.png","height":8,"chars":["丑"],"type":"bitmap","ascent":8},{"file":"minecraft:font/27b1a57baaad4afda4d5d713a33ca0bb/b35096fd3aa843d099eeb1f7b4484f7b.png","height":8,"chars":["丒"],"type":"bitmap","ascent":8},{"file":"minecraft:font/a17ab0d219e54daf9ec9dc1cb649e3c9/2613c73b470e45edb37351030f54c6b3.png","height":8,"chars":["专"],"type":"bitmap","ascent":8},{"file":"minecraft:font/6fd8daa283004c2da5d57e63faa218fb/87156ce9dc874f30b330da7312022077.png","height":8,"chars":["且"],"type":"bitmap","ascent":8},{"file":"minecraft:font/dbba98a2360d46009269fce4c0ac05db/51882ee824ed4788b986a017ef61fdaf.png","height":8,"chars":["丕"],"type":"bitmap","ascent":8},{"file":"minecraft:font/f8af8751d400413bb3491cf7e5261904/092ddcb9b6d94c8cad7359ac91646a46.png","height":8,"chars":["世"],"type":"bitmap","ascent":8},{"file":"minecraft:font/8bb1f0d275b54de4a1cfa165c77524a9/8baaba7729a04299ac6f20f27c8b4852.png","height":8,"chars":["丗"],"type":"bitmap","ascent":8},{"file":"minecraft:font/bcfbbbf334a84d01a724bf2ea311d9c2/6fce189094ff4223a52bdf96c1173858.png","height":8,"chars":["丘"],"type":"bitmap","ascent":8},{"file":"minecraft:font/fb11b90417654b02b670a253a73efe5c/ce2d51177ecb4ab68a997f708ad72beb.png","height":8,"chars":["丙"],"type":"bitmap","ascent":8},{"file":"minecraft:font/76c87a65ff9648b085afda704a21b431/48c7bb67b7f54042aa54638a93e52e46.png","height":8,"chars":["业"],"type":"bitmap","ascent":8},{"file":"minecraft:font/0b6f350a869f4e67af9ddfbf552121f1/18ce43b6dcfc4b5c94b0dee673389233.png","height":8,"chars":["丛"],"type":"bitmap","ascent":8},{"file":"minecraft:font/625694d0b21c4df7b7b5bcacab8bac57/2386b6f6f1264fc4b176c516fcf87f11.png","height":8,"chars":["东"],"type":"bitmap","ascent":8},{"file":"minecraft:font/ad7b43d40c004e258f7b5d84ca90a9d6/45eb4f05db934b3cba7ae7baf94fe82c.png","height":8,"chars":["丝"],"type":"bitmap","ascent":8},{"file":"minecraft:font/5b0528233941402e887000950e72e2a6/db095652668b4c6786142fd2fd58f6af.png","height":8,"chars":["丞"],"type":"bitmap","ascent":8},{"file":"minecraft:font/8d5494be0ee747e0a27cf182ff6ac201/79fa167df3624e9a9fad658842c5bc6b.png","height":8,"chars":["丟"],"type":"bitmap","ascent":8},{"file":"minecraft:font/293c308a9b77412b9a596097541c0786/4f0f791866674b1b8affc37018b96fc5.png","height":8,"chars":["丠"],"type":"bitmap","ascent":8},{"file":"minecraft:font/bc9f744ec1154a6f96a9fb27eb5b9de4/e3dcdf813b354d0f8c51c21458c6c540.png","height":8,"chars":["両"],"type":"bitmap","ascent":8},{"file":"minecraft:font/feeab36b1142438e929b4336fc697690/d526935cee184fff8457d5cf18058c30.png","height":8,"chars":["丢"],"type":"bitmap","ascent":8},{"file":"minecraft:font/d0dba576f752483b88822657a3d632e1/13cc71cf8ea84f629eedb354d373de09.png","height":8,"chars":["丣"],"type":"bitmap","ascent":8},{"file":"minecraft:font/f9f945c8862d4cd2a35cdfaebcd4d651/f280e70baf0342e3a4fe96197ce6b8ad.png","height":8,"chars":["两"],"type":"bitmap","ascent":8},{"file":"minecraft:font/7a178601370840c6a0233042930da0b5/c27c7232ccbe4017a89797853207ebf0.png","height":8,"chars":["严"],"type":"bitmap","ascent":8},{"file":"minecraft:font/6df3e09881b9410083644d8bb35db818/7ac7c5e8e8c94e86a90feda96da5fe3d.png","height":8,"chars":["並"],"type":"bitmap","ascent":8},{"file":"minecraft:font/904609ca5b304c2fa4c1a40207437013/92bc6328f52649d4a23baec0d5675db9.png","height":8,"chars":["丧"],"type":"bitmap","ascent":8},{"file":"minecraft:font/2b5cb19a81f34d06b3d16cf4ba6fce1f/8c1386411cba4d33aa2f5ffd0297bf6f.png","height":8,"chars":["丨"],"type":"bitmap","ascent":8},{"file":"minecraft:font/4cd6b105283b4cc2a2b01e25c98e70db/717955931edc49d2964b43560d81632c.png","height":8,"chars":["丩"],"type":"bitmap","ascent":8},{"file":"minecraft:font/e5ad1206d8384d0d89ea94916a9aa8ea/793fd7ffd2bc4b9ea9250c638bfaf721.png","height":8,"chars":["个"],"type":"bitmap","ascent":8},{"file":"minecraft:font/ddca5a21d577456c93970af4f9c75231/1005545be5d0469599bc6356a97c1c9b.png","height":8,"chars":["丫"],"type":"bitmap","ascent":8},{"file":"minecraft:font/1ae246695d1549059eddbbc987a68429/f75db33cf3ea44febe371e760ee1a05e.png","height":8,"chars":["丬"],"type":"bitmap","ascent":8},{"file":"minecraft:font/d87cf998396d47a1845c589a0c6bea09/bff4a1c46ceb4acb9592b4b95a21a3d5.png","height":8,"chars":["中"],"type":"bitmap","ascent":8},{"file":"minecraft:font/12ad5598b8c44f3d93b207ca996d57c6/08b6500573194fc89a01224ab50a2795.png","height":8,"chars":["丮"],"type":"bitmap","ascent":8},{"file":"minecraft:font/5cc4bbb60a6045d9addd3327c216af84/a39de67fea4a4c1c9ec218feb99f3e35.png","height":8,"chars":["丯"],"type":"bitmap","ascent":8},{"file":"minecraft:font/87383fccd62645b0adef994dc8dd5039/a48ce982274e477b88c0c946bdd6766e.png","height":8,"chars":["丰"],"type":"bitmap","ascent":8},{"file":"minecraft:font/08611452f61947829d6c7bb382a98d52/c6c1dc4068b64d23ada6fd3c43d3fc59.png","height":8,"chars":["丱"],"type":"bitmap","ascent":8},{"file":"minecraft:font/7e945b2990b442cdb9b517b081d96481/1f6c62d2d8f544c5b683b0e26a609514.png","height":8,"chars":["串"],"type":"bitmap","ascent":8},{"file":"minecraft:font/72e77885ab2f4d34b05fd1a4abfc7e63/f4a0dad6416a4c839d8f7fe179e4f8e5.png","height":8,"chars":["丳"],"type":"bitmap","ascent":8},{"file":"minecraft:font/140426d08ad94a3c9ba3fde69940cc68/edb50a2b93964f8686e7e719f579cb2c.png","height":16000,"chars":["垙"],"type":"bitmap","ascent":16000},{"file":"minecraft:font/f841db35b69d4a37861943f144603879/a95c318156614a53bc2f18dc3060eb42.png","height":8,"chars":["亖"],"type":"bitmap","ascent":8},{"file":"minecraft:font/49ffa25e11c64d9685d0bc49c1ed36f3/0620a33364144e40aeffda670b2d2924.png","height":8,"chars":["亗"],"type":"bitmap","ascent":8},{"file":"minecraft:font/b1ca2c725cef42b9a481662c315acc54/c9004c23fd1c4bf2a7ed914261327b4c.png","height":8,"chars":["亘"],"type":"bitmap","ascent":8},{"file":"minecraft:font/14aad7fad75341c6b523fba257580d11/5dc63678dddd4b03a09b119996c72f61.png","height":8,"chars":["亙"],"type":"bitmap","ascent":8},{"file":"minecraft:font/01d77c15402f4298ae72cd82dd34185f/945818f754ec4e829943d4ca7de8279f.png","height":8,"chars":["亚"],"type":"bitmap","ascent":8},{"file":"minecraft:font/18214d0b33b94e56867566b2a79bc728/03fe9c780d7940f78030bc3d137913ee.png","height":8,"chars":["些"],"type":"bitmap","ascent":8},{"file":"minecraft:font/ace1c7bc5e654b12a2426955ad2cf30f/c287c6047cf243b99bc1a27c86acec29.png","height":8,"chars":["亜"],"type":"bitmap","ascent":8},{"file":"minecraft:font/f842709a1a234857a9f88e74624dc0de/e64cf4f3ef2043279d2a41a75cff76ee.png","height":8,"chars":["亝"],"type":"bitmap","ascent":8},{"file":"minecraft:font/a5a4c58c4f604dd992b7675755c8900b/04ea77b21f4f4b3ab1fd45126d6f82be.png","height":8,"chars":["亞"],"type":"bitmap","ascent":8},{"file":"minecraft:font/86bfd4f3a1ea413abf749b07bf25677e/3f28266e78c04f7aaed6b1799f08989f.png","height":8,"chars":["亟"],"type":"bitmap","ascent":8},{"file":"minecraft:font/94e62002dae141af84b36f6ecdea01bb/e8cd190d5e824415a4bd379cd45b42a9.png","height":8,"chars":["亠"],"type":"bitmap","ascent":8},{"file":"minecraft:font/278d0cacdc07404fbaceec344cd18c2b/0460e28fe314473f9ffdb0b5ccc21dcf.png","height":8,"chars":["亡"],"type":"bitmap","ascent":8},{"file":"minecraft:font/40677e714d4a430f884550166c3bcaab/05a114c70e5443b394391735822cc651.png","height":8,"chars":["亢"],"type":"bitmap","ascent":8},{"file":"minecraft:font/195c369248a240c9b107ee9007ecc82e/5c2c680385cd4c4aa44e30dfb55bce5f.png","height":8,"chars":["亣"],"type":"bitmap","ascent":8},{"file":"minecraft:font/d15e8deaa76740a890d90aa041dba085/6d5cc5b4060348f6a86918e1b173b2a4.png","height":8,"chars":["交"],"type":"bitmap","ascent":8},{"file":"minecraft:font/88b148cfc95746e3bd3c2415fb79358b/7a76628da23642ecb27568cad22a30c8.png","height":8,"chars":["亥"],"type":"bitmap","ascent":8},{"file":"minecraft:font/ca968e7e11fd4884823e036a60ff87d5/4cb5d63a372e45eb92d0596e46879263.png","height":8,"chars":["亦"],"type":"bitmap","ascent":8},{"file":"minecraft:font/402e7606a43849bcb708c0abc6976df9/a431daf8607844bbb6d66a52a21942bc.png","height":8,"chars":["产"],"type":"bitmap","ascent":8},{"file":"minecraft:font/5332d0d01d2d410dbda83ac11565045b/df174de924674d918b71419e358cc3e9.png","height":8,"chars":["亨"],"type":"bitmap","ascent":8},{"file":"minecraft:font/1f0064a267c1448ea9be596dfc852b27/a2a6d9eba629479586f2a26a1425baa8.png","height":8,"chars":["亩"],"type":"bitmap","ascent":8},{"file":"minecraft:font/eba7cd93346e4be9beb943691a79a902/270e98550c6c45138a4caea15175f4f9.png","height":8,"chars":["亪"],"type":"bitmap","ascent":8},{"file":"minecraft:font/29097ee767ca4aec8bf7168268150fe2/a8e9c9555d0b4374bdb38030b35104b9.png","height":8,"chars":["享"],"type":"bitmap","ascent":8},{"file":"minecraft:font/268ac3ef4b264852b36f56f1a885b3a9/bb199321a8e24e96a627de5bdb6e921a.png","height":8,"chars":["京"],"type":"bitmap","ascent":8},{"file":"minecraft:font/7bc52478c9c14073852facd6ad392f2b/ab9482ac3df14176b346e6522d2247d5.png","height":8,"chars":["亭"],"type":"bitmap","ascent":8},{"file":"minecraft:font/3dd32d04cae74871aac5dd3d5813eea3/9263452e8f5f496cbde687373512bd90.png","height":8,"chars":["亮"],"type":"bitmap","ascent":8},{"file":"minecraft:font/c3d5ab4dbcb34d5d938fcb8996bb2145/ceda195f30fd46bd8d4c732b99cf43f6.png","height":8,"chars":["亯"],"type":"bitmap","ascent":8},{"file":"minecraft:font/cb318129eeed4739bbf081632128e682/7703d4b2379542a3991bfd86717033e4.png","height":8,"chars":["亰"],"type":"bitmap","ascent":8},{"file":"minecraft:font/3a5bbd2c96f24ae59c7f66196651975b/e5cb61b9107e406e81dfdc3c5b96d1f8.png","height":8,"chars":["亱"],"type":"bitmap","ascent":8},{"file":"minecraft:font/9066145e89a64897ab9484d877708e09/cd02af20e6904c6c8ad71fa124a9505a.png","height":8,"chars":["亲"],"type":"bitmap","ascent":8},{"file":"minecraft:font/39a9c50f8634484a9e2f7c69ff7b8239/b71158a18f354423900c5485212c51c8.png","height":8,"chars":["亳"],"type":"bitmap","ascent":8},{"file":"minecraft:font/bafb2f4efc654d9f911a7161045440ab/f9fe880d7cfe48f499510a54b56b7206.png","height":8,"chars":["亴"],"type":"bitmap","ascent":8},{"file":"minecraft:font/293c222f68284423957394816563c7d0/2e1dd104524140af888d6af446bd0ae8.png","height":8,"chars":["亵"],"type":"bitmap","ascent":8},{"file":"minecraft:font/a375cba8131c4c0dbe6e8f52b5070b7f/dc1b7230b05b433a822f52d05011c3b6.png","height":8,"chars":["亶"],"type":"bitmap","ascent":8},{"file":"minecraft:font/d8a8a98c532545f18fc39786e22fd49b/a45927bba20c40e2ad41b980988fe4bb.png","height":8,"chars":["亷"],"type":"bitmap","ascent":8},{"file":"minecraft:font/d6fc3956e387491cb91ba413d13710b0/621b3c4c66c1493c92809d65d6c639ab.png","height":8,"chars":["亸"],"type":"bitmap","ascent":8},{"file":"minecraft:font/a1c2ec94448643708460b061b76f1c97/721b30e4ca1e41b3bf2d1c58e0290fd5.png","height":8,"chars":["亹"],"type":"bitmap","ascent":8},{"file":"minecraft:font/5ca957c0c17e44a2a8c3cd7eebc6b1d4/ad8f440831dd42cdb0202fc79748a5eb.png","height":8,"chars":["人"],"type":"bitmap","ascent":8},{"file":"minecraft:font/5b88e9cbc9a242e0896062f81f3bee90/24cf265387824adc9fdff6c132a01c1d.png","height":8,"chars":["亻"],"type":"bitmap","ascent":8},{"file":"minecraft:font/6e855a9446ee49b2aa5d5e011ecd47c3/cbb539ac0be848b38ce2781e26dbba43.png","height":8,"chars":["亼"],"type":"bitmap","ascent":8},{"file":"minecraft:font/3c3694095c1642c488f3adb7d3c763c0/26af1a1cbc4749459c997671ee2f9c41.png","height":8,"chars":["亽"],"type":"bitmap","ascent":8},{"file":"minecraft:font/0716fa0c5c6b44049421111a2f370d9f/695e02d7c52f4dbd86d4c30ca30bc8d1.png","height":8,"chars":["亾"],"type":"bitmap","ascent":8},{"file":"minecraft:font/ff254c6c1b4c44e1a070bd96f86353a3/23515def6daa48a2b55ad6139fefff85.png","height":8,"chars":["亿"],"type":"bitmap","ascent":8},{"file":"minecraft:font/b33019eb6fb847b882f7b4b61e8db933/c748e16231884e248a9075cdf7816745.png","height":8,"chars":["什"],"type":"bitmap","ascent":8},{"file":"minecraft:font/b2034d9e1aa54f60bb275f9fc42ea1b5/d738fcb94ef34a71b396921c75ba9238.png","height":8,"chars":["仁"],"type":"bitmap","ascent":8},{"file":"minecraft:font/fc4b429d4a754ac8a8c1ef96c1184022/3644fc0f034b410fad49d4ee7210aab7.png","height":8,"chars":["仂"],"type":"bitmap","ascent":8},{"file":"minecraft:font/bf470e2458e742f59eeca938783e27b4/10e4742af72b48bbb0701aa550cb1347.png","height":8,"chars":["仃"],"type":"bitmap","ascent":8},{"file":"minecraft:font/1b409a18e3ca4fa9879736022967f576/bfbe633db0b34b6aa6add4c015ad869b.png","height":8,"chars":["仄"],"type":"bitmap","ascent":8},{"file":"minecraft:font/a94bb816e72c4fde8bd36925b86562a5/beb4b9188c7748e3ab00352aaee67d5e.png","height":8,"chars":["仅"],"type":"bitmap","ascent":8},{"file":"minecraft:font/09f869c6a2444fd1bc1119b005c47146/4384cfc1d1cf4f94a813735da29c0d88.png","height":8,"chars":["仆"],"type":"bitmap","ascent":8},{"file":"minecraft:font/28aebe0bcf5f4f93b2616d3618dfdf1b/6050ca8111784b349224a5f067c3631e.png","height":8,"chars":["仇"],"type":"bitmap","ascent":8},{"file":"minecraft:font/b129f09fcbe24318a6e0c0eb7ce7530b/9efcffac2f644e859ad91e4759ecbee0.png","height":8,"chars":["仈"],"type":"bitmap","ascent":8},{"file":"minecraft:font/c41521d4242e4618b4b0e9cd653a1c6b/98fd5f8d9848494c861f6182a27a3a48.png","height":8,"chars":["仉"],"type":"bitmap","ascent":8},{"file":"minecraft:font/9ee42d8aaa9644bbada6191d482ead60/8a7c35a9ff8040a589c59d7421530bb4.png","height":8,"chars":["今"],"type":"bitmap","ascent":8},{"file":"minecraft:font/7e3357b4bdde46b392e30fbbe55b0d65/fed7f2ef5c8d4d3dbbbdf3732e2435fc.png","height":8,"chars":["介"],"type":"bitmap","ascent":8},{"file":"minecraft:font/49aecc87f19b43fd926d5c6ea47f0707/5b143eb33cde4568987cde116c1db828.png","height":8,"chars":["仌"],"type":"bitmap","ascent":8},{"file":"minecraft:font/88781d7aeb0e436aa4d8d860ffc0bbd3/5e73acda42fb426e94de8f6445734167.png","height":8,"chars":["仍"],"type":"bitmap","ascent":8},{"file":"minecraft:font/cfdc18e61ec44dc794136edf3ed3d3e9/1b2b97ed181b4be49fbae8ff2310a17f.png","height":8,"chars":["从"],"type":"bitmap","ascent":8},{"file":"minecraft:font/6065476d592f4352b41038e5f2aaf1a0/d1ec353e43994d9fb90d8a89ec43a727.png","height":8,"chars":["仏"],"type":"bitmap","ascent":8},{"file":"minecraft:font/72b73cc72b6b436abda2f9701dc98b65/5a148bd141544907a8b4826a6ba153cc.png","height":8,"chars":["仐"],"type":"bitmap","ascent":8},{"file":"minecraft:font/4ac20aa5d85d4c92906edb4dabf6459b/6a182a9018254ecb9cd89f0e57490318.png","height":8,"chars":["仑"],"type":"bitmap","ascent":8},{"file":"minecraft:font/a3f6a3f7948646f5bd9b97e414db4211/198406b702234d0bafea3c2598256b67.png","height":8,"chars":["仒"],"type":"bitmap","ascent":8},{"file":"minecraft:font/93fb967f1cb1470ba503ac7ba62d7941/1fe081595247475fb01594f90848f8e2.png","height":8,"chars":["仓"],"type":"bitmap","ascent":8},{"file":"minecraft:font/da3d789efa7a4044ad7deb77bb3c11b9/9ead3446ebcc494a984dc4b0ecd06099.png","height":8,"chars":["仔"],"type":"bitmap","ascent":8},{"file":"minecraft:font/ca61f3a5e69b4d979fcd9ae242e7f1d9/bc85469d3a8d43d4ab7e9e7d6508652d.png","height":8,"chars":["仕"],"type":"bitmap","ascent":8},{"file":"minecraft:font/23bd6c5eecfe411d827bbe9ee5533852/569ccba3accb470084a87dcf459cc609.png","height":8,"chars":["他"],"type":"bitmap","ascent":8},{"file":"minecraft:font/62230d52bcc141abb40f0080a6703fb1/3ea5720a212c47298a44ff78b7e97bbe.png","height":8,"chars":["仗"],"type":"bitmap","ascent":8},{"file":"minecraft:font/69d79fa77e8c48c089573ac66e24d1a7/093dc4c3b76f485e9cdd7b2b99407839.png","height":8,"chars":["付"],"type":"bitmap","ascent":8},{"file":"minecraft:font/e67546c8cc4449088d46daab6ca8856e/a65b06dcab30438bbbaf5dffec5d7758.png","height":8,"chars":["仙"],"type":"bitmap","ascent":8},{"file":"minecraft:font/2a9c22f894404ebf8259ccad256ea81b/648ad337aa024f1d9289164fcf6974eb.png","height":8,"chars":["仚"],"type":"bitmap","ascent":8},{"file":"minecraft:font/2b2902346f924c4a8721eaf3d1854401/aea3b2e078dd486985eb002938883224.png","height":8,"chars":["仛"],"type":"bitmap","ascent":8},{"file":"minecraft:font/419513275e3244f7a05f96df0c3de96b/da07b020ffc2476fbc66b56b51c987b5.png","height":8,"chars":["仜"],"type":"bitmap","ascent":8},{"file":"minecraft:font/77969529dfc44f9381f55cfaaabfcb06/984426de08ee4abfb7154f7d3e8ced3a.png","height":8,"chars":["仝"],"type":"bitmap","ascent":8},{"file":"minecraft:font/826eb8c37d9142f0ab6c675f5774ba70/61da97f6aeca4e84bd2966ef540fa31a.png","height":8,"chars":["仞"],"type":"bitmap","ascent":8},{"file":"minecraft:font/3a7635746cf144c0bae33c8675ea4a82/008d2bec8d414e68a6f783ac1094461a.png","height":8,"chars":["仟"],"type":"bitmap","ascent":8},{"file":"minecraft:font/4f326ef5d4e94a9ca769415fee5aa80b/cd49566b488549309620cf1ba9396223.png","height":8,"chars":["仠"],"type":"bitmap","ascent":8},{"file":"minecraft:font/e4fbbae0a6ff45bb83e8d9144874e256/aa58435587a54e74b7ac9dc6deb76de7.png","height":8,"chars":["仡"],"type":"bitmap","ascent":8},{"file":"minecraft:font/1920e14844b144338990b64a28799053/4876373bd808466c9b32cceb66f79741.png","height":8,"chars":["仢"],"type":"bitmap","ascent":8},{"file":"minecraft:font/2b46e3db9b1949bc83673e99bc53c3d0/e2d7fbab312d49a7b57bcc8499e98c19.png","height":8,"chars":["代"],"type":"bitmap","ascent":8},{"file":"minecraft:font/cd013da322b74dfbb1a8626115efceba/353efd7487c641c3909d21f7ae6a0417.png","height":8,"chars":["令"],"type":"bitmap","ascent":8},{"file":"minecraft:font/f3a798a7418f4b0f84645778b4e87c2a/6935085a26f541828fc1d75f31457543.png","height":8,"chars":["以"],"type":"bitmap","ascent":8},{"file":"minecraft:font/584becaee33b4b938e4674c6a288af37/3a91b6f758ad42fa81d520192f6fa4e0.png","height":8,"chars":["仦"],"type":"bitmap","ascent":8},{"file":"minecraft:font/1c2e43e6c72d420d9bdf4ff0832adde5/14adbb4f656946e28a91b61a3cbee09c.png","height":8,"chars":["仧"],"type":"bitmap","ascent":8},{"file":"minecraft:font/56f5ce55a64f4562ac93a07b917b1c65/936b973ae66b4fa1bbe2182ddeef7d53.png","height":8,"chars":["仨"],"type":"bitmap","ascent":8},{"file":"minecraft:font/752231b209c3490b980ef753d35171ab/b0c2ee66648943a6a33fc4849d6e0f78.png","height":8,"chars":["仩"],"type":"bitmap","ascent":8},{"file":"minecraft:font/b327dca9f4d842b781e45cc4c7ea602a/bdcb9db3b2984072845857541334b2ab.png","height":8,"chars":["仪"],"type":"bitmap","ascent":8},{"file":"minecraft:font/4b075817a5704ade9adf3e1133fbf53d/24aaa7659f794bceb08606a3b85bce64.png","height":8,"chars":["仫"],"type":"bitmap","ascent":8},{"file":"minecraft:font/e9668aed70e9406a8ea93a5c4f507b70/adeedd368f3d4d4da004bdb775fa5c04.png","height":8,"chars":["们"],"type":"bitmap","ascent":8},{"file":"minecraft:font/81398c17c15a491aba26a6400161a0ca/7d688bf9b670415b9735119f25a92b48.png","height":8,"chars":["仭"],"type":"bitmap","ascent":8},{"file":"minecraft:font/b7ac5124548147d4a9dbe0229a93abc4/970deee65d394fe1ade2acd0af9f1a7a.png","height":8,"chars":["仮"],"type":"bitmap","ascent":8},{"file":"minecraft:font/c7f0fe643758419a81347b3b3e59b262/47f69ff4460242769979bf3bfe2dcabb.png","height":8,"chars":["仯"],"type":"bitmap","ascent":8},{"file":"minecraft:font/ab3ebceab8274305ad69666b0bf1bee1/15f510926126435f8a528e6a557b3f19.png","height":8,"chars":["仰"],"type":"bitmap","ascent":8},{"file":"minecraft:font/7f74878cabc0473dbcafc48d081c0fd5/12c9ba9c50da4d9fbd275c7b20a1bfbc.png","height":8,"chars":["仱"],"type":"bitmap","ascent":8},{"file":"minecraft:font/8ce3223cdaf2462186bbef2990eae67f/13c2ecd19fd34161ab8007d74926471e.png","height":8,"chars":["仲"],"type":"bitmap","ascent":8},{"file":"minecraft:font/48cec159ba864bac8bc9676cb1e0c4c4/e56f75da1d7441bb9f830478d4486a47.png","height":8,"chars":["临"],"type":"bitmap","ascent":8},{"file":"minecraft:font/52958eca8c0d44a88a64306fcadd108a/fffe9ce505324894ae096d11a2b9567d.png","height":8,"chars":["丵"],"type":"bitmap","ascent":8},{"file":"minecraft:font/144917776fd349e2a7b2b3518da89de3/ee7fdeaa8917424bb3a105e77ee362f9.png","height":8,"chars":["丶"],"type":"bitmap","ascent":8},{"file":"minecraft:font/d40b7849334c43a6a28293a658b34764/4093fbca1d7940d29c1fa01c95eabd57.png","height":8,"chars":["丷"],"type":"bitmap","ascent":8},{"file":"minecraft:font/6af65b44a435432abe63ef983d26024e/dc1f578c97aa47fc8b67db0374262ff1.png","height":8,"chars":["丸"],"type":"bitmap","ascent":8},{"file":"minecraft:font/1c76629f68df4642948bf4a99a51b0aa/47773df580e74d709d7186c95ac11057.png","height":8,"chars":["丹"],"type":"bitmap","ascent":8},{"file":"minecraft:font/a6a45daefe62493d8b9e8d3ac9676ad9/876e13a39a0646ca83fc7c1f16f7e7a1.png","height":8,"chars":["为"],"type":"bitmap","ascent":8},{"file":"minecraft:font/796a4a099f234c9bb37d72cad0ba5292/d47c0fa1672b45b78e838823c73be765.png","height":8,"chars":["主"],"type":"bitmap","ascent":8},{"file":"minecraft:font/aa86c7161bf14e0d96c739f839def75e/350e6962cf76414b9096f03b22f22956.png","height":8,"chars":["丼"],"type":"bitmap","ascent":8},{"file":"minecraft:font/6b71d662a3df43f7973c387960e373bb/0ff66881389646839ece02ef88cfc294.png","height":8,"chars":["丽"],"type":"bitmap","ascent":8},{"file":"minecraft:font/6a942077d8264a6da8c80c17f69ea52a/9029d367dc324ae5b9c1247af9b7fc0f.png","height":8,"chars":["举"],"type":"bitmap","ascent":8},{"file":"minecraft:font/9a891efc0f944a549ad22d554b729626/d07ac077bf8d4227b230f25541f291df.png","height":8,"chars":["丿"],"type":"bitmap","ascent":8},{"file":"minecraft:font/05f26fbf65c248789c9c879e7224e084/00eaba4db25a49b096b2b80ac3d69cce.png","height":8,"chars":["乀"],"type":"bitmap","ascent":8},{"file":"minecraft:font/8b252d9180a84197b3b34e1c5dfd0e95/d858a205aa6f47cd99ef0896c95b0680.png","height":8,"chars":["乁"],"type":"bitmap","ascent":8},{"file":"minecraft:font/1cc1f58ffc8143b9a3a09c148d41978f/b52c33f0fa9e42c882d112f4f63871df.png","height":8,"chars":["乂"],"type":"bitmap","ascent":8},{"file":"minecraft:font/abe6da284e114c6faf3dbcfb58e88bec/d463c592747d4c6da7d1ada056e818ee.png","height":8,"chars":["乃"],"type":"bitmap","ascent":8},{"file":"minecraft:font/c7cb206fc18049acae8dcd5885b7fe8e/b863ce1042844c3782b0136e51d8ebca.png","height":8,"chars":["乄"],"type":"bitmap","ascent":8},{"file":"minecraft:font/62e82ff6756a4765a2524b98c67e66e0/9fb23e7fd11d4f9dbdbb63e3a8a1074e.png","height":8,"chars":["久"],"type":"bitmap","ascent":8},{"file":"minecraft:font/55b7d151c50d470abe720c307bda70ad/587cce89aba746efbd088f37a03778ca.png","height":8,"chars":["乆"],"type":"bitmap","ascent":8},{"file":"minecraft:font/df01282debcf4aa8ac62966bd78d3aa9/5a4e8c020850495ebb15f87f7c808fb4.png","height":8,"chars":["乇"],"type":"bitmap","ascent":8},{"file":"minecraft:font/86f02cfd1b37454396ce73743815bdaa/bf19caf736ba468894f577b36c67fbf5.png","height":8,"chars":["么"],"type":"bitmap","ascent":8},{"file":"minecraft:font/029d690fabda42c8b2237937e0268b19/eaf80e862b54484aa9362c8e94c4fb8a.png","height":8,"chars":["义"],"type":"bitmap","ascent":8},{"file":"minecraft:font/013442814d2048d186d8a2f67fe62396/52679883347d405d939134993ea64719.png","height":8,"chars":["乊"],"type":"bitmap","ascent":8},{"file":"minecraft:font/b333330eb9a34c8aa0be5f60d8b7fd13/2f6c312102a64741a67293b3597d8907.png","height":8,"chars":["之"],"type":"bitmap","ascent":8},{"file":"minecraft:font/3f998c13633f42f5a3155fd71d57bab9/d8b3b2aae39347ada7904754dc2bda60.png","height":8,"chars":["乌"],"type":"bitmap","ascent":8},{"file":"minecraft:font/f8bd86e847cc4a20b710124a5afe1dc5/035a88cc32b44e718000bf846bfbc095.png","height":8,"chars":["乍"],"type":"bitmap","ascent":8},{"file":"minecraft:font/a90169ea984a435b80c57d793f33a1de/f24759d60f0c4089967b6640473fab20.png","height":8,"chars":["乎"],"type":"bitmap","ascent":8},{"file":"minecraft:font/c57748f1e82d4683aa1f597fd3766815/5d0c853af61a423b89cf73f57ff9f355.png","height":8,"chars":["乏"],"type":"bitmap","ascent":8},{"file":"minecraft:font/67687979986b4e1490f221fea8394a7c/5f131bc741614a9691674ef3d2f2a0ad.png","height":8,"chars":["乐"],"type":"bitmap","ascent":8},{"file":"minecraft:font/d518ecca5cdd4645b316a8e485896da9/78e5e1afcc4046f38b4011da65ffa7e9.png","height":8,"chars":["乑"],"type":"bitmap","ascent":8},{"file":"minecraft:font/c0ea4901016945fc9db61e41074473e0/838c4f5c5adb4299a83e41bb3fe34621.png","height":8,"chars":["乒"],"type":"bitmap","ascent":8},{"file":"minecraft:font/152b163241ab423c905e84af44092869/6300dcdb5bcc429486dcf12ce8073c4b.png","height":8,"chars":["乓"],"type":"bitmap","ascent":8},{"file":"minecraft:font/7640432b054e47d5a83bf0bb8a31f678/03f7145299f942c59620b7121c135fa9.png","height":8,"chars":["乔"],"type":"bitmap","ascent":8},{"file":"minecraft:font/77aeebf1d2a344e5b59b11fb494aa680/9ca6390fc3744ebd95afc8942b91ab34.png","height":8,"chars":["乕"],"type":"bitmap","ascent":8},{"file":"minecraft:font/88567c12011545239cc223891ca74459/7a47b95002914b01baf0f985b3d91f5c.png","height":8,"chars":["乖"],"type":"bitmap","ascent":8},{"file":"minecraft:font/e55ad957cc2a4a1eb3febd5af4b5e7f8/39a19733b3384b00b6e214fcb733f5ea.png","height":8,"chars":["乗"],"type":"bitmap","ascent":8},{"file":"minecraft:font/fdda8b5dab034dc585a601fee38baea8/0e5be9ca71504295a52069465e03147d.png","height":8,"chars":["乘"],"type":"bitmap","ascent":8},{"file":"minecraft:font/26abef3412cf4b628de9d7dc4d7c6567/2082f9da509a4c5383bec475866c3937.png","height":8,"chars":["乙"],"type":"bitmap","ascent":8},{"file":"minecraft:font/828e252c46764736bbde64865aa5ba08/00b270db6e1441e6baa0581ca2922193.png","height":8,"chars":["乚"],"type":"bitmap","ascent":8},{"file":"minecraft:font/a6043f53d6384a2386f441afb1af6635/dc198389abf94a2486d1406540965a83.png","height":8,"chars":["乛"],"type":"bitmap","ascent":8},{"file":"minecraft:font/64bd0fc03b314e3d856295dc893216c8/7ccff452334c4f019deb5b9b074a6a3d.png","height":8,"chars":["乜"],"type":"bitmap","ascent":8},{"file":"minecraft:font/05afb24b98684e6a9330f1dc23526ded/5f6c74eaff7848aaa44d2a53a52f1ff3.png","height":8,"chars":["九"],"type":"bitmap","ascent":8},{"file":"minecraft:font/f0ba22bc30c54f53a04b35560d932cea/3d12b337cc4c4b10a0c521b986d2be02.png","height":8,"chars":["乞"],"type":"bitmap","ascent":8},{"file":"minecraft:font/b127c143bc3545258d411049f2018b87/9d4a12a5dcec411b93114bc7b9a69a29.png","height":8,"chars":["也"],"type":"bitmap","ascent":8},{"file":"minecraft:font/c6347ff32e13451bac378adc60203234/30b56eb8d6fd49828cb1a82847bb09ff.png","height":8,"chars":["习"],"type":"bitmap","ascent":8},{"file":"minecraft:font/30fda60905184d479a886127e74a5877/ceff33d81c87434b9ae5e85d3d4ed1d7.png","height":8,"chars":["乡"],"type":"bitmap","ascent":8},{"file":"minecraft:font/d657b7c287af46739bc72ff20f8441b6/5675ca1516c44e36812b71009bc9556b.png","height":8,"chars":["乢"],"type":"bitmap","ascent":8},{"file":"minecraft:font/01a3fb5dbcab40299059171149c5cd33/ff385c7b041246adabc4623488e12895.png","height":8,"chars":["乣"],"type":"bitmap","ascent":8},{"file":"minecraft:font/63d974ffab914e45bf1907b99c05759e/5c0b6bef2c4b40efa1108e87a052da32.png","height":8,"chars":["乤"],"type":"bitmap","ascent":8},{"file":"minecraft:font/6470d6e58b5e42c8ac987320f9b800de/f28b6be85e3e4ae586f09ba686844f9b.png","height":8,"chars":["乥"],"type":"bitmap","ascent":8},{"file":"minecraft:font/69677d3edeed45c2858af62f2d920bc1/b2c0a75a659c43edb12c2b4cc0eebcc1.png","height":8,"chars":["书"],"type":"bitmap","ascent":8},{"file":"minecraft:font/264b3884fd7c4c54a7a9fc6c2faddb4e/be4101210d934cc48cda8ff4d23d9fea.png","height":8,"chars":["乧"],"type":"bitmap","ascent":8},{"file":"minecraft:font/51ae492348e340978e456d444dafbe72/02840912a28047d98b6e027afda215aa.png","height":8,"chars":["乨"],"type":"bitmap","ascent":8},{"file":"minecraft:font/efbcfcf3afc640339ceeb76d5df02785/1e533a4adf6e46429949f4249be95581.png","height":8,"chars":["乩"],"type":"bitmap","ascent":8},{"file":"minecraft:font/47032f5f64954791b476dd87cec94376/c09e553df9434811956fcfa04927a323.png","height":8,"chars":["乪"],"type":"bitmap","ascent":8},{"file":"minecraft:font/9e1c6d6577e24144abbb9417bdc072ec/413ed2347f3b4a7b867545043be5e0cc.png","height":8,"chars":["乫"],"type":"bitmap","ascent":8},{"file":"minecraft:font/f0c12da3a9ce4211b28686675635c1fd/cb357542e7e4448480f12ff0da35b9e3.png","height":8,"chars":["乬"],"type":"bitmap","ascent":8},{"file":"minecraft:font/81aadf44a6a346d2afd0f1d4f908734a/3edf907515194a718f0efd02855e7aa6.png","height":8,"chars":["乭"],"type":"bitmap","ascent":8},{"file":"minecraft:font/bd29e383b006424290803857a901819a/5839a7cc9135499abae4c1d6ea048893.png","height":8,"chars":["乮"],"type":"bitmap","ascent":8},{"file":"minecraft:font/d48db77c92ab4ff6ad84ac1142075b8c/c0b347eb2c414c77923f49e893e1ecba.png","height":8,"chars":["乯"],"type":"bitmap","ascent":8},{"file":"minecraft:font/bb496beb259541589374fd12a831c601/a9bf7deb762a4b0ba4263fdf52096c8e.png","height":8,"chars":["买"],"type":"bitmap","ascent":8},{"file":"minecraft:font/b3e16b503f564182a9a019a184d2c600/d14a7d41a9324531b976b6eb60d9a897.png","height":8,"chars":["乱"],"type":"bitmap","ascent":8},{"file":"minecraft:font/d4496d2309524c2ca3f17a528a569a65/092bc5b3bc0a44799a819164f7a89c98.png","height":8,"chars":["乲"],"type":"bitmap","ascent":8},{"file":"minecraft:font/3ba5e6a593274cac9fe40270b2f097d3/46677dff0cdc44deaeaff86720d1c167.png","height":8,"chars":["乳"],"type":"bitmap","ascent":8},{"file":"minecraft:font/6951e9226692435a98319f78665c36e6/084e28b66f4e4308be2714f3c0708f5e.png","height":8,"chars":["乴"],"type":"bitmap","ascent":8},{"file":"minecraft:font/7940a5334e294b788f293ac772c1dcfc/403545d6947f45ee9f5e62bad843efc5.png","height":8,"chars":["乵"],"type":"bitmap","ascent":8},{"file":"minecraft:font/c3511ea8df8345448eb7f45c40f7dd10/65b02cc7c16b45d98ba113c42093887f.png","height":8,"chars":["乶"],"type":"bitmap","ascent":8},{"file":"minecraft:font/211118b37201442e820882d7a1d5eac6/aaeea335df524736952e0ee792ef5e92.png","height":8,"chars":["乷"],"type":"bitmap","ascent":8},{"file":"minecraft:font/5604ea1c0ca24170803409ce854a6206/960b963600694f899801eda88a35acc7.png","height":8,"chars":["乸"],"type":"bitmap","ascent":8},{"file":"minecraft:font/24569b1a63bb4f1a9252371ec9dd2b5a/9a3517e422424d54afde6608b023c8b5.png","height":8,"chars":["乹"],"type":"bitmap","ascent":8},{"file":"minecraft:font/ff9d134a76484e1594268c7401364fe1/98e48623a8d84a599f22378816afc41e.png","height":8,"chars":["乺"],"type":"bitmap","ascent":8},{"file":"minecraft:font/7273950b44234d9f8f6d5d9cbf5ebc60/353d7c788bb341fe8c86b1e6738aaa24.png","height":8,"chars":["乻"],"type":"bitmap","ascent":8},{"file":"minecraft:font/160f7c5bacfd40fdb3b21493dec2b7b9/66458fb86354496f94ece3bb4cc8b71b.png","height":8,"chars":["乼"],"type":"bitmap","ascent":8},{"file":"minecraft:font/d7dce602169a43338f2aafe0003afe42/b4693690129c43e5bc5d8ce439dd9258.png","height":8,"chars":["乽"],"type":"bitmap","ascent":8},{"file":"minecraft:font/5ed0aabc96a3405da62056f96328bb11/552be0b9e1c942eeb27cc73f2dd8c06b.png","height":8,"chars":["乾"],"type":"bitmap","ascent":8},{"file":"minecraft:font/9cc1d1fa9e834199a184a8fe27804e4c/b5bd066f474a4a27b21d53381e0df6a0.png","height":8,"chars":["乿"],"type":"bitmap","ascent":8},{"file":"minecraft:font/8bcdc7dac44f47b5bb741287d2442a3b/c7a598462da24755ad78242cb223b70b.png","height":8,"chars":["亀"],"type":"bitmap","ascent":8},{"file":"minecraft:font/1f7a3b9f362a4cf9b910d9637a5e0b8c/619fe16a0bb34e7586d6fb5a9291f8de.png","height":8,"chars":["亁"],"type":"bitmap","ascent":8},{"file":"minecraft:font/7f6a33fc1d234a2092a6492c0fe4acd9/37404ad8de184275a46b5ed0cfc12337.png","height":8,"chars":["亂"],"type":"bitmap","ascent":8},{"file":"minecraft:font/3b3dc13613914efda6b7a39095ea44a8/b6a93fdf84084f049769bc6c1bf244e6.png","height":8,"chars":["亃"],"type":"bitmap","ascent":8},{"file":"minecraft:font/c17de574fccd4f4b83a98e754b1e0027/52caca2acbeb48ad8e9395588d85b270.png","height":8,"chars":["亄"],"type":"bitmap","ascent":8},{"file":"minecraft:font/1b52c401ce184bc3acdcdf494e7be1f6/3ecc90944b904aa08911f250c33d5099.png","height":8,"chars":["亅"],"type":"bitmap","ascent":8},{"file":"minecraft:font/453f7ad0de544f2dba23a1adc2df0327/c8f095b95c314b0cbe7a159a7b5c9536.png","height":8,"chars":["了"],"type":"bitmap","ascent":8},{"file":"minecraft:font/bef91cb8953c4143962ad31e917f2cc9/7e0f3740dcb44fd4936e9f8ba45b90c1.png","height":8,"chars":["亇"],"type":"bitmap","ascent":8},{"file":"minecraft:font/3625e40923c649bc9edf2d6e71ef5ba3/caa1a336c523445fbc4fc46e00c7fab2.png","height":8,"chars":["予"],"type":"bitmap","ascent":8},{"file":"minecraft:font/2fecc67d54634b40b75d5f9b11bea929/39b4acf981f9427db221d349ebeb31e8.png","height":8,"chars":["争"],"type":"bitmap","ascent":8},{"file":"minecraft:font/8edeb1da86354356b48ec48fe7826988/c47771e8d9ce44d5a4afd4b0e291df75.png","height":8,"chars":["亊"],"type":"bitmap","ascent":8},{"file":"minecraft:font/0605c7270787437e899c077618f14be8/92855397881d4c6782b873a954a6cccd.png","height":8,"chars":["事"],"type":"bitmap","ascent":8},{"file":"minecraft:font/ad9a67013cec410aaebfb46335c9736b/a9775e0180754b1cb5f302ce59b1e8ef.png","height":8,"chars":["二"],"type":"bitmap","ascent":8},{"file":"minecraft:font/9a5939005b1645f0874e7ff51cb2e2b6/754b19d2194345ea8e7a1269f371da4a.png","height":8,"chars":["亍"],"type":"bitmap","ascent":8},{"file":"minecraft:font/74a0803fa9474b41a7c48cb422314bad/6477aad06a784f81940baeb7d05f0723.png","height":8,"chars":["于"],"type":"bitmap","ascent":8},{"file":"minecraft:font/6271edf7bdcc4e4484ee7ea308ed4256/6a68af7eadc946dea042fc49c95f7d49.png","height":8,"chars":["亏"],"type":"bitmap","ascent":8},{"file":"minecraft:font/c3a6879f9b6f4a3287f717a5db78ecbc/ad4226215bd449509896e9c08911f806.png","height":8,"chars":["亐"],"type":"bitmap","ascent":8},{"file":"minecraft:font/1bf60db1ac6a4c01a02cb8c945909a6c/9db04419c21b4a9c94b53c443bf49f0b.png","height":8,"chars":["云"],"type":"bitmap","ascent":8},{"file":"minecraft:font/dbb6fa96a55949aba0e315615b0a9d3b/bb085a29bfeb4a8cb8b8330bb1af20ea.png","height":8,"chars":["互"],"type":"bitmap","ascent":8},{"file":"minecraft:font/2730efe1fae84c90b3645706f114f1cb/4681ab19cf0e4db4a20ed0f46fd4dba8.png","height":8,"chars":["亓"],"type":"bitmap","ascent":8},{"file":"minecraft:font/f1a621d2bb09406cadf8add6ab7a911f/98ec0997178142d692222fb85fc42a04.png","height":8,"chars":["五"],"type":"bitmap","ascent":8},{"file":"minecraft:font/a1f16cbd2b714a0ab1718560b03f296f/c6689481788b4b04887b6d34e954735c.png","height":8,"chars":["井"],"type":"bitmap","ascent":8},{"file":"minecraft:font/fb8a108db5404affaf994e36e39232f8/124848565b054bb3b99ca94148132a23.png","height":8,"chars":["亖"],"type":"bitmap","ascent":8},{"file":"minecraft:font/4dc757dd69af4e72a2865ca561a915e3/342290fe2ae24a70a749777d9e53716a.png","height":8,"chars":["亗"],"type":"bitmap","ascent":8},{"file":"minecraft:font/0b2e3d63ee7c4a4f8e9a53e8fd337584/078ee7dbb7304196ab6658b439489667.png","height":8,"chars":["亘"],"type":"bitmap","ascent":8},{"file":"minecraft:font/dd97faada92c4e79a26454d7232662f6/319cd406c3914322827ed86f8a67bed2.png","height":8,"chars":["亙"],"type":"bitmap","ascent":8},{"file":"minecraft:font/161b716ef3bf482f9c43871893a3c14d/ba559daba39844edae4487edd6ca9985.png","height":8,"chars":["亚"],"type":"bitmap","ascent":8},{"file":"minecraft:font/673b310cc3e1407ca5679edfbeb7aef8/8db2cad62a1843959ba27e29a03d506a.png","height":8,"chars":["些"],"type":"bitmap","ascent":8},{"file":"minecraft:font/55cbdbbde76647098a2ee53bc01b3b60/13ab88001345481eb368b7462fbe0c0c.png","height":8,"chars":["亜"],"type":"bitmap","ascent":8},{"file":"minecraft:font/1e74f2cf6ba549e8a41057efc7651eaa/34887ae00de446acb460023bf40da055.png","height":8,"chars":["亝"],"type":"bitmap","ascent":8},{"file":"minecraft:font/cb7cf304db11475a81180122c1257b74/bcf85209e7d246db97c711d35b686da4.png","height":8,"chars":["亞"],"type":"bitmap","ascent":8},{"file":"minecraft:font/e39f891d8ea24fdc8583aa314902ae83/18703c1d2fe241bbb55ac51bf9e61da4.png","height":8,"chars":["亟"],"type":"bitmap","ascent":8},{"file":"minecraft:font/7501f4a6ccd443f48757d05ff861871b/0751387aa1694a95907b624dd9ed3f96.png","height":8,"chars":["亠"],"type":"bitmap","ascent":8},{"file":"minecraft:font/0fab5d8ea78d464cbcea530174813f28/f547a620e319484f9373ab54380068f3.png","height":8,"chars":["亡"],"type":"bitmap","ascent":8},{"file":"minecraft:font/cd63b269dc694a36a9f46af2b2ff4620/37a3efc2bcbd4914a410dfb50bd49c0f.png","height":8,"chars":["亢"],"type":"bitmap","ascent":8},{"file":"minecraft:font/9c645f359b6c444a8d36299534df8682/b4e27c8a901146c8858f997e3a505171.png","height":8,"chars":["亣"],"type":"bitmap","ascent":8},{"file":"minecraft:font/9851fe1a0a98496997a23c4fe181746d/706cee1a8729444aa5b1588fe9b1f091.png","height":8,"chars":["交"],"type":"bitmap","ascent":8},{"file":"minecraft:font/429125ea7d504e88819e554774c2413d/38ebabf00434493882ef7795c2723fbb.png","height":8,"chars":["亥"],"type":"bitmap","ascent":8},{"file":"minecraft:font/db5c6c2a3b524f45984ee8267f2c9415/25233c4d09f9463bb0b8cb3aeb1dd694.png","height":8,"chars":["亦"],"type":"bitmap","ascent":8},{"file":"minecraft:font/0f0b6493cc0c41c08c2a830f377c6cab/33fed5dba1e3440a96cd261163bdb4b2.png","height":8,"chars":["产"],"type":"bitmap","ascent":8},{"file":"minecraft:font/7b7a0899cf26422d9171c6967223e2f0/66fe9a67ae404f1e815e8d3a4f99c9f8.png","height":8,"chars":["亨"],"type":"bitmap","ascent":8},{"file":"minecraft:font/e511b6ab293b4d7290cb0cd1a6b65e0e/9765cd6074e14849803f1bc262050f07.png","height":8,"chars":["亩"],"type":"bitmap","ascent":8},{"file":"minecraft:font/fc766a00afa64508970bec684309a7cd/5fe7de2ffc5747a3b63f16fb8259d4fb.png","height":8,"chars":["亪"],"type":"bitmap","ascent":8},{"file":"minecraft:font/d59ec48de2834f33bec53beffc3a8b77/6ba8cc8fe0ea4ccdbda5cb16ef40ae57.png","height":8,"chars":["享"],"type":"bitmap","ascent":8},{"file":"minecraft:font/852dbcd3332140419a541b34296a61fe/5266393fafa3476d83ac4531b8de755e.png","height":8,"chars":["京"],"type":"bitmap","ascent":8},{"file":"minecraft:font/d6d2f36bb2474141a94751ef8fec6256/39a22778d8144098b8d7cdf6ace9d9af.png","height":8,"chars":["亭"],"type":"bitmap","ascent":8},{"file":"minecraft:font/566dbf0e72344d4f8531e0355ef5991e/3c041dab300f47e9afe0275eaf432bfd.png","height":8,"chars":["亮"],"type":"bitmap","ascent":8},{"file":"minecraft:font/bf166a888bf3404ab72e47f602753802/afdf1c7484254b1393baa77919e69099.png","height":8,"chars":["亯"],"type":"bitmap","ascent":8},{"file":"minecraft:font/30bef261a0dd48f68e15b3e727f8a51f/75feba4ec02f481887754a1afcb2b86f.png","height":8,"chars":["亰"],"type":"bitmap","ascent":8},{"file":"minecraft:font/1c276200a2c542e7955e3e05b0d323fd/44bebcd551124ce4bf384765e24c780c.png","height":8,"chars":["亱"],"type":"bitmap","ascent":8},{"file":"minecraft:font/bd407aa489744c6390eb408b1f687caf/5c3bef33f8764896ab79d46ee8810896.png","height":8,"chars":["亲"],"type":"bitmap","ascent":8},{"file":"minecraft:font/b199584cbbe74091a2361d2494799af0/ebc2777557ce45469387a0aead153aa7.png","height":8,"chars":["亳"],"type":"bitmap","ascent":8},{"file":"minecraft:font/cca5105e8d30458c8ee6a5fbfed4ff5c/17d5be65be9c4725a59591de9835a9dc.png","height":8,"chars":["亴"],"type":"bitmap","ascent":8},{"file":"minecraft:font/77fb0b465859486bb3c757ca96631fa9/9a2c225491d84de2a5d29ea1896b023c.png","height":8,"chars":["亵"],"type":"bitmap","ascent":8},{"file":"minecraft:font/0f23ed3dbd3548d981e3e01c119602d3/19213812aad44215a2d6949e949156ac.png","height":8,"chars":["亶"],"type":"bitmap","ascent":8},{"file":"minecraft:font/7ec18ac41ab8434d8d8b985e3a7b85ab/6baf8f106aab4d088f128205c344dca5.png","height":8,"chars":["亷"],"type":"bitmap","ascent":8},{"file":"minecraft:font/b4aad2a26db242dd8c029a90180d6de1/c91cbd13f7594f28bac863ee3de3faff.png","height":8,"chars":["亸"],"type":"bitmap","ascent":8},{"file":"minecraft:font/7cbccfdce4b745a3a1f993de046770d4/a90fb7e56e7048dba60699eee90aad2e.png","height":8,"chars":["亹"],"type":"bitmap","ascent":8},{"file":"minecraft:font/b8b511ab5e0141b68bd10d34e8e23d81/3a1424b7e15a400899931a281162a73d.png","height":8,"chars":["人"],"type":"bitmap","ascent":8},{"file":"minecraft:font/b4190485f82f4964a084decee9b7d6de/99b26aea7aff4f03934cbf6569203f68.png","height":8,"chars":["亻"],"type":"bitmap","ascent":8},{"file":"minecraft:font/678bf4ed244945909c0028b16937bc60/499c4b152e684ca2b723b9957506d686.png","height":8,"chars":["亼"],"type":"bitmap","ascent":8},{"file":"minecraft:font/f4750fea37b546a3b946cdb15e273358/0ef8f3ed99e840da93c2382ec9635c89.png","height":8,"chars":["亽"],"type":"bitmap","ascent":8},{"file":"minecraft:font/940788ea2f7d4ac6853803d41225dcfd/79a73ac0217349fe9403ee628c94d714.png","height":8,"chars":["亾"],"type":"bitmap","ascent":8},{"file":"minecraft:font/1e25432e4eb34e77b10b453a4100a0f5/9cfa8825937541ea91fc2d0d5e0abdab.png","height":8,"chars":["亿"],"type":"bitmap","ascent":8},{"file":"minecraft:font/d81c3a63dbb14f82868624fb89dc0e79/87eb2b97d1994a089db0f4376645db93.png","height":8,"chars":["什"],"type":"bitmap","ascent":8},{"file":"minecraft:font/9661ad1562604c36bf54cea65e533171/b92cb61d616641af87300fab8dc732e8.png","height":8,"chars":["仁"],"type":"bitmap","ascent":8},{"file":"minecraft:font/1a5c86df192d427588127ac6ba13e754/dde842ae3d344de480d12911507be693.png","height":8,"chars":["仂"],"type":"bitmap","ascent":8},{"file":"minecraft:font/f7859fc79bdd4d87adc7b4ead9265567/3c1fc4bccfa0474a9a65f937f4bad016.png","height":8,"chars":["仃"],"type":"bitmap","ascent":8},{"file":"minecraft:font/d938378700044b9dba9fa652ce58b3c5/d6dce391411c4ebf9c8b88f7d8231918.png","height":8,"chars":["仄"],"type":"bitmap","ascent":8},{"file":"minecraft:font/099c5b1d1b9a433c804772dd79e43d10/c1213eaf571f4e0898c0c80a64f80239.png","height":8,"chars":["仅"],"type":"bitmap","ascent":8},{"file":"minecraft:font/a5b96aa1c8f249d59c2c295b79c4a4ac/0f889eb9b0b345159bb82c2c3ffba102.png","height":8,"chars":["仆"],"type":"bitmap","ascent":8},{"file":"minecraft:font/7f27207c1a654b938ef9d8dc015d6ee5/91471ceea5254ade82304e931281c936.png","height":8,"chars":["仇"],"type":"bitmap","ascent":8},{"file":"minecraft:font/16919175ff2c49ae96dccb8c03ee0045/ec51c9f9f1d645b6a3fb07f0e2b4ebbc.png","height":8,"chars":["仈"],"type":"bitmap","ascent":8},{"file":"minecraft:font/351e21c776b3442eb59964f410745a1e/0a3da1b45f1d433faef2558107b309c2.png","height":8,"chars":["仉"],"type":"bitmap","ascent":8},{"file":"minecraft:font/4664f0fd26844cfd91f517c06f6491a4/68ed89a63f01489d85ea1c218ebd7b39.png","height":8,"chars":["今"],"type":"bitmap","ascent":8},{"file":"minecraft:font/95fbc9796b354d9a88d32f989efc02ff/f1917565932b4d598d007bbcf11e4d68.png","height":8,"chars":["介"],"type":"bitmap","ascent":8},{"file":"minecraft:font/eecaef22b4204c32963955125c78067b/5c28df177f5e408c8efe8e47fb911e79.png","height":8,"chars":["仌"],"type":"bitmap","ascent":8},{"file":"minecraft:font/969a3285fa2642b68f2a46b3d50b9ffa/31327da63dcc4a5689eba939dfd22c84.png","height":8,"chars":["仍"],"type":"bitmap","ascent":8},{"file":"minecraft:font/eaaef055e3794ab1ae556df8a291f593/d44ba3f7a3434346be94bb57f49d1ad0.png","height":8,"chars":["从"],"type":"bitmap","ascent":8},{"file":"minecraft:font/a2e7de49ab7b4e4ca3b36b0fea8bd420/f729e13a2cd742f1b05e9a4ad61e1d41.png","height":8,"chars":["仏"],"type":"bitmap","ascent":8},{"file":"minecraft:font/e9ed5bd0a86c48a4a5766dbcb6a4db9d/357be60f58e84cb7b43bcd6b7fc976d2.png","height":8,"chars":["仐"],"type":"bitmap","ascent":8},{"file":"minecraft:font/cb9d96647add4fba810a4e6114b28003/d2006c2c8349421b84c4d9a208c8babc.png","height":8,"chars":["仑"],"type":"bitmap","ascent":8},{"file":"minecraft:font/fe01cd25daf14cda8264aecb896a57a7/a71c5b194e0043f88bf564000bc66d78.png","height":8,"chars":["仒"],"type":"bitmap","ascent":8},{"file":"minecraft:font/a80be874c07c4b8b96208bc3f81b123b/1ab3340f60724d7eab3bed20ce380114.png","height":8,"chars":["仓"],"type":"bitmap","ascent":8},{"file":"minecraft:font/11eca13108954aa9b3c2ed3e21af3a82/b26c5973b4814483b71a6eb893b2867e.png","height":8,"chars":["仔"],"type":"bitmap","ascent":8},{"file":"minecraft:font/c0606d8687e74362a423c6b05f9115e7/536c7cd185e049ad9eeb8f5fe086b480.png","height":8,"chars":["仕"],"type":"bitmap","ascent":8},{"file":"minecraft:font/91f231ebd9a14e10a02b3393b0c4e88c/9052fe678ff24c6da25f7dadf1df1813.png","height":8,"chars":["他"],"type":"bitmap","ascent":8},{"file":"minecraft:font/7025932d46034b87b7d37deeefeb21bb/5a5b1ceade874dd7831fc746f5e1f888.png","height":8,"chars":["仗"],"type":"bitmap","ascent":8},{"file":"minecraft:font/d20a176de7b3484eaa071d159dc2388c/9e28dca900544e3e9f88b236c5d9b9da.png","height":8,"chars":["付"],"type":"bitmap","ascent":8},{"file":"minecraft:font/216ac16be3724cc39dda206ac83395b9/9d9ce685bbc2449eb6336ea25e1072ba.png","height":8,"chars":["仙"],"type":"bitmap","ascent":8},{"file":"minecraft:font/89970a1c3906425082c35bb5506e9730/d206ab0edd094dd6a18ce62e80faaf95.png","height":8,"chars":["仚"],"type":"bitmap","ascent":8},{"file":"minecraft:font/9c8ffed81edc4a27975a3b98086b4751/ac2bfe09df6447699d0b4b481e16c1d0.png","height":8,"chars":["仛"],"type":"bitmap","ascent":8},{"file":"minecraft:font/931fbf3a37b54c9c821e377bd693fbfa/f28aac6e9d834adea1ab4f7a8a9350be.png","height":8,"chars":["仜"],"type":"bitmap","ascent":8},{"file":"minecraft:font/e8cda0af878f438fb99139b0463c43c7/5b76ca2fd9a546c78b4e29bf1ba45f29.png","height":8,"chars":["仝"],"type":"bitmap","ascent":8},{"file":"minecraft:font/7aee767607864749915be425787b1ab7/108eb851ddf242118740cb0c35ddf0e8.png","height":8,"chars":["仞"],"type":"bitmap","ascent":8},{"file":"minecraft:font/5aa572149c0840c4859fad21fdac480b/e8f71451bb7f4627b0e92a53c0252b0f.png","height":8,"chars":["仟"],"type":"bitmap","ascent":8},{"file":"minecraft:font/011b59f369944b448419de05ebf421f0/775f5fa8e6604629a38d74d5f925a04c.png","height":8,"chars":["仠"],"type":"bitmap","ascent":8},{"file":"minecraft:font/bbdd1f0b21e84e59afdec317b3552553/93ea1883c6b1459ebe915de58aa39d26.png","height":8,"chars":["仡"],"type":"bitmap","ascent":8},{"file":"minecraft:font/38f70bc17c0b4b99a524d24a8b2baabe/ceeba66b1a9d4c729c20c1952f9b019f.png","height":8,"chars":["仢"],"type":"bitmap","ascent":8},{"file":"minecraft:font/ee1b3ba801ad4db9ac1453215dbd6162/2a7c40b8b81f44a1838b3b331fb27f52.png","height":8,"chars":["代"],"type":"bitmap","ascent":8},{"file":"minecraft:font/94adc0e33ba441649edae490229dd676/8da3b994f8f84b71ab43a78032a1e0e5.png","height":8,"chars":["令"],"type":"bitmap","ascent":8},{"file":"minecraft:font/85dd8f414ca64aa5ba315c595e9d852b/76547039d2484ef9a50ff2a2433f881c.png","height":8,"chars":["以"],"type":"bitmap","ascent":8},{"file":"minecraft:font/f20948dd31f648b1a0bb501f95078ad8/5045d9f30d4240389e66337702a2ae0e.png","height":8,"chars":["仦"],"type":"bitmap","ascent":8},{"file":"minecraft:font/31716ae5fc6d4403b25c6881e4ebecf3/eeefc2e7d8f141f5aec6b0f847bc9bbe.png","height":8,"chars":["仧"],"type":"bitmap","ascent":8},{"file":"minecraft:font/5879c66492b64b2db2b257bf6b91bdc7/f79daea5b8ea4ffab8dbfffa5a6f9dbc.png","height":8,"chars":["仨"],"type":"bitmap","ascent":8},{"file":"minecraft:font/d4751f0f348a4d5da7d963f59573896c/e3a9f5fae30e440c98c29250a1c7b7f8.png","height":8,"chars":["仩"],"type":"bitmap","ascent":8},{"file":"minecraft:font/a540a4b034af4f46bd201ce18e23e632/fd28dde532904050ac8cf157bea6dd33.png","height":8,"chars":["仪"],"type":"bitmap","ascent":8},{"file":"minecraft:font/72e97807d0f84e598127fbab4b43fb1a/0e757ac5cce54959a42c8e65a1ac54f5.png","height":8,"chars":["仫"],"type":"bitmap","ascent":8},{"file":"minecraft:font/d07c523a51b84b44bec5b61c6a6c1c37/f004643109314a21bd8388c60d5153c2.png","height":8,"chars":["们"],"type":"bitmap","ascent":8},{"file":"minecraft:font/f64bc29e6f024b65a410f2bbb1d06a31/5b029a18fd80453595a2f9bff7cbb027.png","height":8,"chars":["仭"],"type":"bitmap","ascent":8},{"file":"minecraft:font/31acbb95cca94bf78a3d1477a083b54c/0cfc3a1eace44cd7bf088e00f7a47512.png","height":8,"chars":["仮"],"type":"bitmap","ascent":8},{"file":"minecraft:font/4c57a5514d034c1582808c326a0138f5/852773af4c1545298303f260eca39c2a.png","height":8,"chars":["仯"],"type":"bitmap","ascent":8},{"file":"minecraft:font/4ab276accf1f4eacbe95dae26f1b843c/09ae6850dc974e0b924a4db5f8c662bb.png","height":8,"chars":["仰"],"type":"bitmap","ascent":8},{"file":"minecraft:font/26368fa495da403ca9612037aea0dbc8/ee81b24ae9bf414e8407cd2c8a93afbf.png","height":8,"chars":["仱"],"type":"bitmap","ascent":8},{"file":"minecraft:font/0c803d5190d64fe1b48d750d7999fb9a/47379d8aa0b44cc093f2991d9815c7f1.png","height":8,"chars":["仲"],"type":"bitmap","ascent":8},{"file":"minecraft:font/7f54d3a2fe224bdcaa9ce00c5fe4480b/b46e2759aa7e43b0b208eaedb0ca56b5.png","height":8,"chars":["垗"],"type":"bitmap","ascent":8},{"file":"minecraft:font/44fe3b4d2a2d4491b14ad46149e4ae8c/f670831d265c48069c23e915731a8f97.png","height":8,"chars":["仳"],"type":"bitmap","ascent":8},{"file":"minecraft:font/ab4268eb360c49519c2e544ecd9a468e/4eac808b45db42359b234de69960a1ba.png","height":8,"chars":["仴"],"type":"bitmap","ascent":8},{"file":"minecraft:font/635cfb6a60f64b21b4dd977f5159f03b/7f395d9d08b7454a8e74067069ec438f.png","height":8,"chars":["仵"],"type":"bitmap","ascent":8},{"file":"minecraft:font/fed23a842aa94ca3b1a8c36168d9252d/d076241277274d56ad6ae58ca03a1281.png","height":8,"chars":["件"],"type":"bitmap","ascent":8},{"file":"minecraft:font/7427fc85f5894b3fb46f22e8f2a16a7b/fc2a1fc57f6540af81101e92da79d401.png","height":8,"chars":["价"],"type":"bitmap","ascent":8},{"file":"minecraft:font/f444345460864bbe8594416308a93613/4b28b42636fe40e99c74b6d9eeccee31.png","height":8,"chars":["仸"],"type":"bitmap","ascent":8},{"file":"minecraft:font/07ebc6dc17e241b4b59001794ef6425e/b5bd4dbd98ad486b847a02b272ec0404.png","height":8,"chars":["仹"],"type":"bitmap","ascent":8},{"file":"minecraft:font/b4fe70267f0e4d7f9b3ea9247101324e/233ccc0debba4894bf720caa0e18e003.png","height":8,"chars":["仺"],"type":"bitmap","ascent":8},{"file":"minecraft:font/8a11f774757e4687bcd7bf78c3118d04/1733fbe9bd3c4d0a9229b2451cc41f42.png","height":8,"chars":["任"],"type":"bitmap","ascent":8},{"file":"minecraft:font/5ae0a818b5594ce7898a8a9bad4e9927/08839f8ae9fa40228624c4fe076ec06a.png","height":8,"chars":["仼"],"type":"bitmap","ascent":8},{"file":"minecraft:font/dc8dc5e579ae48d0a0eda6297f2d3499/6baa199b0a13422782fc18b46af580ad.png","height":8,"chars":["份"],"type":"bitmap","ascent":8},{"file":"minecraft:font/60edd41b547e436fb932fe1a7adbda65/4bfb8c5a87af4f05b84da5d8d6308ca7.png","height":8,"chars":["仾"],"type":"bitmap","ascent":8},{"file":"minecraft:font/58a8f1fa93874e54b96142273e046902/b4901ef6ac284771a031de0e58ee85eb.png","height":8,"chars":["仿"],"type":"bitmap","ascent":8},{"file":"minecraft:font/3cec4cb888664523afffb676f734083e/a25250ef0dc44ad98a758d478995a1c7.png","height":8,"chars":["伀"],"type":"bitmap","ascent":8},{"file":"minecraft:font/c9cddea4612d44d0b2b46ae15315b639/6afb1512ed3e4589ae3ddbeec6dbb887.png","height":8,"chars":["企"],"type":"bitmap","ascent":8},{"file":"minecraft:font/2cf7620625f34391890a213c457748a3/e1f93deb49c64484962eba718371ae6f.png","height":8,"chars":["伂"],"type":"bitmap","ascent":8},{"file":"minecraft:font/da757df1d76e4444b6c833b60b3c5725/c3c7eba7d91449e8a730442c1edf0816.png","height":8,"chars":["伃"],"type":"bitmap","ascent":8},{"file":"minecraft:font/bb2d071b492c47529cd3404210d20d40/1e4ec323a7264981846121d9ec4bf194.png","height":8,"chars":["伄"],"type":"bitmap","ascent":8},{"file":"minecraft:font/9d85f87e33324531abd41a3b42af93b5/89d9d544b2bf44f596e05f4e1db4528c.png","height":8,"chars":["伅"],"type":"bitmap","ascent":8},{"file":"minecraft:font/76a03ad6e1434759b69f907030cafe09/cb925e332aa543eb9d50ed3cdee4cd24.png","height":8,"chars":["伆"],"type":"bitmap","ascent":8},{"file":"minecraft:font/3e57906fabbf4cd3a8098a2bd8a76d81/f2ad70cca09c4e3b9d4d5874ad4e53b0.png","height":8,"chars":["伇"],"type":"bitmap","ascent":8},{"file":"minecraft:font/afea4e0e38664fcfb3fd9fca8b13af62/de94abccf48a4d95b367c9ce4b0d7904.png","height":8,"chars":["伈"],"type":"bitmap","ascent":8},{"file":"minecraft:font/4e09238571384beeb2c373e375871d37/f62dada552834c33866770148d11bae0.png","height":8,"chars":["伉"],"type":"bitmap","ascent":8},{"file":"minecraft:font/1a0c2fc71e484335a2d6815e7b8fb47e/0e0d26881f4049bb8a16add822e4c4be.png","height":8,"chars":["伊"],"type":"bitmap","ascent":8},{"file":"minecraft:font/b1052bd28e6543db81add4b1007519e7/0bfac4f9392e4f1187bd5ba15a79a0b1.png","height":8,"chars":["伋"],"type":"bitmap","ascent":8},{"file":"minecraft:font/6bc2b6c807d747eda9d370aa3cf471ad/988a5d7c8421468fabb9c10ab6074dda.png","height":8,"chars":["伌"],"type":"bitmap","ascent":8},{"file":"minecraft:font/19cf904248ff4d67a7138ff708ea75c4/2edde0ad8bdb45c4aa81ac9c798cac25.png","height":8,"chars":["伍"],"type":"bitmap","ascent":8},{"file":"minecraft:font/c904de388eff479d971a8ee404e02375/5959ab16c9f440ecbbf45d9f6eaa77c8.png","height":8,"chars":["伎"],"type":"bitmap","ascent":8},{"file":"minecraft:font/15e6ab471566485290664588235cf4d5/7d1194a065e84002a7687ba5f4aafe19.png","height":8,"chars":["伏"],"type":"bitmap","ascent":8},{"file":"minecraft:font/6f5007e8d17f408d97b2658e0924ef9e/78067a0d3c96448786158f43204a3e07.png","height":8,"chars":["伐"],"type":"bitmap","ascent":8},{"file":"minecraft:font/23149320a6b74ad9a6d99263c32a055c/c49fb4a5ea1446d9bd29848f2f5a92bb.png","height":8,"chars":["休"],"type":"bitmap","ascent":8},{"file":"minecraft:font/718aa3dbcde24a2298535e824fa13412/e50e71cb7bf6484eaff71f8d88051f99.png","height":8,"chars":["伒"],"type":"bitmap","ascent":8},{"file":"minecraft:font/c8cbba878c654a4eada91f5b81dc28c1/e0abf5b121c542c5b1c4f31fb247ce60.png","height":8,"chars":["伓"],"type":"bitmap","ascent":8},{"file":"minecraft:font/0dbe3916f3ee443b9283fe5371e273eb/8e2687aa076a4835bc27c831554fad44.png","height":8,"chars":["伔"],"type":"bitmap","ascent":8},{"file":"minecraft:font/e7a37ed921fb4a0cb3fd33d87d7a2455/4cd67d3801084d268fe2cc255956286b.png","height":8,"chars":["伕"],"type":"bitmap","ascent":8},{"file":"minecraft:font/3ff94fd6cea148d598c95928edcd18d1/83c5b6fc902b4a078d9f552a172ebf51.png","height":8,"chars":["伖"],"type":"bitmap","ascent":8},{"file":"minecraft:font/404895831c8748b7b930fa7f09db6304/2374a3760469470eadf1ff1f02ca2ebb.png","height":8,"chars":["众"],"type":"bitmap","ascent":8},{"file":"minecraft:font/6d88f5701f73434a8f35e697a18bb383/ac155ca4dab44ff38dd1e63f6bae3492.png","height":8,"chars":["优"],"type":"bitmap","ascent":8},{"file":"minecraft:font/2f7a87e5f8974c4aaf46e104f9de2f10/c25ab4134b5d4b95acdc3d299dcf57cb.png","height":8,"chars":["伙"],"type":"bitmap","ascent":8},{"file":"minecraft:font/ee77da9d529547a1848050c502c857e8/896ad8c90dd142c08633dc4b75b4ba60.png","height":8,"chars":["会"],"type":"bitmap","ascent":8},{"file":"minecraft:font/2149093c2e96451a9f4dc2f69da93f24/6b86a6c0f86f42c0adc9665586266030.png","height":8,"chars":["偹"],"type":"bitmap","ascent":8},{"file":"minecraft:font/4538e8c775b8490ba04903796e93dfbc/c63e436a71d24abbb921d24bcf5bd111.png","height":8,"chars":["偺"],"type":"bitmap","ascent":8},{"file":"minecraft:font/4f09baa687ee4c98ba143ef5e4d941fc/25c2bc26e0644f3c9d3219f030588e37.png","height":8,"chars":["偻"],"type":"bitmap","ascent":8},{"file":"minecraft:font/d9f9e7d048b0488ebf5fa4b843568159/6f56c948a7e849379a5094c0b57379f0.png","height":8,"chars":["偼"],"type":"bitmap","ascent":8},{"file":"minecraft:font/ff025f7e1897449ba68a53618296fff0/58cf7868abcb48f188dfa7134613adf9.png","height":8,"chars":["偽"],"type":"bitmap","ascent":8},{"file":"minecraft:font/c59654ee9be3428295c0aca36f67d096/57d1a49dc7204acd96626dbeadb1fcb3.png","height":8,"chars":["偾"],"type":"bitmap","ascent":8},{"file":"minecraft:font/0f8065e2ef6743baa6653125dcaaabb4/93609eeee62643adad02489e133c736a.png","height":8,"chars":["偿"],"type":"bitmap","ascent":8},{"file":"minecraft:font/94034a7f9591469783fd989ada078ef6/6e8c2e41d443465ca713dc1bf96a7b3a.png","height":8,"chars":["傀"],"type":"bitmap","ascent":8},{"file":"minecraft:font/fa379f85dada4476a7da957a4f983cbd/2e30e2ba243d49338f745cefb5d47ceb.png","height":8,"chars":["傁"],"type":"bitmap","ascent":8},{"file":"minecraft:font/3a25c4b8e7f34758889f39a006d8deaa/f5cf334a0ef44073bcc790bd036df129.png","height":8,"chars":["傂"],"type":"bitmap","ascent":8},{"file":"minecraft:font/f926583325c7490db3805e8adca19661/758c9423f89c47f49a5d94e8c4ed6202.png","height":8,"chars":["傃"],"type":"bitmap","ascent":8},{"file":"minecraft:font/d8722093c4184b43861d363a2cf96921/7798351e72b24cba804a18997bec5bf7.png","height":8,"chars":["傄"],"type":"bitmap","ascent":8},{"file":"minecraft:font/58bf0bbde11f4e9cbfd6a753019ec854/12de2879d223407db19bfbc9e530a40b.png","height":8,"chars":["傅"],"type":"bitmap","ascent":8},{"file":"minecraft:font/b10bf1f619084d65b4086c5baa575f8b/697e3ff903034123b587860f7928233a.png","height":8,"chars":["傆"],"type":"bitmap","ascent":8},{"file":"minecraft:font/4b4fba813c2b438d8c95c2cf27197216/18bd478aa3c54a81a3689fdb61cb0949.png","height":8,"chars":["傇"],"type":"bitmap","ascent":8},{"file":"minecraft:font/372b21016bad46e185f9b2663f25de04/83124e511bd842f5b250785fbf9bdad2.png","height":8,"chars":["傈"],"type":"bitmap","ascent":8},{"file":"minecraft:font/decb77ad1c9e4e40a76272d4cce04e44/2be6515e0c6849a08cdff1b0b4e23a99.png","height":8,"chars":["傉"],"type":"bitmap","ascent":8},{"file":"minecraft:font/48b15bfd58c940e5a837254f01b0fc27/56600bc4966d43b4a2066bbc2b453e3e.png","height":8,"chars":["傊"],"type":"bitmap","ascent":8},{"file":"minecraft:font/08e35b9c0b9d427581dbc21ca0b33983/d6b631dad74e4988833a2d88d7f7d4c2.png","height":8,"chars":["傋"],"type":"bitmap","ascent":8},{"file":"minecraft:font/5ec3bb5db7e24ca1b067e4e31feb99cb/df1cb16839564efdaab2061ab95ca1dc.png","height":8,"chars":["傌"],"type":"bitmap","ascent":8},{"file":"minecraft:font/acf4c25d88314635b98dfd851b5aa6ec/1527129872c943fcb47e66033b5c82ee.png","height":8,"chars":["垃"],"type":"bitmap","ascent":8},{"file":"minecraft:font/443c724c964345c6a5543a90a89242e9/cfc2068fa24e4c7e9b001565e58b7a96.png","height":8,"chars":["垄"],"type":"bitmap","ascent":8},{"file":"minecraft:font/0d60003517e0439e8f9388ec8a2d44f6/18295bcb6fbb417ba46c89dbb4a6cd11.png","height":8,"chars":["垅"],"type":"bitmap","ascent":8},{"file":"minecraft:font/d77138bcc9054b2999c8031297571245/6448ad3d434b4a2189e236f99f77a816.png","height":8,"chars":["垆"],"type":"bitmap","ascent":8},{"file":"minecraft:font/7a5ad28e8d1f4a5792088f7297d5bc03/b74c619107e74ae7a4dbbd0a4663fd93.png","height":8,"chars":["垇"],"type":"bitmap","ascent":8},{"file":"minecraft:font/a1c2d057510847929d0ecb74b437c31f/013311bb73fe4cf6b85007bb5d1bfcc9.png","height":8,"chars":["垈"],"type":"bitmap","ascent":8},{"file":"minecraft:font/536741d75ed3434dab3fffde7e7aa0de/cb8f12a6cff44948907a6ce3f4aa231c.png","height":8,"chars":["垉"],"type":"bitmap","ascent":8},{"file":"minecraft:font/62cb9fa56cb14d388951e2382766d587/9e3257203ce048e58358084ed999c47d.png","height":8,"chars":["垊"],"type":"bitmap","ascent":8},{"file":"minecraft:font/656a64d72445405f8e12a4e063352d44/2bd2c4e7a4dc43ecbd45f8416fee19c1.png","height":8,"chars":["型"],"type":"bitmap","ascent":8},{"file":"minecraft:font/4750a0b44e04494699157327251f5807/0263738120ed415fa472557d79267666.png","height":8,"chars":["垌"],"type":"bitmap","ascent":8},{"file":"minecraft:font/b53bfa63cfd5455eadef8c0d1c911e9e/9ba51992682f45aa879ed8ad6766ef4e.png","height":8,"chars":["垍"],"type":"bitmap","ascent":8},{"file":"minecraft:font/035b838128ce4beaaaff60eafb23b2f1/e1ae92f647b341e9b3e5a0d71de3f2a4.png","height":8,"chars":["垎"],"type":"bitmap","ascent":8},{"file":"minecraft:font/8c2e14e5cc2743e0988c90d180bc69d4/77236fc43089464fb626cabfacde970a.png","height":8,"chars":["垏"],"type":"bitmap","ascent":8},{"file":"minecraft:font/3db34e08b85d4f048359f680b606ace4/9021f650a0e14e61b1649ae7bfcd7ab7.png","height":8,"chars":["垐"],"type":"bitmap","ascent":8},{"file":"minecraft:font/057a6a15e96f458aae9cf5e9fc28dc66/6f6eaa178b8f4d798f3c1cc004a860f6.png","height":8,"chars":["垑"],"type":"bitmap","ascent":8},{"file":"minecraft:font/c8a369eeb7f847dba4e93f64893999bd/beb90c140d2d49caa1b2dc11481036a1.png","height":8,"chars":["垒"],"type":"bitmap","ascent":8},{"file":"minecraft:font/0487c878638f4687a0350dbea7445af3/ba20ac22b4e9454b9cb07199583e329a.png","height":8,"chars":["垓"],"type":"bitmap","ascent":8},{"file":"minecraft:font/0ea1bdc4d76942d0aa762b85a7c0588f/2edf2201b7c64b1892e0f842e433afbd.png","height":8,"chars":["垔"],"type":"bitmap","ascent":8},{"file":"minecraft:font/f2cb7f1d9e504a94917d991ea57b61c4/0f925262fc73448da6665b7412cad423.png","height":8,"chars":["垕"],"type":"bitmap","ascent":8},{"file":"minecraft:font/da25fb8e4b644ae1b0d89f2a3d03fc86/69969828083d4af7b93c20fad5533b5f.png","height":8,"chars":["垖"],"type":"bitmap","ascent":8},{"type":"bitmap","file":"font/pixel.png","ascent":-1000,"height":-2,"chars":["ᨓ"]},{"type":"bitmap","file":"font/pixel.png","ascent":-10000,"height":1,"chars":["ᨒ"]},{"type":"bitmap","file":"font/pixel.png","ascent":-10000,"height":-2,"chars":["⻙"]}]}