{"providers":[{"type":"bitmap","chars":["垜"],"height":16,"file":"minecraft:font/880c1e2092e04486999564b5a1bc436a/046c559adadd40afa0d5f0edc97ace6b.png","ascent":16},{"type":"bitmap","chars":["一"],"height":16,"file":"minecraft:font/b388a7d33930494d95ff294697963b53/9d9c922677f34dd6a70a0b00e6c37c21.png","ascent":16},{"type":"bitmap","chars":["丁"],"height":8,"file":"minecraft:font/6c8ed64491fb485ab51387dcdefda52f/8ea29fdc1de740ccaf920fecdcc547da.png","ascent":8},{"type":"bitmap","chars":["垞"],"height":8,"file":"minecraft:font/26b038d79efb4b4abde8319451db523c/479e8728c6274e0b82d0dbcebb24d0af.png","ascent":8},{"type":"bitmap","chars":["丂"],"height":8,"file":"minecraft:font/0391f5a41c214e4494cdecee36e5768d/599b8dc565744087b9d4fa6ac0e3d37a.png","ascent":8},{"type":"bitmap","chars":["七"],"height":8,"file":"minecraft:font/782fe2bc4ea34294ac2b024f859c1cb7/8537aff4108a431b8e627735f67176e9.png","ascent":8},{"type":"bitmap","chars":["丄"],"height":8,"file":"minecraft:font/94bce5907e8748e1a7df74a10df5439c/92cc19ae43d54685bdbfa8eb6e390ff1.png","ascent":8},{"type":"bitmap","chars":["丅"],"height":8,"file":"minecraft:font/2fa80c6c28e3429a9d810b2fe41a33ce/6c46f0c28a224daea03ad526b7c58839.png","ascent":8},{"type":"bitmap","chars":["丆"],"height":8,"file":"minecraft:font/51e8322631374468ab1fc886219be05d/d8b40acf2f614082834b910ecd4c43a3.png","ascent":8},{"type":"bitmap","chars":["万"],"height":8,"file":"minecraft:font/9ef522c928044667a0fb9f45c958476b/9d44d4a249a2462981ddc4e858a7cbb2.png","ascent":8},{"type":"bitmap","chars":["丈"],"height":8,"file":"minecraft:font/a7499a8c3349441e8e81ff18ada0c71a/dbee65ec2ac048acb98e2e56c1040498.png","ascent":8},{"type":"bitmap","chars":["三"],"height":8,"file":"minecraft:font/82dd8d9f38c34785a5bf2da3a5c58f1f/f3e53de5e6904dcbb5f6f4572044036d.png","ascent":8},{"type":"bitmap","chars":["上"],"height":8,"file":"minecraft:font/0a972e9d164e481f8de8cc3e373803b9/a2aab012a6d94492add657c952b36b37.png","ascent":8},{"type":"bitmap","chars":["下"],"height":8,"file":"minecraft:font/89440983737747eb825042a9a39ea775/892fdd8d744f4cc08d904f003bca635a.png","ascent":8},{"type":"bitmap","chars":["丌"],"height":8,"file":"minecraft:font/e74de0ec3d7c4b2d8b94d74edfde0414/41df788f6e1548f582fb0dfff91123b9.png","ascent":8},{"type":"bitmap","chars":["不"],"height":8,"file":"minecraft:font/7cebfc16dac04a9c8143262e57fb1e27/9aeb1b6c06564c1aaff385494dcfa27d.png","ascent":8},{"type":"bitmap","chars":["与"],"height":8,"file":"minecraft:font/a6356f8b923c49d39cbd711cf3cd0692/8fa6c722c18a4663b894957d6b66bf4a.png","ascent":8},{"type":"bitmap","chars":["丏"],"height":8,"file":"minecraft:font/322bf6e2b9b1474ab9c1e0e2c8d99cb6/f835527b3ee44ac187812f338503d6fc.png","ascent":8},{"type":"bitmap","chars":["丐"],"height":8,"file":"minecraft:font/d471cd574d6a4675be59eff731dc2ad9/77ed703d167e4be781a7e809c08f683e.png","ascent":8},{"type":"bitmap","chars":["丑"],"height":8,"file":"minecraft:font/ac01549d42994471ae5f40ee859fec12/1bfdb6d4f715403ca006858a3ec415ba.png","ascent":8},{"type":"bitmap","chars":["丒"],"height":8,"file":"minecraft:font/45800125d03142a1a29b1707f540d794/293961cb0b6e4feb83b99ad9c76d2281.png","ascent":8},{"type":"bitmap","chars":["专"],"height":8,"file":"minecraft:font/ee36a2dcbefc4fcdb605cd332242169a/d33008bd87144c18a7fe927f8509cdfc.png","ascent":8},{"type":"bitmap","chars":["且"],"height":8,"file":"minecraft:font/d9489f5cc4294cd38526059f8052db24/45657801a0294387be49025f5ffdb2bd.png","ascent":8},{"type":"bitmap","chars":["丕"],"height":8,"file":"minecraft:font/2373404783ff4f73a111f7c0cf16581d/1d2f52dfe1014f7281e99255d0942040.png","ascent":8},{"type":"bitmap","chars":["世"],"height":8,"file":"minecraft:font/df5f7aa9e9d14585aae74f33492978d3/08df9428670642fba4096e6beca425db.png","ascent":8},{"type":"bitmap","chars":["丗"],"height":8,"file":"minecraft:font/e91a59cbbc0048d6bbe18ec2ecf48ec1/f6a26dbb3dbe4477ac4037648b442599.png","ascent":8},{"type":"bitmap","chars":["丘"],"height":8,"file":"minecraft:font/c89c6f251746435a8491f6436814a476/402b21194235485386dfc2844b45bfed.png","ascent":8},{"type":"bitmap","chars":["丙"],"height":8,"file":"minecraft:font/3a2004faa3ba4fb4998e5e2c4b0f4083/433a92f37e1c4c4491dfddb5f4f90dae.png","ascent":8},{"type":"bitmap","chars":["业"],"height":8,"file":"minecraft:font/2adfb9ca802f486984f524f464ef0929/6d6fad5ffaa84cf8941f006886a4af97.png","ascent":8},{"type":"bitmap","chars":["丛"],"height":8,"file":"minecraft:font/6709885998fa4f7da1042b8a7f963a2b/6b1bb5ee0e9d436abae6734e152ce75d.png","ascent":8},{"type":"bitmap","chars":["东"],"height":8,"file":"minecraft:font/e0d3c78548164971ad1fadbf5518c361/be073d3c130d4c1d9712181f3bb0d3d2.png","ascent":8},{"type":"bitmap","chars":["丝"],"height":8,"file":"minecraft:font/fc439c833d5f4c33910ab31b4b003878/f346402f39c5496f981d9746aaf82656.png","ascent":8},{"type":"bitmap","chars":["丞"],"height":8,"file":"minecraft:font/f279ad0db9f8406eb6acbe27a482939b/f46089633a744b93ae346537aa591548.png","ascent":8},{"type":"bitmap","chars":["丟"],"height":8,"file":"minecraft:font/851adb2b4829458ea074a6c2937b0c82/ff3f1de0094a423589f2343692088757.png","ascent":8},{"type":"bitmap","chars":["丠"],"height":8,"file":"minecraft:font/28b936480fc447b48de7d0d12d72b15e/7ee356d22a5b40cea0dc3901ade41cba.png","ascent":8},{"type":"bitmap","chars":["両"],"height":8,"file":"minecraft:font/b678251fc06c4e4f8af3a3f18cbeb522/96770b2e3451400981b9d51ecfa1cf8c.png","ascent":8},{"type":"bitmap","chars":["丢"],"height":8,"file":"minecraft:font/7b4736869c4a473eb9a6c4a220d0f8a3/849f746de2a24c0281eb4dec8c4c78b9.png","ascent":8},{"type":"bitmap","chars":["丣"],"height":8,"file":"minecraft:font/150cfdd9a9e7442e8435b6fdf543cccf/a82f576901ba475ab2d9032d837c0775.png","ascent":8},{"type":"bitmap","chars":["两"],"height":8,"file":"minecraft:font/a761975e1f634bb19258c73d9bd530df/fe3e4158edf44854ae1b398b85479f8f.png","ascent":8},{"type":"bitmap","chars":["严"],"height":8,"file":"minecraft:font/a774fcb199ad4954bbfe5a94a4fc93db/36bbff23f4a74336b26ab1ec5e5543d5.png","ascent":8},{"type":"bitmap","chars":["並"],"height":8,"file":"minecraft:font/094a035056154a7e930eb6b7a724e702/75b5b2ddaa1d4855a7905059f76e748e.png","ascent":8},{"type":"bitmap","chars":["丧"],"height":8,"file":"minecraft:font/97294ea076d24a2cb6be07d47209d7ab/9a119198e3744cdbb8d8700b8499b045.png","ascent":8},{"type":"bitmap","chars":["丨"],"height":8,"file":"minecraft:font/647e68fa78b14b3286f3d32de1d040c0/db7af6ea906149b5aeaae4cfe1a0f085.png","ascent":8},{"type":"bitmap","chars":["丩"],"height":8,"file":"minecraft:font/d2a2d3f5e74e4c93bb0f5984b0074bf5/2ef527d76b85480387aa1cfc1e754ba4.png","ascent":8},{"type":"bitmap","chars":["个"],"height":8,"file":"minecraft:font/74c029bf746f4de3b11807d623250ab8/e6957df719734cc8aa2fab3629f09036.png","ascent":8},{"type":"bitmap","chars":["丫"],"height":8,"file":"minecraft:font/22793196faa24d14a5a73d99f4848b6d/e0dfe815c61c45eda2eaa8b29a28560e.png","ascent":8},{"type":"bitmap","chars":["丬"],"height":8,"file":"minecraft:font/8dffb068b8354f8c9ca227e922de256c/9c7d3b0f9aa54422802843b4d0524e13.png","ascent":8},{"type":"bitmap","chars":["中"],"height":8,"file":"minecraft:font/f77eb08e6f864895a55c7f4588a8d3d8/7ce30d67c29c453ea5a6c94c2385541b.png","ascent":8},{"type":"bitmap","chars":["丮"],"height":8,"file":"minecraft:font/29ca78cca42a412ba19e4bbe95c8cd9c/50398d3e18534748af7d43d192c9012d.png","ascent":8},{"type":"bitmap","chars":["丯"],"height":8,"file":"minecraft:font/9875992f86584859acca645224a2a813/0ab70459fe944e94a6c991bf33699bef.png","ascent":8},{"type":"bitmap","chars":["丰"],"height":8,"file":"minecraft:font/9fb70a04847a4fc48b9ee8eceeeb1692/4c3a42975b704fc3a64a94b17dd1d73b.png","ascent":8},{"type":"bitmap","chars":["丱"],"height":8,"file":"minecraft:font/d994924cc3904eadbbb07a0944716d3f/e118fae40f3c40eabcd34fb5cc061e5f.png","ascent":8},{"type":"bitmap","chars":["串"],"height":8,"file":"minecraft:font/fde5118fa19b4869bf3d9864ad646cb7/97f90f3dffa64993b4b63c17b7139064.png","ascent":8},{"type":"bitmap","chars":["丳"],"height":8,"file":"minecraft:font/e07226d2c644432cb8e4df8dea633733/fa6242d8084642e7b573b37ee902705a.png","ascent":8},{"type":"bitmap","chars":["垙"],"height":16000,"file":"minecraft:font/1f7a7a005dc2486fb690fcc859c9868a/38275c5276de40f6b870d19c7235159a.png","ascent":16000},{"type":"bitmap","chars":["亖"],"height":8,"file":"minecraft:font/9ce1d7fc445e4134bdb2eae451bf89a5/bd86113ec75a487a8d0da57059ced165.png","ascent":8},{"type":"bitmap","chars":["亗"],"height":8,"file":"minecraft:font/b8d93a33726c4c6186638dc5ee64f48b/bebdb69a649f447e8501886f27dcab4e.png","ascent":8},{"type":"bitmap","chars":["亘"],"height":8,"file":"minecraft:font/c92cbf75e8ff426bb05d0246983ed38a/dab0aea33b9d4602b0ee7cb6e2d15202.png","ascent":8},{"type":"bitmap","chars":["亙"],"height":8,"file":"minecraft:font/be828f1c188a490c8472a37f955ad75d/25eac61e9c2340babd300c23751ea16c.png","ascent":8},{"type":"bitmap","chars":["亚"],"height":8,"file":"minecraft:font/1ac227e29001497ea184cef9e8703d10/b2c9a192c40740bb8ec2f1609f223626.png","ascent":8},{"type":"bitmap","chars":["些"],"height":8,"file":"minecraft:font/a774ace612de4bc996dea14fafe5b222/a4798d65912d4261b1662b252766aca4.png","ascent":8},{"type":"bitmap","chars":["亜"],"height":8,"file":"minecraft:font/e8f8f909b22549f5a3be74dd38804ab6/fd7e28ab2fec473683f91fe6709caf4a.png","ascent":8},{"type":"bitmap","chars":["亝"],"height":8,"file":"minecraft:font/e1a1b4f3e5dc46eb849bda22d2bd6686/eadf4791b0934941b2ef713131eb4517.png","ascent":8},{"type":"bitmap","chars":["亞"],"height":8,"file":"minecraft:font/bdc1489bc856455087aede34150f6072/74b82a0ac0c744099fec02b3f398c0dc.png","ascent":8},{"type":"bitmap","chars":["亟"],"height":8,"file":"minecraft:font/b1b432772f4340efb2c4cfe3e21d08dc/08dc4a025f7942ee9d81d5d8ab1891fe.png","ascent":8},{"type":"bitmap","chars":["亠"],"height":8,"file":"minecraft:font/9877e0208c454bad84fee82c737658f0/444006ceaf944ecdb87f910e4ebc7281.png","ascent":8},{"type":"bitmap","chars":["亡"],"height":8,"file":"minecraft:font/a777e78a20b04eb6a31ae5fd2044a092/91dbddb406f64f559c675803860d72ed.png","ascent":8},{"type":"bitmap","chars":["亢"],"height":8,"file":"minecraft:font/6fb0a797ae69432c8056d92d22bd2960/660aa0571ff14520bf08b02160ffbcab.png","ascent":8},{"type":"bitmap","chars":["亣"],"height":8,"file":"minecraft:font/543943f13c2f43bf818d030ff3815108/d5410df416c243b18b425da26b847c29.png","ascent":8},{"type":"bitmap","chars":["交"],"height":8,"file":"minecraft:font/5050478bb8bb42728e7b486b54ab1f11/0bc7aca6522e4a8991340db2cda9c3b1.png","ascent":8},{"type":"bitmap","chars":["亥"],"height":8,"file":"minecraft:font/d69e3ee3f3604bec92b4ed057e7f739d/56658c932c514b52a00715815481df2f.png","ascent":8},{"type":"bitmap","chars":["亦"],"height":8,"file":"minecraft:font/96ad85c3ef49413e89ee24fbeb0a8802/638e81e07f474ab5be5cc20007adf5f2.png","ascent":8},{"type":"bitmap","chars":["产"],"height":8,"file":"minecraft:font/696e719b42774da28a113c4dea4dd77d/72f55de381744bf699c0019444cfb6cf.png","ascent":8},{"type":"bitmap","chars":["亨"],"height":8,"file":"minecraft:font/1acefe5b1623435cb09a14872d7e9231/f154db974538487cac88cb9279eb182b.png","ascent":8},{"type":"bitmap","chars":["亩"],"height":8,"file":"minecraft:font/1b2c4a65d7214456966dab0a0504b76c/2e4b3238f19e49be870f703d1cfcc92a.png","ascent":8},{"type":"bitmap","chars":["亪"],"height":8,"file":"minecraft:font/b41b8ae2f13d4981bec6641899742709/465962d7a5a74a98833f86787d134afa.png","ascent":8},{"type":"bitmap","chars":["享"],"height":8,"file":"minecraft:font/544e9fc7cdb1489481afff83784ad8ea/05bfd5baba33487babf7d5b7f3b2b225.png","ascent":8},{"type":"bitmap","chars":["京"],"height":8,"file":"minecraft:font/b3189a0ab9c34317ab7bd86b9ba67405/4dfb68f91c95490f991b01edaaa19ba2.png","ascent":8},{"type":"bitmap","chars":["亭"],"height":8,"file":"minecraft:font/8159dfa7aceb40e2b571c4e2818256b6/ea30eb23c3e54e108e775c3b09d11f59.png","ascent":8},{"type":"bitmap","chars":["亮"],"height":8,"file":"minecraft:font/bed725873bce48b8a60741d05bddd571/e59fce81f31249bf85bb877bee3cb5ff.png","ascent":8},{"type":"bitmap","chars":["亯"],"height":8,"file":"minecraft:font/b15aa3091a554bb0b74ba6192c7f15eb/60c139cdde3d47e7878098755cc2abd6.png","ascent":8},{"type":"bitmap","chars":["亰"],"height":8,"file":"minecraft:font/b7920427e9eb4b30af03d5a667c06821/98846c450ed84e1882f8c1b48bd92769.png","ascent":8},{"type":"bitmap","chars":["亱"],"height":8,"file":"minecraft:font/8338aaa0251541c799dfa315f7302699/b96727594d244d288a2745e6855b0356.png","ascent":8},{"type":"bitmap","chars":["亲"],"height":8,"file":"minecraft:font/9a778bbea6c4452bbfcbfed4cf0f5a78/6614c60bcc7e41bb9905c7b3c2a070fd.png","ascent":8},{"type":"bitmap","chars":["亳"],"height":8,"file":"minecraft:font/396110dcc6964251bc00ebae3a4f431a/67c06d6c63a24742aa2c2f333911d632.png","ascent":8},{"type":"bitmap","chars":["亴"],"height":8,"file":"minecraft:font/02530c4077944169ad093083c99b9f3d/309b61cb17944a04b87fcc95474b285d.png","ascent":8},{"type":"bitmap","chars":["亵"],"height":8,"file":"minecraft:font/9d3a6080f7644051b1fc776f40bb1532/9dba32bb3d8240bab5ca9797d28836b6.png","ascent":8},{"type":"bitmap","chars":["亶"],"height":8,"file":"minecraft:font/8ca875fe2d9c4f7789e0e50750a2594a/5bd0737408054f6c874be774bdae40dc.png","ascent":8},{"type":"bitmap","chars":["亷"],"height":8,"file":"minecraft:font/a3c68b45844e41a98f8b8098e7aa2415/c617eba3a4e149d98fe72983bc8e999b.png","ascent":8},{"type":"bitmap","chars":["亸"],"height":8,"file":"minecraft:font/c37a3df836fa44e1b5b7ba378bc1ab06/a51bdcf3cd944a52ab25e4864faedefb.png","ascent":8},{"type":"bitmap","chars":["亹"],"height":8,"file":"minecraft:font/adc40ab90d7d49878ce985ca39ec3638/98348009cb354eabb474c16dd94471ce.png","ascent":8},{"type":"bitmap","chars":["人"],"height":8,"file":"minecraft:font/de54baa698b3467889b2e71c9604be03/957d83b93ebb4dbaabe4bf3aab215316.png","ascent":8},{"type":"bitmap","chars":["亻"],"height":8,"file":"minecraft:font/cfb190fc27ce4fd3b89c8e6665fb846d/d20975542abd453cb1aeaf5cc02bc025.png","ascent":8},{"type":"bitmap","chars":["亼"],"height":8,"file":"minecraft:font/daabcd9f3cc54753b6506161aa3fa1fd/4daf5ef7c15b445cbdee9d3ec3426c70.png","ascent":8},{"type":"bitmap","chars":["亽"],"height":8,"file":"minecraft:font/7fb888d4067a454d81a674b250b4c645/f4b02d9cc2ba41e5bc84a21a4cbc4a3e.png","ascent":8},{"type":"bitmap","chars":["亾"],"height":8,"file":"minecraft:font/cba71f4bbaf64714808494e7fe258525/fbe740f466d9459bb470f850b53a5bfb.png","ascent":8},{"type":"bitmap","chars":["亿"],"height":8,"file":"minecraft:font/e83d734e0f1b4b9e97664b35623b7eae/a6c8b4bd72984fc0ae32fff6b188c9af.png","ascent":8},{"type":"bitmap","chars":["什"],"height":8,"file":"minecraft:font/65c2368d48a548b0bdaa9db25e588281/43d3e58e33bd4772846a5ee231216d52.png","ascent":8},{"type":"bitmap","chars":["仁"],"height":8,"file":"minecraft:font/8ce62654c06b4ccc81c85ae9efea1306/8436ef2a2814405fb7d9e930f863526c.png","ascent":8},{"type":"bitmap","chars":["仂"],"height":8,"file":"minecraft:font/26fb604c08994016bfb4b6cc1141cce4/ef1f992869dd431895d0ba6038aea693.png","ascent":8},{"type":"bitmap","chars":["仃"],"height":8,"file":"minecraft:font/9e466ce9f16f44b796483df3621caa6f/831a6a8339c24ed2af6a2579200a1a0e.png","ascent":8},{"type":"bitmap","chars":["仄"],"height":8,"file":"minecraft:font/5123484cb13a4680a1aed8398bccca6e/3737d81a5e8748b1bf1c4c30f00f1416.png","ascent":8},{"type":"bitmap","chars":["仅"],"height":8,"file":"minecraft:font/91c8b3a7c4914c0bbb4bf60e622b3676/793237469a5e42ca9bada57142540c83.png","ascent":8},{"type":"bitmap","chars":["仆"],"height":8,"file":"minecraft:font/eab593240c6343579781dbc169000073/5a3ff1a45c5e427ebe72647ea86886f3.png","ascent":8},{"type":"bitmap","chars":["仇"],"height":8,"file":"minecraft:font/a75684364b854fd8a57ca9ed2bf9e92c/1ba85e9c75894e9088ca2e61b3760a4c.png","ascent":8},{"type":"bitmap","chars":["仈"],"height":8,"file":"minecraft:font/85fd2d89204c4546a6c31ab4f5cdda51/9bc10e660a3c4d3abc553040aae6b36c.png","ascent":8},{"type":"bitmap","chars":["仉"],"height":8,"file":"minecraft:font/94c30404cbf7407797252815f849c73e/0cd3b7ffdb3e48729f787aed4e6a15fe.png","ascent":8},{"type":"bitmap","chars":["今"],"height":8,"file":"minecraft:font/8447b4ab5dd14294a69c6e707401cfb5/54a1680292604877ae7d46c0f695f970.png","ascent":8},{"type":"bitmap","chars":["介"],"height":8,"file":"minecraft:font/c75ea7a8c43742ed80718a6e95d6b979/8932b84183414f99ba3cdc9543666bba.png","ascent":8},{"type":"bitmap","chars":["仌"],"height":8,"file":"minecraft:font/5a7f1156ed904f539b92acc2d3de8958/c027be3e4a484d388c7f6081e0989fd7.png","ascent":8},{"type":"bitmap","chars":["仍"],"height":8,"file":"minecraft:font/3c3db068bfa949f6950a89bf48a15177/c65a004b3d46425b99d26554591eb186.png","ascent":8},{"type":"bitmap","chars":["从"],"height":8,"file":"minecraft:font/fdddb96db834457ab093328c5af45239/83aca197f7614e0c8390a8d9087f0b2d.png","ascent":8},{"type":"bitmap","chars":["仏"],"height":8,"file":"minecraft:font/631c1055d54b4a6e902b19c95ef1fcc0/fa4d03738eec4dd8b9e45dac0f01afc8.png","ascent":8},{"type":"bitmap","chars":["仐"],"height":8,"file":"minecraft:font/d0266a4b7bf848d5abed06eebb9c650a/181cfbfa65df4749a62ab8cc09b45d01.png","ascent":8},{"type":"bitmap","chars":["仑"],"height":8,"file":"minecraft:font/07da2564f06341f78fcf01af2784b8b9/92d2d2e981c34ff4b85feaa10f376eea.png","ascent":8},{"type":"bitmap","chars":["仒"],"height":8,"file":"minecraft:font/3da5b6052ada466d9cc9b486d7cca002/c7db9658d51a4864b8d3fefd4e0064ec.png","ascent":8},{"type":"bitmap","chars":["仓"],"height":8,"file":"minecraft:font/dd61249520cb4204823ade783194f541/a70690841d69424d9c6a34aaae6218d8.png","ascent":8},{"type":"bitmap","chars":["仔"],"height":8,"file":"minecraft:font/939bdf35c6964c6ab6e84f96cd283fe8/152c34c8ea844661bd300dd18aee7dc8.png","ascent":8},{"type":"bitmap","chars":["仕"],"height":8,"file":"minecraft:font/5476db01510a44a98b1a83c4e08e70fe/0180b8c5e88844a1a575f7093bd6df02.png","ascent":8},{"type":"bitmap","chars":["他"],"height":8,"file":"minecraft:font/5cfd5c30382c463aa3555ed002749d46/944d627a5406472ea436a781fd2b2348.png","ascent":8},{"type":"bitmap","chars":["仗"],"height":8,"file":"minecraft:font/95dd1f20b1b54e3bbc8b2a1e342ca865/a5b8710f9d2d44fb8c56d8bf311e3368.png","ascent":8},{"type":"bitmap","chars":["付"],"height":8,"file":"minecraft:font/babd590ac3b341b5a031b02872344a07/ceb2932abe4e4d2ca24c31e82bd45eca.png","ascent":8},{"type":"bitmap","chars":["仙"],"height":8,"file":"minecraft:font/383241c332dd47afb07bf280dd8034a9/1f04c51b8877419c97f10efbecbe6a7e.png","ascent":8},{"type":"bitmap","chars":["仚"],"height":8,"file":"minecraft:font/48394bc74baf44d2958c9d203999c46a/e5fae2138e51412f8f27ca223019e575.png","ascent":8},{"type":"bitmap","chars":["仛"],"height":8,"file":"minecraft:font/7104b4e4cabe4929843480169c194e1c/21532c6243c84f03a5815c7800540ebe.png","ascent":8},{"type":"bitmap","chars":["仜"],"height":8,"file":"minecraft:font/8cffcdf50df940c0aa079415e804e916/fc35c33312b347da84462136f0699e00.png","ascent":8},{"type":"bitmap","chars":["仝"],"height":8,"file":"minecraft:font/d91dadcf5ad14d869ff01f5001acc1d2/83991b7bc5e945f6a4028ed01e5dedcd.png","ascent":8},{"type":"bitmap","chars":["仞"],"height":8,"file":"minecraft:font/65cf5851ba9241c4aa1acd228de8f6ba/f32ddc472bee47c6a06fb93e250ddbce.png","ascent":8},{"type":"bitmap","chars":["仟"],"height":8,"file":"minecraft:font/ab3ad8563643404aa92d2529b0c1eda4/169fa09c04b440939dcfaf19cfa06ffb.png","ascent":8},{"type":"bitmap","chars":["仠"],"height":8,"file":"minecraft:font/cd865ef21920464eaf531bd21a1afc3e/0207ab65d74a4fbc866e1c921558724c.png","ascent":8},{"type":"bitmap","chars":["仡"],"height":8,"file":"minecraft:font/8e0e1e0204fe403ea182d2e851515695/10ab8599dea14a008a5d2a90c31e33d7.png","ascent":8},{"type":"bitmap","chars":["仢"],"height":8,"file":"minecraft:font/1a9135f5f21d4e558ef36a582aa234e6/12db157c9eb34b138ff27ba4d963ed64.png","ascent":8},{"type":"bitmap","chars":["代"],"height":8,"file":"minecraft:font/1101932b914f4a17854efa1eee2a8027/29ab2797d6d846f09ec12be188c22a2f.png","ascent":8},{"type":"bitmap","chars":["令"],"height":8,"file":"minecraft:font/45d87b954b174b3b9c9d956292d5025f/8b006ca1b70947fd8e7645e2e2ba6a69.png","ascent":8},{"type":"bitmap","chars":["以"],"height":8,"file":"minecraft:font/09054351ebfc45cbb307896bc5fd662f/906478b9128d450792beeb8563952f07.png","ascent":8},{"type":"bitmap","chars":["仦"],"height":8,"file":"minecraft:font/a01129662afb43a6bfeea15b881fcd54/7cd5211fcc644bdca1058d93aa581eea.png","ascent":8},{"type":"bitmap","chars":["仧"],"height":8,"file":"minecraft:font/4ecfa8d65f754208ba3a8fd3588c2cc4/b21b71ad2c2448e09d3c3af57cb17ff8.png","ascent":8},{"type":"bitmap","chars":["仨"],"height":8,"file":"minecraft:font/cde15b76837548428073c1ce65bf4eb0/2a67d782fbbf463e9346007e207b80c2.png","ascent":8},{"type":"bitmap","chars":["仩"],"height":8,"file":"minecraft:font/533b32551dcc471ca52899eef0be7a0b/0576a3449d6649b99a6ca1ec2f672b3b.png","ascent":8},{"type":"bitmap","chars":["仪"],"height":8,"file":"minecraft:font/c8ddc55aee6f4928b56e19999a2c7949/cda68f5c0aed4eef9ff926d41f3e6572.png","ascent":8},{"type":"bitmap","chars":["仫"],"height":8,"file":"minecraft:font/2437dc5ff6524b95a6e329335d964b6b/1c325d1e76f943d68c696b8e48e027b6.png","ascent":8},{"type":"bitmap","chars":["们"],"height":8,"file":"minecraft:font/28daa375abb54dee82a23453e03bfb25/f094dbb3cf974e439d66365b3751bea5.png","ascent":8},{"type":"bitmap","chars":["仭"],"height":8,"file":"minecraft:font/b138343c9c61420b9ce5dccfc78decc9/e4d29d6d05ca4dd3b124b7020902288c.png","ascent":8},{"type":"bitmap","chars":["仮"],"height":8,"file":"minecraft:font/187e9084f12c4ceba4905c0f8c715564/84448e6ec8c5431c9955d65346c81dd5.png","ascent":8},{"type":"bitmap","chars":["仯"],"height":8,"file":"minecraft:font/9fa4a1f43caa46bc921eac52f2d1c093/fa7443e7418c4a00a1b2766ac31d5227.png","ascent":8},{"type":"bitmap","chars":["仰"],"height":8,"file":"minecraft:font/dcd34b9e79f7404d921a170469133add/7e234528f0694c14b9fd8f67e2a4539c.png","ascent":8},{"type":"bitmap","chars":["仱"],"height":8,"file":"minecraft:font/1d86fb8994d14e0580b7d88ffb3f9719/4d9b1f0f3cef405dbb064592ed62014d.png","ascent":8},{"type":"bitmap","chars":["仲"],"height":8,"file":"minecraft:font/f6a57a7afdf245d99ed4f8d2089986fd/e588b5c5c0504861a3decc27d3e6143f.png","ascent":8},{"type":"bitmap","chars":["临"],"height":8,"file":"minecraft:font/59eedd98042e4a41ac1848d2ab0c7257/7dce4039de8e4237aacd05381bf16fb8.png","ascent":8},{"type":"bitmap","chars":["丵"],"height":8,"file":"minecraft:font/03100c6ec5214019890197bff98bd0a1/bd69f1fe9aa94768bbe36052d8e53d39.png","ascent":8},{"type":"bitmap","chars":["丶"],"height":8,"file":"minecraft:font/abc0fc39b33b48c9830019ce69559d7b/2a01e4c39a094fbe9616d16d84b4d693.png","ascent":8},{"type":"bitmap","chars":["丷"],"height":8,"file":"minecraft:font/83dc33e7aa3840a28230362abe017da7/13d829ad5a5546e18390bdae1185a9aa.png","ascent":8},{"type":"bitmap","chars":["丸"],"height":8,"file":"minecraft:font/d2c72e44c5ff4947ac4c896a59cfeac6/668a64e5e77d4560b0f630f67c500e4d.png","ascent":8},{"type":"bitmap","chars":["丹"],"height":8,"file":"minecraft:font/aac77f1d260743b68ac91069c1cc2441/3b707a589fb241d7bedeab31f09fe7c4.png","ascent":8},{"type":"bitmap","chars":["为"],"height":8,"file":"minecraft:font/8714ac1312714ad3a2c8f46110130c1f/8b8bf098ed1f4f2cb274ba079aa76864.png","ascent":8},{"type":"bitmap","chars":["主"],"height":8,"file":"minecraft:font/4b75ebdd5b9e464aad8faa032d216393/0893a39c0bf04b3b87d377d05e2ac29f.png","ascent":8},{"type":"bitmap","chars":["丼"],"height":8,"file":"minecraft:font/4e78ca1f3d7e40a3b61c25c7f846462d/f400ac2a78a9481fb6c992797b5ef441.png","ascent":8},{"type":"bitmap","chars":["丽"],"height":8,"file":"minecraft:font/72d536517f38499ca941d0e34e5a5c23/a11f3534a33b44b8a6923e83a9db08e8.png","ascent":8},{"type":"bitmap","chars":["举"],"height":8,"file":"minecraft:font/0c4b37d7597c44f8baea58ae1b3cc43c/93925cda582a4de1974eae7621e4699f.png","ascent":8},{"type":"bitmap","chars":["丿"],"height":8,"file":"minecraft:font/3f5a4bbd2c044e07a0939be82f9f38d9/f5f8ab63a4b54f28a6ca10e33776a1e0.png","ascent":8},{"type":"bitmap","chars":["乀"],"height":8,"file":"minecraft:font/06e0073770f0495eba763bdf587ec1e4/1024f093932e497bbe023da0cdef14c7.png","ascent":8},{"type":"bitmap","chars":["乁"],"height":8,"file":"minecraft:font/2e55f071433f4fe1a5a50ed00a937520/dfdc6006804a4bc49ad7297d327ff953.png","ascent":8},{"type":"bitmap","chars":["乂"],"height":8,"file":"minecraft:font/a51c3abc19b744a8b272a9e1e9ac5575/0385bd2a5a1c40b3bda4737a878fa96a.png","ascent":8},{"type":"bitmap","chars":["乃"],"height":8,"file":"minecraft:font/ae34be23cfbe4107bada8178ccc67de9/217e403b6a2e43ae9bf6ed436abeda94.png","ascent":8},{"type":"bitmap","chars":["乄"],"height":8,"file":"minecraft:font/99b0c729ae57448aa8109842011c0ca1/dfaa4fd3e3d44ecc9d76290823fbee01.png","ascent":8},{"type":"bitmap","chars":["久"],"height":8,"file":"minecraft:font/bb40766b100f415596fefae47f99a3c0/1b5e28e469d1408688d921d6d9ed25f1.png","ascent":8},{"type":"bitmap","chars":["乆"],"height":8,"file":"minecraft:font/9a0285887cce4d61be31c615fe72dc41/4b9afa545e424a608638f1dc8357ac72.png","ascent":8},{"type":"bitmap","chars":["乇"],"height":8,"file":"minecraft:font/6753c2d8e4c64edbaabfa625569a0ef8/bcf8deaa8cad4c7c964fe30de3b98139.png","ascent":8},{"type":"bitmap","chars":["么"],"height":8,"file":"minecraft:font/72e67011ae074108bc408d082f7b512a/aedd629a0ec54b169ef1501cbcc04336.png","ascent":8},{"type":"bitmap","chars":["义"],"height":8,"file":"minecraft:font/91bd0b7b29e243f1adace2def3584d59/2ad154fc89354782a518732e6c54c5d0.png","ascent":8},{"type":"bitmap","chars":["乊"],"height":8,"file":"minecraft:font/785cd24654c2421e8d21733bb4c5096a/4dac3e5c2c10409294274ce887b3b13f.png","ascent":8},{"type":"bitmap","chars":["之"],"height":8,"file":"minecraft:font/07b3272c9959463a9ff56c9b28a7a8d0/1cf77921047c495ea81322aaec24232c.png","ascent":8},{"type":"bitmap","chars":["乌"],"height":8,"file":"minecraft:font/159e2ff4117147ecaa8dde7c0bb8d189/9c49fa727f6f46a0ae6ecae8b642fc41.png","ascent":8},{"type":"bitmap","chars":["乍"],"height":8,"file":"minecraft:font/24cdf8ba158d4db8bbb16ffacd5cb948/762b96e058724bd4918e2d04fb361678.png","ascent":8},{"type":"bitmap","chars":["乎"],"height":8,"file":"minecraft:font/979c4956bb20469bbb17934c2c0fe17c/03d73315dc6848d8a8c89f56337f588d.png","ascent":8},{"type":"bitmap","chars":["乏"],"height":8,"file":"minecraft:font/61edd0d7dddd4a70908960399b48e897/9e9638f70f934cc6818d6e9570a30830.png","ascent":8},{"type":"bitmap","chars":["乐"],"height":8,"file":"minecraft:font/9ede6252d9994f27b539b6e5b1d569db/2c3349046ca64fc9b4bc1211fafbd3b7.png","ascent":8},{"type":"bitmap","chars":["乑"],"height":8,"file":"minecraft:font/2063780419ea465281d4a0a0b9e9aea7/509f3da8c7cf4450b507cd7238414527.png","ascent":8},{"type":"bitmap","chars":["乒"],"height":8,"file":"minecraft:font/fc6b6b7cd70f49f3a05b7dd84dc2dd36/34e5b7ed10eb4649bd336f4950c561d9.png","ascent":8},{"type":"bitmap","chars":["乓"],"height":8,"file":"minecraft:font/a5df69ebf31e41a5ad7509a56374e45d/83d91a15859345d7b681ad854a2b39d9.png","ascent":8},{"type":"bitmap","chars":["乔"],"height":8,"file":"minecraft:font/c8599f946631467eb0c9ff9d89350559/6fec5fb169744716bcae6f5be9c4ee03.png","ascent":8},{"type":"bitmap","chars":["乕"],"height":8,"file":"minecraft:font/18351a8b13734688a62a5106d6db42ce/f2cc4bf9eab94c258c41dbab79f5f606.png","ascent":8},{"type":"bitmap","chars":["乖"],"height":8,"file":"minecraft:font/383e8b98ab41437588348150a117fee7/fed7d771e69248e28cdfbeb44320321d.png","ascent":8},{"type":"bitmap","chars":["乗"],"height":8,"file":"minecraft:font/f4ec1584dc26421298f784920c9deb76/f72a7c785c2d4acfa6345f940028c627.png","ascent":8},{"type":"bitmap","chars":["乘"],"height":8,"file":"minecraft:font/eece542fbd6541cba18b6da53fa3371c/be6249e6a20d444eab491b869d10ceaf.png","ascent":8},{"type":"bitmap","chars":["乙"],"height":8,"file":"minecraft:font/a83558ba178646d69c0cc096f632defe/14886928550c429993088f6fbfa92654.png","ascent":8},{"type":"bitmap","chars":["乚"],"height":8,"file":"minecraft:font/d857ff05b90d4c8294af4caa1ca95297/489bd0a70bcd49c9b0ac856ebebb4951.png","ascent":8},{"type":"bitmap","chars":["乛"],"height":8,"file":"minecraft:font/8802d897869c4888af1897c718c0f444/960ce5d02d4f4592a785d6fc59946ae9.png","ascent":8},{"type":"bitmap","chars":["乜"],"height":8,"file":"minecraft:font/4f3b93ff31874261944aa67287051fa0/93a889037367494ba5ee4143ad6d5d9e.png","ascent":8},{"type":"bitmap","chars":["九"],"height":8,"file":"minecraft:font/c4e71ae9dceb4809a88d888ff2780e43/47ad7e3ce8dc4837bd67c0316c7bfdfe.png","ascent":8},{"type":"bitmap","chars":["乞"],"height":8,"file":"minecraft:font/7eaf9130fd6c4cfbac59b382896d89aa/d8480569a77240089b0e61578f25abc3.png","ascent":8},{"type":"bitmap","chars":["也"],"height":8,"file":"minecraft:font/d020654e537446c0acd38fe9ea2da449/062e5b2ab8c748829a7ec877aa363876.png","ascent":8},{"type":"bitmap","chars":["习"],"height":8,"file":"minecraft:font/b12cfec10da0441185f9d37cf2f14bd1/abcfe1d7332141ad8b5ef52fed5a3611.png","ascent":8},{"type":"bitmap","chars":["乡"],"height":8,"file":"minecraft:font/5b5b7ecef6a449368de68608e556cec7/de49bc77f29542bbb5503ac7eb74bea7.png","ascent":8},{"type":"bitmap","chars":["乢"],"height":8,"file":"minecraft:font/e690251f1d8243f7ab7c5d5399415788/f8381842a9b44e44958d55342e914391.png","ascent":8},{"type":"bitmap","chars":["乣"],"height":8,"file":"minecraft:font/318ba297d9b449d59154eb0a01ed1ea3/2ca020a51fdb4730905cd42137c22d96.png","ascent":8},{"type":"bitmap","chars":["乤"],"height":8,"file":"minecraft:font/b7c0c1ca4a6f42d5a49f25670d1e5452/e7d79345079f4ef5915f2fa97054152b.png","ascent":8},{"type":"bitmap","chars":["乥"],"height":8,"file":"minecraft:font/59bd4e2bdfc4421e9af579ac33d1639e/2adea6113271408ab9b62c8c31365115.png","ascent":8},{"type":"bitmap","chars":["书"],"height":8,"file":"minecraft:font/04568452136f47dd8b071906184b7f85/5e831a8dad674efca83d62c815296a9f.png","ascent":8},{"type":"bitmap","chars":["乧"],"height":8,"file":"minecraft:font/f5546ff94bab45ff8f187c1b854a8ac4/019a92964b46411bbdaef764a9850e6f.png","ascent":8},{"type":"bitmap","chars":["乨"],"height":8,"file":"minecraft:font/47bda9f2928b4546a46f7d880139a4a5/045da6b1ce3048f982842b626ccbf12d.png","ascent":8},{"type":"bitmap","chars":["乩"],"height":8,"file":"minecraft:font/1e18469616864c3e858f9a17737d7a6b/4a3b158553b34280b3f034e582b81e26.png","ascent":8},{"type":"bitmap","chars":["乪"],"height":8,"file":"minecraft:font/8e19619e33584e73a0e08255ad64cb33/39e5ab18ee754f71adc07945207aefef.png","ascent":8},{"type":"bitmap","chars":["乫"],"height":8,"file":"minecraft:font/81f8a290fb314bfd98fa4370225be45c/1ed26388f7284f43b39113ba6bad96ee.png","ascent":8},{"type":"bitmap","chars":["乬"],"height":8,"file":"minecraft:font/a0648a46061049b98541860e9d7a7d7b/d9f41b8ffb5d464ea7e581699ebec662.png","ascent":8},{"type":"bitmap","chars":["乭"],"height":8,"file":"minecraft:font/1fc05576482d4b6e8d8bb8fcc5323b56/a28eb9bb672d47f492c8a5e3194d107f.png","ascent":8},{"type":"bitmap","chars":["乮"],"height":8,"file":"minecraft:font/4a19896ab3d34b96b56c15949d57a0d7/938f4a5ff5e447f0a8109ce1192c7153.png","ascent":8},{"type":"bitmap","chars":["乯"],"height":8,"file":"minecraft:font/83f9424a01ed487fb4b811f27ba69ed3/8e80650c97c74f79baa975d211ae96a4.png","ascent":8},{"type":"bitmap","chars":["买"],"height":8,"file":"minecraft:font/289d6a3cc96c42879dbfcba405bce521/9f1098b4f87e4b37aff3e2abcef36627.png","ascent":8},{"type":"bitmap","chars":["乱"],"height":8,"file":"minecraft:font/dde214ca07bd433e964686b072789658/3db9aa9a4d134e5ab3e5140150225d8f.png","ascent":8},{"type":"bitmap","chars":["乲"],"height":8,"file":"minecraft:font/c4ce5dc0637f4e71b339d6210591ed81/7d23a22c873e48278b2bb7f470de6d5d.png","ascent":8},{"type":"bitmap","chars":["乳"],"height":8,"file":"minecraft:font/fc415df0ebec413caf07e268924a22d1/cbcc516ce8284d23834dc7825acac724.png","ascent":8},{"type":"bitmap","chars":["乴"],"height":8,"file":"minecraft:font/f54419e92ee849ff93837785690e3229/08edd9f7708b49a29b72068326cc9690.png","ascent":8},{"type":"bitmap","chars":["乵"],"height":8,"file":"minecraft:font/0a04fd353f4a4faeb3e9619ccc366c71/27944653f9514b2ab361226d1fc01406.png","ascent":8},{"type":"bitmap","chars":["乶"],"height":8,"file":"minecraft:font/fc71d4b3656f464faf469b27b69c8fd4/4767c5bd3ef34e0aa6e1d592cd0f73b2.png","ascent":8},{"type":"bitmap","chars":["乷"],"height":8,"file":"minecraft:font/1987e8e4385c45489d99fad2120cd17a/b6df76dbeb1349e99172eda88eb33eac.png","ascent":8},{"type":"bitmap","chars":["乸"],"height":8,"file":"minecraft:font/7ee25bf8abfc4c68ba32c58d347491ed/d5b1b271fd094325ad88f5250613a614.png","ascent":8},{"type":"bitmap","chars":["乹"],"height":8,"file":"minecraft:font/3549b75c75174d89bd10bb3bb77e465b/990a93c707b84629927d07f4e6f65274.png","ascent":8},{"type":"bitmap","chars":["乺"],"height":8,"file":"minecraft:font/4e6946eb311844fb9cf4bd2e133d11ab/1b6e83aa47dc4c4e8e1f0297c3e423ee.png","ascent":8},{"type":"bitmap","chars":["乻"],"height":8,"file":"minecraft:font/c4f5ad0c46f948e08f9a1a0083eef4b3/6d9f1f967f47489d911a5143c31561dd.png","ascent":8},{"type":"bitmap","chars":["乼"],"height":8,"file":"minecraft:font/ad5fcb7bdee34237a82809ae5e4b7a61/84ac598fbad3461ab85bf6d37b399402.png","ascent":8},{"type":"bitmap","chars":["乽"],"height":8,"file":"minecraft:font/c04b5e03163c425aa4f2e054dc271c30/83011c1fd4334cb89544bf69fe7ce5a5.png","ascent":8},{"type":"bitmap","chars":["乾"],"height":8,"file":"minecraft:font/fd1a1521599347dcb0479c92af2d54df/a9da726fb2d84a4da3dd154df5e0d7f1.png","ascent":8},{"type":"bitmap","chars":["乿"],"height":8,"file":"minecraft:font/37e4c62bfe274fa49ffbd746ed84d047/8a8275aceb3749aab0ab092442dfd01c.png","ascent":8},{"type":"bitmap","chars":["亀"],"height":8,"file":"minecraft:font/c4566ed4d5654b8ab253c189b230b604/eaa7aaeb7044410a90e5173fd931e190.png","ascent":8},{"type":"bitmap","chars":["亁"],"height":8,"file":"minecraft:font/632b6a24031243c3a5161b5dba2c79c2/081521fac04a46b7ab50c6fecc6e7918.png","ascent":8},{"type":"bitmap","chars":["亂"],"height":8,"file":"minecraft:font/bd0a107f5e1f4a73870d56da0bbf2b92/be766ff296d04e25b299953331530a88.png","ascent":8},{"type":"bitmap","chars":["亃"],"height":8,"file":"minecraft:font/5ef4e4226fc8423d97ff2cf33138837d/f012e84ac57e462c9094f445fc4538f6.png","ascent":8},{"type":"bitmap","chars":["亄"],"height":8,"file":"minecraft:font/3953afc232d34cd2b60811545f1e7f59/9acab548e6794413b2c66782390aa3b5.png","ascent":8},{"type":"bitmap","chars":["亅"],"height":8,"file":"minecraft:font/f5b8c67a5c3141c4a7bf89a897627039/5ded63e8274b4895aec880918e42aa65.png","ascent":8},{"type":"bitmap","chars":["了"],"height":8,"file":"minecraft:font/8906359a1fbe44d5a3faf45ea12e911e/aaca460267064e31928860743b8d9eb8.png","ascent":8},{"type":"bitmap","chars":["亇"],"height":8,"file":"minecraft:font/80e174e091df4ec6a347335fe4ca06bb/4cf32aa97a72493ca0ee769e7e1c5984.png","ascent":8},{"type":"bitmap","chars":["予"],"height":8,"file":"minecraft:font/e571a4d61d554a22b80ff36a1f1c5175/186797bc269345d99caf0f50494ab833.png","ascent":8},{"type":"bitmap","chars":["争"],"height":8,"file":"minecraft:font/89e18ba241d24aaf815418220b502c54/50a2199ffab14bde92806003900d266e.png","ascent":8},{"type":"bitmap","chars":["亊"],"height":8,"file":"minecraft:font/f1c95ca31013492d83cfc00a58e14930/8a6e8156857445299851d122a2ee1b37.png","ascent":8},{"type":"bitmap","chars":["事"],"height":8,"file":"minecraft:font/2b62cef416304b2f9210abe81a0aa264/cec05a4159ed45f2b4ec7ef5c7325001.png","ascent":8},{"type":"bitmap","chars":["二"],"height":8,"file":"minecraft:font/4355599ae5af41f0bf1ef95fa9c6b9ca/1b3de5d35ce54e039cbc4d87eed55254.png","ascent":8},{"type":"bitmap","chars":["亍"],"height":8,"file":"minecraft:font/61e61d1bef5643ed8e03f03441af4829/47b50ee5801c4f169646956e250bd47e.png","ascent":8},{"type":"bitmap","chars":["于"],"height":8,"file":"minecraft:font/582a0af839754d13ad200290a38c6b43/69fcb87ed0fc4eb48c11ffb5a33b98be.png","ascent":8},{"type":"bitmap","chars":["亏"],"height":8,"file":"minecraft:font/664f4134e28c4d6c9dbc1ab7e63dd4c3/6d2b219efffc48348a7cf9529f60cf17.png","ascent":8},{"type":"bitmap","chars":["亐"],"height":8,"file":"minecraft:font/83b3d2a73da44c60bdab7be7eb2b3952/b95ffbd750e445a0868c15d8460a6735.png","ascent":8},{"type":"bitmap","chars":["云"],"height":8,"file":"minecraft:font/06a6de487c7e46989eac442a945d7e15/03b8a00b0b8749439329dfcf57a5f0f6.png","ascent":8},{"type":"bitmap","chars":["互"],"height":8,"file":"minecraft:font/98dbb690430049f6b146a4887f96f7fe/79398db382494dd09a69de671f188333.png","ascent":8},{"type":"bitmap","chars":["亓"],"height":8,"file":"minecraft:font/69c035a4b33546fc85b908f360a45b6d/08d2c33180474f76aaa8455f0316ad9b.png","ascent":8},{"type":"bitmap","chars":["五"],"height":8,"file":"minecraft:font/e493339d20ed43969df406c0a5e13c64/62bf0c3ef8944ac48b1aaa744604e06a.png","ascent":8},{"type":"bitmap","chars":["井"],"height":8,"file":"minecraft:font/54e15a5d15564e758e6e662f7c22963a/b740ce5c8d3c4566828e5c8a3b5e0e8d.png","ascent":8},{"type":"bitmap","chars":["亖"],"height":8,"file":"minecraft:font/d60e0f7beec541eba1ed6056448f6ccd/dd261960fe814148af4f59a02d31dbd8.png","ascent":8},{"type":"bitmap","chars":["亗"],"height":8,"file":"minecraft:font/a5e24f812ee34dff929232da17a96885/23901b06cebe4e61a92d47322f213de4.png","ascent":8},{"type":"bitmap","chars":["亘"],"height":8,"file":"minecraft:font/8b741623851644519215409c8e1fc03d/91b0c5258aac41128a7a1fa997729665.png","ascent":8},{"type":"bitmap","chars":["亙"],"height":8,"file":"minecraft:font/f064fb94b13f4e7e93fb68a3ca3347ef/3487e7253b9b4219896eaaa00a2101fb.png","ascent":8},{"type":"bitmap","chars":["亚"],"height":8,"file":"minecraft:font/f5755e8758b94fa4842a655d802a28e9/af54bfdd4c11499b84834845eb8014a2.png","ascent":8},{"type":"bitmap","chars":["些"],"height":8,"file":"minecraft:font/64db5317c0cd4c72b75be53fe30b3546/da37563a84554ef986abe6c47c2c796e.png","ascent":8},{"type":"bitmap","chars":["亜"],"height":8,"file":"minecraft:font/8d2de4093cc6420c94907efe595e91d3/5a9012c50c2540ba8e33c666641b8913.png","ascent":8},{"type":"bitmap","chars":["亝"],"height":8,"file":"minecraft:font/7f08a1972fb24da280fbde520c96aeca/908516d4121043faa5e37c4e37b19666.png","ascent":8},{"type":"bitmap","chars":["亞"],"height":8,"file":"minecraft:font/f03779a3ae1d4192a6ccf17896225814/34e83bcd2a7a4bea8ca0eb64331c824a.png","ascent":8},{"type":"bitmap","chars":["亟"],"height":8,"file":"minecraft:font/5f3bdac3a3aa459595c4cd16d5db7d63/0e16fbc6f5d04eef9a4cf3252e4b722c.png","ascent":8},{"type":"bitmap","chars":["亠"],"height":8,"file":"minecraft:font/9ad929a85ecf4254abaf990ecf908e21/3ceb33e823d346d2a80b74933caa08ac.png","ascent":8},{"type":"bitmap","chars":["亡"],"height":8,"file":"minecraft:font/7b5cf678cc074b1298d74161be730758/e88c133ca7ff4b9db0a074470a7fd935.png","ascent":8},{"type":"bitmap","chars":["亢"],"height":8,"file":"minecraft:font/c6d72a8d98764a1d987b6e1ecabe38eb/d9886ead665d4476957742a664bc2e47.png","ascent":8},{"type":"bitmap","chars":["亣"],"height":8,"file":"minecraft:font/0dc74cb223a740d384141896bc75b23a/46445e12685c4fe09a2b882270f15e29.png","ascent":8},{"type":"bitmap","chars":["交"],"height":8,"file":"minecraft:font/d7a094a9a50a4e2ab6306517b24eba12/ec392019a74e4df794280127bb69e04b.png","ascent":8},{"type":"bitmap","chars":["亥"],"height":8,"file":"minecraft:font/e7ff2a1a17f34edaad0d830c1258b422/548df08939e046bb862f841abb1fe109.png","ascent":8},{"type":"bitmap","chars":["亦"],"height":8,"file":"minecraft:font/fff612b6c14a4b6b9a3b945fc94b7faa/47a4353a6aea4f2f98e9a6308b3c3212.png","ascent":8},{"type":"bitmap","chars":["产"],"height":8,"file":"minecraft:font/29284b6364ce4572a2a81150123501b5/12ae6c48789d46139b6f4e238f452c82.png","ascent":8},{"type":"bitmap","chars":["亨"],"height":8,"file":"minecraft:font/8e6b7ca81c8f44ce948d99f058dbdf5d/3be28de28b5d4754a7fe978e0bd0aa54.png","ascent":8},{"type":"bitmap","chars":["亩"],"height":8,"file":"minecraft:font/06138fa41ea747b68f1e66f21402817a/f70ac98b4e0f4149a059d22e606201c6.png","ascent":8},{"type":"bitmap","chars":["亪"],"height":8,"file":"minecraft:font/d6876fdd437c44ecbfd636079243b821/756fa805a6e2404c81c8632717479002.png","ascent":8},{"type":"bitmap","chars":["享"],"height":8,"file":"minecraft:font/212b2faffdaf466b9eaf0db4248e4987/cca4422a2a6b4947b1967f27180728d8.png","ascent":8},{"type":"bitmap","chars":["京"],"height":8,"file":"minecraft:font/a0c3f934af474efd93bbdd7b8c020f35/daef7063b94241c8a9a7096c07fff783.png","ascent":8},{"type":"bitmap","chars":["亭"],"height":8,"file":"minecraft:font/76c7b987d7ed485aad9e9945bf1816f7/3178ecac4af64d4bb36c76671afcb560.png","ascent":8},{"type":"bitmap","chars":["亮"],"height":8,"file":"minecraft:font/92948ad3e6e7468eb6d22821c2a429e9/f43d183ccaa04932bc761ea660770bb8.png","ascent":8},{"type":"bitmap","chars":["亯"],"height":8,"file":"minecraft:font/04d2216640c84ff983f3fa6b866a6df7/34689a69b32d429ebd3a4721cbf6d888.png","ascent":8},{"type":"bitmap","chars":["亰"],"height":8,"file":"minecraft:font/f07b7d8924ca435f89dc02a463c3ad2e/4f5c9c1090f141afa75cc4c69e058c98.png","ascent":8},{"type":"bitmap","chars":["亱"],"height":8,"file":"minecraft:font/eb4fed10ba9a44068050670a623e76d6/d560c7551ec04fe39b502aa5e01954aa.png","ascent":8},{"type":"bitmap","chars":["亲"],"height":8,"file":"minecraft:font/40c50d077e7c48ba8a80fc08921a830a/d915e711ea254e898bd1935bdf729b27.png","ascent":8},{"type":"bitmap","chars":["亳"],"height":8,"file":"minecraft:font/37e38da84f4c41b2be630808d775bc7d/260a198b9d5d497d99ca6cd218d7df53.png","ascent":8},{"type":"bitmap","chars":["亴"],"height":8,"file":"minecraft:font/7580a893ffb84f2083e22ed0e703c10d/540bdf1e7ee24647938f60d5dbd5ed9a.png","ascent":8},{"type":"bitmap","chars":["亵"],"height":8,"file":"minecraft:font/277a75978da241c986c6bbbcd24e7238/a7a46800353741a8800fa1c060b51e3c.png","ascent":8},{"type":"bitmap","chars":["亶"],"height":8,"file":"minecraft:font/3dc3d5a47f3849d481ddedb0f2f3053f/3631dc069eb5418083259d3fb8e76477.png","ascent":8},{"type":"bitmap","chars":["亷"],"height":8,"file":"minecraft:font/9b8015e44afc45a3b8fd8be18812d1a2/1a868d3cc5814930a2d153464630fba9.png","ascent":8},{"type":"bitmap","chars":["亸"],"height":8,"file":"minecraft:font/22c6c83e4998465b9ead5ca013067c49/bed1dbf1046d4689aa2c362cc725e022.png","ascent":8},{"type":"bitmap","chars":["亹"],"height":8,"file":"minecraft:font/160580760d1c4483b184013338e6a468/29ac00e048394655a4d73425769b6866.png","ascent":8},{"type":"bitmap","chars":["人"],"height":8,"file":"minecraft:font/0494fc8263b1457b9e565623d6577370/14df45f6d71846588193eab567c58b44.png","ascent":8},{"type":"bitmap","chars":["亻"],"height":8,"file":"minecraft:font/3bb9d69d2421401180454184743e7778/dd9bf9dd33144acd8ef5783ca74c8e3c.png","ascent":8},{"type":"bitmap","chars":["亼"],"height":8,"file":"minecraft:font/ec198dfb0afd4ed4b806be5467db6508/12a5c0e855aa4d8b87a68f45b38453d9.png","ascent":8},{"type":"bitmap","chars":["亽"],"height":8,"file":"minecraft:font/9da4dc7ec13d44ef88919222beaa3d3c/5fe025ea7a83444ab413a7e242f74e96.png","ascent":8},{"type":"bitmap","chars":["亾"],"height":8,"file":"minecraft:font/fb11012983464481998b0618e452f4b9/f46d1dd8646f4e6fa7f461868ab7afb3.png","ascent":8},{"type":"bitmap","chars":["亿"],"height":8,"file":"minecraft:font/215e5bc1567a45f8bfc86fa9e0177799/025859dfd58f4c19bcab45a2b800af5e.png","ascent":8},{"type":"bitmap","chars":["什"],"height":8,"file":"minecraft:font/441c10e7ec11483386e0718a14423928/dc47a3b737ff44db94b2ee1c27c0d333.png","ascent":8},{"type":"bitmap","chars":["仁"],"height":8,"file":"minecraft:font/5153f9e0006a4c498412f4e80f006f78/ae804ea07e174bdc8021aa8f3ae97f11.png","ascent":8},{"type":"bitmap","chars":["仂"],"height":8,"file":"minecraft:font/a42758bb0ece403a8e73c0a61c4fe43d/67e36395a3e548e986364626d81e3e71.png","ascent":8},{"type":"bitmap","chars":["仃"],"height":8,"file":"minecraft:font/1dad6e2d37b84c57bbb9375edf311f18/6707cfa7a0b645dc9e002ef74252b0b7.png","ascent":8},{"type":"bitmap","chars":["仄"],"height":8,"file":"minecraft:font/df08154d713248b1b5d2ad75a3e1befd/95e0c63138fc493e9a659b96bd9f8cf8.png","ascent":8},{"type":"bitmap","chars":["仅"],"height":8,"file":"minecraft:font/49695766925b4165924e4c99b1adf3e8/ee14d74aac50471c82f3f5133268b290.png","ascent":8},{"type":"bitmap","chars":["仆"],"height":8,"file":"minecraft:font/916d061557c3407ba947f429efe57fd9/9b2282ec604349f7b344896ce145116e.png","ascent":8},{"type":"bitmap","chars":["仇"],"height":8,"file":"minecraft:font/434e7e40f5624915a9ce4460d79b2dae/f87d21a48dc543cd8549de77b4acf78d.png","ascent":8},{"type":"bitmap","chars":["仈"],"height":8,"file":"minecraft:font/63240b6f06bd4632b443523aeaca4f8a/eac4fb9b74484727b13c8f439fb33ae7.png","ascent":8},{"type":"bitmap","chars":["仉"],"height":8,"file":"minecraft:font/0183b0fc1e1f4d32a11c1795960d664e/b2418c237f20448c9abf9f3d8876730f.png","ascent":8},{"type":"bitmap","chars":["今"],"height":8,"file":"minecraft:font/095725dd9c0544a099dcb89831a70438/e19d8fc66f264d55913874121e32a20d.png","ascent":8},{"type":"bitmap","chars":["介"],"height":8,"file":"minecraft:font/d0d52c5f96e1470fb5f0280b03b9c957/54a613f1429a49ffb7fb5cf99a0f5d0e.png","ascent":8},{"type":"bitmap","chars":["仌"],"height":8,"file":"minecraft:font/07bab595c8ac43d6b07dcb93b6f62d15/5dcb34d29afa4a1aba645da083e70f2c.png","ascent":8},{"type":"bitmap","chars":["仍"],"height":8,"file":"minecraft:font/f30da87622a743d69ffd6e66bc4351a9/d80b05e82ea94a84a65a31bc1a3742d6.png","ascent":8},{"type":"bitmap","chars":["从"],"height":8,"file":"minecraft:font/14f5bed945e14a608006a73daa7f4d2a/cb8828eb70434452a7df20ca9ec4e81e.png","ascent":8},{"type":"bitmap","chars":["仏"],"height":8,"file":"minecraft:font/d4ff55bc7d7b4cd98fbfccd3ae37771d/a5cb694124144d0b80d5651b0dfaf076.png","ascent":8},{"type":"bitmap","chars":["仐"],"height":8,"file":"minecraft:font/5dfe0821de1d47f9aaf767e34825f740/ed315e05c1fa45de8f91448caeb9e6eb.png","ascent":8},{"type":"bitmap","chars":["仑"],"height":8,"file":"minecraft:font/2d4b470eb1704d3e8d476bdfe79ee878/5f0df989d0d8458a92b0448a5090b376.png","ascent":8},{"type":"bitmap","chars":["仒"],"height":8,"file":"minecraft:font/fceb81f0b8274340bbf6d8a0dcb5f2a3/baa7465fd3de402b8317f3cd9678881c.png","ascent":8},{"type":"bitmap","chars":["仓"],"height":8,"file":"minecraft:font/158e93c4e2d04f93a16032f161f509de/bfd9a6ebbc9d40babc811a90857d8a05.png","ascent":8},{"type":"bitmap","chars":["仔"],"height":8,"file":"minecraft:font/cecf008f81794611b956c45edcea81aa/d7dc2f7c4fe343f8807b210701039853.png","ascent":8},{"type":"bitmap","chars":["仕"],"height":8,"file":"minecraft:font/156fa79435f64f13a2f69836cf7621c3/aae405f555aa49268f8580f077c59b05.png","ascent":8},{"type":"bitmap","chars":["他"],"height":8,"file":"minecraft:font/9e045169744a4d2fa6dc8d3bf39d37b6/534270cc5b284e5cbf60770098512132.png","ascent":8},{"type":"bitmap","chars":["仗"],"height":8,"file":"minecraft:font/c89b771642774575ac1d6f0e8a5f45f4/190a8df794c540da8e2c60d6a334c5d0.png","ascent":8},{"type":"bitmap","chars":["付"],"height":8,"file":"minecraft:font/380c95f3a97541b4b90cc6dcd419819f/80c7aebc756a4501b893228a5d899e2d.png","ascent":8},{"type":"bitmap","chars":["仙"],"height":8,"file":"minecraft:font/90a825e5421642d887144438a7e5e61f/32676409483e42d9a488c44bd3b627ae.png","ascent":8},{"type":"bitmap","chars":["仚"],"height":8,"file":"minecraft:font/d0a8bea90a23436ea004847a50082dc6/781f43585e3742d8a21f41b8cccb43ec.png","ascent":8},{"type":"bitmap","chars":["仛"],"height":8,"file":"minecraft:font/8e8eb1be42ef48329c85b4464b7ec9a0/671bad5360974f2baedabdb7dfecc475.png","ascent":8},{"type":"bitmap","chars":["仜"],"height":8,"file":"minecraft:font/28ad8aa86f994fb9bc6bf98def70c319/c2baed18cce84a6a96a0e268c36397d0.png","ascent":8},{"type":"bitmap","chars":["仝"],"height":8,"file":"minecraft:font/3e5fefb7efbd44a28725e88300ac64a2/0258084aac344dbbb6fdba128376f109.png","ascent":8},{"type":"bitmap","chars":["仞"],"height":8,"file":"minecraft:font/69968112d927495b8ed040dcdd875242/b5275d79ec804939af30b365659c737c.png","ascent":8},{"type":"bitmap","chars":["仟"],"height":8,"file":"minecraft:font/ac3c0b1f395f44e5bc58d6dada2d7bcf/3546ebd86b134ec59bd1e53b2fcd13a3.png","ascent":8},{"type":"bitmap","chars":["仠"],"height":8,"file":"minecraft:font/383790ed9da54d169afd3a29b1315360/64d79239637541e4a122eb2a5b113b5f.png","ascent":8},{"type":"bitmap","chars":["仡"],"height":8,"file":"minecraft:font/6ed55cd9b80e404b92be8d6f71baf48f/b66dd515db53447996601ccf4173a118.png","ascent":8},{"type":"bitmap","chars":["仢"],"height":8,"file":"minecraft:font/935e7cbfb9c543c09a5b391509fb0315/09f2bf894eaf407e945e5697fa5aad44.png","ascent":8},{"type":"bitmap","chars":["代"],"height":8,"file":"minecraft:font/96f6a43cc91c4df1a1d8185c80a9abe3/1901c2d57f884154b0569d231e96c651.png","ascent":8},{"type":"bitmap","chars":["令"],"height":8,"file":"minecraft:font/29f1b442bd61408bb352c5f33a5bad82/aed0106e63cc4286aeb7ca730320b8fc.png","ascent":8},{"type":"bitmap","chars":["以"],"height":8,"file":"minecraft:font/e39d42f437f4409fac9ca196202ca691/94bd3f4a8d614d60850996e607adcd90.png","ascent":8},{"type":"bitmap","chars":["仦"],"height":8,"file":"minecraft:font/e96ee1fc689e4b7f819c60b0bb32aabb/f34b118344424bf6bc425466971deee5.png","ascent":8},{"type":"bitmap","chars":["仧"],"height":8,"file":"minecraft:font/880b043294cb4c22a0279d99c0df685f/bc84713f462146e0943fdb75884d5b2e.png","ascent":8},{"type":"bitmap","chars":["仨"],"height":8,"file":"minecraft:font/769e11474b0a434f84d5be69a8941f47/942450c37f734faea8ff49726f86a17b.png","ascent":8},{"type":"bitmap","chars":["仩"],"height":8,"file":"minecraft:font/024888c8038342a7afbea64f4755f241/b940a9f6bb0c46b3886301d3763b708c.png","ascent":8},{"type":"bitmap","chars":["仪"],"height":8,"file":"minecraft:font/dd744c64f70442008dc16dcffd97b178/074f91e1f4af4f60bf1779a356a2d242.png","ascent":8},{"type":"bitmap","chars":["仫"],"height":8,"file":"minecraft:font/f082bdfd85d34e0e9d9b2bdfcb9d9761/dc3d3170531f4bfeab60c5cb53c37a55.png","ascent":8},{"type":"bitmap","chars":["们"],"height":8,"file":"minecraft:font/f7d6d2df52ea41a2ae7134082f90cd40/5d03d8d740c44819b9d95b8f04574c41.png","ascent":8},{"type":"bitmap","chars":["仭"],"height":8,"file":"minecraft:font/f310e429268b413abad7a1f59eb1327f/05135220ddd64c12b90c858e3d0b7d80.png","ascent":8},{"type":"bitmap","chars":["仮"],"height":8,"file":"minecraft:font/8c8d73c39510453989dea9ff1f47d6fd/52e5964f1841445f91bbb0526b02b0b0.png","ascent":8},{"type":"bitmap","chars":["仯"],"height":8,"file":"minecraft:font/0d77d975284b432b939a5ef0b1ed01df/efacf5a8147741719868dd3820db580e.png","ascent":8},{"type":"bitmap","chars":["仰"],"height":8,"file":"minecraft:font/cc840944d3ae47fd9fca20fd051be002/4a967d80a5534a55a7080a802bbe17db.png","ascent":8},{"type":"bitmap","chars":["仱"],"height":8,"file":"minecraft:font/83907b6c950c45a897d5cb7e734dbbed/fa0a3dc9ae564574a0a3d83b63e687e9.png","ascent":8},{"type":"bitmap","chars":["仲"],"height":8,"file":"minecraft:font/e8a521f1264b40f1885b92c74581916f/f9087f0f306d43ffa50e23e1d57e43b3.png","ascent":8},{"type":"bitmap","chars":["垗"],"height":8,"file":"minecraft:font/f9f5003c706a476a9dfea059f00cd7be/37f999965ff5406b9951c411525b71ae.png","ascent":8},{"type":"bitmap","chars":["仳"],"height":8,"file":"minecraft:font/8e35d8e92867459aba670b3cf588e97d/6cf8284afc5e403386d0b83bb4f0dfa2.png","ascent":8},{"type":"bitmap","chars":["仴"],"height":8,"file":"minecraft:font/287c5baa8a604e438e44933938fbff44/1391010d9205479fabcccdaf2e474ec5.png","ascent":8},{"type":"bitmap","chars":["仵"],"height":8,"file":"minecraft:font/9fc7d17edb67494386f5c24f5864285c/c6012d4019e6429eb469c3f303f811f2.png","ascent":8},{"type":"bitmap","chars":["件"],"height":8,"file":"minecraft:font/16329371cb124597a61c32f552972e62/ab1896b022434265b87b5f721c9dc4bf.png","ascent":8},{"type":"bitmap","chars":["价"],"height":8,"file":"minecraft:font/b329786d2b7f46a384a40b71e682d65b/a5eaa98e220c4c53851f64d3476eb47b.png","ascent":8},{"type":"bitmap","chars":["仸"],"height":8,"file":"minecraft:font/2a001ad134834b8eb5679e6ec1ede374/53f41203894c429f8974e11bf5162c21.png","ascent":8},{"type":"bitmap","chars":["仹"],"height":8,"file":"minecraft:font/82ea309a77bb48b8b920a7a5ddc8e802/4cc75a431c10475fa83f773befd7c81f.png","ascent":8},{"type":"bitmap","chars":["仺"],"height":8,"file":"minecraft:font/8691abda168749de88daac75b0064cbe/b9be7cbcef6b475c961c5ca383a5371b.png","ascent":8},{"type":"bitmap","chars":["任"],"height":8,"file":"minecraft:font/1e046c832bab4da9bd09d8e861c1fa92/013efc9c6a434c1abb44a328ad4ae3e5.png","ascent":8},{"type":"bitmap","chars":["仼"],"height":8,"file":"minecraft:font/4a7ecefa90574fc985f07072dacd5eb6/e7682577dd4a4a67a6f01ef458156ba1.png","ascent":8},{"type":"bitmap","chars":["份"],"height":8,"file":"minecraft:font/39d7301f896642d78457204d78c335f9/2a0cdd1e32ba4487b29aec788d2f61cd.png","ascent":8},{"type":"bitmap","chars":["仾"],"height":8,"file":"minecraft:font/88cf10d6a3ca450bb0d1392af731a711/857c44662a9a45c5a8b6d85ec5cf4a5e.png","ascent":8},{"type":"bitmap","chars":["仿"],"height":8,"file":"minecraft:font/7dcb83c3f0fc4b46b7c1ab4011de8835/5f17a9493d8d492a8155036dfff23016.png","ascent":8},{"type":"bitmap","chars":["伀"],"height":8,"file":"minecraft:font/7042415a244644a7a8f5e1813b41718a/5c42535c241c4ae7a6ee7651fcfed5ef.png","ascent":8},{"type":"bitmap","chars":["企"],"height":8,"file":"minecraft:font/af2ed12a0c944d789684e98444057516/aaaa5b50a66e4260aaf49d34c1c4a7a3.png","ascent":8},{"type":"bitmap","chars":["伂"],"height":8,"file":"minecraft:font/872b5f9f9010445eafa3b80d40c3fb76/8a11098e9f174bb1a67e32ed2b24db24.png","ascent":8},{"type":"bitmap","chars":["伃"],"height":8,"file":"minecraft:font/0685e5dfe8c64959a6907ffc6d75689a/32bf186265e747aaba1ceb3eeaadad1d.png","ascent":8},{"type":"bitmap","chars":["伄"],"height":8,"file":"minecraft:font/8accba7d4210423d98f51244de8fe6c9/e5b9179f05f149db930d3126cdd6d897.png","ascent":8},{"type":"bitmap","chars":["伅"],"height":8,"file":"minecraft:font/15aaf54bdcb94c0b93dc5705cead5ad1/87658dfca96e4d0d98d32317ca584e6d.png","ascent":8},{"type":"bitmap","chars":["伆"],"height":8,"file":"minecraft:font/42bad3a67c5d4b46976c4a463ff5c23e/08d3db4c6d264c058a278b907f4a4540.png","ascent":8},{"type":"bitmap","chars":["伇"],"height":8,"file":"minecraft:font/1edb37d18b2a4864a75659d9fc578aa8/68fbc2d46dfc435586b3340ed45c5d4c.png","ascent":8},{"type":"bitmap","chars":["伈"],"height":8,"file":"minecraft:font/68ebb2312ef0418889a55985e94d8fdd/c2e13b66cad74610aac2edffa7c8eaf4.png","ascent":8},{"type":"bitmap","chars":["伉"],"height":8,"file":"minecraft:font/2efc8906bb614b0797401e9e2fa24c40/c2737f5d4aa84476a1083f0868fd0600.png","ascent":8},{"type":"bitmap","chars":["伊"],"height":8,"file":"minecraft:font/a52fb4a74f964416a3907f0c1aca718a/40faeaba5da04e918fb10b86132e911d.png","ascent":8},{"type":"bitmap","chars":["伋"],"height":8,"file":"minecraft:font/76bca4b529c045d1ac95ffb544a1dc89/6b3530b7104f4bcb8741d6ad50ca5433.png","ascent":8},{"type":"bitmap","chars":["伌"],"height":8,"file":"minecraft:font/4908e6c34be3452391f5fa64dbc66d74/85fc7da746c74acebbb6cc60cf15791e.png","ascent":8},{"type":"bitmap","chars":["伍"],"height":8,"file":"minecraft:font/54e8ff6e218846eab547f967961b320b/51a17ff6381d402ea24c33aad76c8673.png","ascent":8},{"type":"bitmap","chars":["伎"],"height":8,"file":"minecraft:font/deed08db3d2b4db38b2acb6d97b02be9/9545078698db401b9b77081b39d4a1dc.png","ascent":8},{"type":"bitmap","chars":["伏"],"height":8,"file":"minecraft:font/3f079ac4a9b843bbb1001f9d63db83c6/ddfbaad9dc9a47008c98479a22596e26.png","ascent":8},{"type":"bitmap","chars":["伐"],"height":8,"file":"minecraft:font/fa1035e2eb534cd59824d1ca08bbcffa/7ba011069b384086a1ae30aa3285871a.png","ascent":8},{"type":"bitmap","chars":["休"],"height":8,"file":"minecraft:font/a45561a51d7142339bbe0ef46a73c422/45e6bca44a81453797f5c3274cdd0132.png","ascent":8},{"type":"bitmap","chars":["伒"],"height":8,"file":"minecraft:font/7b6ffdc32a104414b32fbcfcbe6fb638/68b251517f5c432d9a57257080d9e2ea.png","ascent":8},{"type":"bitmap","chars":["伓"],"height":8,"file":"minecraft:font/5b1a34d63bbb4c8c865fcdb701c46aef/86107231962a4ff8b2ec5bd973ab3223.png","ascent":8},{"type":"bitmap","chars":["伔"],"height":8,"file":"minecraft:font/598035214b924ceaba1089a785b622e1/d94d7d7f42604abaaecf2d3184c5e4c0.png","ascent":8},{"type":"bitmap","chars":["伕"],"height":8,"file":"minecraft:font/3d063e0ffc284739a29438b0b3a67a6c/7e6d9ba7d7ef48ef82d3d8082f6ef5db.png","ascent":8},{"type":"bitmap","chars":["伖"],"height":8,"file":"minecraft:font/64dcf7aff11d4a33a363724bd3c0b1b7/6d25b7526803436d800aba5043fd29f5.png","ascent":8},{"type":"bitmap","chars":["众"],"height":8,"file":"minecraft:font/13c235bbbb7b4afcb12e1b8a309d9875/5c3f569e19ee4cec8c3126c055b9018f.png","ascent":8},{"type":"bitmap","chars":["优"],"height":8,"file":"minecraft:font/49c55eb0a2a948e7b65eb8298d577168/29bc8b7ed6e9491ba7b9b7fcdd8131b6.png","ascent":8},{"type":"bitmap","chars":["伙"],"height":8,"file":"minecraft:font/ddf82a0dd75a4e9482742fa9f4b4a5d6/727f4a55f298409d9458e7322aa4e0b4.png","ascent":8},{"type":"bitmap","chars":["会"],"height":8,"file":"minecraft:font/7b1c8675c2324493bda9914c8559ed21/1329bfcde12f47e1ba7792d99612b003.png","ascent":8},{"type":"bitmap","chars":["偹"],"height":8,"file":"minecraft:font/014e0ce4d285471b98f1f5d9e62cffa6/05a27dd54acf400b96a34c8fca358402.png","ascent":8},{"type":"bitmap","chars":["偺"],"height":8,"file":"minecraft:font/f54c898f9922482cb62142a2fdd55bff/1115c8c7f65647eea7fb6b31c1bb1108.png","ascent":8},{"type":"bitmap","chars":["偻"],"height":8,"file":"minecraft:font/355d0a3f317d4a9791d758bfc0439dfb/df93df02c45848f6bb362cbe1f1149a7.png","ascent":8},{"type":"bitmap","chars":["偼"],"height":8,"file":"minecraft:font/d8b306ecd1044a48842a9fc8e63c7f8d/015b808492664c27aaeeb4f00c368f1e.png","ascent":8},{"type":"bitmap","chars":["偽"],"height":8,"file":"minecraft:font/fc53cf7781c64543a6b9ea7628df9394/9490f0cce9aa4784a45769f22d677aa2.png","ascent":8},{"type":"bitmap","chars":["偾"],"height":8,"file":"minecraft:font/f28850952a314174b62ea9abd0c8983a/2c5153c1c9ad4491a123d64c80160cab.png","ascent":8},{"type":"bitmap","chars":["偿"],"height":8,"file":"minecraft:font/29fa3205ef0a40b7a6a347a48ebcaec7/3731ce37d1f94429b71381266b1de2d0.png","ascent":8},{"type":"bitmap","chars":["傀"],"height":8,"file":"minecraft:font/fbd63f392c8e4a7ba13234c188976485/2434d1daac4c48f6aaad1eddd03743b8.png","ascent":8},{"type":"bitmap","chars":["傁"],"height":8,"file":"minecraft:font/79c1fcb8848747f7bfa0b9234604bd5a/ec12c74e9fc44e47ac4c90649c74d8f5.png","ascent":8},{"type":"bitmap","chars":["傂"],"height":8,"file":"minecraft:font/85f0414cfdda4b9985beb8f982de503c/eb2482ed0c474c97ae6ca6f38c8ce5ba.png","ascent":8},{"type":"bitmap","chars":["傃"],"height":8,"file":"minecraft:font/01e41ba6a1854bcc991c6e72be5b150e/b1e8d516a15f4af1966671212b46c54c.png","ascent":8},{"type":"bitmap","chars":["傄"],"height":8,"file":"minecraft:font/7d9ef40e26fe4534bc6ab6cceea9fe74/7cb9217de83640cb822e2103c3693c45.png","ascent":8},{"type":"bitmap","chars":["傅"],"height":8,"file":"minecraft:font/c118aa5d93a94371b38a10ee3b4076b2/de291fdeaff64607b80a2e00cceb9f10.png","ascent":8},{"type":"bitmap","chars":["傆"],"height":8,"file":"minecraft:font/90b76ab4fc58445985acc9a6d3c692dd/fd12d5d0547d48c591004cc5b86d3a00.png","ascent":8},{"type":"bitmap","chars":["傇"],"height":8,"file":"minecraft:font/9be3a1bf84c6466d929bde17e3f1a164/2c622eac7eaa47898ee455e11a5c670e.png","ascent":8},{"type":"bitmap","chars":["傈"],"height":8,"file":"minecraft:font/b0801ab5d0a240ab9e14268b28dfd551/3e8e71971a1b403bbd0b6038001371a3.png","ascent":8},{"type":"bitmap","chars":["傉"],"height":8,"file":"minecraft:font/a27c2554ddf44e6e8d2c203cbc24796f/84c4cdcc94524908a2b544f16f999838.png","ascent":8},{"type":"bitmap","chars":["傊"],"height":8,"file":"minecraft:font/9f9f76043603467891de731b1e99e2bc/b3d5b23c12554d3b8493af1f25122891.png","ascent":8},{"type":"bitmap","chars":["傋"],"height":8,"file":"minecraft:font/b6ff76e9e20a48fba832c8ec3a108023/2c9698cc202c4bbdbb755fa0bd040dd5.png","ascent":8},{"type":"bitmap","chars":["傌"],"height":8,"file":"minecraft:font/febe78bb3774480a8278d71a7cda7bcc/b3a04b9f8f064dad881442011948769e.png","ascent":8},{"type":"bitmap","chars":["垃"],"height":8,"file":"minecraft:font/14eced1119f04b33b4abe9449130a08c/cb24ae61cd484ab4b4baf4aeb70c582b.png","ascent":8},{"type":"bitmap","chars":["垄"],"height":8,"file":"minecraft:font/3d5447cb95694c26967b9dbebec9fb86/8fce1bce7e874722881464277f3d4a3a.png","ascent":8},{"type":"bitmap","chars":["垅"],"height":8,"file":"minecraft:font/d0b6e93b1d5643939a933fb16028f9cf/e8355d700ea04c6dbd0530ac0d3961a1.png","ascent":8},{"type":"bitmap","chars":["垆"],"height":8,"file":"minecraft:font/aace6c38f5db45c98c4d1cbad3bdd1e4/c7a9f97d661e4cbdbc8132504c15492a.png","ascent":8},{"type":"bitmap","chars":["垇"],"height":8,"file":"minecraft:font/268005ceae6b42ceaf8108f71982f986/cddb53e495f749dd91914275b509176a.png","ascent":8},{"type":"bitmap","chars":["垈"],"height":8,"file":"minecraft:font/7062fb5b0e6c459f8d7ca88c89bf5084/1084c8bac4be47e1acf8b06485c97f06.png","ascent":8},{"type":"bitmap","chars":["垉"],"height":8,"file":"minecraft:font/712e66fb3d9444f3b6e37e0065f16aa6/a76388d7d54b4fe99646f36b68fa215e.png","ascent":8},{"type":"bitmap","chars":["垊"],"height":8,"file":"minecraft:font/b0873f96443949f88704ec890b80a85f/251ccc3ecd974f7daa5b91bb6c856d67.png","ascent":8},{"type":"bitmap","chars":["型"],"height":8,"file":"minecraft:font/570373ee08f7419c9ac0237b7f3ae495/827b3d92540b4fa48a5751957725a0c6.png","ascent":8},{"type":"bitmap","chars":["垌"],"height":8,"file":"minecraft:font/42b62b4fef5b47fa8146fcc4bb419a46/e0aa5359e16f4532aa8c546c988803cd.png","ascent":8},{"type":"bitmap","chars":["垍"],"height":8,"file":"minecraft:font/e332933a743a4edd80066b7d23a8d42b/ec0cb5330d1641bbb0bda98fec97604a.png","ascent":8},{"type":"bitmap","chars":["垎"],"height":8,"file":"minecraft:font/871f63c5730045649374f4dc3a661664/1a722b6d09d64013bc74875d316e7490.png","ascent":8},{"type":"bitmap","chars":["垏"],"height":8,"file":"minecraft:font/2238a714a8da4f0ea13994a354cc69a8/cf0825856a5b41638da92173a3094972.png","ascent":8},{"type":"bitmap","chars":["垐"],"height":8,"file":"minecraft:font/955c4bee8e73483a9bf7bfcc5774fe15/f611606a326640d3b19fc85956439690.png","ascent":8},{"type":"bitmap","chars":["垑"],"height":8,"file":"minecraft:font/ac93eb4e5cce4b2baf93818cf4686306/5a0b56da37db42cd84aa72deb203928d.png","ascent":8},{"type":"bitmap","chars":["垒"],"height":8,"file":"minecraft:font/2950c03135de4f09b0388c659a0517d1/0520492d897346aa977e0436249e1d31.png","ascent":8},{"type":"bitmap","chars":["垓"],"height":8,"file":"minecraft:font/a3b224ecebd34e90953f6f0387c84431/195c6586bf274ac099bb6a0657cf1d66.png","ascent":8},{"type":"bitmap","chars":["垔"],"height":8,"file":"minecraft:font/8acbd8b323b44a7c9680bc04157d18f6/285c1d45239a421f883040fd98dd60cb.png","ascent":8},{"type":"bitmap","chars":["垕"],"height":8,"file":"minecraft:font/75a2cabc21524b988c210e335a10733d/bf4ffd0cb97d47b999209e57e5da4cd1.png","ascent":8},{"type":"bitmap","chars":["垖"],"height":8,"file":"minecraft:font/9db28d3e2c36450aacc6a29f0c656483/ad9f6d8a53194a6b87e527ac74cf2464.png","ascent":8},{"type":"bitmap","file":"font/pixel.png","ascent":-1000,"height":-2,"chars":["ᨓ"]},{"type":"bitmap","file":"font/pixel.png","ascent":-10000,"height":1,"chars":["ᨒ"]},{"type":"bitmap","file":"font/pixel.png","ascent":-10000,"height":-2,"chars":["⻙"]}]}