{"providers":[{"file":"minecraft:font/d3cfb4be0b5946a5b8fc419bfe6909f2/30d8cc0dc2f04601b64f8561c3262b8c.png","height":16,"chars":["一"],"type":"bitmap","ascent":16},{"file":"minecraft:font/65012200f6474dcbad5af7f409f99c9b/e6c96c75ef9e4b599250b5def66f7208.png","height":8,"chars":["丁"],"type":"bitmap","ascent":8},{"file":"minecraft:font/51c946a6c2e744a88d5507f95fb448a0/c95d971239734fb69044830734d83661.png","height":8,"chars":["丂"],"type":"bitmap","ascent":8},{"file":"minecraft:font/e79bddec24ab44b0b121b73c5c8301ba/0b9cc1e10b50462e9f475fd2c65fd321.png","height":8,"chars":["七"],"type":"bitmap","ascent":8},{"file":"minecraft:font/77e6d983b79d4e2f9ff0977eb3fad3dc/39703b4f81604f4a9e0bdd66518b6a62.png","height":8,"chars":["丄"],"type":"bitmap","ascent":8},{"file":"minecraft:font/fc17f85dbdf9494797d13817f5ee1f8d/2a24fba412e84d95b26a466905f7564a.png","height":8,"chars":["丅"],"type":"bitmap","ascent":8},{"file":"minecraft:font/388981fbb4384579884c1a43b337fdc9/4a654f8cf9824ddb961f24796c76e09e.png","height":8,"chars":["丆"],"type":"bitmap","ascent":8},{"file":"minecraft:font/5dd8d5ed626b42c0ae127cac0a739b9d/5e9ddf0cdbf249cb83236261201ae883.png","height":8,"chars":["万"],"type":"bitmap","ascent":8},{"file":"minecraft:font/ebc58ce74eb64e99850dfddbc48169ba/13c3c9d06b5c48a89b64050b7d81fbaf.png","height":8,"chars":["丈"],"type":"bitmap","ascent":8},{"file":"minecraft:font/a339721df2684e64b8c8a1042cce21cf/b74ccf83c40445fd8d213e1c863d16a7.png","height":8,"chars":["三"],"type":"bitmap","ascent":8},{"file":"minecraft:font/c120cf68016649f2b5688b3f6308c76f/12e978272bd14be18faad2dd922daede.png","height":8,"chars":["上"],"type":"bitmap","ascent":8},{"file":"minecraft:font/45a95aaa52f44fecaffe6c844ab49e87/c5b982d0db16461eab8ecb3eaac4d910.png","height":8,"chars":["下"],"type":"bitmap","ascent":8},{"file":"minecraft:font/030a541ed5124b01bcd09b987b4d7f7e/f54d565c7cb04d028fd449a3e5efea2f.png","height":8,"chars":["丌"],"type":"bitmap","ascent":8},{"file":"minecraft:font/833f9e8b8422405eb29a9006a1a3bd9d/6fe7dda73fc743cc8992ba856e8c548e.png","height":8,"chars":["不"],"type":"bitmap","ascent":8},{"file":"minecraft:font/ff99bbfda4934374aa50ae765a8ef2c6/f14f1484f88c4e528975d3513c54fc5c.png","height":8,"chars":["与"],"type":"bitmap","ascent":8},{"file":"minecraft:font/3cbcd8a9a5ea471491f0bdb184c825c3/67452974e6d24d18bb37d8d31860fee1.png","height":8,"chars":["丏"],"type":"bitmap","ascent":8},{"file":"minecraft:font/821b25868c5347618ae2bb23663ad432/ab4f53814fc54cfaa4f68363e248e586.png","height":8,"chars":["丐"],"type":"bitmap","ascent":8},{"file":"minecraft:font/3271e7343061491cb06b58985a5a36e7/5f848dae79d94f3fabfbfdce2643cee2.png","height":8,"chars":["丑"],"type":"bitmap","ascent":8},{"file":"minecraft:font/7248b6ff96ba4109b858cf48407b6cca/9d2bfe29afe7472da5ddb16041541e12.png","height":8,"chars":["丒"],"type":"bitmap","ascent":8},{"file":"minecraft:font/851154a97edb4ea7bde4fce4de768652/c07d7ebcfe004fed99bce8ca7a77e845.png","height":8,"chars":["专"],"type":"bitmap","ascent":8},{"file":"minecraft:font/4b52bb66afe54ff9af67519fa5fb6197/5ca8441495e9493b8c55bc7dce82eb7f.png","height":8,"chars":["且"],"type":"bitmap","ascent":8},{"file":"minecraft:font/92f2a24633c14375b9f0c2ee2db3ac03/b7affa723b37474288ba95bd99214c31.png","height":8,"chars":["丕"],"type":"bitmap","ascent":8},{"file":"minecraft:font/e782c17191ea4050a0867ca0fa4cc266/bcb170bf7b704ea794accddbd0c91f42.png","height":8,"chars":["世"],"type":"bitmap","ascent":8},{"file":"minecraft:font/317aceb8498a4e02b5c13bbdf62369dc/2d52d18156774087bce0f28dfe10ae2c.png","height":8,"chars":["丗"],"type":"bitmap","ascent":8},{"file":"minecraft:font/d67e95091b4c474a859e5275699fe22f/9e5881b0d7fd402b9d4fb0a1ae91bd51.png","height":8,"chars":["丘"],"type":"bitmap","ascent":8},{"file":"minecraft:font/023f2c87676d4a1e9ad4a1f74406a754/c7febba2229744e588c131a1f590563b.png","height":8,"chars":["丙"],"type":"bitmap","ascent":8},{"file":"minecraft:font/0514519b19174ab489ae8cfebe969d07/f98d56e5355842178013bdc7cf19da73.png","height":8,"chars":["业"],"type":"bitmap","ascent":8},{"file":"minecraft:font/3bee8dd8ed954fe2a1b17b33d9d3d500/bda02c9cf34b4d6db0e593da1bc7e4bb.png","height":8,"chars":["丛"],"type":"bitmap","ascent":8},{"file":"minecraft:font/c5f6e87cd3e040caa45d42474964a1bf/6db2061111eb4247856947e020caa36a.png","height":8,"chars":["东"],"type":"bitmap","ascent":8},{"file":"minecraft:font/0b667906bee941f8bd42c5c60f735623/f3301ce57fb94f1184e0bd9438b683c4.png","height":8,"chars":["丝"],"type":"bitmap","ascent":8},{"file":"minecraft:font/cfd333fe2e2d4579a7403aad54fb3e4e/4e5e89f616944d2492458d4b6c421a83.png","height":8,"chars":["丞"],"type":"bitmap","ascent":8},{"file":"minecraft:font/8f8a30f0e698461e940b59e7349ff133/e4e92c2a6dea4c78b1eac82d7bdc639b.png","height":8,"chars":["丟"],"type":"bitmap","ascent":8},{"file":"minecraft:font/d12d06b56c774c748e48fd3b30f3105e/a6ae7b6434b4418c9b0de31f5f76bec9.png","height":8,"chars":["丠"],"type":"bitmap","ascent":8},{"file":"minecraft:font/6e0a4bf964614f49aca724cd19e63a22/0d4d1a5e462849f99ff320c892e0b10b.png","height":8,"chars":["両"],"type":"bitmap","ascent":8},{"file":"minecraft:font/40d9776428464ad99ebc7537dbc5a92b/c3328ed7bbe04909b14ff35623ab655e.png","height":8,"chars":["丢"],"type":"bitmap","ascent":8},{"file":"minecraft:font/cd044aa1b5bb45039f3208ee04d18525/ab338b2d5df34180b1d8746813f6ae5b.png","height":8,"chars":["丣"],"type":"bitmap","ascent":8},{"file":"minecraft:font/18a12ab25e704c3dba8a838cd1487d80/b4f3febb50bb42e7a5b7209f46f4057f.png","height":8,"chars":["两"],"type":"bitmap","ascent":8},{"file":"minecraft:font/51429b1403674e349728f91eae1d63f7/5367d3bfa4be4e17bbc7f9c3b5a96481.png","height":8,"chars":["严"],"type":"bitmap","ascent":8},{"file":"minecraft:font/aecf799fbbd846b687dc9e2525674c2d/50ffa5c4efb6474ea4527fef1b3bf9a1.png","height":8,"chars":["並"],"type":"bitmap","ascent":8},{"file":"minecraft:font/206f6719dbad483085617e74b5fa468b/9a7ee8c345a641debcd539a3252024a3.png","height":8,"chars":["丧"],"type":"bitmap","ascent":8},{"file":"minecraft:font/5cad3c08131a42d9b4916d5c75746950/7f737ddb5e5a4fbe983039b3cd3bfed3.png","height":8,"chars":["丨"],"type":"bitmap","ascent":8},{"file":"minecraft:font/0dd758a7972747c89f57facc9af64ffc/d513a48c119242fb813c2296b9c5290d.png","height":8,"chars":["丩"],"type":"bitmap","ascent":8},{"file":"minecraft:font/1e8ef9c0581b4a4db59322582dda65a6/f36291bc041248ecae5b9d54380a7a9a.png","height":8,"chars":["个"],"type":"bitmap","ascent":8},{"file":"minecraft:font/41e463e42bd74ff8a9a8e37a9a091b91/075b58623c1f4b6ebab46c25fad1156b.png","height":8,"chars":["丫"],"type":"bitmap","ascent":8},{"file":"minecraft:font/9147ac2c2e8041f3a24529cdfbedc371/5d08be58b7ef44168084e25bd8d9dfaa.png","height":8,"chars":["丬"],"type":"bitmap","ascent":8},{"file":"minecraft:font/04c2bae848da4d4cb5d7e807bb2e8501/4c5cdcd3b5ee4536ad754f8fc0a21038.png","height":8,"chars":["中"],"type":"bitmap","ascent":8},{"file":"minecraft:font/e34b65750c8f4f59a1e34844e05cf6ee/377ac32f8942402eaf4755b6fbd39d2d.png","height":8,"chars":["丮"],"type":"bitmap","ascent":8},{"file":"minecraft:font/f1974457f9a74f10ad72cdb3dd076278/3d7a41ff56db40cdaa1b407f7fef2684.png","height":8,"chars":["丯"],"type":"bitmap","ascent":8},{"file":"minecraft:font/27aecfd79be245f8aa660cf83dd96515/5b88d544873948fc9e2991a66ffac802.png","height":8,"chars":["丰"],"type":"bitmap","ascent":8},{"file":"minecraft:font/45364d23233a4ad080ac30bc7377a14d/6ec07b0b6a8b4643a72bea9554011113.png","height":8,"chars":["丱"],"type":"bitmap","ascent":8},{"file":"minecraft:font/e4728f6c4c834e548de7061d0db83caf/23cf1b04562c4f51bd3d210df1092504.png","height":8,"chars":["串"],"type":"bitmap","ascent":8},{"file":"minecraft:font/3d0ee8ce293542ea8828ec0deaad72cf/cfa5af9bb2f74a1d915f730402a0721b.png","height":8,"chars":["丳"],"type":"bitmap","ascent":8},{"file":"minecraft:font/ef375784dce349d087d2be7a5e487bce/f074ed6487aa46ebbee5003c31a2e7f5.png","height":16000,"chars":["垙"],"type":"bitmap","ascent":16000},{"file":"minecraft:font/cd93957e328b4afeb5e5d5f6ac22114e/687b781d9c024206955db20c80736d9b.png","height":8,"chars":["亖"],"type":"bitmap","ascent":8},{"file":"minecraft:font/b0bd5d582da64dd9a05d76e6f6de35ea/ead148bea4a244efaba4194b0a8f2d83.png","height":8,"chars":["亗"],"type":"bitmap","ascent":8},{"file":"minecraft:font/d5475d69f52d41849aa81dd9a42a2618/140d98c00c43467c83f817053ea24e7c.png","height":8,"chars":["亘"],"type":"bitmap","ascent":8},{"file":"minecraft:font/b7bbe8225c154760bbbef6542aed42a2/9dfc0f7c336740b396733f902e1ab37f.png","height":8,"chars":["亙"],"type":"bitmap","ascent":8},{"file":"minecraft:font/6f9b430267a54a518d221beef554d230/cd038be57ac24731973b85cf65eca1f6.png","height":8,"chars":["亚"],"type":"bitmap","ascent":8},{"file":"minecraft:font/8688820ce2e440179ad28df269c6179a/5058652148484cd38638eec6b0032bc8.png","height":8,"chars":["些"],"type":"bitmap","ascent":8},{"file":"minecraft:font/2c49098b6b27462bbd64d8a80fceff43/373fffcb62424aec9885cc264a79554e.png","height":8,"chars":["亜"],"type":"bitmap","ascent":8},{"file":"minecraft:font/e092fd5f972546e08c08a367217d8261/7988c3fb6b8e4f50a8fe069293546a1f.png","height":8,"chars":["亝"],"type":"bitmap","ascent":8},{"file":"minecraft:font/5f69e4b05d904d34800074f24ca9055e/73d028aba657408c9e92e81bb53cc8f8.png","height":8,"chars":["亞"],"type":"bitmap","ascent":8},{"file":"minecraft:font/7864c18fb47d49d3968b2e52500558ec/b2ebad01925f4bb9a58587f944aeea21.png","height":8,"chars":["亟"],"type":"bitmap","ascent":8},{"file":"minecraft:font/97e97dfcc41247ac9f5546f086a09504/a183e049209c471dbe49060dfaaf1c45.png","height":8,"chars":["亠"],"type":"bitmap","ascent":8},{"file":"minecraft:font/adf106e36e454f47b7b58cc9601a1f7d/17a54bd23708461c96c1d4e6ed425e01.png","height":8,"chars":["亡"],"type":"bitmap","ascent":8},{"file":"minecraft:font/5628256c498746f68bea0f1829998436/263dc89e23d841eab4f14283ec4e3342.png","height":8,"chars":["亢"],"type":"bitmap","ascent":8},{"file":"minecraft:font/e903c34e948a4b6bb6b13e0087c6b7f6/8b8afb9e50984b76a5a2930c56be6806.png","height":8,"chars":["亣"],"type":"bitmap","ascent":8},{"file":"minecraft:font/a121b8f8041649bb93b9e77266508e08/4598f69b872b4c65b0e860578897ee07.png","height":8,"chars":["交"],"type":"bitmap","ascent":8},{"file":"minecraft:font/dd5c06aa16e34af79a4aac27c174300d/e06acb73abde4c89965275f323e42642.png","height":8,"chars":["亥"],"type":"bitmap","ascent":8},{"file":"minecraft:font/eb5a9f7805e64375811bfc9cfe6c1fb5/fd9b9a3d85ea4968b4da818f96864a4f.png","height":8,"chars":["亦"],"type":"bitmap","ascent":8},{"file":"minecraft:font/a90331d3d81e4339ab34c11c385196c5/f014ca6f958b4039a1b8d36fc8575460.png","height":8,"chars":["产"],"type":"bitmap","ascent":8},{"file":"minecraft:font/665f64df13ca40ea818ee5f15bc5296b/a4e37c32d6564218a2846293dd4c32e8.png","height":8,"chars":["亨"],"type":"bitmap","ascent":8},{"file":"minecraft:font/0ebc2db74b3b4d94a447bc228f5a5794/82c388e614ac4bac8b0c0412696488ad.png","height":8,"chars":["亩"],"type":"bitmap","ascent":8},{"file":"minecraft:font/cfec0c4ccc924cdfa3a1995d8d31d907/e6b004ae60ad4469b5a8fae05f66b9fe.png","height":8,"chars":["亪"],"type":"bitmap","ascent":8},{"file":"minecraft:font/a0bdbcba73a94782b0ab86cc2dc7e35f/817434c22d784280a1669a711f9db209.png","height":8,"chars":["享"],"type":"bitmap","ascent":8},{"file":"minecraft:font/a470636eb9584e229aa279544aac75e7/4f3bc7f6425348d3b427baa6e3886885.png","height":8,"chars":["京"],"type":"bitmap","ascent":8},{"file":"minecraft:font/b69fc0db9ece43a9834de9667ee69736/01d1dd534f8d49cd9038bf51e69093ed.png","height":8,"chars":["亭"],"type":"bitmap","ascent":8},{"file":"minecraft:font/61b54cdc060642a58299f3b4a772419c/297cb9a9a0c048cf8a40144bb0a7c226.png","height":8,"chars":["亮"],"type":"bitmap","ascent":8},{"file":"minecraft:font/b357a140cf54407393e7f223d923ad8b/531f4f6057144ef0864511966d8bdffc.png","height":8,"chars":["亯"],"type":"bitmap","ascent":8},{"file":"minecraft:font/330d4b25fdf94e699be43de9b9e8b272/8578096daa7645649010cecfd9706399.png","height":8,"chars":["亰"],"type":"bitmap","ascent":8},{"file":"minecraft:font/b8f8b9e11cfd4d9696d5b34799e4dda0/9506561e6a26447691409f2385d7c65b.png","height":8,"chars":["亱"],"type":"bitmap","ascent":8},{"file":"minecraft:font/0c18121a50874115bdf7410738eb96db/a8ac0eb92cb94c409b63048a13419a9f.png","height":8,"chars":["亲"],"type":"bitmap","ascent":8},{"file":"minecraft:font/253e501983f54b01a6b70ba5ee723b79/d9990fd3cbd34e7a9b4c1fb4b579d00f.png","height":8,"chars":["亳"],"type":"bitmap","ascent":8},{"file":"minecraft:font/41b70d0e50904ac89db54ceb27dd95ca/3b6ac5b9b62d45d0b969dd1639a6e3d7.png","height":8,"chars":["亴"],"type":"bitmap","ascent":8},{"file":"minecraft:font/b64ee60731ee496e9bb992e5d1ae4d4d/2853b09c0fac404cb0e3bfe3a4ace87f.png","height":8,"chars":["亵"],"type":"bitmap","ascent":8},{"file":"minecraft:font/1651c7b5529e442db76b11c24d1c5f43/19fb9b3bb0464fc0ae547e94b8598af9.png","height":8,"chars":["亶"],"type":"bitmap","ascent":8},{"file":"minecraft:font/50523c501a3b445fa6152b75c5c263b1/533edfa2a8fa435880a4d02819bb6c19.png","height":8,"chars":["亷"],"type":"bitmap","ascent":8},{"file":"minecraft:font/7f3c667b894347e9a27f2af4c3fe24cc/5e55ec4aabcc46009342ec559d9b4e04.png","height":8,"chars":["亸"],"type":"bitmap","ascent":8},{"file":"minecraft:font/d908cc65f1694aac8c83a2072bce496c/bff7bb2a40764501aa6cdfc4662b5cc8.png","height":8,"chars":["亹"],"type":"bitmap","ascent":8},{"file":"minecraft:font/2124de827cad4833acacda2dfbf154e5/0851fdc7542f44c6aa51bd1229e19ad2.png","height":8,"chars":["人"],"type":"bitmap","ascent":8},{"file":"minecraft:font/bb728075d5394a6ba764c02dea03204c/c0b8d2ee2e074bd29691258796793d12.png","height":8,"chars":["亻"],"type":"bitmap","ascent":8},{"file":"minecraft:font/6d3a9d531dc441ee8b629a7edd4f7c6a/5f8464b322ba4d539ddb6f93061e97ff.png","height":8,"chars":["亼"],"type":"bitmap","ascent":8},{"file":"minecraft:font/238cae9c6d424f47844b753b92469e5c/74da662ba22d4cceb243b5896cff05ba.png","height":8,"chars":["亽"],"type":"bitmap","ascent":8},{"file":"minecraft:font/31b29eed031846929cf7cf1fd541218b/c8fbb893329648ff870cb2f00af31dd1.png","height":8,"chars":["亾"],"type":"bitmap","ascent":8},{"file":"minecraft:font/778c620bd9be4e5fa0d5cbd81e2883b0/f538a86a1fac4af19dfd70ba97b275c5.png","height":8,"chars":["亿"],"type":"bitmap","ascent":8},{"file":"minecraft:font/a20f05036d994a39ab4e772740d781d3/68cca9d8ef2f46d785fb99f39c823297.png","height":8,"chars":["什"],"type":"bitmap","ascent":8},{"file":"minecraft:font/c8503c1ef38b4cba945f7d32b3311105/92e45ec1bd1d40b8b944e7d09bc89fc9.png","height":8,"chars":["仁"],"type":"bitmap","ascent":8},{"file":"minecraft:font/cc9e71fe7c5c4da597c488593866f582/fd83aa4afa7b4390b35f4f93d2ba15c5.png","height":8,"chars":["仂"],"type":"bitmap","ascent":8},{"file":"minecraft:font/717204f56c1d44d095100387e0f0b1ac/592607833ac6403d8242b91b151950ff.png","height":8,"chars":["仃"],"type":"bitmap","ascent":8},{"file":"minecraft:font/f41369786d594c6ab46b35e2ccafc437/2328c13e2f96483689135fa42c6bbdde.png","height":8,"chars":["仄"],"type":"bitmap","ascent":8},{"file":"minecraft:font/c72a61e02b4d4ae898be75bd034df45f/818884075b2e41b891d490672f1bec32.png","height":8,"chars":["仅"],"type":"bitmap","ascent":8},{"file":"minecraft:font/f767b11c52794826a8e55ccbb1f1d6ae/b0026f2581444803a1535933bb5d7956.png","height":8,"chars":["仆"],"type":"bitmap","ascent":8},{"file":"minecraft:font/2454894aff314952b406a8c6ffb28fc1/8a4d716d4e004a36a47c3729ae88eec8.png","height":8,"chars":["仇"],"type":"bitmap","ascent":8},{"file":"minecraft:font/57f921881689402bb4277f0a4723ef21/306848b254bf45bc94aafd45da68806a.png","height":8,"chars":["仈"],"type":"bitmap","ascent":8},{"file":"minecraft:font/880fac21bfb647e0ab884fdb11891b00/076d6d8df4574fb0a92bd3b565f1324c.png","height":8,"chars":["仉"],"type":"bitmap","ascent":8},{"file":"minecraft:font/bc6364bc7be44945ba7ea1c42aebbc99/330eda56c7524a2dafd4e61c3076fd8d.png","height":8,"chars":["今"],"type":"bitmap","ascent":8},{"file":"minecraft:font/17dd295bf2294aa3b59776fc5c3b06cb/f84da94b784c4c80a8427cea14cdb960.png","height":8,"chars":["介"],"type":"bitmap","ascent":8},{"file":"minecraft:font/fd3ebf9abaa24246b37d02c201dc2e09/a6cea285da1f4b5ab055e56808115be7.png","height":8,"chars":["仌"],"type":"bitmap","ascent":8},{"file":"minecraft:font/431d64b4c9f84439b7b5a8f08b977bb0/4d7d20906daf4d8c8e57c55123a44c23.png","height":8,"chars":["仍"],"type":"bitmap","ascent":8},{"file":"minecraft:font/c155fe437daf46f18c8765d80b0e5c49/dd69bbfabee8470885e159f97afae042.png","height":8,"chars":["从"],"type":"bitmap","ascent":8},{"file":"minecraft:font/bbea72bd008740afb9a1b17b5b213654/6b1213c6e5c84eebba047f88de8f3f24.png","height":8,"chars":["仏"],"type":"bitmap","ascent":8},{"file":"minecraft:font/77d85c7b1cb7484fb7cb97140652a69b/2d48809cc31e4c3c96b75720c5d97a8d.png","height":8,"chars":["仐"],"type":"bitmap","ascent":8},{"file":"minecraft:font/2100b0fb617642d181b9bd36f6fec5f7/bc6fb4fde30d40f8b972832b4381d6a9.png","height":8,"chars":["仑"],"type":"bitmap","ascent":8},{"file":"minecraft:font/f7c197404a6b47469581286c8f18d35f/5725214a976e4b66b373822897f152e3.png","height":8,"chars":["仒"],"type":"bitmap","ascent":8},{"file":"minecraft:font/c14364d6a0b94991bfb2afc6bab95008/5f07583fbad54bda9c0b509552ae72e3.png","height":8,"chars":["仓"],"type":"bitmap","ascent":8},{"file":"minecraft:font/0776524a84254496942fb66f4c55dd66/93123cbc5a934293b1e4072ab7dc4de6.png","height":8,"chars":["仔"],"type":"bitmap","ascent":8},{"file":"minecraft:font/46adfc9a461546b7b8d5e59be7ae8fe5/9684445e5d0a4b74b8728661ada56042.png","height":8,"chars":["仕"],"type":"bitmap","ascent":8},{"file":"minecraft:font/a6837f50fa8f4f3193d91c393f69d17f/3c9c608504fb4574a5635365b8f4482d.png","height":8,"chars":["他"],"type":"bitmap","ascent":8},{"file":"minecraft:font/ad3b57cecd8449ef82e3ed93ac93fa73/a4ecb21030cb480cb006c1a100f932ce.png","height":8,"chars":["仗"],"type":"bitmap","ascent":8},{"file":"minecraft:font/316ea445a3fb4d3a9b95070c23155b92/db58361f3c1c4b1083021de742d4587b.png","height":8,"chars":["付"],"type":"bitmap","ascent":8},{"file":"minecraft:font/9a8631e03b094e15bc8e4135a06580be/013db018dbff43c7a342e1103c523c0c.png","height":8,"chars":["仙"],"type":"bitmap","ascent":8},{"file":"minecraft:font/fca20f75264a4e309392ade8cb473ef9/5379c3beca184d2f8237acfbc3e922aa.png","height":8,"chars":["仚"],"type":"bitmap","ascent":8},{"file":"minecraft:font/a853694c9b134f149588400f8221391d/ee6d9354441f47279a24241690429100.png","height":8,"chars":["仛"],"type":"bitmap","ascent":8},{"file":"minecraft:font/119d5e6f04b44ff7a0843c08eb50935a/3332b33921cb46698e27676a02b6e127.png","height":8,"chars":["仜"],"type":"bitmap","ascent":8},{"file":"minecraft:font/11010c43914d41419fbc07810b792258/0d407ecc82594f51a002ad0beb5a08f3.png","height":8,"chars":["仝"],"type":"bitmap","ascent":8},{"file":"minecraft:font/855abf5e0aa34a26939296c73ef5a8af/eb3ef3093ad54b18a5edd9f88f254519.png","height":8,"chars":["仞"],"type":"bitmap","ascent":8},{"file":"minecraft:font/53582ca556bb42c792964ec4b74421ce/6f08fb8591ff4c6d98ec1b623c1f6627.png","height":8,"chars":["仟"],"type":"bitmap","ascent":8},{"file":"minecraft:font/2d2b94687b234249b3780ef7e8622975/52cfae2cf8f0471cb32b77843abf7086.png","height":8,"chars":["仠"],"type":"bitmap","ascent":8},{"file":"minecraft:font/a0a14bba33a04088b6d3a5d3d3514ef0/3eec99ec5fc146158f40460400efe118.png","height":8,"chars":["仡"],"type":"bitmap","ascent":8},{"file":"minecraft:font/351e37830ea949439ad08f74ad2c5f0b/61c785e5e2794d8e8b2015f67f798ab5.png","height":8,"chars":["仢"],"type":"bitmap","ascent":8},{"file":"minecraft:font/86954cd4773642f6a58861e89d78bcfc/1c6e6b70d5eb44749fbf248bd030e378.png","height":8,"chars":["代"],"type":"bitmap","ascent":8},{"file":"minecraft:font/62df03c826f740cdb10c62eb4ddd35fa/08ac66a709ab45cd88039344d6b60eb3.png","height":8,"chars":["令"],"type":"bitmap","ascent":8},{"file":"minecraft:font/9184f425b91642deaaf1a559bdfca77b/2158066f83994df58ebddeed11c26855.png","height":8,"chars":["以"],"type":"bitmap","ascent":8},{"file":"minecraft:font/c020b580329c46d1b86d62dccf1fa3f0/391c2fc1b5a740309af6872768ce43f3.png","height":8,"chars":["仦"],"type":"bitmap","ascent":8},{"file":"minecraft:font/6e902f09024d48b5a6edb7b3c2976d90/f4c4243934754659a12581f0bd81c2b7.png","height":8,"chars":["仧"],"type":"bitmap","ascent":8},{"file":"minecraft:font/507a5810ac414515a5d4646b28763c53/2921e2c3efc64c4188d3b030ea1547a5.png","height":8,"chars":["仨"],"type":"bitmap","ascent":8},{"file":"minecraft:font/3663617abcff46869db44af988fbdc40/6b8b283a4e4d4538a14a7bbd4756b3e8.png","height":8,"chars":["仩"],"type":"bitmap","ascent":8},{"file":"minecraft:font/5aa6f8cfa90b4759a2db7058923d28a7/20bc9f1a954546edb2fff0188db4b2de.png","height":8,"chars":["仪"],"type":"bitmap","ascent":8},{"file":"minecraft:font/b6a51273ac7646bd9b7d798b1ef4aad2/c878c14d581045fab626c27a6f98b479.png","height":8,"chars":["仫"],"type":"bitmap","ascent":8},{"file":"minecraft:font/eb2cb6079a464166b0a3a0e3f8863eee/0e16b6e945f04d87aa2d80ed95213280.png","height":8,"chars":["们"],"type":"bitmap","ascent":8},{"file":"minecraft:font/b987889c1b0445729fbc4a6e097f65ff/6c6c266fd7414db58eb01d8b34df9ed5.png","height":8,"chars":["仭"],"type":"bitmap","ascent":8},{"file":"minecraft:font/bbb35369e00241a5bc8cae3ce8c1e2bf/61aacfcb5d3b4348a75a2183c6e3b7ae.png","height":8,"chars":["仮"],"type":"bitmap","ascent":8},{"file":"minecraft:font/65ccd9aeec7346358cbe6a76676fb92e/705d5d6113c64d0ab9bfa6f2f943b0b6.png","height":8,"chars":["仯"],"type":"bitmap","ascent":8},{"file":"minecraft:font/f90e2443dac047c7af14c76e316f35ba/25439986b1dd4ee485c3d38d9c130304.png","height":8,"chars":["仰"],"type":"bitmap","ascent":8},{"file":"minecraft:font/6a5a966b2d9949adb853384821cc7736/77d63e12b22e4b3e81cbbeb7c1140341.png","height":8,"chars":["仱"],"type":"bitmap","ascent":8},{"file":"minecraft:font/50c6eab3620240a6b49be7d0881bd812/d855c31543df434da4f1b5e3c695cfb4.png","height":8,"chars":["仲"],"type":"bitmap","ascent":8},{"file":"minecraft:font/4d67b0da7bd345a59471591a1c65db4b/5a7237ce7ed1435e9aaec9eec66a3336.png","height":8,"chars":["临"],"type":"bitmap","ascent":8},{"file":"minecraft:font/ceb92b5e1b1b49a189ad8886a4648e9e/1a2bac2246494b7f82eb7f44f4a576af.png","height":8,"chars":["丵"],"type":"bitmap","ascent":8},{"file":"minecraft:font/5e4ce1f453c443a5be7edcf302b81dd5/1df83bbb4d714e119234d8ed769cf867.png","height":8,"chars":["丶"],"type":"bitmap","ascent":8},{"file":"minecraft:font/d5de45c197ed4fdaadbd56943f23f11d/6f939308e96140739a19832ace1826a2.png","height":8,"chars":["丷"],"type":"bitmap","ascent":8},{"file":"minecraft:font/83dca64bb2ad47d9a2bf3b1250ae2c0f/e52c7abfc7ee4d54b475e745430dc2fe.png","height":8,"chars":["丸"],"type":"bitmap","ascent":8},{"file":"minecraft:font/98214d0d8ea14fa984faa88d17a2f917/8593481322484e6b84e05f5676f3c34a.png","height":8,"chars":["丹"],"type":"bitmap","ascent":8},{"file":"minecraft:font/01f136904a0a47f2921db80fdce103d1/a8bb85f7fe6043ad8919d9ae50c81a75.png","height":8,"chars":["为"],"type":"bitmap","ascent":8},{"file":"minecraft:font/355646fdcf954151a901350d9f70015f/033c77df0bee4c76806b7490bea71e98.png","height":8,"chars":["主"],"type":"bitmap","ascent":8},{"file":"minecraft:font/0d1ce629cf7543249938efe418819989/1aaaf16e0c624526b31d2e59633ce0fa.png","height":8,"chars":["丼"],"type":"bitmap","ascent":8},{"file":"minecraft:font/2ef0c6ba975144fbb6aa860fef69c585/e8a70dfd45494d3491eae8c7aaabc0db.png","height":8,"chars":["丽"],"type":"bitmap","ascent":8},{"file":"minecraft:font/4d53665671d44f75bd2a96741d7d14c7/d975c915a0d946c099631660d3566e68.png","height":8,"chars":["举"],"type":"bitmap","ascent":8},{"file":"minecraft:font/e92bef235fd54204872665d04dcaefca/6861d8fd1a75439988d890cf8db446bc.png","height":8,"chars":["丿"],"type":"bitmap","ascent":8},{"file":"minecraft:font/ddf3e17f2d894852b96d3ce2b8eef873/f1bfe1a4406c41ca81431c8f2602415d.png","height":8,"chars":["乀"],"type":"bitmap","ascent":8},{"file":"minecraft:font/cc9567337ff848ce93516f2f9f5f89e9/67830493a3e544449db7a1c771e3e198.png","height":8,"chars":["乁"],"type":"bitmap","ascent":8},{"file":"minecraft:font/8e75bcd283964558a3d1cf48dde23605/f7320d916fcf48ac897b63a73396c76f.png","height":8,"chars":["乂"],"type":"bitmap","ascent":8},{"file":"minecraft:font/1bc2bdc377af44059c05ff5da0469b29/4711131b600d48d4b4f44ef93a19f76a.png","height":8,"chars":["乃"],"type":"bitmap","ascent":8},{"file":"minecraft:font/03f9d212710b4c9ab28b4eca96f47319/a6da7f23a2ae4ded9dae5502387e4116.png","height":8,"chars":["乄"],"type":"bitmap","ascent":8},{"file":"minecraft:font/989baba30b714e58b8b7f692a7619928/ce127cb7647a416abb50e7b7003aa20a.png","height":8,"chars":["久"],"type":"bitmap","ascent":8},{"file":"minecraft:font/ab2f4f6bec82403497eb036fb67e4ed7/8b9977f9e04d4c0cb0953489b762eead.png","height":8,"chars":["乆"],"type":"bitmap","ascent":8},{"file":"minecraft:font/c4ff02a1044f4c9baebf72207fb9be34/b199a218bd474867906d47c5f32e376c.png","height":8,"chars":["乇"],"type":"bitmap","ascent":8},{"file":"minecraft:font/b64fd837cdbb450980b05b0d4b496533/695c5787c7344771885b07942f7329c3.png","height":8,"chars":["么"],"type":"bitmap","ascent":8},{"file":"minecraft:font/06184875979e4bc38335e708203ae6f8/909d2c30babc48a8bc51ea2ea762121c.png","height":8,"chars":["义"],"type":"bitmap","ascent":8},{"file":"minecraft:font/7e05d397062c443dae8920a53dfe613e/78d70a4acd79428f825b6a74c1ac1f5a.png","height":8,"chars":["乊"],"type":"bitmap","ascent":8},{"file":"minecraft:font/7415b06dbb0d4f72abc82b70d7dae76a/ecce72fef71949459bd7988801934e60.png","height":8,"chars":["之"],"type":"bitmap","ascent":8},{"file":"minecraft:font/b2b6e8b85910446cbef2a11a2596f9d0/1f2298a12ad440b48af7075f823e6e33.png","height":8,"chars":["乌"],"type":"bitmap","ascent":8},{"file":"minecraft:font/cb8a24503181490482c1a323ad63748f/8c7c5582a9e84107b1ebd956c49c7e32.png","height":8,"chars":["乍"],"type":"bitmap","ascent":8},{"file":"minecraft:font/5481c1552edb47de838c06cff325cf3f/7a859a5ca32b4caa98c0c18da8a11176.png","height":8,"chars":["乎"],"type":"bitmap","ascent":8},{"file":"minecraft:font/52645d37387849e49191eb16f2113886/e8554e19a9ee46e28fe774138be857e3.png","height":8,"chars":["乏"],"type":"bitmap","ascent":8},{"file":"minecraft:font/2c0b3c8ef4334351abafdcac301499b5/92225b7dba6441a3ac03aaf435d7a67b.png","height":8,"chars":["乐"],"type":"bitmap","ascent":8},{"file":"minecraft:font/91906b7edf1f45d99437445827ab1852/ab0a428708384bf09977de88405dd616.png","height":8,"chars":["乑"],"type":"bitmap","ascent":8},{"file":"minecraft:font/1569a097f7a746fd96c5c0bfcc1cdb21/70dd9ec8c7dd44f18234b9acbd489c87.png","height":8,"chars":["乒"],"type":"bitmap","ascent":8},{"file":"minecraft:font/16c2a0e6fd9d4b00a88a2a4fdf02ba61/8a07ac631a514eb7a771020e0c90b3cf.png","height":8,"chars":["乓"],"type":"bitmap","ascent":8},{"file":"minecraft:font/eb86c503e85b4af99469b24b99ddfbee/f71eb49e7bbb4c1bb4057b7566c74d33.png","height":8,"chars":["乔"],"type":"bitmap","ascent":8},{"file":"minecraft:font/9d1aef58efa24b62b46ce5aa63d4e8c2/8986bd6bfe1549efbf215cd76f469a36.png","height":8,"chars":["乕"],"type":"bitmap","ascent":8},{"file":"minecraft:font/3f6e865b09e44e2192ce303c37c81cfb/9aeff3d2e4574e2ea9f716b98fb44f0d.png","height":8,"chars":["乖"],"type":"bitmap","ascent":8},{"file":"minecraft:font/f11a0139122745b19a56a92e8682bbb8/2cdd8f48ead14f38b55dc6ebdd20ed59.png","height":8,"chars":["乗"],"type":"bitmap","ascent":8},{"file":"minecraft:font/bcea10ac68a745e29f986d3db20a58b2/6f9be65b487b401fbc12d689aff9f4c8.png","height":8,"chars":["乘"],"type":"bitmap","ascent":8},{"file":"minecraft:font/a449148d95be43e8bcb0145679a3e688/771e291e65734a849fdef5eb147bd9fd.png","height":8,"chars":["乙"],"type":"bitmap","ascent":8},{"file":"minecraft:font/9d40c6867f3149a6b4690dd09edfca95/f04711b915a0490b905c5a3dcebb5c5d.png","height":8,"chars":["乚"],"type":"bitmap","ascent":8},{"file":"minecraft:font/bfe26abded1f40349d7a68387065ebf5/abfc53a8927d45afb66ab1989163a769.png","height":8,"chars":["乛"],"type":"bitmap","ascent":8},{"file":"minecraft:font/6d72389cd146425ab6dcee75b889e1b7/5cbf41f1511c48f388c6bfaea239560c.png","height":8,"chars":["乜"],"type":"bitmap","ascent":8},{"file":"minecraft:font/8055b46d4b0548a0b09cc7e6b80ed30c/ec5571af07fa463ebec43b9c26b20ab3.png","height":8,"chars":["九"],"type":"bitmap","ascent":8},{"file":"minecraft:font/f6fbad9224c747329a647e30eb7e321c/4aff19ecf650468db7a7b45fc4497641.png","height":8,"chars":["乞"],"type":"bitmap","ascent":8},{"file":"minecraft:font/7c702a07688444b9b03d509a38f3c781/357ea277b8a84c80891ad4eb17be59a3.png","height":8,"chars":["也"],"type":"bitmap","ascent":8},{"file":"minecraft:font/360c2bcf2a5e49b985f5bef22c6cc9da/869f878747b546e381a7da4851720c9f.png","height":8,"chars":["习"],"type":"bitmap","ascent":8},{"file":"minecraft:font/ea29a02ceaa44292935a1deccaab98d0/082bf7cf311d47dab1aa66f581664c00.png","height":8,"chars":["乡"],"type":"bitmap","ascent":8},{"file":"minecraft:font/0ebb92b77a974ec98db723eb928d37c5/0032a0eef8374541a4ea180e77d7939c.png","height":8,"chars":["乢"],"type":"bitmap","ascent":8},{"file":"minecraft:font/f2bfd5b48cdd4b08840fd7efa3d61a2c/5593e675650e4f31a194f2d22f5d1a73.png","height":8,"chars":["乣"],"type":"bitmap","ascent":8},{"file":"minecraft:font/1c6c1ac1e10e4024bae01cdb89a41915/ced388c4311b492f81599ce5a1bcac5e.png","height":8,"chars":["乤"],"type":"bitmap","ascent":8},{"file":"minecraft:font/e1439f9c177c4b03b08073dc3d264570/f796cbb8fa654266b09baa60ec6a11e8.png","height":8,"chars":["乥"],"type":"bitmap","ascent":8},{"file":"minecraft:font/655071dec98e460097e531dff5d7cf27/e1f695ef101f4740a641b83fb2dfd52f.png","height":8,"chars":["书"],"type":"bitmap","ascent":8},{"file":"minecraft:font/3044da68581b446ca89eadf41968e7f1/aeb035555d5a4944b86662f590fcb391.png","height":8,"chars":["乧"],"type":"bitmap","ascent":8},{"file":"minecraft:font/1578f5639ef6489abfbe8fac34d05956/fd6313f60b6149ff8cc086cf1b5fbd33.png","height":8,"chars":["乨"],"type":"bitmap","ascent":8},{"file":"minecraft:font/1374f350aecc47ff9ed3bb364dec92b1/16ea520ce686460a9ef6559708ce2194.png","height":8,"chars":["乩"],"type":"bitmap","ascent":8},{"file":"minecraft:font/016ff77bfd474b928dba75a255485974/dac89e1317114175b24867368da8edfd.png","height":8,"chars":["乪"],"type":"bitmap","ascent":8},{"file":"minecraft:font/e44ec829134a498391f9faa88c851ac7/6cb004f1ed2949169d1de7f607f20c43.png","height":8,"chars":["乫"],"type":"bitmap","ascent":8},{"file":"minecraft:font/100cfdd04ecd402396a27e0fbcba1099/8d5d777816574247ab6e4c751fa89798.png","height":8,"chars":["乬"],"type":"bitmap","ascent":8},{"file":"minecraft:font/4342a05dca1f4f9f872cb81eaf44799b/4644e6dd2afc4517a41dce3996f0543f.png","height":8,"chars":["乭"],"type":"bitmap","ascent":8},{"file":"minecraft:font/96401a8c890d4302ab9635f18043d439/a2089734c4a544fe9a60a06039481c7c.png","height":8,"chars":["乮"],"type":"bitmap","ascent":8},{"file":"minecraft:font/007b6b9746864886a39789283836262d/650a19ba55b94118a93dc834246bf822.png","height":8,"chars":["乯"],"type":"bitmap","ascent":8},{"file":"minecraft:font/cb2849c5ac5b4aa2b950c6bbce712c28/456f95ec755a467ebd80c5123bea925a.png","height":8,"chars":["买"],"type":"bitmap","ascent":8},{"file":"minecraft:font/1bc7a8615c234bf4add5bd19c198a0ec/d0f2e128d1444831b4656466a60e02ca.png","height":8,"chars":["乱"],"type":"bitmap","ascent":8},{"file":"minecraft:font/c52433c840894ac0ab5d602e3dc73c35/bcec1f33a3cb4316ba27f2bfe7d7ca2c.png","height":8,"chars":["乲"],"type":"bitmap","ascent":8},{"file":"minecraft:font/834c16e172544e308cfb53ee68b80f3d/a2d1073e70d443579ade379381373869.png","height":8,"chars":["乳"],"type":"bitmap","ascent":8},{"file":"minecraft:font/4f6e11959ddf40eca06c1b016aa113f6/33eac69b664e485fb78e5aed9e411219.png","height":8,"chars":["乴"],"type":"bitmap","ascent":8},{"file":"minecraft:font/4092deedcd12412685c225e1a72069e1/29d096fcf8a34a979da612509e751160.png","height":8,"chars":["乵"],"type":"bitmap","ascent":8},{"file":"minecraft:font/f9edc6d030b34a2a9fb3a1f5bfe0539f/9a2e0ba9362542fb97d82fdf530cc231.png","height":8,"chars":["乶"],"type":"bitmap","ascent":8},{"file":"minecraft:font/86bd631b43c94e3a9cb3fb5befd95f6d/a853d72d52f04e2bbecdb65cdeaca990.png","height":8,"chars":["乷"],"type":"bitmap","ascent":8},{"file":"minecraft:font/9b7bd8e2ab75416294d4b6989733b7d0/7feae33968c341aeb1ae0c34c075e24d.png","height":8,"chars":["乸"],"type":"bitmap","ascent":8},{"file":"minecraft:font/81dd79ca34eb40698b92fb5dbc3201dd/98c77b0686584835a595c8e3e4559e2f.png","height":8,"chars":["乹"],"type":"bitmap","ascent":8},{"file":"minecraft:font/6ef84907b66f4563baa59d54e0748505/1f2ade4b0296459f9f3f97b80c929a59.png","height":8,"chars":["乺"],"type":"bitmap","ascent":8},{"file":"minecraft:font/57936732beb048f081c0ee1ab29e3709/73b28035627f41139c994b89a50dc806.png","height":8,"chars":["乻"],"type":"bitmap","ascent":8},{"file":"minecraft:font/ee40d6939fd346b3bf897479882eb6a9/5bbdeeafbc6b4861884d5a3281b74b3f.png","height":8,"chars":["乼"],"type":"bitmap","ascent":8},{"file":"minecraft:font/1ba21a4aa54b4a1f8f7a696aac6c01d9/a5d061fb00ed4d2a91292a83edad3a99.png","height":8,"chars":["乽"],"type":"bitmap","ascent":8},{"file":"minecraft:font/305d80ab8aa0453cb758971aa109bb02/1e28e0546e9c4e159e3cfa00b4f223a7.png","height":8,"chars":["乾"],"type":"bitmap","ascent":8},{"file":"minecraft:font/c35d1357a6b346f09f80555f0637d291/9b7e5beae87d4929ac2ce4ca1bbc38e0.png","height":8,"chars":["乿"],"type":"bitmap","ascent":8},{"file":"minecraft:font/ed25ccaefd1b49c6b1e22645bf7a8882/0b4b99337a5f46d48fd4632b657351ee.png","height":8,"chars":["亀"],"type":"bitmap","ascent":8},{"file":"minecraft:font/256e0bc63e0b445fb1dabaad08153eef/3ff4795390f44811896f3da911b9895e.png","height":8,"chars":["亁"],"type":"bitmap","ascent":8},{"file":"minecraft:font/ecc57fc92dfe4464927dfae236998349/03452bd9562a43049637905744c0ecc2.png","height":8,"chars":["亂"],"type":"bitmap","ascent":8},{"file":"minecraft:font/309cdc90891443e6a030e90978c7f25d/cf7595fa5b7a489bb26aa84684536c3c.png","height":8,"chars":["亃"],"type":"bitmap","ascent":8},{"file":"minecraft:font/f75c3d482d9c472d91a74be77670ed30/85a20e829b8c42f0aa0dd311790a17fa.png","height":8,"chars":["亄"],"type":"bitmap","ascent":8},{"file":"minecraft:font/5fb189fe456747179b20507202d1a575/fab571a471394c2bb97f91b7ec3a62a1.png","height":8,"chars":["亅"],"type":"bitmap","ascent":8},{"file":"minecraft:font/111157f03a8a4ddfaa0107a7df45708d/ea8c4bf8573c4c20a9413dfd37d4a182.png","height":8,"chars":["了"],"type":"bitmap","ascent":8},{"file":"minecraft:font/bcb8e1fa04e24e12a41445dd461237d6/5480cda0b5b74334a0cc3e353c289a3f.png","height":8,"chars":["亇"],"type":"bitmap","ascent":8},{"file":"minecraft:font/44633c7fb16541c29959d3c36a7ecfb0/c1972ed62f86496fadc3d505ee03cadf.png","height":8,"chars":["予"],"type":"bitmap","ascent":8},{"file":"minecraft:font/f90f78b78161477c9d5d6c1823577d1f/1891a1a2cd6549df814949e037432b21.png","height":8,"chars":["争"],"type":"bitmap","ascent":8},{"file":"minecraft:font/e6c24129aedf4ee89d857c799f2a0b0b/1ce7e131f42649bfa71b1cc599b8bd91.png","height":8,"chars":["亊"],"type":"bitmap","ascent":8},{"file":"minecraft:font/61f5e9d636374f5d847188472cace3e5/41533498e4044398a96a343c27ce4dcb.png","height":8,"chars":["事"],"type":"bitmap","ascent":8},{"file":"minecraft:font/6904ead305df4e359f48c6db29c9bc2c/0e8237a86c9e40a4b6aeb79b30fbd771.png","height":8,"chars":["二"],"type":"bitmap","ascent":8},{"file":"minecraft:font/a7c9d420b7d64f5fbd96799d68c75a1b/18b37f1fe47c40c9b8fc79d470177213.png","height":8,"chars":["亍"],"type":"bitmap","ascent":8},{"file":"minecraft:font/32af033953164f8bb545c36dfbbf3ef5/da6508e9c66e46ddbe50da494174a34b.png","height":8,"chars":["于"],"type":"bitmap","ascent":8},{"file":"minecraft:font/3166f01748fd42eeb16945f804fafff5/21357af4bf69444eb1966e9541ded46c.png","height":8,"chars":["亏"],"type":"bitmap","ascent":8},{"file":"minecraft:font/550b928bc2004a09a4cba0533646548a/c9e9f41d61d742828a3f6b66ef1c349e.png","height":8,"chars":["亐"],"type":"bitmap","ascent":8},{"file":"minecraft:font/6c8a3b316f7b4d5aa6c5db02bcb84ff4/d9a89f2ad53d4901927ff4aa6c106ded.png","height":8,"chars":["云"],"type":"bitmap","ascent":8},{"file":"minecraft:font/62ace6545c854381a61ada55cd4e5824/bb783ecda1514c7b9c067abaf786450f.png","height":8,"chars":["互"],"type":"bitmap","ascent":8},{"file":"minecraft:font/d41dd6dbbd5148599e964e0c25c41b4e/db681fa834cf4334aa191b9959e4e1dc.png","height":8,"chars":["亓"],"type":"bitmap","ascent":8},{"file":"minecraft:font/e2c3b34441b8471aa76dea19e837c9d8/08cf9607ef3442c8b5d843bee1d20001.png","height":8,"chars":["五"],"type":"bitmap","ascent":8},{"file":"minecraft:font/47c7d22b58e34114828cbb9a7c2fb587/86bc468f819c44968990179204d2b0bb.png","height":8,"chars":["井"],"type":"bitmap","ascent":8},{"file":"minecraft:font/53e3c72a4512499aa8c1ed40399edb28/e8a2a0fdb9964b4f956dffef8c1c9eda.png","height":8,"chars":["亖"],"type":"bitmap","ascent":8},{"file":"minecraft:font/50eb0b4b7be44d4ca53f84206c1c7227/d607c80e66da4db8aa461380af6dbe75.png","height":8,"chars":["亗"],"type":"bitmap","ascent":8},{"file":"minecraft:font/63c579dc264a4c17ba4a7da4c1aaaf58/7f8f2ba30a374f308b337a2462b8f189.png","height":8,"chars":["亘"],"type":"bitmap","ascent":8},{"file":"minecraft:font/11a7f695f6cb4a4dbdf5488cb914ba6e/1666f572cf5945e3a0e7034cedc6683c.png","height":8,"chars":["亙"],"type":"bitmap","ascent":8},{"file":"minecraft:font/98b7aa0b33b14eb78ff104c49859b3e6/769b4d4ba7c6473e8cb28d5d53965505.png","height":8,"chars":["亚"],"type":"bitmap","ascent":8},{"file":"minecraft:font/2fee3226a5da4965b1204ef2f93e68d2/0119db40b3bb4e05872f76959565da54.png","height":8,"chars":["些"],"type":"bitmap","ascent":8},{"file":"minecraft:font/4e7acfeba8484d30b6702a48fc925986/26bb465e7c2945fda8d71b7719074e41.png","height":8,"chars":["亜"],"type":"bitmap","ascent":8},{"file":"minecraft:font/70d9b68c7efa43a0879c40cecd18e3d7/f7933aced69147138ccd8a26cb3be86b.png","height":8,"chars":["亝"],"type":"bitmap","ascent":8},{"file":"minecraft:font/0d32031b82b945768284180f0995dff2/4c974da0401b4548ba833d85585208e7.png","height":8,"chars":["亞"],"type":"bitmap","ascent":8},{"file":"minecraft:font/b752094208d34373af0fe3a1e7276a9d/954b83945b0c4c309bb3299dbe1846c3.png","height":8,"chars":["亟"],"type":"bitmap","ascent":8},{"file":"minecraft:font/ec5adc8424e94c588157e2be7170e83b/20d4a48ea4024273bce2506e3ee60b5f.png","height":8,"chars":["亠"],"type":"bitmap","ascent":8},{"file":"minecraft:font/5e252df95d2543eb84c22af23e97a3c3/08e7ea505f8840318826664f933c09c1.png","height":8,"chars":["亡"],"type":"bitmap","ascent":8},{"file":"minecraft:font/4e22240255a042d98bbad1b7c78a9795/220bda245556488390b0c36bdc870054.png","height":8,"chars":["亢"],"type":"bitmap","ascent":8},{"file":"minecraft:font/6ccb40be903c4cd4adcfe16557979dac/a4dc3e569dff47f7bc31dbbb93dc17d9.png","height":8,"chars":["亣"],"type":"bitmap","ascent":8},{"file":"minecraft:font/956ee8896de94b9485c3f8b5f08f0f68/b7dbec4097224112893e4df4e92403da.png","height":8,"chars":["交"],"type":"bitmap","ascent":8},{"file":"minecraft:font/5a407cc475724ebb91366ca11510b4c4/ce4eed1d659346fc89ed8ec4a925e4c1.png","height":8,"chars":["亥"],"type":"bitmap","ascent":8},{"file":"minecraft:font/acf9c9ee04894cd7b62d74feb401641f/bd0b108272d94a55b5582bd7a9bc5ae4.png","height":8,"chars":["亦"],"type":"bitmap","ascent":8},{"file":"minecraft:font/234c91b50d7344c683bba9178c3a06d9/5a1d048b3b7d428cbe35f43fafd5758f.png","height":8,"chars":["产"],"type":"bitmap","ascent":8},{"file":"minecraft:font/b3688b17847042b398961c64490e612a/b2c0fe4b041040f98b055819cebecd7c.png","height":8,"chars":["亨"],"type":"bitmap","ascent":8},{"file":"minecraft:font/23111b84e7da442bb9c76f710a1165a5/63591c16468c48c6b731363a0c271f61.png","height":8,"chars":["亩"],"type":"bitmap","ascent":8},{"file":"minecraft:font/2c4b42edc8ff494ba2ce18456eebca4c/2331528ec86445a29475f5640b286c28.png","height":8,"chars":["亪"],"type":"bitmap","ascent":8},{"file":"minecraft:font/fa1ce9e6443942e7bfd4df8d81d2485f/7b20eb96910e4205b25da2feadc16bf3.png","height":8,"chars":["享"],"type":"bitmap","ascent":8},{"file":"minecraft:font/fb92b2b6097e484b9608d188372cb325/89c9965c064849b1b1e97aa4d25ff7b8.png","height":8,"chars":["京"],"type":"bitmap","ascent":8},{"file":"minecraft:font/cccdb883c1664d859f07d29b58867694/5069bea44f4b41049abbdbfc77c2b5fc.png","height":8,"chars":["亭"],"type":"bitmap","ascent":8},{"file":"minecraft:font/0bda26f5e65c49a6bada223ea1253ec7/e777d3b7899649e8b25605a76c5187ea.png","height":8,"chars":["亮"],"type":"bitmap","ascent":8},{"file":"minecraft:font/edf6220748634b00a88b30a8d6c82979/8143e94702784592ba41d620cc3e9493.png","height":8,"chars":["亯"],"type":"bitmap","ascent":8},{"file":"minecraft:font/767393cd1d6c4860a0501ee56cea959d/6ab545f2f213464fb333b2a575d7ba77.png","height":8,"chars":["亰"],"type":"bitmap","ascent":8},{"file":"minecraft:font/a1d95175be0e4a40bfd5dba01c8ff0c1/401f7fede90c447c871b380495798667.png","height":8,"chars":["亱"],"type":"bitmap","ascent":8},{"file":"minecraft:font/57d6227d5a1d42708023a132fd164574/4547d223057547e29125bad8dd922835.png","height":8,"chars":["亲"],"type":"bitmap","ascent":8},{"file":"minecraft:font/c095b6a2ac804498ad62011050d764ac/439de76788d54921a3391b1c6dad3aee.png","height":8,"chars":["亳"],"type":"bitmap","ascent":8},{"file":"minecraft:font/876fe5a5279e402088e872c92e98fec6/f3310ae4b2984feebda2e843c7bd2ebc.png","height":8,"chars":["亴"],"type":"bitmap","ascent":8},{"file":"minecraft:font/73436fec6b1f499eb61f999b21b6f74f/a2f663f7faf64aa6918fcfba77ee48ac.png","height":8,"chars":["亵"],"type":"bitmap","ascent":8},{"file":"minecraft:font/e83897e742e444eaa7d1df0de9ed6238/b2418e5f61004e05b7fb7412c5a18fdb.png","height":8,"chars":["亶"],"type":"bitmap","ascent":8},{"file":"minecraft:font/3a388d701535443ea4b8a1099203503b/cd3d0e3974b74d5ca68b62505ac49856.png","height":8,"chars":["亷"],"type":"bitmap","ascent":8},{"file":"minecraft:font/0f662d3ad6ab42c4b5daf8f8fdd9cd58/5eb518260df14a26892eb00db8d301ac.png","height":8,"chars":["亸"],"type":"bitmap","ascent":8},{"file":"minecraft:font/3146ac681a1b4018969343a647d4b722/f002da3df1254c339d3a823c65cbc859.png","height":8,"chars":["亹"],"type":"bitmap","ascent":8},{"file":"minecraft:font/5bebd87a179240ea8c422bd8467de7bd/b3c50623ca764a55802c44af84c6cae8.png","height":8,"chars":["人"],"type":"bitmap","ascent":8},{"file":"minecraft:font/e15e1781e2a24071944d1c0181d08ceb/be35988ef1284d5da56be3b6d291aeef.png","height":8,"chars":["亻"],"type":"bitmap","ascent":8},{"file":"minecraft:font/5cd2dbe086634b5bbf1fde5fff929baa/9ed4be8f09ac4baebd8e3491d16f82e3.png","height":8,"chars":["亼"],"type":"bitmap","ascent":8},{"file":"minecraft:font/e82ffdf0d12743c1affb748120f852e7/b83422371c7b4ee5b97f575cb108c415.png","height":8,"chars":["亽"],"type":"bitmap","ascent":8},{"file":"minecraft:font/65445cf75d9348ad9793601c20abd432/ad40445030f84d37b1026ba47d41128a.png","height":8,"chars":["亾"],"type":"bitmap","ascent":8},{"file":"minecraft:font/1a9af606c9574915a18d17a62e51d871/63f4f50fedd34b77b637f8555d1225ef.png","height":8,"chars":["亿"],"type":"bitmap","ascent":8},{"file":"minecraft:font/46fd5e64d2574cd19b84444772d98308/4f27dc7346a44a26bf756669f6c3f645.png","height":8,"chars":["什"],"type":"bitmap","ascent":8},{"file":"minecraft:font/45a1d113ab594f5abc23f2ba7cd0d4f7/cac8c0ea4d0d40a082deec31d51ad1a2.png","height":8,"chars":["仁"],"type":"bitmap","ascent":8},{"file":"minecraft:font/f459e49b7a6b4b2685fa1e824a0fb6bf/02f023fecf96479f9b7f3182db1f81f4.png","height":8,"chars":["仂"],"type":"bitmap","ascent":8},{"file":"minecraft:font/c83ea527976742a3ae9de790cc27fe82/9560fc3ac88a4dc3b099f8a73ad24fe2.png","height":8,"chars":["仃"],"type":"bitmap","ascent":8},{"file":"minecraft:font/b95280afdcdc4e03a0dcdca9f2f66741/fe82e028bfbc4f73ab35806a4e1c5a90.png","height":8,"chars":["仄"],"type":"bitmap","ascent":8},{"file":"minecraft:font/8d66d031605d478baaa5e0f5c21ae574/d1a430800ec349da86c9d6444abe9444.png","height":8,"chars":["仅"],"type":"bitmap","ascent":8},{"file":"minecraft:font/87285d4416dd4c2ca139042bcb6fd0fb/02851dd4632b4befb49d784429639853.png","height":8,"chars":["仆"],"type":"bitmap","ascent":8},{"file":"minecraft:font/d80a436d6e9449339561f7d0500fa342/1bf061fc8b3343aab09252b9b524b914.png","height":8,"chars":["仇"],"type":"bitmap","ascent":8},{"file":"minecraft:font/6f4ba1fc3d044504a0ca6323b08f9182/c5d076460d924d3b9b8d982843410cbe.png","height":8,"chars":["仈"],"type":"bitmap","ascent":8},{"file":"minecraft:font/179a4686fe9c43b2b298693f7786977c/3e8709dd64c0403990412dccc98ccb78.png","height":8,"chars":["仉"],"type":"bitmap","ascent":8},{"file":"minecraft:font/bda703d6b6344c43af5fdc697a822802/e0e42a2333fa4b2c83a9faf29fe41fb1.png","height":8,"chars":["今"],"type":"bitmap","ascent":8},{"file":"minecraft:font/c1bba9aa95b441a3b7d569877d47676b/8099bfc4e0c14af7a93a976846f2117f.png","height":8,"chars":["介"],"type":"bitmap","ascent":8},{"file":"minecraft:font/29b7d070f5a744dc9f44072824659c5a/ce4934a9454b41fda15fd170ddabb7ad.png","height":8,"chars":["仌"],"type":"bitmap","ascent":8},{"file":"minecraft:font/377c530a40d5438bba78559f8130f710/dc3ce03fd3d64c6d80b7edb58a3e9ba0.png","height":8,"chars":["仍"],"type":"bitmap","ascent":8},{"file":"minecraft:font/e8f92a3fdfbe4ce18fba562a3921c5d2/9d09b05fce63444aa1af41b61c93e1dc.png","height":8,"chars":["从"],"type":"bitmap","ascent":8},{"file":"minecraft:font/aa36ddd06e0949769fe2ad6fc459233a/653a2989cdf543589b7818dd65d2359d.png","height":8,"chars":["仏"],"type":"bitmap","ascent":8},{"file":"minecraft:font/169677d5336e4bdfa091ea1cc68f017c/c4a876ddedf941868d15f1b6de42f980.png","height":8,"chars":["仐"],"type":"bitmap","ascent":8},{"file":"minecraft:font/3d8ef14419c04b76b0ea7896963aad42/4392e0819794432180118ff7ffa9f6aa.png","height":8,"chars":["仑"],"type":"bitmap","ascent":8},{"file":"minecraft:font/a39d623e434e45a8b8380c157dac2794/6f025f1699c5424d900147a9bd848f2b.png","height":8,"chars":["仒"],"type":"bitmap","ascent":8},{"file":"minecraft:font/a675f445c1dc4646931ec66362abe1ef/8d22468018034002ab1de54099a97d77.png","height":8,"chars":["仓"],"type":"bitmap","ascent":8},{"file":"minecraft:font/a58c1810215645b8b60c6191fcfa8b30/1405a3e6a0934e12aaffdce130190377.png","height":8,"chars":["仔"],"type":"bitmap","ascent":8},{"file":"minecraft:font/83739741a69d4d2ca2a45c7ad3b64ced/2107fa887e654f4ba9fde2cc355753ea.png","height":8,"chars":["仕"],"type":"bitmap","ascent":8},{"file":"minecraft:font/a4a2242f00f54ff9a0da1a1d560f4533/d8d3ba8248ca4b30901daa2f8f594f4d.png","height":8,"chars":["他"],"type":"bitmap","ascent":8},{"file":"minecraft:font/b2c3620ded574ecf91d85859648b29b9/4cc6b99d39ee454f92ccdc36adcd0332.png","height":8,"chars":["仗"],"type":"bitmap","ascent":8},{"file":"minecraft:font/be62ed22a0ea458dbc83956eb7e0dc8d/b2ba5997cc354d1c8072e88b75ae1ee5.png","height":8,"chars":["付"],"type":"bitmap","ascent":8},{"file":"minecraft:font/39ea2e6bab314cacbec49127663d508c/dde8f616cca1491dbc0d48ffebf669ad.png","height":8,"chars":["仙"],"type":"bitmap","ascent":8},{"file":"minecraft:font/e1fa425f910a48a1b229dc6abf2cd57e/f3e5aeb9246a4d7bbbf494c82c266f6e.png","height":8,"chars":["仚"],"type":"bitmap","ascent":8},{"file":"minecraft:font/7bc92267c9654d8ab6b4ddd063ceb9fb/51f385aa9d6e4fdd9d3a6283d2174638.png","height":8,"chars":["仛"],"type":"bitmap","ascent":8},{"file":"minecraft:font/1e3b813e612f42d38c204f3ca6d1b1bb/8d388b8bcb5143e6bad881799d240928.png","height":8,"chars":["仜"],"type":"bitmap","ascent":8},{"file":"minecraft:font/e871c9681ee6408f8321c63977ec5f69/a59569e6e5434e7aa15cac0e8f923ddf.png","height":8,"chars":["仝"],"type":"bitmap","ascent":8},{"file":"minecraft:font/7b83dd8b089447249cdb75ba80dbde81/33ac0c96b7994dfe9cd5edd87b218a80.png","height":8,"chars":["仞"],"type":"bitmap","ascent":8},{"file":"minecraft:font/2911f0f6098c495cb974bf63dfe0b571/32bd4c3fde044927b169df4fe1359c1b.png","height":8,"chars":["仟"],"type":"bitmap","ascent":8},{"file":"minecraft:font/e5dbc5e38f5a4d728bd9f0db0d8c9748/16a6c54fdf1e456792d9e5e81e227d96.png","height":8,"chars":["仠"],"type":"bitmap","ascent":8},{"file":"minecraft:font/67ed8fb1ae174650a0d2d41b2eb5b8c4/c8edba6faa134e13a50dbd337250385d.png","height":8,"chars":["仡"],"type":"bitmap","ascent":8},{"file":"minecraft:font/d233ab8a985448ba8a1b0347665205e7/8a2884f624b54f839c30c3f93df733e2.png","height":8,"chars":["仢"],"type":"bitmap","ascent":8},{"file":"minecraft:font/98ef0bd104374b318bab51aecb2d6043/a69a9583c5634df4be71edcc377fe95a.png","height":8,"chars":["代"],"type":"bitmap","ascent":8},{"file":"minecraft:font/7c6ac7bb96854df395751dec2ca0f8e9/f0d7f0750ed342528e3b529f913335af.png","height":8,"chars":["令"],"type":"bitmap","ascent":8},{"file":"minecraft:font/ddbfb19550164d4f887768e292b7bd84/fb1ecba4c2aa4156b6852c43373bf825.png","height":8,"chars":["以"],"type":"bitmap","ascent":8},{"file":"minecraft:font/211ab16e41224e6da0e41539dad8fce4/7c16fb2cb39c4196a959db71e2aec7a6.png","height":8,"chars":["仦"],"type":"bitmap","ascent":8},{"file":"minecraft:font/7935902bba914f3e9c53df38a994ecf5/1e5f1c521fb64f16873fd4770fd2407a.png","height":8,"chars":["仧"],"type":"bitmap","ascent":8},{"file":"minecraft:font/b0b6726f9fcf481e9ab01688d10ab900/6ef4f467530a4d6b8147a9ffe911569c.png","height":8,"chars":["仨"],"type":"bitmap","ascent":8},{"file":"minecraft:font/72f20b1d65e147a5b602504fe70ab4dc/b462dc113c034eec912209e46ff2f0a3.png","height":8,"chars":["仩"],"type":"bitmap","ascent":8},{"file":"minecraft:font/a1c7d9d8a69b4b35912e8179b34d9efc/900aca521c604e4692452b2dd24a1029.png","height":8,"chars":["仪"],"type":"bitmap","ascent":8},{"file":"minecraft:font/a05ae438158f4f4ebf490184ffbffe2b/88a2d081a23e4db097ee8a8d096a77f6.png","height":8,"chars":["仫"],"type":"bitmap","ascent":8},{"file":"minecraft:font/2528c6ff026c437dac027ad5e5919f8a/d8b76172d5804c13ac6d0715679fd111.png","height":8,"chars":["们"],"type":"bitmap","ascent":8},{"file":"minecraft:font/f6ffb4e929754bb296ff9dda897347ad/096f60ff291945509f784657fb1af4d0.png","height":8,"chars":["仭"],"type":"bitmap","ascent":8},{"file":"minecraft:font/19d01aec48144fbbbe7f1912f11fee04/a169a3dd4fa5405bbbaf2bcf8e63c4ce.png","height":8,"chars":["仮"],"type":"bitmap","ascent":8},{"file":"minecraft:font/05c1b98c1d804a4686983b38d6748fca/1235523bc1744d33984ea3c311237d1e.png","height":8,"chars":["仯"],"type":"bitmap","ascent":8},{"file":"minecraft:font/ba05313c7dcc4bb1ba68a961ebdc842c/1880b62be2f44624a57c07bccca96074.png","height":8,"chars":["仰"],"type":"bitmap","ascent":8},{"file":"minecraft:font/7c78f5d887854011b47fb6b40aad218b/c939fe525f264768932b559a3a27c960.png","height":8,"chars":["仱"],"type":"bitmap","ascent":8},{"file":"minecraft:font/e02354fde0b344458d1a92cb43946377/cac0749cac47495abe9a9b209bf46c02.png","height":8,"chars":["仲"],"type":"bitmap","ascent":8},{"file":"minecraft:font/e89722e5faa14025badc441fe4236cb2/98e3a860e7f449a7856097edbefee799.png","height":8,"chars":["垗"],"type":"bitmap","ascent":8},{"file":"minecraft:font/ab0d7e729bf4491693d7550ff01d5fd4/c151438a0fd44c27909c590d0eab944c.png","height":8,"chars":["仳"],"type":"bitmap","ascent":8},{"file":"minecraft:font/288e87590a7945b09fcff5961856a14b/eecf155d77e74c09b08e002644530cf5.png","height":8,"chars":["仴"],"type":"bitmap","ascent":8},{"file":"minecraft:font/26000128caa148368fb5d3e765959961/2087af640318426489f13a448963fcbb.png","height":8,"chars":["仵"],"type":"bitmap","ascent":8},{"file":"minecraft:font/d738593f1a1846e0a014ab3f7d2f5cf5/52f3c0bac4f64e7db1d52391d08c6975.png","height":8,"chars":["件"],"type":"bitmap","ascent":8},{"file":"minecraft:font/ad1a40dc04e9412a8bea72b47bddcb69/0fba62325ad84daa88bc81ffdf9c8b75.png","height":8,"chars":["价"],"type":"bitmap","ascent":8},{"file":"minecraft:font/b2a2e5b792d842ee92cd2ddbf66b9cc7/a0279b46871e470e8aaac4fee15ddd1f.png","height":8,"chars":["仸"],"type":"bitmap","ascent":8},{"file":"minecraft:font/da55b0eb71ec48f49a5682c16df65531/513487c9f4c94f06870b75eee81382ba.png","height":8,"chars":["仹"],"type":"bitmap","ascent":8},{"file":"minecraft:font/2e39a84932a8484981c6f1ff8c2d1b43/2d528ea9e70a46e8a6a349273c3b61f5.png","height":8,"chars":["仺"],"type":"bitmap","ascent":8},{"file":"minecraft:font/3715a4f637ad4831b6f6ef199f4bf1e1/693f5da368bc4802b1c9f5775ccde1bf.png","height":8,"chars":["任"],"type":"bitmap","ascent":8},{"file":"minecraft:font/8e336b706e154577a3892916a3ae39d0/72d257128153424ba6da74de79b90e52.png","height":8,"chars":["仼"],"type":"bitmap","ascent":8},{"file":"minecraft:font/e134cb7d2cfd4c778450c52bf66a2a73/b72e2f23d1b2483eb4bd793dea91e488.png","height":8,"chars":["份"],"type":"bitmap","ascent":8},{"file":"minecraft:font/aec60c71b472478789f21f9a4035db82/c74dd2c291e24bd893ad3e06c75babd7.png","height":8,"chars":["仾"],"type":"bitmap","ascent":8},{"file":"minecraft:font/b8adf27c61e547efa4bacc12493d8145/c105ea6de6594e54ad648f68a1e0f65c.png","height":8,"chars":["仿"],"type":"bitmap","ascent":8},{"file":"minecraft:font/c6ad400321d447a6a3c077844b366a8c/ef5777923975415ba0054fde8f28ca1f.png","height":8,"chars":["伀"],"type":"bitmap","ascent":8},{"file":"minecraft:font/ace34c309d864229906fa5603316f1f9/243c1764c72448f59ac5578273d701b0.png","height":8,"chars":["企"],"type":"bitmap","ascent":8},{"file":"minecraft:font/628881d94ce742a0aa33339a4388a318/03ff263ea8124bd1b431a87f92193f13.png","height":8,"chars":["伂"],"type":"bitmap","ascent":8},{"file":"minecraft:font/33e4bad52ef84712aedf9da29199951c/e0b818434b2243a9b035642867822672.png","height":8,"chars":["伃"],"type":"bitmap","ascent":8},{"file":"minecraft:font/895ee1087db242db8c5777655bb54132/29e7044177574a2e9cea2c7eaf482599.png","height":8,"chars":["伄"],"type":"bitmap","ascent":8},{"file":"minecraft:font/6ed727d8367a423aaa73ccc170636667/83ab26dc7f7740a983fe33f27dbb14f7.png","height":8,"chars":["伅"],"type":"bitmap","ascent":8},{"file":"minecraft:font/407fb574ee1c41069eaa01a6c7ec1f0a/129153a6dbd84e4485964cff7e203ce2.png","height":8,"chars":["伆"],"type":"bitmap","ascent":8},{"file":"minecraft:font/a002bdca17fe48689e8285f6837c8d74/1522b278ea594976893d1f532e944bf2.png","height":8,"chars":["伇"],"type":"bitmap","ascent":8},{"file":"minecraft:font/23183ec961d34dce8f2324358250facb/25647db08bfa4773b795b5e155b89774.png","height":8,"chars":["伈"],"type":"bitmap","ascent":8},{"file":"minecraft:font/b3d0fd1cbb8e43bbbe7c36c9030fbfe1/6a193a99000040448a7348b6b89cc1ed.png","height":8,"chars":["伉"],"type":"bitmap","ascent":8},{"file":"minecraft:font/0c96b50b41e34ae3a4cc73846e441cb9/c9992c59763d4f15a2d16d577ba684e7.png","height":8,"chars":["伊"],"type":"bitmap","ascent":8},{"file":"minecraft:font/78d2d87e1cc4430cb44f26ea4f947af1/c16c287f9e1b4c7a85589d0761675ff6.png","height":8,"chars":["伋"],"type":"bitmap","ascent":8},{"file":"minecraft:font/450b1409074b41eb934cd9be15168278/e79dd7f8102542bb94f58345f3461d22.png","height":8,"chars":["伌"],"type":"bitmap","ascent":8},{"file":"minecraft:font/378725a9011148119643d46a55a0678a/9d015e1b841543599fdf68c29aa28a91.png","height":8,"chars":["伍"],"type":"bitmap","ascent":8},{"file":"minecraft:font/cfe8ce7ae1694efaa8ef592284d4ce88/723a0f54a9984e48a55d9c9c5f3f5bd3.png","height":8,"chars":["伎"],"type":"bitmap","ascent":8},{"file":"minecraft:font/398fbdb3bd4446129f0fb367982432a9/a403b47360874451b6d8a2ff915436cc.png","height":8,"chars":["伏"],"type":"bitmap","ascent":8},{"file":"minecraft:font/e27bc2de2c264ddc81466fcc5fffe8d4/fa42514a1b0746cb889d80077ebf8e1e.png","height":8,"chars":["伐"],"type":"bitmap","ascent":8},{"file":"minecraft:font/b567683f3c29488d9688d5782578337d/0840deec6f994566bdaba85ce11c96cf.png","height":8,"chars":["休"],"type":"bitmap","ascent":8},{"file":"minecraft:font/b964658287af4d8c9d3241cae74a60d4/4bc0611920fe499d9d95754b819bdc1b.png","height":8,"chars":["伒"],"type":"bitmap","ascent":8},{"file":"minecraft:font/c5f64b080a2d48eb8040f14b4deefcaf/761286a388c5455b8111961915453875.png","height":8,"chars":["伓"],"type":"bitmap","ascent":8},{"file":"minecraft:font/ea991821e0144e849a2194d7d4ad6476/7c146b61abc44456811d3d089aa28ee8.png","height":8,"chars":["伔"],"type":"bitmap","ascent":8},{"file":"minecraft:font/f6ded9747c6849ae83c4b3d8d0637cb5/17854a81d12e452fb212cc05e1531de2.png","height":8,"chars":["伕"],"type":"bitmap","ascent":8},{"file":"minecraft:font/77ca9bb83dc542e6abd14e7c70f15498/ced261054b7543cb8807866a6ca87190.png","height":8,"chars":["伖"],"type":"bitmap","ascent":8},{"file":"minecraft:font/8a2d5b7c732545e396687aa9eec6e13e/4712d10b7bc545c8bad9e1e8603e4233.png","height":8,"chars":["众"],"type":"bitmap","ascent":8},{"file":"minecraft:font/bb8642a8c2d1405b9b13d3b2ea32f984/8b1f3f7a5c574c788a171933dd71cbcb.png","height":8,"chars":["优"],"type":"bitmap","ascent":8},{"file":"minecraft:font/cd20280683c249269b3c20571ef28005/0f6827a61a364fb08bb76ab81c33e4f9.png","height":8,"chars":["伙"],"type":"bitmap","ascent":8},{"file":"minecraft:font/487597152b1542a095831cfc3da0544d/b74fd10be3264397a45ea3bc5cc744b6.png","height":8,"chars":["会"],"type":"bitmap","ascent":8},{"file":"minecraft:font/845b9d6340574c9684d00cb1d0f2768b/461fbaab726b471e89009b20c3e0273a.png","height":8,"chars":["偹"],"type":"bitmap","ascent":8},{"file":"minecraft:font/65c855b74e1143b191b1ad3514f9bc07/13ad195482444b3cbfa1322bd8e4d61d.png","height":8,"chars":["偺"],"type":"bitmap","ascent":8},{"file":"minecraft:font/05bb53aef44b45469c6fa485965e0c7f/ebee432c5c144da3adc5311d402e1b87.png","height":8,"chars":["偻"],"type":"bitmap","ascent":8},{"file":"minecraft:font/c31bc6c8aba9478c95a173d99a1a1d26/2ed5990aa8b7435ca5d97d44cec5cc79.png","height":8,"chars":["偼"],"type":"bitmap","ascent":8},{"file":"minecraft:font/2be1117583a1474e9bc6e0792f868172/f454854033994beb803e3ff5af3a655a.png","height":8,"chars":["偽"],"type":"bitmap","ascent":8},{"file":"minecraft:font/2e0c9506782c47d1a0e324a8d60d5853/78eccb08a24e48d18ca14ef0beb471f6.png","height":8,"chars":["偾"],"type":"bitmap","ascent":8},{"file":"minecraft:font/bf2ca90fd5c5409d8d50a0a02a812b21/a408f326d34a4bc1a2e8befbabb3d803.png","height":8,"chars":["偿"],"type":"bitmap","ascent":8},{"file":"minecraft:font/8e71828bb5024114bb47fc90ba48f6ff/d2ebc4818f194b38bcc36f75dac2ba97.png","height":8,"chars":["傀"],"type":"bitmap","ascent":8},{"file":"minecraft:font/c482304f6c9843b99675a6f710ee4cee/366a4346f8874c4abae04f482eae593e.png","height":8,"chars":["傁"],"type":"bitmap","ascent":8},{"file":"minecraft:font/8bd0c59c723b455789f9c39e55470e88/b56a1b3ed3594f139c348e49feee2742.png","height":8,"chars":["傂"],"type":"bitmap","ascent":8},{"file":"minecraft:font/0d12c4fdeed646f0af3657584adab030/d3fa0515a3b34c2c848c71c345f341b4.png","height":8,"chars":["傃"],"type":"bitmap","ascent":8},{"file":"minecraft:font/3ff7f0ca72bf4bb4925de140409d45bc/6f274443f62748cfbf7b0107e5a631f6.png","height":8,"chars":["傄"],"type":"bitmap","ascent":8},{"file":"minecraft:font/eb9304782f994ed891bdde053ad95de5/35b1ed2e2d764ee9a01bf311c42b79b1.png","height":8,"chars":["傅"],"type":"bitmap","ascent":8},{"file":"minecraft:font/5d7a4929aab34f3688217dea2387c7ba/92d018dd65094c4b84ba92db94a2cefa.png","height":8,"chars":["傆"],"type":"bitmap","ascent":8},{"file":"minecraft:font/c9a217c9067441b3a7bc1cdc6823ba3b/f3cdde51445841788e246c14a082afca.png","height":8,"chars":["傇"],"type":"bitmap","ascent":8},{"file":"minecraft:font/e9f5052d439a413589c5c7bab9cdecf9/88c48b98e4214394867b0123b9f3022f.png","height":8,"chars":["傈"],"type":"bitmap","ascent":8},{"file":"minecraft:font/f7df895a42384b4a846443d2e3fd8f1a/e82d3a370dab43a28b5b61bd2ecdf128.png","height":8,"chars":["傉"],"type":"bitmap","ascent":8},{"file":"minecraft:font/89d7b75c941c4af1b0a221ba39ff321e/e48a3d17d9664032845e00ccbcd0c628.png","height":8,"chars":["傊"],"type":"bitmap","ascent":8},{"file":"minecraft:font/bc56a7b343384cf392552f31c0994320/4f140d28e8b8463f9f276e47e6ea3a54.png","height":8,"chars":["傋"],"type":"bitmap","ascent":8},{"file":"minecraft:font/48a0a25275b044f6ad9a377341d9c984/b367982553534cd9a1d4b78b9cb35556.png","height":8,"chars":["傌"],"type":"bitmap","ascent":8},{"file":"minecraft:font/657737beb01b42349957399e3660448e/96cc0553ee4646f7886e20487e7c4a3b.png","height":8,"chars":["垃"],"type":"bitmap","ascent":8},{"file":"minecraft:font/f5d5ca629e48479ab7a65dde0a533b4c/7f8e910725c241e5aac3730f56158b90.png","height":8,"chars":["垄"],"type":"bitmap","ascent":8},{"file":"minecraft:font/7ef4ebb022c846dbaa43a14eafcdc6e0/253af1d7829548f9abdb376aabe75c1b.png","height":8,"chars":["垅"],"type":"bitmap","ascent":8},{"file":"minecraft:font/0de533fc2b7b4ceca68e017858800d03/3bd50bcd93e24f1480fbd6b2f8bd55af.png","height":8,"chars":["垆"],"type":"bitmap","ascent":8},{"file":"minecraft:font/5edb4cfaccf941e7a498894ad79f8bc0/b0e8bd66c98343f097a67fc01bce709b.png","height":8,"chars":["垇"],"type":"bitmap","ascent":8},{"file":"minecraft:font/c065677f87014940836dfe5ac69e5526/8acee2b232b540658af51951e0e4eb08.png","height":8,"chars":["垈"],"type":"bitmap","ascent":8},{"file":"minecraft:font/0b366489b5074c319b4e79dec80b80d7/fd2ca99ead0e4ccfa5fafef88db5ed9a.png","height":8,"chars":["垉"],"type":"bitmap","ascent":8},{"file":"minecraft:font/391b770cd45a425393fc950757ef5a03/c63aa37f5b1a42629f3b9fc7634d22ad.png","height":8,"chars":["垊"],"type":"bitmap","ascent":8},{"file":"minecraft:font/0e66b68a0e8940029e42ad359a197121/df8338adaa65421784fcd9804370bc47.png","height":8,"chars":["型"],"type":"bitmap","ascent":8},{"file":"minecraft:font/6d00aa0cbb2c4d0695142e46d35a36a9/b0d501cfae874f0b8a84e8beb8288aa4.png","height":8,"chars":["垌"],"type":"bitmap","ascent":8},{"file":"minecraft:font/9edab7f120164bb6b20a3bb557be481c/7cce9ea44b6f4a718b241246d64f7e71.png","height":8,"chars":["垍"],"type":"bitmap","ascent":8},{"file":"minecraft:font/4eeb35c0d156473cb20996877a9071b1/c0c115fc08394eef807a62850d05415b.png","height":8,"chars":["垎"],"type":"bitmap","ascent":8},{"file":"minecraft:font/811af574d72f41feacc5a74e34b01791/4e2d8c52b88543e6a52bf3ecab7882bf.png","height":8,"chars":["垏"],"type":"bitmap","ascent":8},{"file":"minecraft:font/4f13b3ddf79a450f9fb45c1138219881/d7a6e4d2718645e3977bc7b8ba9d9eba.png","height":8,"chars":["垐"],"type":"bitmap","ascent":8},{"file":"minecraft:font/fdf5ed2d368d4aca91fae634c2504ab8/13dd71e1ed5d4a39b8e68a73be6c0339.png","height":8,"chars":["垑"],"type":"bitmap","ascent":8},{"file":"minecraft:font/e6f7bf0013d34b73b9cb03a45a20d961/4c3579c214e246ca9da10c73892e9747.png","height":8,"chars":["垒"],"type":"bitmap","ascent":8},{"file":"minecraft:font/ed67e2073f8f44cfb4bce98f15a2ff2b/8b0d7948de9d40e1a6ec18942fa994ae.png","height":8,"chars":["垓"],"type":"bitmap","ascent":8},{"file":"minecraft:font/be7a008320ac4b5388a88889c2dc57aa/696ffd1540e84143a342aa8b13aae999.png","height":8,"chars":["垔"],"type":"bitmap","ascent":8},{"file":"minecraft:font/a3bfa690417c46809836b744d0ff16de/0bba2c0269054da9ba7a030d32607939.png","height":8,"chars":["垕"],"type":"bitmap","ascent":8},{"file":"minecraft:font/912157634b9047159375863232dd00d4/76578c3090904cf69637109788e09a7d.png","height":8,"chars":["垖"],"type":"bitmap","ascent":8},{"type":"bitmap","file":"font/pixel.png","ascent":-1000,"height":-2,"chars":["ᨓ"]},{"type":"bitmap","file":"font/pixel.png","ascent":-10000,"height":1,"chars":["ᨒ"]},{"type":"bitmap","file":"font/pixel.png","ascent":-10000,"height":-2,"chars":["⻙"]}]}