{"providers":[{"chars":["垜"],"type":"bitmap","ascent":16,"file":"minecraft:font/2e8aedab71464c6b86b99cac1d1e56e3/d58bba2101d34513a68bf8d3654bd612.png","height":16},{"chars":["一"],"type":"bitmap","ascent":16,"file":"minecraft:font/30a14d48c7d44ae68454d5119d65f5ae/64405d99d7084453adbfeb7e781cf6cf.png","height":16},{"chars":["丁"],"type":"bitmap","ascent":8,"file":"minecraft:font/b5120ba88e804dce810d198231800845/a3b6afa62abb45dd94d93a4a106ccf61.png","height":8},{"chars":["垞"],"type":"bitmap","ascent":8,"file":"minecraft:font/2463184e462843a0a9a336061844a0e3/d0b25de6a9d14757a5f8a95b54f9b90d.png","height":8},{"chars":["丂"],"type":"bitmap","ascent":8,"file":"minecraft:font/9a3643aaa0d94bf89159ddcdbf1b668a/b0c98a21aa6141849fcc4791c62bcca5.png","height":8},{"chars":["七"],"type":"bitmap","ascent":8,"file":"minecraft:font/9a8efb2a122e4d498d978f2b186432e6/525ace793eb74bc6bf9c0f154a3e539e.png","height":8},{"chars":["丄"],"type":"bitmap","ascent":8,"file":"minecraft:font/656be76f43714e0ea894c1d13210b5b0/3828469bf2ed46aba40cc00aa0831df9.png","height":8},{"chars":["丅"],"type":"bitmap","ascent":8,"file":"minecraft:font/bcea129e5d65447986e37001c79c5482/81d3bc6b5c964ae1a23e839767b9c9ed.png","height":8},{"chars":["丆"],"type":"bitmap","ascent":8,"file":"minecraft:font/b021e0fd70a34e1c9d266dfbdaa328b8/017fbbf93feb40d8ad06662178a80c84.png","height":8},{"chars":["万"],"type":"bitmap","ascent":8,"file":"minecraft:font/e8b26552402142129a4f14924f543009/9958cc8aef5f46a1b934c0159113d448.png","height":8},{"chars":["丈"],"type":"bitmap","ascent":8,"file":"minecraft:font/1d12c2a33f874395a8a387e1fdcec961/017bc710402e4164a305d3f87544c6c8.png","height":8},{"chars":["三"],"type":"bitmap","ascent":8,"file":"minecraft:font/449451a893294689ba2f84fca240ee53/287d429cc0ad42188f322d2b262b6e30.png","height":8},{"chars":["上"],"type":"bitmap","ascent":8,"file":"minecraft:font/31fc24b4e1b64e5da6c94830a91275e5/59bbfd654316409089656159e67a24dc.png","height":8},{"chars":["下"],"type":"bitmap","ascent":8,"file":"minecraft:font/452e6f9afd8a485b97c81c46750847ca/ff96413f031c4d758e686424bdfedba8.png","height":8},{"chars":["丌"],"type":"bitmap","ascent":8,"file":"minecraft:font/f53ed9046eb44eacb971a905401e8f7b/e1fbf648f85e4c628c608c8f132a2a24.png","height":8},{"chars":["不"],"type":"bitmap","ascent":8,"file":"minecraft:font/4f8afc6787f845e1a9fb2bcb0e45f101/b6987a7ac45e45baae77295907ac7531.png","height":8},{"chars":["与"],"type":"bitmap","ascent":8,"file":"minecraft:font/5b1b74c35d1d4ee881836355d918769a/9c3fa3481d9947edb4ded6d8dd343dfe.png","height":8},{"chars":["丏"],"type":"bitmap","ascent":8,"file":"minecraft:font/fc6a3ce91419447d8a830a244752eb9f/00a95cc9b4a64f43b4e28195df05ff78.png","height":8},{"chars":["丐"],"type":"bitmap","ascent":8,"file":"minecraft:font/6cbba1e6f7954a9c927d286ac599cecc/171f38baa65f40a9857ec38269c32482.png","height":8},{"chars":["丑"],"type":"bitmap","ascent":8,"file":"minecraft:font/6a845faa1c714e618c3631e68b668740/77143ee3919b41db93e51f45827c973c.png","height":8},{"chars":["丒"],"type":"bitmap","ascent":8,"file":"minecraft:font/6c66853803a64dd0b3bbba8a1102cea9/432cdbba2e534e10802e0323f35d6f89.png","height":8},{"chars":["专"],"type":"bitmap","ascent":8,"file":"minecraft:font/8f1a6e7052774ce7a5343cbb4dca9504/2b354370af8045f2b380f2a477462775.png","height":8},{"chars":["且"],"type":"bitmap","ascent":8,"file":"minecraft:font/a5c7c03cf7c94b2aad2036e3b90b39bf/d1fd32f3bbcf4f81964c7708b59e0bb3.png","height":8},{"chars":["丕"],"type":"bitmap","ascent":8,"file":"minecraft:font/b5c7e9bf894d4b8c9ae0b58d7e211f98/93cc181829c84826af92055cbe2681cd.png","height":8},{"chars":["世"],"type":"bitmap","ascent":8,"file":"minecraft:font/aaaee1b1b68349d9a1a45da2a0281b28/631f668499764e1cbc8732290ea36be4.png","height":8},{"chars":["丗"],"type":"bitmap","ascent":8,"file":"minecraft:font/e025a4d6e32240a8b88243bb1284db19/e2613b6bc0204bd2b9310ec646cb732a.png","height":8},{"chars":["丘"],"type":"bitmap","ascent":8,"file":"minecraft:font/d81b3ec5b5f14c1fa3ad47e653999878/a32431803ecb480da1bfc64df3ee5e12.png","height":8},{"chars":["丙"],"type":"bitmap","ascent":8,"file":"minecraft:font/2022e948b87d430c9c7e1cd139d18edf/ce6e4dcde7dc4ea69f9e5ea7929e727f.png","height":8},{"chars":["业"],"type":"bitmap","ascent":8,"file":"minecraft:font/81ee5ae6eb3f4291b566964e4b403f75/b3f0711850694029b394d2b8a497c513.png","height":8},{"chars":["丛"],"type":"bitmap","ascent":8,"file":"minecraft:font/70f6b818afec471b9e2d72bd19d6b8f2/08a1eda7c37d4ef2b001327de842d139.png","height":8},{"chars":["东"],"type":"bitmap","ascent":8,"file":"minecraft:font/4c78b82805884062b5c3e7be8ff2c74d/e0334f306fb8426eb32cdf14a5b9c9ab.png","height":8},{"chars":["丝"],"type":"bitmap","ascent":8,"file":"minecraft:font/6721af2d1945495db588c67fd598cdd1/885cda2a6e7e4677980010d05d3598e9.png","height":8},{"chars":["丞"],"type":"bitmap","ascent":8,"file":"minecraft:font/d5c65b3ff5b043e8a4662ca1960667f2/4577a5accbe54156b255ef836cb85ad9.png","height":8},{"chars":["丟"],"type":"bitmap","ascent":8,"file":"minecraft:font/8099da7dd58e43d49447ab50280b9757/5b0e0dfdb092440681f74aa33ec4633b.png","height":8},{"chars":["丠"],"type":"bitmap","ascent":8,"file":"minecraft:font/864cf05a91984efba5236b3560370e97/b5eceef5e08d4988a185da322946046f.png","height":8},{"chars":["両"],"type":"bitmap","ascent":8,"file":"minecraft:font/b52f46125484428cbec73cd7157e553e/d8f111c5496a4558a1f6e0b542cc1787.png","height":8},{"chars":["丢"],"type":"bitmap","ascent":8,"file":"minecraft:font/41cf2f729ea0472e840db8b1d136d1bb/c9403f5a4ba64444a2ae8cce014facca.png","height":8},{"chars":["丣"],"type":"bitmap","ascent":8,"file":"minecraft:font/f72909aad5334a178cd5a7a4d3737156/18b6a5c08ee74466b7b6b342863b1845.png","height":8},{"chars":["两"],"type":"bitmap","ascent":8,"file":"minecraft:font/c5ae902ab3444cbf95c0b6b45d4e8cc2/d9d1aa15174d4a41a795935d5716f569.png","height":8},{"chars":["严"],"type":"bitmap","ascent":8,"file":"minecraft:font/ee2f0712945342d59fd953c0fdaa9b93/7eca231e5b1443c5bc2fdd1be2b35e76.png","height":8},{"chars":["並"],"type":"bitmap","ascent":8,"file":"minecraft:font/c068285f5e9d431d957677f6ed1aff0f/d37decba77324af2a9352dc8cc3a8022.png","height":8},{"chars":["丧"],"type":"bitmap","ascent":8,"file":"minecraft:font/a4e452a121b14f328a5e0f938e51cdde/e572830469cf40f290c3af9a5c63b6ae.png","height":8},{"chars":["丨"],"type":"bitmap","ascent":8,"file":"minecraft:font/5af45931fd8340159751c6d9a717f8a7/458a53e8f5084c6c9b0fe23bd3df3e4b.png","height":8},{"chars":["丩"],"type":"bitmap","ascent":8,"file":"minecraft:font/c3bd82559eea4b49a5759e11bf7d4579/e4e93ac88dbd4773985858bbfceddd24.png","height":8},{"chars":["个"],"type":"bitmap","ascent":8,"file":"minecraft:font/736b2d379a69487597ebac9f02bc4d28/c264040065bc43ad843f427f152ec6f6.png","height":8},{"chars":["丫"],"type":"bitmap","ascent":8,"file":"minecraft:font/e4e2f14fa8fb44e488981e7dd98c9f00/2577c4d612734cfea54172076780445a.png","height":8},{"chars":["丬"],"type":"bitmap","ascent":8,"file":"minecraft:font/ccb34d5111814dec899b461cd9a02b23/dfdf3845954d412c9aa42c7578f45cec.png","height":8},{"chars":["中"],"type":"bitmap","ascent":8,"file":"minecraft:font/9ffab93b3f7c4ea0a2a6c011ec12bfe9/c5d0e86dbb8d4a1da9ac342d9b605dc2.png","height":8},{"chars":["丮"],"type":"bitmap","ascent":8,"file":"minecraft:font/6a716df8819942288f3546bfcd4a4f52/dfd4e905c5d8445aa73bf4ca860b728b.png","height":8},{"chars":["丯"],"type":"bitmap","ascent":8,"file":"minecraft:font/44eb861153df4f53a2ee103ac9a8b445/2885e25c14ce41faa1812f28b4a96c10.png","height":8},{"chars":["丰"],"type":"bitmap","ascent":8,"file":"minecraft:font/83fd017e61b4464a909a657cab29e8ac/be7b220aa6a54b41b82fb48ff17202f1.png","height":8},{"chars":["丱"],"type":"bitmap","ascent":8,"file":"minecraft:font/ba3cae0b1e9d4af48117a504bd60e15c/29387f86d26d46d493126719bb0797f6.png","height":8},{"chars":["串"],"type":"bitmap","ascent":8,"file":"minecraft:font/9032b4e416db4370aedcaec546129f05/5c44024d8d0c4f1a9df11a060ef0446a.png","height":8},{"chars":["丳"],"type":"bitmap","ascent":8,"file":"minecraft:font/d00e1b40d4664582b7331d9f7c458c5a/7034b89059ea46f6b243bd8637f8cdfe.png","height":8},{"chars":["垙"],"type":"bitmap","ascent":16000,"file":"minecraft:font/cc5a67957038477bade8b4f910321ff9/4105aa546d044808b0db0e44a11ea9b2.png","height":16000},{"chars":["亖"],"type":"bitmap","ascent":8,"file":"minecraft:font/1e0805894b3941958e5f8d44c6bc4552/f9329cb24a254868b21ff01db09a19fe.png","height":8},{"chars":["亗"],"type":"bitmap","ascent":8,"file":"minecraft:font/283d19e353ea4816b327479e7d9c2289/a205466f489d4b49857c4dd5f9877990.png","height":8},{"chars":["亘"],"type":"bitmap","ascent":8,"file":"minecraft:font/167fac866894442e885b61e5b4c98bdd/8689cbea8f94473c9f228bf699ad3c91.png","height":8},{"chars":["亙"],"type":"bitmap","ascent":8,"file":"minecraft:font/901f46209aa54ab3b242ca9a9088c2b1/9e5a792eac5e40d2bd7bb21a85301a12.png","height":8},{"chars":["亚"],"type":"bitmap","ascent":8,"file":"minecraft:font/5754ee8dc9aa4b72951186ade232ff9c/a15352008243419a8a16381eebb32a21.png","height":8},{"chars":["些"],"type":"bitmap","ascent":8,"file":"minecraft:font/bb2b5004e167421ebd2478657c53cd83/16f1fe862dd14c76ac674831b51542f1.png","height":8},{"chars":["亜"],"type":"bitmap","ascent":8,"file":"minecraft:font/dee6cc4497034b8b9b02edad318f1932/eae75f2f28fa4ec0a62dd32d4c042ea3.png","height":8},{"chars":["亝"],"type":"bitmap","ascent":8,"file":"minecraft:font/3d1e8c1829e84cb49fa06f3eccfed4ce/e8f6c7d33b694a92b42b6426f4236c4b.png","height":8},{"chars":["亞"],"type":"bitmap","ascent":8,"file":"minecraft:font/0c63ef9de4ca4d3a98dcf9fc4f1de4c3/28fd2ce83a8b4923a06f125ccb62f043.png","height":8},{"chars":["亟"],"type":"bitmap","ascent":8,"file":"minecraft:font/3dbd6282e6d84386a11ccde73249176c/598e356546e04a859fa09f532427007c.png","height":8},{"chars":["亠"],"type":"bitmap","ascent":8,"file":"minecraft:font/06c524d377e34e00b16df59a62442d5e/c8928b22b9014019a862e89513560d86.png","height":8},{"chars":["亡"],"type":"bitmap","ascent":8,"file":"minecraft:font/5369f8af72d247d398459fa68d2c9dd8/4952e389c4004eedaad3329816ed879d.png","height":8},{"chars":["亢"],"type":"bitmap","ascent":8,"file":"minecraft:font/f1da363983cd4f1a8bf651ca1403f24a/c54863bf2e1147aa89ea995a32fb0658.png","height":8},{"chars":["亣"],"type":"bitmap","ascent":8,"file":"minecraft:font/7449fc31a95b435e96a68929fa495751/0161bf35c6b2410fb0c0fbdff85f109d.png","height":8},{"chars":["交"],"type":"bitmap","ascent":8,"file":"minecraft:font/603014f529894417a0c40ed14e247e7d/0ff0cd1a6a274cf2be0cbb58dcda1293.png","height":8},{"chars":["亥"],"type":"bitmap","ascent":8,"file":"minecraft:font/7a057d0a21f540e58e588ffb3bf40fd8/3366c29ab5a1460f8605c5736471606e.png","height":8},{"chars":["亦"],"type":"bitmap","ascent":8,"file":"minecraft:font/c6ade180eb5f419a8d45838a7daa3e70/08f4e1e98c9f451d95a4be60b183ed3b.png","height":8},{"chars":["产"],"type":"bitmap","ascent":8,"file":"minecraft:font/f72e00bbb64149b08b6d4f18d1e7b8b0/b7aaf818cf77423a9ff57513a8582c48.png","height":8},{"chars":["亨"],"type":"bitmap","ascent":8,"file":"minecraft:font/437e404368624a8cbb06c68095fb2c3e/6584fd9fc72947bdabf29aa5498b43f1.png","height":8},{"chars":["亩"],"type":"bitmap","ascent":8,"file":"minecraft:font/87640266fa164aaaa287b85ca1d5cb22/81ba356cb403444d89c1fe6ee544db5b.png","height":8},{"chars":["亪"],"type":"bitmap","ascent":8,"file":"minecraft:font/ef30c2c2ada740b799a5ba481d54eec6/0ab69cbc2cfb4c1194bc929300b62e5a.png","height":8},{"chars":["享"],"type":"bitmap","ascent":8,"file":"minecraft:font/0fbee506e4c84bd599c2d548b5152407/0130e0473ec04afc978cfe621f8c7e5d.png","height":8},{"chars":["京"],"type":"bitmap","ascent":8,"file":"minecraft:font/e0b4c9eb66d5458da54ac7f04848ef55/96322a463688488b84aaad3c4c096789.png","height":8},{"chars":["亭"],"type":"bitmap","ascent":8,"file":"minecraft:font/15bb2c8e58e04992ae4199415a4866ea/ddda2982923e4920a97f6a958fe96c4e.png","height":8},{"chars":["亮"],"type":"bitmap","ascent":8,"file":"minecraft:font/07b0e601953d48a6b6ff17e743767099/845cd2dabdd74447b76fef977502336c.png","height":8},{"chars":["亯"],"type":"bitmap","ascent":8,"file":"minecraft:font/c02c061b2579407b847fb510316640b5/686e809f4cf442f19134d642d7550c8c.png","height":8},{"chars":["亰"],"type":"bitmap","ascent":8,"file":"minecraft:font/1b1c352d14c4466db79c1f798f59dab1/dcd8f4df37d54e1385552ed01a6a5c2d.png","height":8},{"chars":["亱"],"type":"bitmap","ascent":8,"file":"minecraft:font/cc684267c7e6492b866f5ff557f3edc2/f62833ee8af3437bbc845c5fef940e61.png","height":8},{"chars":["亲"],"type":"bitmap","ascent":8,"file":"minecraft:font/ca81e11460f1420d8ddd416c8c30040a/1166c612444744e3ad1676f51a3c6e98.png","height":8},{"chars":["亳"],"type":"bitmap","ascent":8,"file":"minecraft:font/c2398e81c456426c97590b6a9db37cde/b08f59963e3741c18834c0266066034b.png","height":8},{"chars":["亴"],"type":"bitmap","ascent":8,"file":"minecraft:font/8936dad8619b48649443c9a568e93903/499d5df162354a8a98b63dd143ca8e9b.png","height":8},{"chars":["亵"],"type":"bitmap","ascent":8,"file":"minecraft:font/2a55aca6b68a4344ba19b5f77a3dea4d/c77dd2925e2a4d909fd278a159a22bb6.png","height":8},{"chars":["亶"],"type":"bitmap","ascent":8,"file":"minecraft:font/a0894bbb8ad14e5da579c6410ad7b0b0/97b4ac88e33e4666b4f924654b845df0.png","height":8},{"chars":["亷"],"type":"bitmap","ascent":8,"file":"minecraft:font/216eb5313d8b40cb9ee38791b8303dbf/038998b6b2924752b2f8af5dc0b77739.png","height":8},{"chars":["亸"],"type":"bitmap","ascent":8,"file":"minecraft:font/31311a49cfe24ab7aa4f1861ffa4cd25/f395f3fc8a6b4c8ab57ff59f912759f9.png","height":8},{"chars":["亹"],"type":"bitmap","ascent":8,"file":"minecraft:font/787c4d8cad064db8921768e9bd11d9ca/7a481126646c4d82a3ee076bc8818665.png","height":8},{"chars":["人"],"type":"bitmap","ascent":8,"file":"minecraft:font/d55b61a310bc43a4a657e9c8b7b78170/ce7698d0265b41b4aedb06540115379f.png","height":8},{"chars":["亻"],"type":"bitmap","ascent":8,"file":"minecraft:font/f5af0e53b09b4f6e8464c91183a8cd33/5f60636ac09949f19456b97128575faa.png","height":8},{"chars":["亼"],"type":"bitmap","ascent":8,"file":"minecraft:font/ea80c76cee364ad3a7e8a851b927eff4/cb822fa4703c43b28a7eb559a9bbee89.png","height":8},{"chars":["亽"],"type":"bitmap","ascent":8,"file":"minecraft:font/18474013c8064c0bb4f22d26694e5bb0/971dd74f07f447aa9a309f552e6a1cf0.png","height":8},{"chars":["亾"],"type":"bitmap","ascent":8,"file":"minecraft:font/0da7783dffbc4dcc830f8385c5a43766/44449797b9d34899bdf69aa459e0ffab.png","height":8},{"chars":["亿"],"type":"bitmap","ascent":8,"file":"minecraft:font/421d04c1aba04cfab959a5e9d8d1b253/4fcf6cd6a0e0437e91470e3a25f0d099.png","height":8},{"chars":["什"],"type":"bitmap","ascent":8,"file":"minecraft:font/4bfc0f1c8e3147df97b2788a8e560f90/20fd91667156426e9660bce02aecb7af.png","height":8},{"chars":["仁"],"type":"bitmap","ascent":8,"file":"minecraft:font/a423a9848ce54701ab91b73057ede406/3a3d619f005d4395832959dba47fc4bf.png","height":8},{"chars":["仂"],"type":"bitmap","ascent":8,"file":"minecraft:font/0a8e9fca959a4dad9a87b97acf788ae5/bdfedc03aa3b41ae907b91479ad15883.png","height":8},{"chars":["仃"],"type":"bitmap","ascent":8,"file":"minecraft:font/e052e428419c45718270dfdbb5d26f27/af5c1e77a9304a0d8714671f4adff452.png","height":8},{"chars":["仄"],"type":"bitmap","ascent":8,"file":"minecraft:font/e5892b72b86a4b3f801aed9927fe2cdf/7131240e47f243b8985afb7974729edb.png","height":8},{"chars":["仅"],"type":"bitmap","ascent":8,"file":"minecraft:font/3092111b619e475eb37d30e556515a43/2877e07109dd4c10b1e808d22108740d.png","height":8},{"chars":["仆"],"type":"bitmap","ascent":8,"file":"minecraft:font/2cbe0537814146b2aef27bb288a83e29/912617c26760449cb20beb7d1cad8a15.png","height":8},{"chars":["仇"],"type":"bitmap","ascent":8,"file":"minecraft:font/083160da69294cd396266819d2285bbb/0112364ad5464713900adddd017a03ba.png","height":8},{"chars":["仈"],"type":"bitmap","ascent":8,"file":"minecraft:font/78edef0bb45a4cd29d4ed53a4871ae07/58e21dfcb4304618bbb9a445537fd253.png","height":8},{"chars":["仉"],"type":"bitmap","ascent":8,"file":"minecraft:font/c9cd9327d9d848eba68b357d4201815d/ccc51fadf9104efebad689ef2a8b05a7.png","height":8},{"chars":["今"],"type":"bitmap","ascent":8,"file":"minecraft:font/e6bcdf461c1c4465abc93485e02a3292/5211b9db203a4e2bb95d20b4798336f4.png","height":8},{"chars":["介"],"type":"bitmap","ascent":8,"file":"minecraft:font/a9ded5a242534c1c8232924d160aa26e/d85c861da18c4ac48f859488ad96d37d.png","height":8},{"chars":["仌"],"type":"bitmap","ascent":8,"file":"minecraft:font/d475d5fbaf0b48ccb07d8e3b58b85ded/e3e25f26e6de4016a0287cde656e2250.png","height":8},{"chars":["仍"],"type":"bitmap","ascent":8,"file":"minecraft:font/57d7aaec48b84296b187ff331d719510/8c41d703f85a4ca88c1361f7b42a0a65.png","height":8},{"chars":["从"],"type":"bitmap","ascent":8,"file":"minecraft:font/51cabd141aa54361a7b49703a3703c7e/fd08857b63854969a3d0309dc1d84e0a.png","height":8},{"chars":["仏"],"type":"bitmap","ascent":8,"file":"minecraft:font/3462c46a302c47e9ba1a36b83a8e5916/8e8b7a8907d74267982a10cddc9d7cc8.png","height":8},{"chars":["仐"],"type":"bitmap","ascent":8,"file":"minecraft:font/79643f2ce2154e0aa4758d5d7b4f0928/f8580b535868425582140016ca975168.png","height":8},{"chars":["仑"],"type":"bitmap","ascent":8,"file":"minecraft:font/a58bfdd5bd414d71ac0159aa030fc876/0100e480c58f43918bb67f420fdc0941.png","height":8},{"chars":["仒"],"type":"bitmap","ascent":8,"file":"minecraft:font/cf56b63ea0784e83beef17d8c894d2f4/1e9c5a4de7024136a1648b3599b4bc0b.png","height":8},{"chars":["仓"],"type":"bitmap","ascent":8,"file":"minecraft:font/96bde38266474c1b8ba2f99390e22a00/29c3bc4cc56a47a5926c129efe9efd70.png","height":8},{"chars":["仔"],"type":"bitmap","ascent":8,"file":"minecraft:font/624eac5d7eff44edacc9c6d7fd8dfc34/a45613d5d18b493a9c74fb2e79dc55cf.png","height":8},{"chars":["仕"],"type":"bitmap","ascent":8,"file":"minecraft:font/e8b2846840994e71bf6ad800c181efb2/b47f2bacb7eb4d98b25cad6ef12a80ca.png","height":8},{"chars":["他"],"type":"bitmap","ascent":8,"file":"minecraft:font/672560b1c0fb4212a979198a25636655/258e7a6b435d4ef6942a3aebbb2a3414.png","height":8},{"chars":["仗"],"type":"bitmap","ascent":8,"file":"minecraft:font/838dc239e1a540a28b6ce73a0c4abf83/e15222055c3749a6a76368baa6f370b5.png","height":8},{"chars":["付"],"type":"bitmap","ascent":8,"file":"minecraft:font/fcee09af861a4688a04617f65ca9a62b/8f8f3e0846c34d948388117be4d0b7ff.png","height":8},{"chars":["仙"],"type":"bitmap","ascent":8,"file":"minecraft:font/323f082539264ceb9f5af09d3b8057e9/eef5d2cf08974c018314ac8c98a96bd3.png","height":8},{"chars":["仚"],"type":"bitmap","ascent":8,"file":"minecraft:font/17cbb96876874d4f8203fde1d96b9cd2/53132a0239b7441cb1f517a96ad36ca9.png","height":8},{"chars":["仛"],"type":"bitmap","ascent":8,"file":"minecraft:font/4ccc86311d244e4eb6953a6ba3601ae0/2921b1df234d4c7eb738732628d9a30f.png","height":8},{"chars":["仜"],"type":"bitmap","ascent":8,"file":"minecraft:font/ae932dba562a46adb623326e9ae17de3/568f33e986964720bda4e56074db072e.png","height":8},{"chars":["仝"],"type":"bitmap","ascent":8,"file":"minecraft:font/a11d0fefcaed40048fa386bd9083f034/eb91bbcdfa1c4e02abf327238dcc2fd8.png","height":8},{"chars":["仞"],"type":"bitmap","ascent":8,"file":"minecraft:font/d62befd4c1cb47a4b6eb9814162649db/a729718ff2434dd3b00d1a61ee137eb3.png","height":8},{"chars":["仟"],"type":"bitmap","ascent":8,"file":"minecraft:font/8687ef2677b04170b76ed14706cd9e27/bcdb920d2cee487a9a34ae71378e914a.png","height":8},{"chars":["仠"],"type":"bitmap","ascent":8,"file":"minecraft:font/31c42bf926c3485c878fba1c77899a27/a50ffea0abf14c4a86369079def430f7.png","height":8},{"chars":["仡"],"type":"bitmap","ascent":8,"file":"minecraft:font/7f497af759574305924c42a8d26030ec/49ae174bd49d4363b20ca40f32c36398.png","height":8},{"chars":["仢"],"type":"bitmap","ascent":8,"file":"minecraft:font/457853da7b454cd9be59932b6360c641/5aafdc17d83f4789a746ef4af313548c.png","height":8},{"chars":["代"],"type":"bitmap","ascent":8,"file":"minecraft:font/97dec6c6b73941e28f9c6e8998d8e371/f6d8c8077c8946ec8eef081fa3dd57eb.png","height":8},{"chars":["令"],"type":"bitmap","ascent":8,"file":"minecraft:font/a07969f4d8c24387981603fa468b0e6d/a5b3a12d390b4a7cbcbb3eeed56f4e44.png","height":8},{"chars":["以"],"type":"bitmap","ascent":8,"file":"minecraft:font/9a7c208abc704510bfa40a46cc1f9973/2694cc22617346b1a04f8e9241f73a31.png","height":8},{"chars":["仦"],"type":"bitmap","ascent":8,"file":"minecraft:font/ff2917810c5f475f8888e3750fdf1f5a/8a8d1b98613947429e2f9d21fe8259da.png","height":8},{"chars":["仧"],"type":"bitmap","ascent":8,"file":"minecraft:font/396386bbb48e4c138201cf9d243f1121/827da4c1f2414415974c31973c1570f7.png","height":8},{"chars":["仨"],"type":"bitmap","ascent":8,"file":"minecraft:font/a9ad7ff384ca49e3ab1ef536f576ee08/9b7b34ef24d245b097bfe9fa886e97d5.png","height":8},{"chars":["仩"],"type":"bitmap","ascent":8,"file":"minecraft:font/b9ed8f9863034a88af951488e0450028/1ce1cc66c76b46828a0f38d94acdd265.png","height":8},{"chars":["仪"],"type":"bitmap","ascent":8,"file":"minecraft:font/88469c17a6f94127b0c7506c2da7e791/7ba68515e4d44c9d83a0967584346953.png","height":8},{"chars":["仫"],"type":"bitmap","ascent":8,"file":"minecraft:font/523a00b3472b427bb4c48c7447c77961/a23e32c7539a488293f505e19f4b4883.png","height":8},{"chars":["们"],"type":"bitmap","ascent":8,"file":"minecraft:font/68a6acc2241e4c388be5970739c48566/f027fdced2034c7fbd577301ccd0907c.png","height":8},{"chars":["仭"],"type":"bitmap","ascent":8,"file":"minecraft:font/111ecf794cf44725905c9c7e81a40ff1/bd4c808793ca4e7d9c1290cd1fae95b5.png","height":8},{"chars":["仮"],"type":"bitmap","ascent":8,"file":"minecraft:font/ca52f22d2b1c4749ad8c8113674b96eb/13c556f99ebc4a6f83bea30fa884a339.png","height":8},{"chars":["仯"],"type":"bitmap","ascent":8,"file":"minecraft:font/fc69d60b25d74ae085f1f432ffb53b52/b14ac1094a9841ef937bb080b7ead4cc.png","height":8},{"chars":["仰"],"type":"bitmap","ascent":8,"file":"minecraft:font/8544fe5b6ed047acb88cc58552d0f5c7/36d24e32fa564a61956677aab11630b2.png","height":8},{"chars":["仱"],"type":"bitmap","ascent":8,"file":"minecraft:font/6cd7d0267c2c4538b1487ad2bbb9dc62/84141491e44e49918634df13cf899485.png","height":8},{"chars":["仲"],"type":"bitmap","ascent":8,"file":"minecraft:font/6515bc9be0244f16b460fd0f2de0cdbc/70743ae0e8044991ad736eb27acc0a62.png","height":8},{"chars":["临"],"type":"bitmap","ascent":8,"file":"minecraft:font/8964a1684e724a469b3426b7c2dfad84/25f1b81b7cf444d699ae31f2291ca672.png","height":8},{"chars":["丵"],"type":"bitmap","ascent":8,"file":"minecraft:font/19cabc2d8af34d72b922067dbeb743f9/1f424e2697b548e1b5a8777de35487a2.png","height":8},{"chars":["丶"],"type":"bitmap","ascent":8,"file":"minecraft:font/8984c14d1a714d23a038c751e93a5880/cc298a5be7fb4ef09d34978d23e054ca.png","height":8},{"chars":["丷"],"type":"bitmap","ascent":8,"file":"minecraft:font/8e56c3e9078a465f8cae85ed72b6c3e6/2f7281c2c76d4e329fa1b4cf7d3db6a6.png","height":8},{"chars":["丸"],"type":"bitmap","ascent":8,"file":"minecraft:font/cd33171713a249a1a703d5c9fc40743c/5aa5d37d243a47379cefaf5f368f7064.png","height":8},{"chars":["丹"],"type":"bitmap","ascent":8,"file":"minecraft:font/ebd18100ec7249cdb58a8e463155318a/a36e1a17bc784a9abd7a9a867a9ba48a.png","height":8},{"chars":["为"],"type":"bitmap","ascent":8,"file":"minecraft:font/56387bbc2dd54dc6a7b0d4b9a6c720b1/8c79c095f81a40718f8bf7dd08b75d45.png","height":8},{"chars":["主"],"type":"bitmap","ascent":8,"file":"minecraft:font/3e6b6968d383494a9b23810df230ad1d/bca944f0dc5f46ac8ff9e20f1642c32e.png","height":8},{"chars":["丼"],"type":"bitmap","ascent":8,"file":"minecraft:font/d21f596aabfc4bb1a2d9699c7139e9d1/8fb0d65ab1794498bddcaa5ca39b31a7.png","height":8},{"chars":["丽"],"type":"bitmap","ascent":8,"file":"minecraft:font/2f5540759f99484e924cc90e99762915/71d968b3ad18419184c475a4067ba24c.png","height":8},{"chars":["举"],"type":"bitmap","ascent":8,"file":"minecraft:font/38c5bd4bcaa24a5caa834464e81243c3/febc3bb40a0849678b0672e298d04522.png","height":8},{"chars":["丿"],"type":"bitmap","ascent":8,"file":"minecraft:font/f3b6d24e3a5c4b54a972f89231dbb01b/532da8402fdc4b8096c6031e3f229547.png","height":8},{"chars":["乀"],"type":"bitmap","ascent":8,"file":"minecraft:font/57b2972791514f40a7abc769179c578f/c2ffee0929d0459cbe38eb08b51f3d91.png","height":8},{"chars":["乁"],"type":"bitmap","ascent":8,"file":"minecraft:font/4b18513b36d24776a4ca76c13b51324e/29403f09150f468aae2fe79082bfca06.png","height":8},{"chars":["乂"],"type":"bitmap","ascent":8,"file":"minecraft:font/430565ee9e484106984dc90bb2cb08b4/a1ad139fdf714a38a5371863e26485fa.png","height":8},{"chars":["乃"],"type":"bitmap","ascent":8,"file":"minecraft:font/611628eabf314dd2936bc5cf5a1b765f/fc1c7846673a4cae969d83d57092270a.png","height":8},{"chars":["乄"],"type":"bitmap","ascent":8,"file":"minecraft:font/7b28ee34c51d4cedb4aadbfc1e145364/a86c144eb2cd41ac81812286ea856da0.png","height":8},{"chars":["久"],"type":"bitmap","ascent":8,"file":"minecraft:font/f6231f3e6bc345f1bb28861e21a4e8cb/c2ff69e416d646c4af5f77b2f1f14b25.png","height":8},{"chars":["乆"],"type":"bitmap","ascent":8,"file":"minecraft:font/1db9a111055c4fe5a131f0a682ffcc10/c1b9a32142e742aaab351522f35d5167.png","height":8},{"chars":["乇"],"type":"bitmap","ascent":8,"file":"minecraft:font/c9aa1015acf2418fbf907ce0010f76ca/efd8e78c5b344bdba0d62245ac6f2faf.png","height":8},{"chars":["么"],"type":"bitmap","ascent":8,"file":"minecraft:font/960131aadc524d5290743e187670518f/a70e722a1a9944adafd51f1cf012b3fc.png","height":8},{"chars":["义"],"type":"bitmap","ascent":8,"file":"minecraft:font/82e222e0b3b845bea8a9dd3f1d1f0a53/99c97b5b51d14b3fbf36a33651c713be.png","height":8},{"chars":["乊"],"type":"bitmap","ascent":8,"file":"minecraft:font/4fc349522d284eb8ad0d3cf444a3780e/8f17053880b64f758c0d6d963c889ee7.png","height":8},{"chars":["之"],"type":"bitmap","ascent":8,"file":"minecraft:font/ab4ba4b7ea3e4bfab19bafef2bd9cf5c/4f282eb982c747db90ec58777b7d1578.png","height":8},{"chars":["乌"],"type":"bitmap","ascent":8,"file":"minecraft:font/b468d41446bb45e6a2bfb87934585a0b/c826ef750dc14db191e748d4f8158d45.png","height":8},{"chars":["乍"],"type":"bitmap","ascent":8,"file":"minecraft:font/cc337fc9a2f14fd09ebb3db32dc0d938/82879d5c9c294bae97027fc75340e790.png","height":8},{"chars":["乎"],"type":"bitmap","ascent":8,"file":"minecraft:font/e941e71de6fa44dc8fa3bd64f77f56cd/998da2fe3e4f4b8ba85e9233c9659e31.png","height":8},{"chars":["乏"],"type":"bitmap","ascent":8,"file":"minecraft:font/53b1d214475d489e988f6198e25adc56/f4abe84f5cdc43e79d3f069d407c638a.png","height":8},{"chars":["乐"],"type":"bitmap","ascent":8,"file":"minecraft:font/8fcb2a0829ad46c4b5d32ae15baae4ad/2dd32d82d3234387b47fee791acfed03.png","height":8},{"chars":["乑"],"type":"bitmap","ascent":8,"file":"minecraft:font/9409fcc45805436facd40f2f710e897b/b601db3227a34b3ba684042e0830d80a.png","height":8},{"chars":["乒"],"type":"bitmap","ascent":8,"file":"minecraft:font/c04974c4cd77404da631aa2ed4fe3902/8e65cca52b8b46da84f5f4df491097fa.png","height":8},{"chars":["乓"],"type":"bitmap","ascent":8,"file":"minecraft:font/2c87d36a35ac480ba387bed7b295c9e0/8c939fc0b4464f35bb274c1ec64c6c3c.png","height":8},{"chars":["乔"],"type":"bitmap","ascent":8,"file":"minecraft:font/f776b37d5ce9452294c29dc5e0c700ee/932901fc81e44c50a19097aaab87a527.png","height":8},{"chars":["乕"],"type":"bitmap","ascent":8,"file":"minecraft:font/bafcbf16e2024191bdfdb7ca41706d7f/dce1fd34dd8a437c9a337b42ab3c11dc.png","height":8},{"chars":["乖"],"type":"bitmap","ascent":8,"file":"minecraft:font/a1640a7db78f419e874097def2cc8561/4f672ea8996f4697b111caf19a7a2f39.png","height":8},{"chars":["乗"],"type":"bitmap","ascent":8,"file":"minecraft:font/feed498f7e5e4ec78cf2cf6a8129af3d/cee615d8330143bf9c23399a410eb8b2.png","height":8},{"chars":["乘"],"type":"bitmap","ascent":8,"file":"minecraft:font/e4dde386015b4217932c55adca71d525/7e949b290c444a1aba3c7cb6af73ec2f.png","height":8},{"chars":["乙"],"type":"bitmap","ascent":8,"file":"minecraft:font/ad8b1bdc24be45b691e785fb74ad265d/362d672d297e42a88516fc87286af260.png","height":8},{"chars":["乚"],"type":"bitmap","ascent":8,"file":"minecraft:font/73757bc9b8ac44d5bb98a3e04786898f/2f9347538d0e4e36ad39087826b41c1e.png","height":8},{"chars":["乛"],"type":"bitmap","ascent":8,"file":"minecraft:font/e07a26a29cd44eca82bd875dad074f02/3be69058a07f406f94aaf4f677676050.png","height":8},{"chars":["乜"],"type":"bitmap","ascent":8,"file":"minecraft:font/3350b064ef1a41e9b0186a3d07696c6e/7dcd220b4c684bfa94890c7e76e55750.png","height":8},{"chars":["九"],"type":"bitmap","ascent":8,"file":"minecraft:font/0582027d2dc5415ea139f0878c7b3f80/f1f2794febd34a3e97c78e474cd87317.png","height":8},{"chars":["乞"],"type":"bitmap","ascent":8,"file":"minecraft:font/803ac239d17945e79d2bbcd661a25614/1207430ba823486abc502d9971109dfb.png","height":8},{"chars":["也"],"type":"bitmap","ascent":8,"file":"minecraft:font/598e4a8ef9f34476999e2e900c81cde7/ea4bd6daf31e4d9eb3f2a051515bdd1d.png","height":8},{"chars":["习"],"type":"bitmap","ascent":8,"file":"minecraft:font/b732686ce9084768b6164ac7cc95fb1f/c62cb10d7d8546b1a77e7155c27b8ea3.png","height":8},{"chars":["乡"],"type":"bitmap","ascent":8,"file":"minecraft:font/f8b3725ed06445c5bae4ce6bb0343168/e91217374b20484eaba93ed2d4823416.png","height":8},{"chars":["乢"],"type":"bitmap","ascent":8,"file":"minecraft:font/f18cf249f033459d9011166b9964b9cd/8dbddf8d6ceb4ce78b56cc5bf09f85bb.png","height":8},{"chars":["乣"],"type":"bitmap","ascent":8,"file":"minecraft:font/75f4ecc8c7fd451b82a46f72b7423e2b/fc017d6ef8374b0486bf511c720879a0.png","height":8},{"chars":["乤"],"type":"bitmap","ascent":8,"file":"minecraft:font/e6bab191497949eeaf0aad2446c6a28c/a2d80089b5a14f5b96430efd543f1fe5.png","height":8},{"chars":["乥"],"type":"bitmap","ascent":8,"file":"minecraft:font/f487df8fd73148a4882bc3a843652552/87ad2eb471d24be8927e0acd3eebd40d.png","height":8},{"chars":["书"],"type":"bitmap","ascent":8,"file":"minecraft:font/33522558bda542b48121b215fd1852c2/62c1bf6e62b345e9be2a5ac6a650d2e2.png","height":8},{"chars":["乧"],"type":"bitmap","ascent":8,"file":"minecraft:font/fe78af9e439f4b9ea5f889d33073b4cd/46c1070cd48144d6ad0c33021c7b168b.png","height":8},{"chars":["乨"],"type":"bitmap","ascent":8,"file":"minecraft:font/0a3a42a0591742119200d6e6efffedbd/32b58f421d30433cbf5325d3ee18d351.png","height":8},{"chars":["乩"],"type":"bitmap","ascent":8,"file":"minecraft:font/904185aecf7742ffba063240edb1e5b1/01e170b98bed4749bee8ec40ee749dfd.png","height":8},{"chars":["乪"],"type":"bitmap","ascent":8,"file":"minecraft:font/06099999e28a4e1fbdf91c1ab1aa79b9/6e7d23ef934d4d8d9fdfd2e4ea37f7c7.png","height":8},{"chars":["乫"],"type":"bitmap","ascent":8,"file":"minecraft:font/0be1559134e94d82b84ceda7fe5fc560/ea60ad44a3e6405faf474b9d9ec58089.png","height":8},{"chars":["乬"],"type":"bitmap","ascent":8,"file":"minecraft:font/27abe9c1291c4408851eba973adb8d84/73ca57533e5f484b955c2a38897027b5.png","height":8},{"chars":["乭"],"type":"bitmap","ascent":8,"file":"minecraft:font/40210acffeef40659a388ace6cbe92f0/b169313c28b54119bfd5d977ada75689.png","height":8},{"chars":["乮"],"type":"bitmap","ascent":8,"file":"minecraft:font/9d431377dea74a54b6ff817dbdf95779/37d5942043a84e828a8893a0364b3b91.png","height":8},{"chars":["乯"],"type":"bitmap","ascent":8,"file":"minecraft:font/7e6d15c520444da19b46b679dc93ead7/fd92394d89f54587ab18ae8542bb6a91.png","height":8},{"chars":["买"],"type":"bitmap","ascent":8,"file":"minecraft:font/b79f662f6cc84b57b527511f4363e549/610e9637eb064e96a91e9badb4909fdc.png","height":8},{"chars":["乱"],"type":"bitmap","ascent":8,"file":"minecraft:font/e639511663ba4bfd8777af4f6c297090/5274c7911c084e6690cb5ebdb121d9e4.png","height":8},{"chars":["乲"],"type":"bitmap","ascent":8,"file":"minecraft:font/74e91bb87b724ad8a00a9f425e8d017d/9f88cafdeefe4fdfa48ae6fe1abcbf4a.png","height":8},{"chars":["乳"],"type":"bitmap","ascent":8,"file":"minecraft:font/2d55d83eb22e430580f5cd2d41fdc72d/59a86342346b4e58bd52d5e45fca002d.png","height":8},{"chars":["乴"],"type":"bitmap","ascent":8,"file":"minecraft:font/d9acc3adefe04647a340e7cc4dbaaa7b/a9eb0a0f35b9497a90916c64e339f22c.png","height":8},{"chars":["乵"],"type":"bitmap","ascent":8,"file":"minecraft:font/8d755dfb4dc54bb79d01df574c066aa6/3028a912fbcf4733a7efa38fa5717536.png","height":8},{"chars":["乶"],"type":"bitmap","ascent":8,"file":"minecraft:font/23cdbff02bbc40519cb455c9276c8a83/ebd72e98b88d4e1ea5d3fe159ae2da22.png","height":8},{"chars":["乷"],"type":"bitmap","ascent":8,"file":"minecraft:font/0f540d238ae84e1bbe56d8d2b4045a77/ec097674d44a4a32811e3c308432b91a.png","height":8},{"chars":["乸"],"type":"bitmap","ascent":8,"file":"minecraft:font/14052eb3945744129e5919b6465c4d98/6840f9397ea2416dacfb7e08e297939e.png","height":8},{"chars":["乹"],"type":"bitmap","ascent":8,"file":"minecraft:font/0608a0c97c9b448ba92f7feea01a1f83/b6dac9189ef54b1d86d7db894e20e3c4.png","height":8},{"chars":["乺"],"type":"bitmap","ascent":8,"file":"minecraft:font/8032addc4b654e69ae4065877fcd036d/2947e79ae799406a9a8cf72b62b0c965.png","height":8},{"chars":["乻"],"type":"bitmap","ascent":8,"file":"minecraft:font/e06d17d2c8964cf59e3145b4adcf5bd0/7885e5baecd64b05b773469d2b79b9f5.png","height":8},{"chars":["乼"],"type":"bitmap","ascent":8,"file":"minecraft:font/eaaa1d83417e4b7ea82bc9e4debc482d/eb70e456141341fcbea231c3cdd32f92.png","height":8},{"chars":["乽"],"type":"bitmap","ascent":8,"file":"minecraft:font/cbbbb830455843e7ad9050d45282368c/892e9ffdb2a441b3b2ccea3ab06e6490.png","height":8},{"chars":["乾"],"type":"bitmap","ascent":8,"file":"minecraft:font/8e79204fd1364ec3828911a800cc2a67/d0b69734ef784ee7bb62d493e8286238.png","height":8},{"chars":["乿"],"type":"bitmap","ascent":8,"file":"minecraft:font/ba2735153e724b8691db12cda792c9ff/80bbe7812a854eb59d9a4d1ef9adccd7.png","height":8},{"chars":["亀"],"type":"bitmap","ascent":8,"file":"minecraft:font/df6daed419e046279cfb514dfaedd74d/b72bb302338e4c0aaa1e86e63a344bf9.png","height":8},{"chars":["亁"],"type":"bitmap","ascent":8,"file":"minecraft:font/b752f4c1210a4a0e9c45b27b1be31f77/6e28eb5f2e5d488092dec43b7606746d.png","height":8},{"chars":["亂"],"type":"bitmap","ascent":8,"file":"minecraft:font/f5fbfb3fd2784593883fc3078378eea2/df2081db99b14afe972a515557686de2.png","height":8},{"chars":["亃"],"type":"bitmap","ascent":8,"file":"minecraft:font/40868ccafd1344d78328169872c16415/0c6e2bb1a24742dd91232cbc25983ef6.png","height":8},{"chars":["亄"],"type":"bitmap","ascent":8,"file":"minecraft:font/348f97b7f6104fe1b64d7a891c2ac7e8/f032bab814b0479abdb0f19c6743a284.png","height":8},{"chars":["亅"],"type":"bitmap","ascent":8,"file":"minecraft:font/21693f1fef9b4b649000bb6127c73c02/5aa9755306ce47f2a5b441b154964991.png","height":8},{"chars":["了"],"type":"bitmap","ascent":8,"file":"minecraft:font/327f4ffb114e41878fcb16bfadbf21a7/7602f775e99e4303a620a6c8492f0869.png","height":8},{"chars":["亇"],"type":"bitmap","ascent":8,"file":"minecraft:font/495edd76c4094dc18f39d759cd75e72f/c62dd2ef65c240b18321224ecc0cf421.png","height":8},{"chars":["予"],"type":"bitmap","ascent":8,"file":"minecraft:font/03cdd1b982874896be13e2947f7b5820/f410dc962a3e4af1a3c9c22b616f30b3.png","height":8},{"chars":["争"],"type":"bitmap","ascent":8,"file":"minecraft:font/ff26746c171748698957c1c09c4b659d/c14e7415e45d445184b1650594b22590.png","height":8},{"chars":["亊"],"type":"bitmap","ascent":8,"file":"minecraft:font/67ff0d9a4cb747c58a8c53b5b6f29e7d/fa53bac39f04448e857920f1b7b85012.png","height":8},{"chars":["事"],"type":"bitmap","ascent":8,"file":"minecraft:font/11555cbd003a4e47b09416098378ec84/c9b7893e1b3443d4a87eae763eb70cfb.png","height":8},{"chars":["二"],"type":"bitmap","ascent":8,"file":"minecraft:font/c3eebfdb397b4ec0a4670ae36d2545f3/01c46e59efac45558a4c86b042b42a66.png","height":8},{"chars":["亍"],"type":"bitmap","ascent":8,"file":"minecraft:font/e7691972bddc45b1bb53199cef8756ba/4fd1ba53830c499f809495496a99584d.png","height":8},{"chars":["于"],"type":"bitmap","ascent":8,"file":"minecraft:font/1ab787fc8b4b49d6a21c9c0a8c54d8ba/5b897e057bdf4a0c8d60feb231455a34.png","height":8},{"chars":["亏"],"type":"bitmap","ascent":8,"file":"minecraft:font/921f9f353d3c4a26b4a08cc448e5a7c4/854ffada8c23491c88ce7f7d34f67167.png","height":8},{"chars":["亐"],"type":"bitmap","ascent":8,"file":"minecraft:font/612e5fd47b67438e84fe4a9342c18245/03491d46ef834d07b9367bd202dbc363.png","height":8},{"chars":["云"],"type":"bitmap","ascent":8,"file":"minecraft:font/11aa37259f1c4b9497cf46f761309fb8/9e64950ee2ba45f2a89ab2823b188d03.png","height":8},{"chars":["互"],"type":"bitmap","ascent":8,"file":"minecraft:font/bd27f246332242648e75c4f8f46b8bb4/101c674cdeb4450a842d32bd6605b87f.png","height":8},{"chars":["亓"],"type":"bitmap","ascent":8,"file":"minecraft:font/96e47660bbb9459ebc6c0f391aa3b429/1cf102c386bd47bb801a0ccce96b25e7.png","height":8},{"chars":["五"],"type":"bitmap","ascent":8,"file":"minecraft:font/b6e81c4d2e1a41079844bdf574eb1721/02f0169df28d41c785efe7121fddeed7.png","height":8},{"chars":["井"],"type":"bitmap","ascent":8,"file":"minecraft:font/91eb796e4a804f21b7ebe208f89338a7/7b76c50e04a54195bd3bbf082d2288f6.png","height":8},{"chars":["亖"],"type":"bitmap","ascent":8,"file":"minecraft:font/08300998edf244a19a7a90b50cdc6f5b/0d1e9cf32de04869aa4c2072513ad3e9.png","height":8},{"chars":["亗"],"type":"bitmap","ascent":8,"file":"minecraft:font/eb793965f9274d8391c680d92f585974/0c5ac1096fd64588a2fee91dd9d88ecb.png","height":8},{"chars":["亘"],"type":"bitmap","ascent":8,"file":"minecraft:font/927222e053fe4757b0900fe0aec87d46/75929bc3e5724cb781b649a05e1a1295.png","height":8},{"chars":["亙"],"type":"bitmap","ascent":8,"file":"minecraft:font/c2e2efa159e44fd88a153a615e7e29d8/8a9cd860c14542baa7cea3bea580021f.png","height":8},{"chars":["亚"],"type":"bitmap","ascent":8,"file":"minecraft:font/51d607b881e0485ba71ff36be07c18d5/087e9278e07b46c39a811966abdcebee.png","height":8},{"chars":["些"],"type":"bitmap","ascent":8,"file":"minecraft:font/ed174828fd9a45288ae698adb119b15e/b0b067314fef4b8184a7af9e82e22e13.png","height":8},{"chars":["亜"],"type":"bitmap","ascent":8,"file":"minecraft:font/2a0e0a6322eb4298ac9a46f55b10ac0a/c6a8cc3fc6b0435482f2564a842dff68.png","height":8},{"chars":["亝"],"type":"bitmap","ascent":8,"file":"minecraft:font/6af3e3b6b9354bd8ad91c287c2f696c3/df744e51572c4f4e8f5b511f3b252c57.png","height":8},{"chars":["亞"],"type":"bitmap","ascent":8,"file":"minecraft:font/b153755b30364cfd92e7250c994f969f/ac9f38b6059744088cb5281cdac6bf9b.png","height":8},{"chars":["亟"],"type":"bitmap","ascent":8,"file":"minecraft:font/e6b16aeaf4b34a9c83874bdc449db196/de826bbe4cd845298c754614a3e3ae6e.png","height":8},{"chars":["亠"],"type":"bitmap","ascent":8,"file":"minecraft:font/1495023cea084d43a4a99f025e22bd03/bf514fd0a45b4d1ebfc5516b34e8d773.png","height":8},{"chars":["亡"],"type":"bitmap","ascent":8,"file":"minecraft:font/47d5a405bb0b492e81bd528c5ab2601f/ce59f018aa624cbcabbc78d93f56e70a.png","height":8},{"chars":["亢"],"type":"bitmap","ascent":8,"file":"minecraft:font/1dfa95967e59415982c40c1b6e913523/3eecfd5d1ffa41cbb25739ac9e775389.png","height":8},{"chars":["亣"],"type":"bitmap","ascent":8,"file":"minecraft:font/eed95ae59b0e42538f2ea3b432176930/660dada8c6054b14ac7c7d9bccb160bf.png","height":8},{"chars":["交"],"type":"bitmap","ascent":8,"file":"minecraft:font/fe342e9c7113466f8a7b99eed38bac01/eebd1a232eb04949a4530cfeb1bc258f.png","height":8},{"chars":["亥"],"type":"bitmap","ascent":8,"file":"minecraft:font/aa4ecb26a9604688b4751be0f8278020/4cd3d90cfa4b4ecd84f2d2938a774955.png","height":8},{"chars":["亦"],"type":"bitmap","ascent":8,"file":"minecraft:font/ba3283b59b5147239197d1efb9838c31/df26dd2cb2b340129d1d6e537a3ca4a6.png","height":8},{"chars":["产"],"type":"bitmap","ascent":8,"file":"minecraft:font/469720e4a6c64695b3f16feced520001/f2bd45f56e20415a83160f905a7bde6c.png","height":8},{"chars":["亨"],"type":"bitmap","ascent":8,"file":"minecraft:font/36c9329716114912bb9a0ce4ca2c4420/c65f7443bc6448388b9c13c3f810acca.png","height":8},{"chars":["亩"],"type":"bitmap","ascent":8,"file":"minecraft:font/a4610419aa54456b96cf3388dc4b3ad0/d851d8492407495f9a7d542ad367fd24.png","height":8},{"chars":["亪"],"type":"bitmap","ascent":8,"file":"minecraft:font/4654ffb4c866457f8e10d72d389673a6/5760db7e05234aca8d466a0ae5eb2000.png","height":8},{"chars":["享"],"type":"bitmap","ascent":8,"file":"minecraft:font/06aba42a55d547ff92d3be0457bde849/2c4196254c3c4bc2b0f8f218fc23c590.png","height":8},{"chars":["京"],"type":"bitmap","ascent":8,"file":"minecraft:font/0dcfc38283fc4a20bc4eb4b2a13a44e4/636e9d926ada4701996be34f8c4a7ca9.png","height":8},{"chars":["亭"],"type":"bitmap","ascent":8,"file":"minecraft:font/d9200d3a6c2b46b4b7080dd9a91f27e6/0ee68427db0d4c9987e1ea8e058d9b78.png","height":8},{"chars":["亮"],"type":"bitmap","ascent":8,"file":"minecraft:font/e92a48a043174ae28d976406032839d0/a1fe72b7e5c1474f9cee8f4923f14cb9.png","height":8},{"chars":["亯"],"type":"bitmap","ascent":8,"file":"minecraft:font/ff11266ff6d945ec81e9e51bd270a2cc/01fb253985724bebb64154e23eb1d50a.png","height":8},{"chars":["亰"],"type":"bitmap","ascent":8,"file":"minecraft:font/ca5c97d068bf41669f58ecdba2cc9353/09ec13b4b3a6474b9e1efe3b63fd491b.png","height":8},{"chars":["亱"],"type":"bitmap","ascent":8,"file":"minecraft:font/4f241c16293b45a1a3bfa7c73c4f6648/c2c3c61c783c4df7ae10f3b9df20fe84.png","height":8},{"chars":["亲"],"type":"bitmap","ascent":8,"file":"minecraft:font/fb3f9472d6ec425c85a3abf2031e3f5e/4e78cb10e7c544ee9688076a97e387af.png","height":8},{"chars":["亳"],"type":"bitmap","ascent":8,"file":"minecraft:font/5df3b4645e884e328a862ee8d08bb527/9c13bc40b2494bce8e83143411dbe2e9.png","height":8},{"chars":["亴"],"type":"bitmap","ascent":8,"file":"minecraft:font/af2782b4721a4ff0b43dafde16fbd75f/d01cf49afd524d5fab3047f29aabc2f5.png","height":8},{"chars":["亵"],"type":"bitmap","ascent":8,"file":"minecraft:font/62fa65acac6b475694ceaaee16b283c0/50370375a0ec4c02959793ec332a2462.png","height":8},{"chars":["亶"],"type":"bitmap","ascent":8,"file":"minecraft:font/dfeb1d67785e44f2aba6354821ab71fd/29c0b7d7bc714b0ba94d52c425842a2d.png","height":8},{"chars":["亷"],"type":"bitmap","ascent":8,"file":"minecraft:font/d9bd80d93c4e42a1837ce1909ab1d1e9/a45b4b4de0f24d4d93f67c8f345c53f0.png","height":8},{"chars":["亸"],"type":"bitmap","ascent":8,"file":"minecraft:font/1443bef93fc04fb998d549335e6bb3cf/ebf8d5070c4a43cdaffa98f38363f471.png","height":8},{"chars":["亹"],"type":"bitmap","ascent":8,"file":"minecraft:font/1e5f80e510a14b0c94d6fd7c652a8c17/4f0dddeaf2eb40c884f03b530fd480b5.png","height":8},{"chars":["人"],"type":"bitmap","ascent":8,"file":"minecraft:font/0b5c0b9caedf40d8bef22c5f34fcd203/0e0257fe77624522a44dc4c03b43d783.png","height":8},{"chars":["亻"],"type":"bitmap","ascent":8,"file":"minecraft:font/d909af9c0ef24fbda1dab51fea097f36/66f7c9576c5e49b0a9882e6cca26bbc7.png","height":8},{"chars":["亼"],"type":"bitmap","ascent":8,"file":"minecraft:font/a69c0d57ab674527864da58fefaedee6/95936b853e9f4afcb1f2bf4cbac96c09.png","height":8},{"chars":["亽"],"type":"bitmap","ascent":8,"file":"minecraft:font/18e54619b55b4fc5943f4bbf37b91ef9/bfb191ca6de04680b8c24822ee9a4df9.png","height":8},{"chars":["亾"],"type":"bitmap","ascent":8,"file":"minecraft:font/32ab0bcbc49d483482858c0429bb3c3f/4b824ec3badb4a6292c472fc8776f201.png","height":8},{"chars":["亿"],"type":"bitmap","ascent":8,"file":"minecraft:font/be0fb1ea571b45df918da56e1dce5332/6dc059429f314ea4b74eaa079c61fe4f.png","height":8},{"chars":["什"],"type":"bitmap","ascent":8,"file":"minecraft:font/758ae44d2a4540579df71a312759870c/d2fc555f6aca4ea2a310d476de1107fb.png","height":8},{"chars":["仁"],"type":"bitmap","ascent":8,"file":"minecraft:font/fc2570725b8d4ecf830409cd2e05be6f/47d81ea1ed6847a9b071d0fc05181596.png","height":8},{"chars":["仂"],"type":"bitmap","ascent":8,"file":"minecraft:font/9ef2c1b8d3dc40629398def647cfe8b9/226e0b0ad367481193374fbbc974e777.png","height":8},{"chars":["仃"],"type":"bitmap","ascent":8,"file":"minecraft:font/ba7cc86a2a0b4e6f98a8e57bfb790edb/49c65d1ef8444955a5ab35c4ad1427ef.png","height":8},{"chars":["仄"],"type":"bitmap","ascent":8,"file":"minecraft:font/b5e1fc38b48a4b1f832c495267aaa87a/f8d990e9747944fcbef2de001c92ea4d.png","height":8},{"chars":["仅"],"type":"bitmap","ascent":8,"file":"minecraft:font/eb8eeebbf2464adcb6a8027861888798/c9f340cdac9f40c484c58c33bf65e777.png","height":8},{"chars":["仆"],"type":"bitmap","ascent":8,"file":"minecraft:font/43ee1b62f3f846e88e3112563c4f7ede/58da29d75a614c3582bb6909c2c78f00.png","height":8},{"chars":["仇"],"type":"bitmap","ascent":8,"file":"minecraft:font/48c1f6a2d87246f4bd805d9ee46b63d2/772732eb6cb1434c8b9005aa6697fafe.png","height":8},{"chars":["仈"],"type":"bitmap","ascent":8,"file":"minecraft:font/008635082a9248d9bc9638d8981dc8d0/a39a48c9bd6d4aa98a62ecf1ce0fe4c9.png","height":8},{"chars":["仉"],"type":"bitmap","ascent":8,"file":"minecraft:font/af0c233e95194dc49e34c7af77005341/a269cb3edcff4de0a5680bd64d2123a9.png","height":8},{"chars":["今"],"type":"bitmap","ascent":8,"file":"minecraft:font/7c2bc72963ea424e83d8ba838b2853db/a2ed71eaf9114499b29fd964d85ec069.png","height":8},{"chars":["介"],"type":"bitmap","ascent":8,"file":"minecraft:font/3056298ab13b46b2a3950a93f958ab10/523c9e09e6374547a4afb19300fb342a.png","height":8},{"chars":["仌"],"type":"bitmap","ascent":8,"file":"minecraft:font/959cca32b44a407c8c6f3f6920b5dd30/860ef7b64158493ebef6192f6b07c492.png","height":8},{"chars":["仍"],"type":"bitmap","ascent":8,"file":"minecraft:font/3414e8bba39c43baa6bcec923a1bfd9c/01a4c0678f2d4704839e3bafbca748bd.png","height":8},{"chars":["从"],"type":"bitmap","ascent":8,"file":"minecraft:font/5ec34a1278a44c21a4bf042b131e220a/26d0a736f12f48f08b4d8c6925fb61c8.png","height":8},{"chars":["仏"],"type":"bitmap","ascent":8,"file":"minecraft:font/2dfd079c9ea2457db9d202dd859d6ae7/95c43aefc490414e86da993e882b3c04.png","height":8},{"chars":["仐"],"type":"bitmap","ascent":8,"file":"minecraft:font/db16e20b6de1480c968910a1bfd00ae0/98f6bff3b1ca4ad9a0f43aba50a7df90.png","height":8},{"chars":["仑"],"type":"bitmap","ascent":8,"file":"minecraft:font/1f65d67bd07a424fbbf104f5aa34bfc8/ef6dd3a1b6c4414ba83d14ac971c105d.png","height":8},{"chars":["仒"],"type":"bitmap","ascent":8,"file":"minecraft:font/6bd51e730cd546ac96289d6eb8668e3c/94070624b8ad476ca06874228c72d2f4.png","height":8},{"chars":["仓"],"type":"bitmap","ascent":8,"file":"minecraft:font/7c2a954a4f304d2b8fd89e91d85e0087/5b5f1592b69447ab8bd49c33162d8bcf.png","height":8},{"chars":["仔"],"type":"bitmap","ascent":8,"file":"minecraft:font/388999037c744ae7a3af3c3ceff24bb1/eb8a9385bf2e497d9f4cfc270ffd81b6.png","height":8},{"chars":["仕"],"type":"bitmap","ascent":8,"file":"minecraft:font/d40eaf30d2054325aa0dfbaa410f65c9/e5febf181f664eabaee86e9162412aef.png","height":8},{"chars":["他"],"type":"bitmap","ascent":8,"file":"minecraft:font/0ab253323ab040b881b5b711bafbd015/de18742561914f3d8ae1b855e37fe2c8.png","height":8},{"chars":["仗"],"type":"bitmap","ascent":8,"file":"minecraft:font/a66180bafec44ba68606a4e73028c3a3/6d343593c3b74dcd94975e4feee3c273.png","height":8},{"chars":["付"],"type":"bitmap","ascent":8,"file":"minecraft:font/7f9a39584615455697106830fc166ad0/4c2c9b51b7e54d2dbff4c0cccebedd7b.png","height":8},{"chars":["仙"],"type":"bitmap","ascent":8,"file":"minecraft:font/4c24df6b16b84d9eab9b4b60727aa952/5119e207feb249eb834b59d056864e46.png","height":8},{"chars":["仚"],"type":"bitmap","ascent":8,"file":"minecraft:font/f1815ff17f8c48a2a747c75a2073f825/9c37b9f0aebd4273a5bc5526e756e6ff.png","height":8},{"chars":["仛"],"type":"bitmap","ascent":8,"file":"minecraft:font/8d5d5b36e9ad4310b27b2b4905753738/999b2887eab84fa8860197e630163839.png","height":8},{"chars":["仜"],"type":"bitmap","ascent":8,"file":"minecraft:font/c1c362f6e35d4f0e8e709d8d1f8e28ff/b9d7f41fcb2540e7bde75db6ee60a59b.png","height":8},{"chars":["仝"],"type":"bitmap","ascent":8,"file":"minecraft:font/2f5b231f593949eb854f468db71c6ff9/0811abec8dfa48afaea41699b6afd100.png","height":8},{"chars":["仞"],"type":"bitmap","ascent":8,"file":"minecraft:font/f39e2c242d594bc493412f003d3ceb7b/a81f19e845674e9292923189989c759b.png","height":8},{"chars":["仟"],"type":"bitmap","ascent":8,"file":"minecraft:font/e9cd24583c7f430e8588bd07034a109f/0876932611234b29a2e940a3e9f0caee.png","height":8},{"chars":["仠"],"type":"bitmap","ascent":8,"file":"minecraft:font/ae690e4c09e04106b764e11039b4a8b4/43214d20b29345449ab106de8013a9a9.png","height":8},{"chars":["仡"],"type":"bitmap","ascent":8,"file":"minecraft:font/d6709a2ab7064f5ba8e0db3a195af330/420f8f4e615740eeb925006d72631586.png","height":8},{"chars":["仢"],"type":"bitmap","ascent":8,"file":"minecraft:font/9d6aee1750d94472ae7b9b5cf63b2db7/f1416d94a8c14aa2a0cdf6dbdda09f79.png","height":8},{"chars":["代"],"type":"bitmap","ascent":8,"file":"minecraft:font/9a0ae93f3cbf40ed96949974f22e7d83/25a789430cdb423a875525e7a101547e.png","height":8},{"chars":["令"],"type":"bitmap","ascent":8,"file":"minecraft:font/30ffd76a42044c518914dc7b60fc3e28/3c5ed6698ab54b3d8ca9a5f79d1117e2.png","height":8},{"chars":["以"],"type":"bitmap","ascent":8,"file":"minecraft:font/9e13cd9452be45b798f8ac9139a19d6f/0ca2464f70534fbe95dce9c87d7418c3.png","height":8},{"chars":["仦"],"type":"bitmap","ascent":8,"file":"minecraft:font/7e10d8007ba740ef9c45fcf670627406/44944787d6954370a7bddf4d90c1db63.png","height":8},{"chars":["仧"],"type":"bitmap","ascent":8,"file":"minecraft:font/1b01dcaeebcd468a84438e70b620e9bc/29b948d354cc4404a47eb1f22e088238.png","height":8},{"chars":["仨"],"type":"bitmap","ascent":8,"file":"minecraft:font/0d580c9274d44b19acb5e620f12d8206/2e50a0de9f23477595e28c9f004514be.png","height":8},{"chars":["仩"],"type":"bitmap","ascent":8,"file":"minecraft:font/96518f6aeab44249ae9fd0d870635ff9/fde78d0b51d44366842eb57da187ec73.png","height":8},{"chars":["仪"],"type":"bitmap","ascent":8,"file":"minecraft:font/59ab1fa3cba54cbe92db74b23eae6ee5/f45cabf9f0884ecfb0dc0774944e4b77.png","height":8},{"chars":["仫"],"type":"bitmap","ascent":8,"file":"minecraft:font/0e0b6c1835b146638fa64a3384bf21bc/d3eaedc46bd04173875abadda43bd6f7.png","height":8},{"chars":["们"],"type":"bitmap","ascent":8,"file":"minecraft:font/b567fd3203f445a8b5a956de0c92d04c/a9e81902529d4a19b5ac90142ce3b605.png","height":8},{"chars":["仭"],"type":"bitmap","ascent":8,"file":"minecraft:font/33f0aea182cf450b855a69f1eed34be1/46ac1224d0544258bf1834e32aeb9b47.png","height":8},{"chars":["仮"],"type":"bitmap","ascent":8,"file":"minecraft:font/ddff616c8bc948e9b1a2a326314f5a0d/2621f1e3a8814d25b24a18a751419ac1.png","height":8},{"chars":["仯"],"type":"bitmap","ascent":8,"file":"minecraft:font/003dc43cf52d40b895a744195e2f443b/4fe32f35025f45ffaf48a51c3107fe9f.png","height":8},{"chars":["仰"],"type":"bitmap","ascent":8,"file":"minecraft:font/26f232d99d4c4fe4aaea23594c8a48d9/a98c3c3c2a7741269b09bfb7ab4fb502.png","height":8},{"chars":["仱"],"type":"bitmap","ascent":8,"file":"minecraft:font/02a3ae27b02f4330b50a199901f59a3e/4ca98809254746dca1cf78de4c8917cd.png","height":8},{"chars":["仲"],"type":"bitmap","ascent":8,"file":"minecraft:font/c3534a15fa1e4c87ae1ea9a8fbcb54e5/15597b919c044497a77ea9618e50732e.png","height":8},{"chars":["垗"],"type":"bitmap","ascent":8,"file":"minecraft:font/617a6b23cd794142b1c4299d6a77d772/3ad35d76779f4932896f41fc7702e948.png","height":8},{"chars":["仳"],"type":"bitmap","ascent":8,"file":"minecraft:font/fa667e229a224fb99617b463ac1272c1/b2a37b35c71546e49b0a6bfa8fc590fa.png","height":8},{"chars":["仴"],"type":"bitmap","ascent":8,"file":"minecraft:font/cbadcd3db29f4ef0903f0dd0f62b201e/ecabc648cbdb4ceca7ff258ea6713496.png","height":8},{"chars":["仵"],"type":"bitmap","ascent":8,"file":"minecraft:font/09f1892646dd4c4c86a8e8982055b8e7/404ab158006c4696843f83c35a449fc6.png","height":8},{"chars":["件"],"type":"bitmap","ascent":8,"file":"minecraft:font/fb20763e8c8547258bc6264beb329200/0cc194cdefe0414caffa48016189fb2e.png","height":8},{"chars":["价"],"type":"bitmap","ascent":8,"file":"minecraft:font/1c235cbdc8304c55846ca8eb11cda33b/b05de99c38624c96b91d3d5ee33b879d.png","height":8},{"chars":["仸"],"type":"bitmap","ascent":8,"file":"minecraft:font/4f47e937d7bb4dcfa5c0b740f019493d/b4e6451866dc44c6bc7f165758491fee.png","height":8},{"chars":["仹"],"type":"bitmap","ascent":8,"file":"minecraft:font/cd6db812a4f24b05b08f7fdd2baba7ee/8dee2ce7326b4b4ea69fc13dc89e2d77.png","height":8},{"chars":["仺"],"type":"bitmap","ascent":8,"file":"minecraft:font/1cbb889c17a24c5b971445fabf9f4c09/529518af7d374f939e08ca562e08b80f.png","height":8},{"chars":["任"],"type":"bitmap","ascent":8,"file":"minecraft:font/32a2c9c2bfaa4b6689ce0c7806a85ca1/afbd5216eb214b419f09299eb408a096.png","height":8},{"chars":["仼"],"type":"bitmap","ascent":8,"file":"minecraft:font/1c5571903eb64faf95562880032fdae1/51d813fd961e4492bab75fcac8e4b785.png","height":8},{"chars":["份"],"type":"bitmap","ascent":8,"file":"minecraft:font/5385b8841d6443c08b737b6908f8e5ab/d7290976e437434d885b42f6d0c6fc2e.png","height":8},{"chars":["仾"],"type":"bitmap","ascent":8,"file":"minecraft:font/5185d9ef73b94ff798ddfcf34681b860/d322697aaecf48558811a94f4fdfb8b2.png","height":8},{"chars":["仿"],"type":"bitmap","ascent":8,"file":"minecraft:font/76799e2232d94bc6a77fff70245e6af2/461c18739ac546d6b13647e4413e7867.png","height":8},{"chars":["伀"],"type":"bitmap","ascent":8,"file":"minecraft:font/985f830e5d554c6696893999dc41efb0/ca7fa7fdbe784143900590594cbf9e29.png","height":8},{"chars":["企"],"type":"bitmap","ascent":8,"file":"minecraft:font/62cc66784d5a43f7b871d74ac341cba5/8dcd27e566504f90868f9d2b8426192d.png","height":8},{"chars":["伂"],"type":"bitmap","ascent":8,"file":"minecraft:font/7c8f08547668492a8fc65afd3a66f9ec/2684b8d28af14853a5c659be06557721.png","height":8},{"chars":["伃"],"type":"bitmap","ascent":8,"file":"minecraft:font/c276f2049fee45ed927ddd26a2f840e7/02b209bf47554d0d9e4fd81c4cf78173.png","height":8},{"chars":["伄"],"type":"bitmap","ascent":8,"file":"minecraft:font/55b9ede08b2f4241976192e4e0a4018b/2871af7bb9f344b996f87d88fd5ae431.png","height":8},{"chars":["伅"],"type":"bitmap","ascent":8,"file":"minecraft:font/689737aa96624e049cfeca7056801d16/15493baa50714d5a93825936896e9f3b.png","height":8},{"chars":["伆"],"type":"bitmap","ascent":8,"file":"minecraft:font/6b349d63d30b419a958f3484a94e3b80/08265cd811c34f4a8a1a8d0a96c21189.png","height":8},{"chars":["伇"],"type":"bitmap","ascent":8,"file":"minecraft:font/e7e1458880504e3492b1bb9e21a54ea3/009504f566ab41bf843b41b0aab4346b.png","height":8},{"chars":["伈"],"type":"bitmap","ascent":8,"file":"minecraft:font/ec4535bed0c6468092028a85a9e67e82/de5e6ae8b554476eb404252ebeb29031.png","height":8},{"chars":["伉"],"type":"bitmap","ascent":8,"file":"minecraft:font/98b94652811b4376bef1e225cb030215/71a2c6bab8e44c14a19c517e3bf7fc33.png","height":8},{"chars":["伊"],"type":"bitmap","ascent":8,"file":"minecraft:font/1f5bfa23713d4946bb38fd78aa4cc1cb/4d9c6301c515480f9007448949710db8.png","height":8},{"chars":["伋"],"type":"bitmap","ascent":8,"file":"minecraft:font/72a3e401dcea45ecb76fdc8d90f56f04/99580c4b32ba4cf387d2594d763dca62.png","height":8},{"chars":["伌"],"type":"bitmap","ascent":8,"file":"minecraft:font/a2110caf896148139b014a978155d5fa/a9c1bbd64685440ba69daa420896602e.png","height":8},{"chars":["伍"],"type":"bitmap","ascent":8,"file":"minecraft:font/368e1ef27d4344de8148e505467b5233/f2353f499da84f8480234fef1f444e47.png","height":8},{"chars":["伎"],"type":"bitmap","ascent":8,"file":"minecraft:font/7ae7cbe2ee274b2b85b04e3b8f525dae/48691e4188aa4a948379992a775b88fe.png","height":8},{"chars":["伏"],"type":"bitmap","ascent":8,"file":"minecraft:font/027635c161db46dea3923757083530c6/ff2c68a0062d4e7195f333a1195e6a4e.png","height":8},{"chars":["伐"],"type":"bitmap","ascent":8,"file":"minecraft:font/c2e560c8c48b4d2282b573f8a5abca65/4a4d1799df9a4755b87a3f18502ef23a.png","height":8},{"chars":["休"],"type":"bitmap","ascent":8,"file":"minecraft:font/6c2bf12dab6a4df5a39e7099d04416d5/d88f00e960b34882925f267c816ac9ce.png","height":8},{"chars":["伒"],"type":"bitmap","ascent":8,"file":"minecraft:font/80a94f6a031a469dbc2edbf26293acea/637ca259fef5499a9cd8e373a4eb0997.png","height":8},{"chars":["伓"],"type":"bitmap","ascent":8,"file":"minecraft:font/17b2ea4470394f0bbbf1bf3326754559/dfdf336f542f4f4081088d7a6df61ab3.png","height":8},{"chars":["伔"],"type":"bitmap","ascent":8,"file":"minecraft:font/497c0a6beddf4b27a52328b7f5a96acf/fa818100f5f54d609d5c7fee621ad645.png","height":8},{"chars":["伕"],"type":"bitmap","ascent":8,"file":"minecraft:font/fe8a89bf01a64c459264f150296b619e/142c6ae29d054f999874a90c745da3ad.png","height":8},{"chars":["伖"],"type":"bitmap","ascent":8,"file":"minecraft:font/c9f491e812fc4ba1ac91d8b42b3860dd/085197d254604198857899cddc634212.png","height":8},{"chars":["众"],"type":"bitmap","ascent":8,"file":"minecraft:font/dbaf5adc686a46a2896f7b73ecca7390/9814e56347244be7b3abd5282be6022d.png","height":8},{"chars":["优"],"type":"bitmap","ascent":8,"file":"minecraft:font/bb0a7e50af524f739e239e4180ca7125/cb28bcba80254b53918592a16412a279.png","height":8},{"chars":["伙"],"type":"bitmap","ascent":8,"file":"minecraft:font/e24a564020ac4bd199322901d689b902/8507e6f03ddc4d388173a9dc69bbdbf4.png","height":8},{"chars":["会"],"type":"bitmap","ascent":8,"file":"minecraft:font/038642e2c7f24745993a6860545de6dc/1095111420684a84a0119c76c666143b.png","height":8},{"chars":["偹"],"type":"bitmap","ascent":8,"file":"minecraft:font/a918435c05de47a9800e02285e9e808c/c7328e6df84b4515b98478dc1d2cd629.png","height":8},{"chars":["偺"],"type":"bitmap","ascent":8,"file":"minecraft:font/c7a8fc7e5f27405d8881b85caef6968b/848ff8a010454151ba51bda0eb60a1f0.png","height":8},{"chars":["偻"],"type":"bitmap","ascent":8,"file":"minecraft:font/6f8c61dd7adc4243b43898fb464e1ed8/e6e9ec8b746a45d4a3db5a3c9c225355.png","height":8},{"chars":["偼"],"type":"bitmap","ascent":8,"file":"minecraft:font/59a6761216ac4664b26bd8ec5ab7dc77/85be939ed69e4bda9333ddfe8aca5140.png","height":8},{"chars":["偽"],"type":"bitmap","ascent":8,"file":"minecraft:font/02b71ab95ab34708861b89334aef1b52/2ca9be8e80e746afb915ad413ee929a1.png","height":8},{"chars":["偾"],"type":"bitmap","ascent":8,"file":"minecraft:font/c5d8903c1d9b42fea67a01a71876eff6/3d2dac383dbd42dea09866744a116f62.png","height":8},{"chars":["偿"],"type":"bitmap","ascent":8,"file":"minecraft:font/5d138066eb8a4337a4baad03d12ef862/40767aa792494a4ea3ce04841ca1ad12.png","height":8},{"chars":["傀"],"type":"bitmap","ascent":8,"file":"minecraft:font/78a010351f05473881bb0778e0048ead/cd38503e044b4154940a017351b710e6.png","height":8},{"chars":["傁"],"type":"bitmap","ascent":8,"file":"minecraft:font/45e7b8b57b6c471c9f0860457cfa6684/61723cadd1094716b1cf9022c8ff215e.png","height":8},{"chars":["傂"],"type":"bitmap","ascent":8,"file":"minecraft:font/4e2936ace23648ecb3290000c70523c1/ee4f345534cb44559a699922d4c97782.png","height":8},{"chars":["傃"],"type":"bitmap","ascent":8,"file":"minecraft:font/790aabc2fc3441a9a96eaa11d939b475/4a10d139d0c54acb831fb96dc8979b5c.png","height":8},{"chars":["傄"],"type":"bitmap","ascent":8,"file":"minecraft:font/18176f1ce3eb4da9be3a96d22ccadcd6/5cef32ca9f3a4662afb083958246569b.png","height":8},{"chars":["傅"],"type":"bitmap","ascent":8,"file":"minecraft:font/f74eeada85e04feaa57fb89165156a77/d53ab83f96b5462d9721968d7eb946e0.png","height":8},{"chars":["傆"],"type":"bitmap","ascent":8,"file":"minecraft:font/cd11f24c8e82419dbd96a13883b6d614/03c749c8dae5457bba6dc0f5e9ddfae8.png","height":8},{"chars":["傇"],"type":"bitmap","ascent":8,"file":"minecraft:font/4cc3677f664246949b66ede03900a014/4778ffea51574a989cc43632cbe08068.png","height":8},{"chars":["傈"],"type":"bitmap","ascent":8,"file":"minecraft:font/a73c71c7a5694079aee58d5f3b2286c5/5ae053fbcbd749ca8efb5cd9230d0bad.png","height":8},{"chars":["傉"],"type":"bitmap","ascent":8,"file":"minecraft:font/7ec4f9aa0b1f48cebb7daa1442cf2337/bf4031dac9d84ee9ad7705b666f5f949.png","height":8},{"chars":["傊"],"type":"bitmap","ascent":8,"file":"minecraft:font/1e83bbd3d77f465eb1a8620994500754/e2fef4aa560340738ec607e218b7b769.png","height":8},{"chars":["傋"],"type":"bitmap","ascent":8,"file":"minecraft:font/68701c0801214346a1a16c14ebad164a/2f52790d19554ddf998ba0a0ffb98a90.png","height":8},{"chars":["傌"],"type":"bitmap","ascent":8,"file":"minecraft:font/87cc52904dcd446ea408a6a23569c278/9b365b084a404f08af9412bc1d0799a6.png","height":8},{"chars":["垃"],"type":"bitmap","ascent":8,"file":"minecraft:font/e837ceb136514257b0cae28ea7e8aca7/763d450b0350460c82c8ff60ab9e8118.png","height":8},{"chars":["垄"],"type":"bitmap","ascent":8,"file":"minecraft:font/a09fa6751067489384baac298a786859/bbbaadd617c4432d950bbc36306d9c24.png","height":8},{"chars":["垅"],"type":"bitmap","ascent":8,"file":"minecraft:font/9e01aa1605ea4e2e8c16e8aa397174d4/28629e483471441a917a0261d1b50ebf.png","height":8},{"chars":["垆"],"type":"bitmap","ascent":8,"file":"minecraft:font/d33ec1bce2e146a49ea60a64908bc142/fb25a44c85ed44f7982891c6d47d98d2.png","height":8},{"chars":["垇"],"type":"bitmap","ascent":8,"file":"minecraft:font/9db322ae27c14ed9891665fd5f2140a5/ef651b8e253149e7a4950a2f53b6d223.png","height":8},{"chars":["垈"],"type":"bitmap","ascent":8,"file":"minecraft:font/0e2b3facd46743ca8f049774693c1638/4ceddff928864871b6d5962d926ce998.png","height":8},{"chars":["垉"],"type":"bitmap","ascent":8,"file":"minecraft:font/4cbdc46ebb4f471e9f2a24b3d7455690/9017e5ced2c94cfba36cd176fa237ce3.png","height":8},{"chars":["垊"],"type":"bitmap","ascent":8,"file":"minecraft:font/3ec47d23303e44b1a5f078f6b46c8a2e/93f81cea32124d72b03a991c51f4277b.png","height":8},{"chars":["型"],"type":"bitmap","ascent":8,"file":"minecraft:font/702c1dcea1604ab3987feb14bbf72e02/49846eb0fe224590916efdd73d42ae88.png","height":8},{"chars":["垌"],"type":"bitmap","ascent":8,"file":"minecraft:font/ecd872ba59664aef878ae055cd90548b/0337d023f50b49ec859f8e5622f4dec8.png","height":8},{"chars":["垍"],"type":"bitmap","ascent":8,"file":"minecraft:font/d06a76348dc343b7976c2bbcd2331939/acf2456bae444f95a1453479ed968b08.png","height":8},{"chars":["垎"],"type":"bitmap","ascent":8,"file":"minecraft:font/eed0911ca1f5463e92b377434c91c0c2/de39409bf5394d8ab46749ea8629c970.png","height":8},{"chars":["垏"],"type":"bitmap","ascent":8,"file":"minecraft:font/c8f14fba95114753ad828b2a01050eaf/b226ab362cd845a49108052c4ca0fd6b.png","height":8},{"chars":["垐"],"type":"bitmap","ascent":8,"file":"minecraft:font/87a1aeb2a93c4f44b452903e9a06dc80/ce1a74455ff640449b094a70932a641c.png","height":8},{"chars":["垑"],"type":"bitmap","ascent":8,"file":"minecraft:font/e10b2d47d90e43b3a35834a83175e25b/ed978e81640a4dadb9e97a49f434a48d.png","height":8},{"chars":["垒"],"type":"bitmap","ascent":8,"file":"minecraft:font/43521b4f355046afaf5ef2697075c982/afc19fdf258f45869424407f0fa6a1df.png","height":8},{"chars":["垓"],"type":"bitmap","ascent":8,"file":"minecraft:font/e3d498d21e044895bf1b193b549e1e45/8f5d530bb9c04a2e9826a6b2770682ab.png","height":8},{"chars":["垔"],"type":"bitmap","ascent":8,"file":"minecraft:font/e546a3571aca4de4ad524531cea61ede/79e09140687d4d728001c0649ea6cf4e.png","height":8},{"chars":["垕"],"type":"bitmap","ascent":8,"file":"minecraft:font/0e1229bcab024d058ca023d2a203acba/acefdc7fc11d46298e172110b755d4d1.png","height":8},{"chars":["垖"],"type":"bitmap","ascent":8,"file":"minecraft:font/65e4405a235a4d02ac5b14b5273d4a7e/292bcc160a06400798839d48dc31c838.png","height":8},{"type":"bitmap","file":"font/pixel.png","ascent":-1000,"height":-2,"chars":["ᨓ"]},{"type":"bitmap","file":"font/pixel.png","ascent":-10000,"height":1,"chars":["ᨒ"]},{"type":"bitmap","file":"font/pixel.png","ascent":-10000,"height":-2,"chars":["⻙"]}]}