{"providers":[{"chars":["垜"],"type":"bitmap","ascent":16,"file":"minecraft:font/ccee739cfa974b74a2b9dcb9fd364631/ffb07965e50142e690eb96d278305f4f.png","height":16},{"chars":["一"],"type":"bitmap","ascent":16,"file":"minecraft:font/a86047644cd54d0599956ad07be2ab17/699fd508ec1744aea5292d675ac345fc.png","height":16},{"chars":["丁"],"type":"bitmap","ascent":8,"file":"minecraft:font/0fc29f0faff342a8918abba16c91a264/6425ced2b9f0419ca559c30153cef682.png","height":8},{"chars":["垞"],"type":"bitmap","ascent":8,"file":"minecraft:font/31c6209bcf344294bb1c97716877a1ea/d4e22e232b284c5c924141b295a26c21.png","height":8},{"chars":["丂"],"type":"bitmap","ascent":8,"file":"minecraft:font/f30f3336c0d84b9685bdeebd962b1a06/643a25e78c394b97b0daf8b48ea7e1e6.png","height":8},{"chars":["七"],"type":"bitmap","ascent":8,"file":"minecraft:font/b31ac21f4a0b42f2929c507426db4e31/cc102dabe7a74be79f93754752ae91c9.png","height":8},{"chars":["丄"],"type":"bitmap","ascent":8,"file":"minecraft:font/984e14019aa74bc5b8b291808cf364d4/fae65171b54846d59e4926b7128902e8.png","height":8},{"chars":["丅"],"type":"bitmap","ascent":8,"file":"minecraft:font/311bc92b81f5408189999ba76e0956c2/e5d55645056a4e8fa4ec957315774008.png","height":8},{"chars":["丆"],"type":"bitmap","ascent":8,"file":"minecraft:font/ff303bc660fd40fa8d44cb8b806cd217/8ad50d11e2d24042a167044d1d05c8ef.png","height":8},{"chars":["万"],"type":"bitmap","ascent":8,"file":"minecraft:font/798d89a131f744d2b04d904d513f0c45/f4429f3cda7d4e78be8ef687f315a705.png","height":8},{"chars":["丈"],"type":"bitmap","ascent":8,"file":"minecraft:font/c50b497153d54e01994b386dea17c72d/ff547d617da34d819ad37e7086527529.png","height":8},{"chars":["三"],"type":"bitmap","ascent":8,"file":"minecraft:font/d3fef5af04a9491b9f2f663917f27f99/f7cb0ef9850a4e8486311638713078a7.png","height":8},{"chars":["上"],"type":"bitmap","ascent":8,"file":"minecraft:font/483141dbf003491ba70909e1c4597921/7dc828767a094b8aa21ef01fedb60ff6.png","height":8},{"chars":["下"],"type":"bitmap","ascent":8,"file":"minecraft:font/7c6b3cfdbada459b9178a5e79e9e618c/b4b697385c4f41d186cddde1c6e5a386.png","height":8},{"chars":["丌"],"type":"bitmap","ascent":8,"file":"minecraft:font/64f706471e224fef82304e8a11fc4fb5/62c96541f52548aaa318192e4b037fd7.png","height":8},{"chars":["不"],"type":"bitmap","ascent":8,"file":"minecraft:font/e96e32fb9f3b4c36a3e9e1003561305e/0a218ea200944a7c9162938bb0b6144d.png","height":8},{"chars":["与"],"type":"bitmap","ascent":8,"file":"minecraft:font/080d42100c1e4a02b3315848c27b80f4/ff5fb24b2c4c4ccc895270ff4a183c22.png","height":8},{"chars":["丏"],"type":"bitmap","ascent":8,"file":"minecraft:font/c1fef42d8e5b4d62aa47e7226372835e/1f5f06bbaaba4330aea6f3b25d492709.png","height":8},{"chars":["丐"],"type":"bitmap","ascent":8,"file":"minecraft:font/a2b0fb68c21a41d08c316607fd7d15f7/716dbbefcc814528bca6320a798e2eed.png","height":8},{"chars":["丑"],"type":"bitmap","ascent":8,"file":"minecraft:font/4d063688f826411f9dee7b80a5dcfcb2/aef961ff91ad462eafa056a62518d823.png","height":8},{"chars":["丒"],"type":"bitmap","ascent":8,"file":"minecraft:font/9ae49faf018149a6a10741d74863d13b/09977baf74c24706878f1aa5761e2503.png","height":8},{"chars":["专"],"type":"bitmap","ascent":8,"file":"minecraft:font/83f9ec0de643475f97fa73175168e453/1c8651977eb145b6a30ef4fb1d50edfd.png","height":8},{"chars":["且"],"type":"bitmap","ascent":8,"file":"minecraft:font/f2b0f73d80e2499285a8d1d9c836d7f3/e622f8c7d81146a8bf16ae09344f6d7b.png","height":8},{"chars":["丕"],"type":"bitmap","ascent":8,"file":"minecraft:font/8ac4e25ddd494591982d5cd944c3f1af/07f84a0caa3240b6bceb99a2ac605011.png","height":8},{"chars":["世"],"type":"bitmap","ascent":8,"file":"minecraft:font/1728a72d95104c61b173b5b4f443971b/93c73b149aa0471496422e230498f280.png","height":8},{"chars":["丗"],"type":"bitmap","ascent":8,"file":"minecraft:font/edebdcd8bd7c43febb922bb3eac11092/e1330087545a42d895bccbed77575290.png","height":8},{"chars":["丘"],"type":"bitmap","ascent":8,"file":"minecraft:font/baf76a414de042fdb6da145deb34020f/286e37c304364214a53f7a69862a5806.png","height":8},{"chars":["丙"],"type":"bitmap","ascent":8,"file":"minecraft:font/97c22a559507430da2f6467f903dabb4/44b41218a8cf47bbadf604d274fe220c.png","height":8},{"chars":["业"],"type":"bitmap","ascent":8,"file":"minecraft:font/c2300dee330846b5a2fd85ade9a4a76a/163d88afec554d0d96c21b77e92bf3a8.png","height":8},{"chars":["丛"],"type":"bitmap","ascent":8,"file":"minecraft:font/25ded2cfc6ae46a98ceadcdefdd21c7f/6ec614f2818e401fb140ee0e0a655be8.png","height":8},{"chars":["东"],"type":"bitmap","ascent":8,"file":"minecraft:font/b68926f4d1db4b55b168e6ce12c88536/b967ca6a5bae4e178c71138350c1619a.png","height":8},{"chars":["丝"],"type":"bitmap","ascent":8,"file":"minecraft:font/2ec0cdc5504e41b8b76dabc21460c574/fa7d74c8f76043b58ecf37290541791d.png","height":8},{"chars":["丞"],"type":"bitmap","ascent":8,"file":"minecraft:font/c6896bba831a49768ed556da5e8ae896/07f06c0d146e4d10ba99ba99fc8598a3.png","height":8},{"chars":["丟"],"type":"bitmap","ascent":8,"file":"minecraft:font/24749a1bcebb43f78c79523b3f3ad03c/3142859abe7048d484caf9a97f422693.png","height":8},{"chars":["丠"],"type":"bitmap","ascent":8,"file":"minecraft:font/4b96a270191f490987a65f4f49126009/67bfe37cd2a74facb351d25df8493d77.png","height":8},{"chars":["両"],"type":"bitmap","ascent":8,"file":"minecraft:font/d76baf02f94f456880d8478278e1a3d3/8c3995d6bd3c47668d098479b10579bb.png","height":8},{"chars":["丢"],"type":"bitmap","ascent":8,"file":"minecraft:font/aa9ef66103084df8a4a774ee75038b54/36ab5f84625c4a30924167346dc7186c.png","height":8},{"chars":["丣"],"type":"bitmap","ascent":8,"file":"minecraft:font/f4eab83aae504b1595baaf9a3411d22d/c1b59cfc12bd4f4eb0ed1c3bc6181324.png","height":8},{"chars":["两"],"type":"bitmap","ascent":8,"file":"minecraft:font/baa9901b317d465c9db4e3daa421fb1a/3bc3ab1b37014c7f85450bfde2607981.png","height":8},{"chars":["严"],"type":"bitmap","ascent":8,"file":"minecraft:font/969223b8a59642729ebab4ff3064f478/a598d9a4f67343c2bacac5f86e04ea23.png","height":8},{"chars":["並"],"type":"bitmap","ascent":8,"file":"minecraft:font/9ba1498ad17b440d84c7da60522f6ab4/23fe99ae8e7c4184bfa17bb5cc9458a0.png","height":8},{"chars":["丧"],"type":"bitmap","ascent":8,"file":"minecraft:font/d534487578bd45369d3aaadd66e7ab6b/2113cd2df0634a26848e7f4238cd00eb.png","height":8},{"chars":["丨"],"type":"bitmap","ascent":8,"file":"minecraft:font/8ef6c9d699c74d04a3b133e65a6ef418/d5720a2fe49d47c782fcb52d02bcb4ae.png","height":8},{"chars":["丩"],"type":"bitmap","ascent":8,"file":"minecraft:font/e413749d6f534ccc857e6dfbcf954eea/e1f987974d6446898aa60e288fd8c068.png","height":8},{"chars":["个"],"type":"bitmap","ascent":8,"file":"minecraft:font/0c748f61c2974183be5d839b30aeb54a/5861d249fc9d4c4e970d8f881264bcb7.png","height":8},{"chars":["丫"],"type":"bitmap","ascent":8,"file":"minecraft:font/9844a49d791c4155bf2121e3937f7751/1fdb266391b542dea4c60dcb296542ef.png","height":8},{"chars":["丬"],"type":"bitmap","ascent":8,"file":"minecraft:font/f1b49f1b82084d6e9c0348c4a41a7979/46af1228b2b249b6a0d3227bee2f2f81.png","height":8},{"chars":["中"],"type":"bitmap","ascent":8,"file":"minecraft:font/232f783b42b743c88a2d68e14afe4988/c06868c7412847d496e87ef2a19aadc5.png","height":8},{"chars":["丮"],"type":"bitmap","ascent":8,"file":"minecraft:font/aeac62ccc31a45848264cb0314638fe7/14806aae4f1946679e0ab690971975a4.png","height":8},{"chars":["丯"],"type":"bitmap","ascent":8,"file":"minecraft:font/e630e7f896994a19b8a31ee4d8e28bab/04236050c8854a6ca812d307627f28c2.png","height":8},{"chars":["丰"],"type":"bitmap","ascent":8,"file":"minecraft:font/4e501b2f8e864011b46ad41dfa4e43ef/b792dcd2f7b84424943715c631acd30a.png","height":8},{"chars":["丱"],"type":"bitmap","ascent":8,"file":"minecraft:font/20cf58670cf448998e1d5d5f566b718e/5322c713027f4bf682a3eff5ef3ac7dd.png","height":8},{"chars":["串"],"type":"bitmap","ascent":8,"file":"minecraft:font/b8e25dd6214c40f4aa65d3efbc785f17/6cf528f1359943f9987483fcddfe3546.png","height":8},{"chars":["丳"],"type":"bitmap","ascent":8,"file":"minecraft:font/36aab462ee32492cb5d6ec09067a3831/89d176f5696547ea811b10dab1174556.png","height":8},{"chars":["垙"],"type":"bitmap","ascent":16000,"file":"minecraft:font/ef3c981a700a4a8b8edd85f72b657fe0/fab75998197e4ac5862f3df72b5c7bb3.png","height":16000},{"chars":["亖"],"type":"bitmap","ascent":8,"file":"minecraft:font/45b78a78b0d44f74a31dafcdff868b02/c4eb1e6df92543eaa87a1ac3f1f309fd.png","height":8},{"chars":["亗"],"type":"bitmap","ascent":8,"file":"minecraft:font/06b00c673c544a61be0cc4b011aeac56/c9c457334ed74fd99819d57f5c88fc22.png","height":8},{"chars":["亘"],"type":"bitmap","ascent":8,"file":"minecraft:font/7a139d199e1c466eb106e266ddb90783/fbed6e50b02d4afcb4914d8b9b5b8ebf.png","height":8},{"chars":["亙"],"type":"bitmap","ascent":8,"file":"minecraft:font/932707e094294a2eb8246f86798de7d8/664d6d2fc2bc4368b666c2fc3f9dd9dc.png","height":8},{"chars":["亚"],"type":"bitmap","ascent":8,"file":"minecraft:font/096374bae15f4775aaeeded918bee9a2/73cd1fb47f1d4da8833e23369f9cfa5e.png","height":8},{"chars":["些"],"type":"bitmap","ascent":8,"file":"minecraft:font/3636c8f7c50b4aa8af45e11e992ad1ac/d5e96a503d394b26bf1b9b05abcd1bac.png","height":8},{"chars":["亜"],"type":"bitmap","ascent":8,"file":"minecraft:font/626a509a82b74af5b3cb0bf003464f14/baee6c2000754eb6a8bc1be53902c509.png","height":8},{"chars":["亝"],"type":"bitmap","ascent":8,"file":"minecraft:font/6ccb5fe694aa4ec4a3aba793dd55daef/4616ee6d12e349c29cd797e7b66e9094.png","height":8},{"chars":["亞"],"type":"bitmap","ascent":8,"file":"minecraft:font/deed792165514be89af6af7dbaa2128f/cafc7a56bd2f445ba76af3c7b08bb2de.png","height":8},{"chars":["亟"],"type":"bitmap","ascent":8,"file":"minecraft:font/d6a9bf9c797b438e86dd4fa3df197f11/aee801dc051f452dbea8f2012331596f.png","height":8},{"chars":["亠"],"type":"bitmap","ascent":8,"file":"minecraft:font/cd72cf73e9054a429de03f04e1eeebf1/07f918709dd549a7abe4535343bbb569.png","height":8},{"chars":["亡"],"type":"bitmap","ascent":8,"file":"minecraft:font/6c3202d6e1214f26af8761b61d1e16e0/0fe68695a2e94604b20ce9e2f2eeb1b1.png","height":8},{"chars":["亢"],"type":"bitmap","ascent":8,"file":"minecraft:font/a9c4b7bf0882415fab775c062cdd7321/1af58d221d3d469286a50560cdfabe66.png","height":8},{"chars":["亣"],"type":"bitmap","ascent":8,"file":"minecraft:font/b75d4c65958d41bda073851c8b7366a6/4bdd4c5b2d2a4e72ad89acb99c701967.png","height":8},{"chars":["交"],"type":"bitmap","ascent":8,"file":"minecraft:font/2c1e29d7813e41d1b2cf271d9f15883f/10e51dd3e0634bf8b5f3dbd362469f3b.png","height":8},{"chars":["亥"],"type":"bitmap","ascent":8,"file":"minecraft:font/8690dd28b43a4ee9b3bb213a5adb28a4/d61e00d1e264478f8f2e45f679b8f548.png","height":8},{"chars":["亦"],"type":"bitmap","ascent":8,"file":"minecraft:font/c2c5bfa6d505427b8398a8f6318dfe22/af37f497e1614f43aaff11a5ac5b4781.png","height":8},{"chars":["产"],"type":"bitmap","ascent":8,"file":"minecraft:font/878d2fb09eae4d899a8cb6e77b04208f/287ea7fcae5a4985ad0b54116d239cd2.png","height":8},{"chars":["亨"],"type":"bitmap","ascent":8,"file":"minecraft:font/f7b9cc08c4ad430db13e1ec6445b4eff/5cb84a1c3ad44d13a50416842f8bc9e0.png","height":8},{"chars":["亩"],"type":"bitmap","ascent":8,"file":"minecraft:font/e00665a9a0654c4c91702aa7071026d3/f69f2de749d4462a9d11496b3b8029c2.png","height":8},{"chars":["亪"],"type":"bitmap","ascent":8,"file":"minecraft:font/c7984fd99cf14dfaba59f708e4fe3917/ae0d76d712214a6089cdc3a7889ae08b.png","height":8},{"chars":["享"],"type":"bitmap","ascent":8,"file":"minecraft:font/c0cc4750cc2a4fc68f0c5105a059b5af/260ff433378c47688d890e9478d7f880.png","height":8},{"chars":["京"],"type":"bitmap","ascent":8,"file":"minecraft:font/40afa4466de5449b83fc9ee80a8a61dc/aef2406f700343da87b787d2381670b9.png","height":8},{"chars":["亭"],"type":"bitmap","ascent":8,"file":"minecraft:font/5b32bff8e2c84897840bc9694600b0cc/14d2e48a0b794e5693808dfd57d9378a.png","height":8},{"chars":["亮"],"type":"bitmap","ascent":8,"file":"minecraft:font/7d878bf7c399457fbb45db4126380404/1523fe3e1baa4593a1c1e808dfff2d13.png","height":8},{"chars":["亯"],"type":"bitmap","ascent":8,"file":"minecraft:font/e749699800de4cbd802711918eb93d9b/f9e44cd54b984c13b243f8625adf7d44.png","height":8},{"chars":["亰"],"type":"bitmap","ascent":8,"file":"minecraft:font/3d43cbce0f8c423f9d2159fb37703c1a/ce6d1128205640f789bd5033e1b70e50.png","height":8},{"chars":["亱"],"type":"bitmap","ascent":8,"file":"minecraft:font/f55accbaa3344366afc81f0a76ba5164/46c6232b568240eb8d4744b72e84719e.png","height":8},{"chars":["亲"],"type":"bitmap","ascent":8,"file":"minecraft:font/cfa14d1d999443c3933863cf43670236/7072d7cb1bb84bb187829f01bbc56b52.png","height":8},{"chars":["亳"],"type":"bitmap","ascent":8,"file":"minecraft:font/fa6b9b67564749df84c531208280a07b/1ab8feed1c0246868491bd45adc5b3d7.png","height":8},{"chars":["亴"],"type":"bitmap","ascent":8,"file":"minecraft:font/6d26e3dc6bba48a1996220c15c336d3a/18638641f1934e7b9bf7561ded1a6fdf.png","height":8},{"chars":["亵"],"type":"bitmap","ascent":8,"file":"minecraft:font/1f056b0581b64f5a8436fe3c8b3ec701/fb0b9674fac840438ee0f4959dde3f02.png","height":8},{"chars":["亶"],"type":"bitmap","ascent":8,"file":"minecraft:font/b92c3fdc0623492fa8a9a10f4f3ff73e/310509a6298149d3a188b63459cb1498.png","height":8},{"chars":["亷"],"type":"bitmap","ascent":8,"file":"minecraft:font/9261d415575f432a979d43b6a750fe04/40be0f3f19eb4836bc18b20ee0f9e20b.png","height":8},{"chars":["亸"],"type":"bitmap","ascent":8,"file":"minecraft:font/6007b745e8124879b1a8ff7a9b052e3c/8461b23698a445f9a9b76e84ef566102.png","height":8},{"chars":["亹"],"type":"bitmap","ascent":8,"file":"minecraft:font/fb7e2c8e3c8d42f680719d4169c20b04/7b105ec8a497400fb310dd0906af2404.png","height":8},{"chars":["人"],"type":"bitmap","ascent":8,"file":"minecraft:font/fa84e247d20a40d68f2ca61f20cd1c98/24fc63f246c14ca782b6918cff7bd790.png","height":8},{"chars":["亻"],"type":"bitmap","ascent":8,"file":"minecraft:font/8c888c1078d348b8945117f0bd2a4074/77e94844979b4b03a3292bdbf87d72e5.png","height":8},{"chars":["亼"],"type":"bitmap","ascent":8,"file":"minecraft:font/2023e88b0ddd4b90903976a3cefc4e54/402b9139b11b4b64b752b4876043da3a.png","height":8},{"chars":["亽"],"type":"bitmap","ascent":8,"file":"minecraft:font/1dd644cf237445aba435ff6aa47be9f6/6e929f79861b4f18902851cd496fd57a.png","height":8},{"chars":["亾"],"type":"bitmap","ascent":8,"file":"minecraft:font/d0d52f0a62614867a726b1c023b6724c/38dd385867c54485ae0f11939d5ba29c.png","height":8},{"chars":["亿"],"type":"bitmap","ascent":8,"file":"minecraft:font/e743d17dd126428f9be806aa6bcfa70d/8296402f80544eb4ad9e1a1bbe271710.png","height":8},{"chars":["什"],"type":"bitmap","ascent":8,"file":"minecraft:font/e7d3f7429e304b848abaa52a06ddebf7/d6c0e0a9743144dcb2f7c8bf6aebc8b7.png","height":8},{"chars":["仁"],"type":"bitmap","ascent":8,"file":"minecraft:font/3897dd4fa0cb4af99ac6315c3bc3e02c/4c738f2b2c7440c4b8cf2027a5656f8b.png","height":8},{"chars":["仂"],"type":"bitmap","ascent":8,"file":"minecraft:font/9a670724232340b49789c8c665f2de1c/aa4805029f684bb0b11b8b1d080f7980.png","height":8},{"chars":["仃"],"type":"bitmap","ascent":8,"file":"minecraft:font/85e56c850695459b8952f7afbeeeaf24/17f77e21711a4889ae308793ef62c708.png","height":8},{"chars":["仄"],"type":"bitmap","ascent":8,"file":"minecraft:font/3106adb187624ce3b2aeb3ac1f855445/384f8ed32a56435cb0035c86a64bc994.png","height":8},{"chars":["仅"],"type":"bitmap","ascent":8,"file":"minecraft:font/96094ec5493644c28e38983744a28900/0619ff90d37a49f9af1bfec3cfc06f89.png","height":8},{"chars":["仆"],"type":"bitmap","ascent":8,"file":"minecraft:font/ff8120c50e9843e09bde4b76944833cb/303b6ac7aa8d4312b19ac7ef561f7302.png","height":8},{"chars":["仇"],"type":"bitmap","ascent":8,"file":"minecraft:font/3324b5c81e924a4aa088b5e02e6f56b4/8d1845b19e3946f48e864cc1ece27e2b.png","height":8},{"chars":["仈"],"type":"bitmap","ascent":8,"file":"minecraft:font/29f18e367f5246b98af6829aa365aaee/b249753ce20441b89131d196764120f6.png","height":8},{"chars":["仉"],"type":"bitmap","ascent":8,"file":"minecraft:font/4eb241c803924e4d8f1d818d29b49d94/56e004cbb72341bd9e920722622eb65e.png","height":8},{"chars":["今"],"type":"bitmap","ascent":8,"file":"minecraft:font/2a7264f42b3541e589fc8894e0f98d53/943ee2defd8842ec8d27ff95c00ccb61.png","height":8},{"chars":["介"],"type":"bitmap","ascent":8,"file":"minecraft:font/c53ef2a7dff54890ba4a1233101853b2/0552989bc0094bf18e0482b97cc81987.png","height":8},{"chars":["仌"],"type":"bitmap","ascent":8,"file":"minecraft:font/3665e935b5834cc0aac1f0df6b4d8070/7bb69b4a7e864f48a7c00006376c400d.png","height":8},{"chars":["仍"],"type":"bitmap","ascent":8,"file":"minecraft:font/f391c564cc574e538489ec7e47ec5bfb/397ef84416ef479390e65f6bae72110b.png","height":8},{"chars":["从"],"type":"bitmap","ascent":8,"file":"minecraft:font/93f9f6330d6643f082b69b350f6d3a28/b6b732cb1f6d43a0a2ecda166aac4c22.png","height":8},{"chars":["仏"],"type":"bitmap","ascent":8,"file":"minecraft:font/2ce13c10ff57477a86b28d379b9fc67c/00f4353ec552420c94d296b222da41b8.png","height":8},{"chars":["仐"],"type":"bitmap","ascent":8,"file":"minecraft:font/7a5003fcffa34844ad001eada24b498e/5aaa11c7296549ea8b589e75b906c25a.png","height":8},{"chars":["仑"],"type":"bitmap","ascent":8,"file":"minecraft:font/8fc283c8106d4fa2b4ca85c24eda30fb/11b35613367f4a338f54edc941b240fe.png","height":8},{"chars":["仒"],"type":"bitmap","ascent":8,"file":"minecraft:font/6b63c1596f8d4a8b993fc61dc3ae9c6d/e8c7b57b3741459fbb2e1a9e120f9a96.png","height":8},{"chars":["仓"],"type":"bitmap","ascent":8,"file":"minecraft:font/26d18cc1bc2c47ceb60b73de1293f4af/fa438ce35e4941ef932ab03c10a585a2.png","height":8},{"chars":["仔"],"type":"bitmap","ascent":8,"file":"minecraft:font/779da4cdcfbb4e3b82a7edeb05e5a1bf/346e6b3ebe3447a898a897aa25fac6b6.png","height":8},{"chars":["仕"],"type":"bitmap","ascent":8,"file":"minecraft:font/c249ed4ce4ba4a25ba2ff72c04269709/3b9fc25a2e52469ca4e2147fdfcd88d3.png","height":8},{"chars":["他"],"type":"bitmap","ascent":8,"file":"minecraft:font/050e60887b6f48ab878e6981cd3e5424/3e31f83d97354fe2b42be77319afe6fd.png","height":8},{"chars":["仗"],"type":"bitmap","ascent":8,"file":"minecraft:font/f1a99110046a4ac1b77d758c6b9cd150/6d6967bd16be4897aa053b042763c4c7.png","height":8},{"chars":["付"],"type":"bitmap","ascent":8,"file":"minecraft:font/2021b62f4cb148f98316f3f6a2384dc4/6a4b2472a793413e8e2c1613fc37d1d2.png","height":8},{"chars":["仙"],"type":"bitmap","ascent":8,"file":"minecraft:font/7de71659e5ab46c9a95068c2bef6ebc0/3fdad90192674d7baddd52dab8a66398.png","height":8},{"chars":["仚"],"type":"bitmap","ascent":8,"file":"minecraft:font/0c2d3691a5374a098b012c37c0690110/189a562f672a44259e79905ddc2229cd.png","height":8},{"chars":["仛"],"type":"bitmap","ascent":8,"file":"minecraft:font/cd1003b6cb524a2daff377ed81d03451/0603902065624d2595eeac272acdf09a.png","height":8},{"chars":["仜"],"type":"bitmap","ascent":8,"file":"minecraft:font/e0e81e9cd57142acbdc411700e9ecdcf/2629f2730c2e454b9f660899a9b07775.png","height":8},{"chars":["仝"],"type":"bitmap","ascent":8,"file":"minecraft:font/c0df9be5ba7949f2b04212d83e734076/ba5fab051a284d9595683a55143565b0.png","height":8},{"chars":["仞"],"type":"bitmap","ascent":8,"file":"minecraft:font/228c8b9b51a64797a5d4f737e6a3bf98/a550e7987ecf40f5aea89e43ba11dab3.png","height":8},{"chars":["仟"],"type":"bitmap","ascent":8,"file":"minecraft:font/fcda774b763f441cb5162465970f4a80/d56eda149a684462937771d05140345f.png","height":8},{"chars":["仠"],"type":"bitmap","ascent":8,"file":"minecraft:font/748243ae5640437c94d3daad006658a9/bd54a32adf8a48479ee03fc23501cafb.png","height":8},{"chars":["仡"],"type":"bitmap","ascent":8,"file":"minecraft:font/3d34d3ce31fa47c99792d844182120e7/e4cff836a47f476b82a1e5cf391f5d74.png","height":8},{"chars":["仢"],"type":"bitmap","ascent":8,"file":"minecraft:font/55e473ac1c124e42bc7de0fe5b00db7e/1d600409b8664f458d45180846a03a84.png","height":8},{"chars":["代"],"type":"bitmap","ascent":8,"file":"minecraft:font/8cf8c99d313c499a9fb39634e3b5f049/5d7f7e4988fa4685885c096961964e9e.png","height":8},{"chars":["令"],"type":"bitmap","ascent":8,"file":"minecraft:font/d850563de0a6420e9c32aa64c8901e7f/c39fc024ef67451599cb2619b4e4d517.png","height":8},{"chars":["以"],"type":"bitmap","ascent":8,"file":"minecraft:font/73cf6a0ebcf64674bc0f457a69d5ebdd/8b8bf48397fc435a8a673bf344d67690.png","height":8},{"chars":["仦"],"type":"bitmap","ascent":8,"file":"minecraft:font/8b648480f95d49999a1cd89a82d37243/f6378e93f18a4ed2b14200e957da4ad9.png","height":8},{"chars":["仧"],"type":"bitmap","ascent":8,"file":"minecraft:font/60b6fb08ca754361b3e6a8f1f4983d6a/e09f8650972c4a208678215ac6ac6ddc.png","height":8},{"chars":["仨"],"type":"bitmap","ascent":8,"file":"minecraft:font/737ef867a1c44f0d96481fbb5b87e8b4/45047f56bdad479db3aaa451780be70d.png","height":8},{"chars":["仩"],"type":"bitmap","ascent":8,"file":"minecraft:font/97c95878bcae4dddaedcfdf9d0e1c90b/d9468a09fb9a4faa9cf22774e2ae4bae.png","height":8},{"chars":["仪"],"type":"bitmap","ascent":8,"file":"minecraft:font/3a59f7a8025547179788ab4803ca1df5/78e1e47c52b24de5b5b866b416c95f11.png","height":8},{"chars":["仫"],"type":"bitmap","ascent":8,"file":"minecraft:font/64a4881eedc141a382b7ce5f7231b015/19e4f576bd43497c845b293a751a5102.png","height":8},{"chars":["们"],"type":"bitmap","ascent":8,"file":"minecraft:font/9ed5cd252ac740eda045c50cefdd42f9/35ca4af5fa95426088edee0d3fa05bef.png","height":8},{"chars":["仭"],"type":"bitmap","ascent":8,"file":"minecraft:font/5fd45fcc351c4fb882155ad535c7e57c/c66ae5c8d19c40e998536e9051827483.png","height":8},{"chars":["仮"],"type":"bitmap","ascent":8,"file":"minecraft:font/d1520f77383d43d09dc149c049b27cdc/5562439b7ad94b75afbb201534509050.png","height":8},{"chars":["仯"],"type":"bitmap","ascent":8,"file":"minecraft:font/7557cb4016dc47a397f9f58056be0828/29a33e43bb7845bdba1b979ea03003dc.png","height":8},{"chars":["仰"],"type":"bitmap","ascent":8,"file":"minecraft:font/3a55f06643384e02b354c237783a3fcc/95031515a59e42c696500336c95ce4b5.png","height":8},{"chars":["仱"],"type":"bitmap","ascent":8,"file":"minecraft:font/6e10a19632884af7bc1c0284568166da/71bae1e38a1545268b092a815ba41a8e.png","height":8},{"chars":["仲"],"type":"bitmap","ascent":8,"file":"minecraft:font/e4bf992c613d4134b12fbb17d041acf1/a8fdbe10eb8943c0920e1488fa6892f0.png","height":8},{"chars":["临"],"type":"bitmap","ascent":8,"file":"minecraft:font/3bc4d78a24574987bee79b47d7fcfad1/74c723a806d2494e901141b1c4fa9377.png","height":8},{"chars":["丵"],"type":"bitmap","ascent":8,"file":"minecraft:font/eb30d978196d4ed99ccdb961f7b5b1ba/38a174daab16489f9b70190de9d68336.png","height":8},{"chars":["丶"],"type":"bitmap","ascent":8,"file":"minecraft:font/546eb191b0ce4a10a35b5acbea074a11/2b548d750aeb464fbdbae126db3d9415.png","height":8},{"chars":["丷"],"type":"bitmap","ascent":8,"file":"minecraft:font/2420ac27d6c84f56968d17f350741bec/01b0bfa8d0374f079b7a216ea1c09f10.png","height":8},{"chars":["丸"],"type":"bitmap","ascent":8,"file":"minecraft:font/4de4d9b7753a440c8fcdfef808a810d0/2528820d10c8420c885e1491d1254179.png","height":8},{"chars":["丹"],"type":"bitmap","ascent":8,"file":"minecraft:font/52ea5b244ff74db9aa92040b09bf5755/d52ac3feaa494777bb81a7d1ffd03659.png","height":8},{"chars":["为"],"type":"bitmap","ascent":8,"file":"minecraft:font/b61577de390f4aa09abd210df02b05cf/3778ae21717b4f06844031199a64c232.png","height":8},{"chars":["主"],"type":"bitmap","ascent":8,"file":"minecraft:font/934651f2260441b193a53a1f9bb1dc38/e61d88e96a7843a39ea8258304318554.png","height":8},{"chars":["丼"],"type":"bitmap","ascent":8,"file":"minecraft:font/0403c76e8c724d308a2e8b716577bb83/8ec0a38b240346d1a268783627a7703e.png","height":8},{"chars":["丽"],"type":"bitmap","ascent":8,"file":"minecraft:font/30b107b3f94e4b7cbbb214ce22478ce3/abeed9adb6ca49a1bde57fe8fb638a33.png","height":8},{"chars":["举"],"type":"bitmap","ascent":8,"file":"minecraft:font/f805635b4bb74401b296bd63ac9ef51b/0afd3bbd121246c2bff69ad50d49578e.png","height":8},{"chars":["丿"],"type":"bitmap","ascent":8,"file":"minecraft:font/397c72f38ded4628a7080132215daaf7/f70b6b22636b460f950a267fd67cc515.png","height":8},{"chars":["乀"],"type":"bitmap","ascent":8,"file":"minecraft:font/f1f2351b64d249c0b58d982b4af00916/744154d4b9244437bb35a4951289617e.png","height":8},{"chars":["乁"],"type":"bitmap","ascent":8,"file":"minecraft:font/894f0d6706db4ce1bdc163c37303ac69/dd74d0b78ce54f27a3cddbef8545c344.png","height":8},{"chars":["乂"],"type":"bitmap","ascent":8,"file":"minecraft:font/01d95609fb2645d98fdab1e3ff3834b4/c7c5ba460697480fa4a23327bdcbed6a.png","height":8},{"chars":["乃"],"type":"bitmap","ascent":8,"file":"minecraft:font/03ea441a16e94d49aebc91d53e7669d3/f22a983d794a4c17afa76348c1638dbf.png","height":8},{"chars":["乄"],"type":"bitmap","ascent":8,"file":"minecraft:font/f494a38bf7ce4ded8223b0ddf23f4acf/28d2b87320a14c35bee53dc951e81f01.png","height":8},{"chars":["久"],"type":"bitmap","ascent":8,"file":"minecraft:font/03b55f50eaae4f8b982d9c9bc491f6dd/b265e7f2e098449d9d4dd5a0e76a50e7.png","height":8},{"chars":["乆"],"type":"bitmap","ascent":8,"file":"minecraft:font/6eb76bb223df4ec281a97a801c64caf6/1ace0946b08a4d8297838ef9be79337d.png","height":8},{"chars":["乇"],"type":"bitmap","ascent":8,"file":"minecraft:font/b90116dccfa2438b8c7e223ed3fdd720/5ee470a43ab24c03a778a9751f38cab7.png","height":8},{"chars":["么"],"type":"bitmap","ascent":8,"file":"minecraft:font/5cbddde917bc47f68f4a0f145195e598/bacdb2e2c6d84bfbb8f7335075ab1f57.png","height":8},{"chars":["义"],"type":"bitmap","ascent":8,"file":"minecraft:font/8c2cbba57e4e44b19209308e6f5954dd/1ca2443c70ff46fd8246fc1ea806222e.png","height":8},{"chars":["乊"],"type":"bitmap","ascent":8,"file":"minecraft:font/ebbffed13b66449cb5d700d7777c8f35/b44513aad6c24ced8684283a165f5484.png","height":8},{"chars":["之"],"type":"bitmap","ascent":8,"file":"minecraft:font/1c36e6cd84234e6fb015f11cd67d9cec/239f174e419e40de934188da09fc862a.png","height":8},{"chars":["乌"],"type":"bitmap","ascent":8,"file":"minecraft:font/3c56cd4b9309491d8e5fa17b3671cbfa/91715c0c3f2d4788a9aca04e25788434.png","height":8},{"chars":["乍"],"type":"bitmap","ascent":8,"file":"minecraft:font/d741c643a3af40dab3cd65ed9d6a65cd/6e08dfd3c8db404493c5072caaf1e4cc.png","height":8},{"chars":["乎"],"type":"bitmap","ascent":8,"file":"minecraft:font/79d9ee062e6a40669f5aa84a59ab4887/2ce69e5bdaad4f71a634872c940baef2.png","height":8},{"chars":["乏"],"type":"bitmap","ascent":8,"file":"minecraft:font/537c9f1ea24547adae406d5e4bf0770d/09b95b292fc2425ead6d7b0a0a6b51a6.png","height":8},{"chars":["乐"],"type":"bitmap","ascent":8,"file":"minecraft:font/fe6d748dcf6a4f528bd5b13f87def8ee/782365dfee2443a5be1e33732480f283.png","height":8},{"chars":["乑"],"type":"bitmap","ascent":8,"file":"minecraft:font/010aaa6c370c4a90882052b815245dc1/3cca5361a58346518cfb11c27bb5caa7.png","height":8},{"chars":["乒"],"type":"bitmap","ascent":8,"file":"minecraft:font/a8ce5e57c6c8479fa67dcd5ed8480fc3/a0d92aa7193a48909b2924ffae97c393.png","height":8},{"chars":["乓"],"type":"bitmap","ascent":8,"file":"minecraft:font/c825fa65b68244dc8e45cb1dc2a5c14b/bdb2f512ead84a35be4342b40623f3fd.png","height":8},{"chars":["乔"],"type":"bitmap","ascent":8,"file":"minecraft:font/cbabf1fb534d4b92a61e21d64424a6cc/8f0286158c8d472391e1811d88507d78.png","height":8},{"chars":["乕"],"type":"bitmap","ascent":8,"file":"minecraft:font/c88ffff27b2c4044afcf1b1c2c48726b/68c5cc43e0564961b8de0a84694e36b7.png","height":8},{"chars":["乖"],"type":"bitmap","ascent":8,"file":"minecraft:font/efda28ac449b4fb89bec7536c353715a/2085e74ab0964862ba52a66937730714.png","height":8},{"chars":["乗"],"type":"bitmap","ascent":8,"file":"minecraft:font/eed280e6e89040579dce1a95d4032cc6/9c7df493f0c54705a1b074c167daf31b.png","height":8},{"chars":["乘"],"type":"bitmap","ascent":8,"file":"minecraft:font/d9bdaa1e5a8c40a6b5aecc33a1eab391/999f40fe51ce4632a7183536ce0923e4.png","height":8},{"chars":["乙"],"type":"bitmap","ascent":8,"file":"minecraft:font/5a1724bc244a46e0a336a8728dcd88cb/b1c1d051f74a4dc4ae9b6dd1c5770cab.png","height":8},{"chars":["乚"],"type":"bitmap","ascent":8,"file":"minecraft:font/ffed6e6fd80c444c8a88b8b7ee218770/46c7d5c041a84010be3887e6c845b884.png","height":8},{"chars":["乛"],"type":"bitmap","ascent":8,"file":"minecraft:font/bbf040d0399341c2ad2150bda0b2d34e/18ee2ae20921440e80549b787f624099.png","height":8},{"chars":["乜"],"type":"bitmap","ascent":8,"file":"minecraft:font/cde719e49d784811898848334bd529a5/255081df13264aaba38bc1f876d01c55.png","height":8},{"chars":["九"],"type":"bitmap","ascent":8,"file":"minecraft:font/5a8c84434e0d49e882d53d733cbe0773/4bfa8b4dcc0f4d2b93ef2af4b8f0113d.png","height":8},{"chars":["乞"],"type":"bitmap","ascent":8,"file":"minecraft:font/d59f3abc87e84a0484cf5cff4784b5ce/88a5f10fcfa34e13b096271f888e7306.png","height":8},{"chars":["也"],"type":"bitmap","ascent":8,"file":"minecraft:font/747cd611d9884c9aaa4d61dd6d748dfb/382bb68f2241498392d0cce0486c7ef2.png","height":8},{"chars":["习"],"type":"bitmap","ascent":8,"file":"minecraft:font/4960db5271f441a7bcb20c8656516da1/ad8d4d01a79e4a7cb3df8b83c19639d5.png","height":8},{"chars":["乡"],"type":"bitmap","ascent":8,"file":"minecraft:font/daa51fd8310e46a681c866e40b3307db/91451e8bc9244d2e833805adc2bbc949.png","height":8},{"chars":["乢"],"type":"bitmap","ascent":8,"file":"minecraft:font/3e9f8703a62547578fafe8bf0ccafb18/5f5c38f4d0654feda7e71eec85139152.png","height":8},{"chars":["乣"],"type":"bitmap","ascent":8,"file":"minecraft:font/19bb0f679f364bbdbf17c25c5f41394f/1ebcec852e6d4c97a5302723a76e44cf.png","height":8},{"chars":["乤"],"type":"bitmap","ascent":8,"file":"minecraft:font/894fd627965f4d5a9b793af152032950/da6475667d6c44fd97e127105335e946.png","height":8},{"chars":["乥"],"type":"bitmap","ascent":8,"file":"minecraft:font/7a5d349651b5451bb472bfd8331b2d38/761d2f8a16cc4defabee463a9c20d0f8.png","height":8},{"chars":["书"],"type":"bitmap","ascent":8,"file":"minecraft:font/6c696a6af57c4c71869177e506b6084d/9321b5091fc7448ab1f9ccc77dbf0133.png","height":8},{"chars":["乧"],"type":"bitmap","ascent":8,"file":"minecraft:font/3e636ea860144b1db9ee2c3c03347216/21dd720bfb014792af30c4006416b2c9.png","height":8},{"chars":["乨"],"type":"bitmap","ascent":8,"file":"minecraft:font/2a2e7d88517449f78fde1047e603d2b5/d3112f6fa50f46d0ab49a3966e79616f.png","height":8},{"chars":["乩"],"type":"bitmap","ascent":8,"file":"minecraft:font/4b0e9f4392cd4dde9a849233ac17d345/484b57d7b8ae4a18b23d3311c92da5b8.png","height":8},{"chars":["乪"],"type":"bitmap","ascent":8,"file":"minecraft:font/02fffa81a48b4e8eb1d5051023c4e44f/4aaa89da5c284d919eeb573d866754e9.png","height":8},{"chars":["乫"],"type":"bitmap","ascent":8,"file":"minecraft:font/9f8ae6cc923c4c289950c2ccc2aff8a1/f8c64f05db0c43a9997b22303559fcfa.png","height":8},{"chars":["乬"],"type":"bitmap","ascent":8,"file":"minecraft:font/4af0fe37372544f9a42f3f7665b93c11/cd4f2192d44b4c4ea433f1e26b8db6a1.png","height":8},{"chars":["乭"],"type":"bitmap","ascent":8,"file":"minecraft:font/5f9c9a73a95c4caabad7c686477ab9ba/39112478de614a24a7eec51e051301d3.png","height":8},{"chars":["乮"],"type":"bitmap","ascent":8,"file":"minecraft:font/57d74e0062e64dde8a209857c9cb2796/ae7ca25ac8f44538b16cdb2b96ba7262.png","height":8},{"chars":["乯"],"type":"bitmap","ascent":8,"file":"minecraft:font/a4d0a601880745d2a142624385d80453/c54f9585cad5465f96c686d88aabd7d7.png","height":8},{"chars":["买"],"type":"bitmap","ascent":8,"file":"minecraft:font/c75066bf42244ee292be3b3beff1e92b/467b693afbc44060afe9237dec310282.png","height":8},{"chars":["乱"],"type":"bitmap","ascent":8,"file":"minecraft:font/48c0e20a3570426e84ce4ef75942f3fb/f88214e8567d47ad994923ed7e569557.png","height":8},{"chars":["乲"],"type":"bitmap","ascent":8,"file":"minecraft:font/55b9ae6ae4424559ba3b2d2b4e8377a8/79b5fa2a5ae94f4ea1b1971764fec8d6.png","height":8},{"chars":["乳"],"type":"bitmap","ascent":8,"file":"minecraft:font/f42a829505da4269996453ca91066110/40169fd5a9264a479daa70011624e785.png","height":8},{"chars":["乴"],"type":"bitmap","ascent":8,"file":"minecraft:font/72d92715a3e449cdb85f3f1dc383f353/695bce2e5dfb42c3baca27183d10881e.png","height":8},{"chars":["乵"],"type":"bitmap","ascent":8,"file":"minecraft:font/4c4974bf3d22456eba8f46e5fe4960a3/a8f9e3fbacce46b6ad942dddbced0d96.png","height":8},{"chars":["乶"],"type":"bitmap","ascent":8,"file":"minecraft:font/26cf9f4f13874a6d8b9e3ee488249bf0/a508169776344fc09088fa801da3d008.png","height":8},{"chars":["乷"],"type":"bitmap","ascent":8,"file":"minecraft:font/0451ed1aa35343d68d5261a434fb5a31/4d1594767e794722bab36039a2d4681c.png","height":8},{"chars":["乸"],"type":"bitmap","ascent":8,"file":"minecraft:font/eb1569e97e4f451c84510c5231d92ece/7a4161a74be54d2fa91af71871f5acf7.png","height":8},{"chars":["乹"],"type":"bitmap","ascent":8,"file":"minecraft:font/5f58fe6919c44ed8bd7d1fb3d96e2519/f536cbb79aaf44c8927a3aec3b85ef49.png","height":8},{"chars":["乺"],"type":"bitmap","ascent":8,"file":"minecraft:font/fc2dea5ccbc347f582ad2152df40768d/183df71ce44b4104a7fb278bb9ef2129.png","height":8},{"chars":["乻"],"type":"bitmap","ascent":8,"file":"minecraft:font/c182d4d55a944b4dbc824896518d8db4/c7180b8c643c40b6a60588418dcbea35.png","height":8},{"chars":["乼"],"type":"bitmap","ascent":8,"file":"minecraft:font/602836d3879748dabb212b74396ccdd3/a13b2f505bbb40f0b2ff579bb23e5f9a.png","height":8},{"chars":["乽"],"type":"bitmap","ascent":8,"file":"minecraft:font/08c6cc1a33374691b0da89e4259fab3f/c036555e2a2948e18f97f0b2911f598d.png","height":8},{"chars":["乾"],"type":"bitmap","ascent":8,"file":"minecraft:font/0a5690fa759a4e219f6c94b49e2b82c4/07c5b70a4ef1453a9b117dbf72bcf2be.png","height":8},{"chars":["乿"],"type":"bitmap","ascent":8,"file":"minecraft:font/1aab6fd73fb24a809f3360900f19fa53/2a6386dbd11f45ec8c1ab4a6e1804ca5.png","height":8},{"chars":["亀"],"type":"bitmap","ascent":8,"file":"minecraft:font/19f8405456504f28ad50f54f1a19b312/23722b42d32743f2a505d91110337e23.png","height":8},{"chars":["亁"],"type":"bitmap","ascent":8,"file":"minecraft:font/6b91769e04fe46d4a96f360d282d73c2/9dc48791145c4d7babfcd074f6fc53b7.png","height":8},{"chars":["亂"],"type":"bitmap","ascent":8,"file":"minecraft:font/76867c8e4cd2433a9f8b965d7cce398a/25024b99c57c4314a1467ed3828646c9.png","height":8},{"chars":["亃"],"type":"bitmap","ascent":8,"file":"minecraft:font/6b872c81fc4944e1a2322c4b30b8a4ec/3d6b6c6245394b538d8c49de828c552f.png","height":8},{"chars":["亄"],"type":"bitmap","ascent":8,"file":"minecraft:font/0d8d5ace0ef341979551a3b214612044/d6adc5b42e5b4cd182de8011c308d926.png","height":8},{"chars":["亅"],"type":"bitmap","ascent":8,"file":"minecraft:font/3139a765e92141c195a88a331c2ca6af/b2b1549f573d4fe7843ad3c61b12d777.png","height":8},{"chars":["了"],"type":"bitmap","ascent":8,"file":"minecraft:font/2cf6034056f74823abb2f716a3890286/734fc2a449554872b38d7b0bc5576037.png","height":8},{"chars":["亇"],"type":"bitmap","ascent":8,"file":"minecraft:font/199dff8592c24b20b7e7f00d7ff5fbad/ce7113f9114845d4b7c3c5d3236e8f53.png","height":8},{"chars":["予"],"type":"bitmap","ascent":8,"file":"minecraft:font/401c529b2d3c4b70938d7423e1c7484c/eb8ba4efabb14a279dacd92d63f5e2c5.png","height":8},{"chars":["争"],"type":"bitmap","ascent":8,"file":"minecraft:font/56ee5984a6f74f008111955a40555f5f/f03ab3e554a244daaaba2050815788b7.png","height":8},{"chars":["亊"],"type":"bitmap","ascent":8,"file":"minecraft:font/448089cbf0d9467cbfb489a9c098e526/dee0f463a3964f3481c9d5b0885607dd.png","height":8},{"chars":["事"],"type":"bitmap","ascent":8,"file":"minecraft:font/fe03c16f8b3f48e2814bab47b91d547a/f76c19c18fbc4603afdb26d57540b446.png","height":8},{"chars":["二"],"type":"bitmap","ascent":8,"file":"minecraft:font/5a345166378542e3a496a6bbcb9a7636/1d1e5cfb3e5a491da7207cbe40759d1b.png","height":8},{"chars":["亍"],"type":"bitmap","ascent":8,"file":"minecraft:font/ed97a27a92ec4e4093b92ee7d8dca3a1/b026ba8671b845719db65378628c89ce.png","height":8},{"chars":["于"],"type":"bitmap","ascent":8,"file":"minecraft:font/02710e6f22534bedae55d2cc400d02d1/0c974401ddb64450bae0190ad92c32ce.png","height":8},{"chars":["亏"],"type":"bitmap","ascent":8,"file":"minecraft:font/b09f9f4c80ed480b99ce797fa031857e/8a71b8f3fb304c1b832dba545c455df6.png","height":8},{"chars":["亐"],"type":"bitmap","ascent":8,"file":"minecraft:font/2d78d70740af49838e21d740abe1c4be/306b65225208416682bc9d908552c4e9.png","height":8},{"chars":["云"],"type":"bitmap","ascent":8,"file":"minecraft:font/488d4948893f443b956338af84916815/7f934ba1a0fe46c0bf3f8ae15bcbd92d.png","height":8},{"chars":["互"],"type":"bitmap","ascent":8,"file":"minecraft:font/9bed0c8191f24347a3b9378a483c116d/d290001a32454eb3be350971160ded0f.png","height":8},{"chars":["亓"],"type":"bitmap","ascent":8,"file":"minecraft:font/e90efb1d439546428349a355a9982d18/57c8f5e38f37426f8ae694bf525f4360.png","height":8},{"chars":["五"],"type":"bitmap","ascent":8,"file":"minecraft:font/46ca2b6670e1437c85cd1146a569e7e2/0db9a876dc5c4fc08f12e8f201a8764f.png","height":8},{"chars":["井"],"type":"bitmap","ascent":8,"file":"minecraft:font/f09a48b8343740cc95986d987503be8e/86d1b63760f54514b9218799294300fd.png","height":8},{"chars":["亖"],"type":"bitmap","ascent":8,"file":"minecraft:font/3025114d21a24a61b9a1e1f07fbcfa18/16d1704822f44078a53d0add98df2d77.png","height":8},{"chars":["亗"],"type":"bitmap","ascent":8,"file":"minecraft:font/94be88eee45c46c5b7e52e22cdb673ab/a921535e15ba404c88d9b3c1e9117706.png","height":8},{"chars":["亘"],"type":"bitmap","ascent":8,"file":"minecraft:font/123fd245d5ad4b7ca42924e32cc07c69/818729d1d3374b1893d3f5844094eda1.png","height":8},{"chars":["亙"],"type":"bitmap","ascent":8,"file":"minecraft:font/f4524b11635545c3af92f383f41f8943/cff8f090cd1c4511958acb7109bfa925.png","height":8},{"chars":["亚"],"type":"bitmap","ascent":8,"file":"minecraft:font/8e8b398384824abeb517aa7c12d209b0/5ab691683f5448c7a0b6cd59fd4c79ac.png","height":8},{"chars":["些"],"type":"bitmap","ascent":8,"file":"minecraft:font/84e6f1c862b446449a506d3b1fa04716/64d20aa432014dd6a8ba5a0739671168.png","height":8},{"chars":["亜"],"type":"bitmap","ascent":8,"file":"minecraft:font/e269223bcb014949be6f52f08eca54b5/ea339e22405f4c80993d82f3c12672ab.png","height":8},{"chars":["亝"],"type":"bitmap","ascent":8,"file":"minecraft:font/84b370bc7ca54f6fa2389ecbebc2309f/f08f1e6725264b86a6d1ef5c43e6d465.png","height":8},{"chars":["亞"],"type":"bitmap","ascent":8,"file":"minecraft:font/347f98c90fdc4dafbdeb9410c13bc80e/516514e370054b77a14f63bed3f997b9.png","height":8},{"chars":["亟"],"type":"bitmap","ascent":8,"file":"minecraft:font/8a6f238958154038becd347e2a870af0/bc894648fe144b58a3a1b883ab1e1151.png","height":8},{"chars":["亠"],"type":"bitmap","ascent":8,"file":"minecraft:font/c1dd6b7d73f6415d8fb5676fa6c9e8da/b6cded7d031346b5b32718b43ffb5797.png","height":8},{"chars":["亡"],"type":"bitmap","ascent":8,"file":"minecraft:font/c77b74ee841744b4a5a1152b3eeae028/8c2bab72658b440d9f49f818d8cf1712.png","height":8},{"chars":["亢"],"type":"bitmap","ascent":8,"file":"minecraft:font/3cba07d0419b4e519299ca247bd1cc34/5413da24f6c5421582902c42cb313445.png","height":8},{"chars":["亣"],"type":"bitmap","ascent":8,"file":"minecraft:font/3c0542b3a9ad42a1a5de5d406c92eb26/60b5099bdde04b5d8f65b1622eb13358.png","height":8},{"chars":["交"],"type":"bitmap","ascent":8,"file":"minecraft:font/b05000edae9841fc955769dcfb5c06ff/da2f925ef70d479591f4931bf8bf266b.png","height":8},{"chars":["亥"],"type":"bitmap","ascent":8,"file":"minecraft:font/eb5a4043e31048cab0bf9e9b66803607/2cc89f94bf02440291ef290b32709aff.png","height":8},{"chars":["亦"],"type":"bitmap","ascent":8,"file":"minecraft:font/3672a94da26d48ffb53bd5fd9065854b/e97c0e74c66947729c5b32742089556f.png","height":8},{"chars":["产"],"type":"bitmap","ascent":8,"file":"minecraft:font/de2b64d98590401aa510871d191bbb82/d2b0b49126c44c9d96b3fbee3965228e.png","height":8},{"chars":["亨"],"type":"bitmap","ascent":8,"file":"minecraft:font/e3fbdf4ff54547b8849af29edfe0c384/8382b18735e94e549517343a268a37d7.png","height":8},{"chars":["亩"],"type":"bitmap","ascent":8,"file":"minecraft:font/10fcf5a101f24358b5a878ce7558a323/ba2fac84b02741e18eaf1204d2c2a5ab.png","height":8},{"chars":["亪"],"type":"bitmap","ascent":8,"file":"minecraft:font/4da8919bcd8d42579ebe12f417019bc0/18f8f6c956c74199977bc95e6966a2e4.png","height":8},{"chars":["享"],"type":"bitmap","ascent":8,"file":"minecraft:font/a604f54890054b95918650a9bc97e03c/01572c9911f54cedac36ac356d142352.png","height":8},{"chars":["京"],"type":"bitmap","ascent":8,"file":"minecraft:font/c692fb09f1684d7bbe2e0fd6ef8b63a9/4096f083d386415c96f69feda009f1e7.png","height":8},{"chars":["亭"],"type":"bitmap","ascent":8,"file":"minecraft:font/95960b8f5f20405cad5166a348297892/848f1048736648f1bd067ab9ac56aa5e.png","height":8},{"chars":["亮"],"type":"bitmap","ascent":8,"file":"minecraft:font/93e732b066864c8dad22206492cb8a38/221a47adf9b74d0ba997375188990ae2.png","height":8},{"chars":["亯"],"type":"bitmap","ascent":8,"file":"minecraft:font/4b33237ca3cd4b63a356dfbe07a5cfbd/fbefc4061ded43b5942df00936d0d98a.png","height":8},{"chars":["亰"],"type":"bitmap","ascent":8,"file":"minecraft:font/1b76aff58c4f4ecbaa81c6022f89c774/721383bece2e4e63b5cab6473550a186.png","height":8},{"chars":["亱"],"type":"bitmap","ascent":8,"file":"minecraft:font/4aa52156803b4d129671ef2d92f03025/5bdc19a32df448279688f6f3fc03630f.png","height":8},{"chars":["亲"],"type":"bitmap","ascent":8,"file":"minecraft:font/14b19b22bc3b465886c8f19c8f2ac2be/6585ce8f2f2d45fc9b0fd5b16a768f29.png","height":8},{"chars":["亳"],"type":"bitmap","ascent":8,"file":"minecraft:font/86c23c0000864862bcd3a0dd78c650a8/ac087156d1934c8b890a0e96596b70b9.png","height":8},{"chars":["亴"],"type":"bitmap","ascent":8,"file":"minecraft:font/d9e007fb3a5c4c8bbb29be8056df73e2/4bf7b04e0bd5466c803959a0a483f5f2.png","height":8},{"chars":["亵"],"type":"bitmap","ascent":8,"file":"minecraft:font/253ad10524604cc0970d695c32117b26/c86e86946e4548efadcb6e2721583490.png","height":8},{"chars":["亶"],"type":"bitmap","ascent":8,"file":"minecraft:font/109d95b7e73241079b640060cda5db46/b4a50916712a43dbaa97f2bbf835cbf4.png","height":8},{"chars":["亷"],"type":"bitmap","ascent":8,"file":"minecraft:font/0a00785172c3480a8bed6f2b31aed77d/4c9d799af4604cb6b9509e26ffa5dc5f.png","height":8},{"chars":["亸"],"type":"bitmap","ascent":8,"file":"minecraft:font/aabd95f56500473491dc6bc9ec2ba008/aa71f0782b774b0a94982035969d6786.png","height":8},{"chars":["亹"],"type":"bitmap","ascent":8,"file":"minecraft:font/401b2c1cf3e3454b9728dd022e9590ae/9b82dffcecee400d97f73096ee3cd48b.png","height":8},{"chars":["人"],"type":"bitmap","ascent":8,"file":"minecraft:font/2e0caaae0cb040019aac67b977c24b1a/23157981fe344e3d97abfe3ee7f17009.png","height":8},{"chars":["亻"],"type":"bitmap","ascent":8,"file":"minecraft:font/01af840d85e94c85b83c4993d33e6209/7839c46b6b3049e4a28a9755b360da46.png","height":8},{"chars":["亼"],"type":"bitmap","ascent":8,"file":"minecraft:font/fa4477b756684b268b7bb5bae3e14422/85b08030bc3d47fc8ef3b665b055b5ac.png","height":8},{"chars":["亽"],"type":"bitmap","ascent":8,"file":"minecraft:font/6097edc5672e4048bbd13f601fb99cb8/8d66c7aae34d4de29674a2dbfe419d2d.png","height":8},{"chars":["亾"],"type":"bitmap","ascent":8,"file":"minecraft:font/8387d19c4e0041a6865531cbdfe1ae7d/112290fc82784cc5ae09f8ee44d94c05.png","height":8},{"chars":["亿"],"type":"bitmap","ascent":8,"file":"minecraft:font/0b20991335c84685ade9874227e46852/b3256cc10d2f4061b330a5b388a745e9.png","height":8},{"chars":["什"],"type":"bitmap","ascent":8,"file":"minecraft:font/c60b27f46e504a5bb43ac5f318a1cd8c/30791a6995ad44f7b68605060c0570c2.png","height":8},{"chars":["仁"],"type":"bitmap","ascent":8,"file":"minecraft:font/3714243aa2ae440d9b8040a545345385/0987f6c1005445f786b7873dedf02d77.png","height":8},{"chars":["仂"],"type":"bitmap","ascent":8,"file":"minecraft:font/8e76e935cac44328a24d6ab6f71cd04d/9a13923fd5184122804738d823b85d5f.png","height":8},{"chars":["仃"],"type":"bitmap","ascent":8,"file":"minecraft:font/6713439e085c458590050164b72d36ca/569fb014018b4c1ba543843f34820bea.png","height":8},{"chars":["仄"],"type":"bitmap","ascent":8,"file":"minecraft:font/11179a4ea3d84a85a251a8f0323e3251/50cd68a086d4473d96d853a5b7534dd4.png","height":8},{"chars":["仅"],"type":"bitmap","ascent":8,"file":"minecraft:font/fc4c67869ec241abb1275bd9a2f5aab5/88048f65c144480691528da21680929a.png","height":8},{"chars":["仆"],"type":"bitmap","ascent":8,"file":"minecraft:font/1315a04fa31446b09af63810698197a9/d0bf2f0176424f6fb138c22a1292b372.png","height":8},{"chars":["仇"],"type":"bitmap","ascent":8,"file":"minecraft:font/1170b3a564ba4fa7b8d492917cc01c49/a85825085fac4d38a045da556eed3da4.png","height":8},{"chars":["仈"],"type":"bitmap","ascent":8,"file":"minecraft:font/a9b16f05537f451093a0d4c3d8ca2860/a6026626299643a093a964edcf47a4db.png","height":8},{"chars":["仉"],"type":"bitmap","ascent":8,"file":"minecraft:font/97ec6efaff2340818d75333fb89e190b/e2c54e699b014398aa204d5d955879b5.png","height":8},{"chars":["今"],"type":"bitmap","ascent":8,"file":"minecraft:font/f8569994a05b404fbfd33d1972cbae16/3cd2c4302a0d40d09cb624e2d86b7cbc.png","height":8},{"chars":["介"],"type":"bitmap","ascent":8,"file":"minecraft:font/e00772437b6c475daa8d7955eaaa2448/54685e9365394341849e2c0a71f68523.png","height":8},{"chars":["仌"],"type":"bitmap","ascent":8,"file":"minecraft:font/1399f9dc109a4ce9b31ebd3a7180c48a/37ec81c9a1d54d00bc416d676f2e3ee4.png","height":8},{"chars":["仍"],"type":"bitmap","ascent":8,"file":"minecraft:font/eacbcc99555048b386a475c559b44362/9092733f25d149a8a349900983b76d23.png","height":8},{"chars":["从"],"type":"bitmap","ascent":8,"file":"minecraft:font/283704c8dd9f439582585d2268a67232/ed356511ff0f401bb6b29bea07fd8758.png","height":8},{"chars":["仏"],"type":"bitmap","ascent":8,"file":"minecraft:font/6e9508dc7bf04b9e8516c24442628440/a9e5e354a2684c24b125d955818d1b8f.png","height":8},{"chars":["仐"],"type":"bitmap","ascent":8,"file":"minecraft:font/3138a51290e9464780e68454bdf0b199/b8c436fc2fa74c5889dd736fcc01881d.png","height":8},{"chars":["仑"],"type":"bitmap","ascent":8,"file":"minecraft:font/fc89ab238b4749ef9b791269784e3158/a04e32d131664e52a067f85e1e5ed924.png","height":8},{"chars":["仒"],"type":"bitmap","ascent":8,"file":"minecraft:font/adfca10406994897b8aa6c5ce494e916/b20071d664374a68b7831061a4459f73.png","height":8},{"chars":["仓"],"type":"bitmap","ascent":8,"file":"minecraft:font/cfdc10850e0f4c67a9f2c81ede6426be/fc019150aaaa46da9589be88df6537de.png","height":8},{"chars":["仔"],"type":"bitmap","ascent":8,"file":"minecraft:font/ec080df2a4b141a4a2e4c2b9a2fba9da/0ec985e033f748b1adb238fb31c9665d.png","height":8},{"chars":["仕"],"type":"bitmap","ascent":8,"file":"minecraft:font/d40b16a487ca4068b31a3b2ac3111345/7e96dc4e46d148ccafdd8f745895aa22.png","height":8},{"chars":["他"],"type":"bitmap","ascent":8,"file":"minecraft:font/45e199f600bc4005913370f454fea079/ae62bfd10bcb4b959aa7e878e9164020.png","height":8},{"chars":["仗"],"type":"bitmap","ascent":8,"file":"minecraft:font/4126c9e3919d425aa992c0672d377a7c/a77344026e8a444291bdc99d6ba31b76.png","height":8},{"chars":["付"],"type":"bitmap","ascent":8,"file":"minecraft:font/6802e56feeb5410ebb51fade2e908e8e/70ea5cc2a586414eade9acaba804e689.png","height":8},{"chars":["仙"],"type":"bitmap","ascent":8,"file":"minecraft:font/74ac1557696748fdaa7228b198d37a2d/2ef19ab385d547d0b9ccb609f2048556.png","height":8},{"chars":["仚"],"type":"bitmap","ascent":8,"file":"minecraft:font/897be177760341f3b5e3393f78b87ae7/52b3270f2669492da366bccf16fad2ad.png","height":8},{"chars":["仛"],"type":"bitmap","ascent":8,"file":"minecraft:font/4c51b4d453bb4a9a9efe79b371cc0a39/b4a63beb522a42c29a6267f6bb5cd8ec.png","height":8},{"chars":["仜"],"type":"bitmap","ascent":8,"file":"minecraft:font/0a0faa9ae34d44a29d46c5cac915401a/85e4e4164e374018b0cc4a93c8cfbb9c.png","height":8},{"chars":["仝"],"type":"bitmap","ascent":8,"file":"minecraft:font/a365e05684764161a992c842b83440bd/e7ba88f215264952bb38264621a9e6cb.png","height":8},{"chars":["仞"],"type":"bitmap","ascent":8,"file":"minecraft:font/e614665d01b24441ba1cdc49b3a2c0a7/c6a7d96ca1d64fad9e57ae28cc911a44.png","height":8},{"chars":["仟"],"type":"bitmap","ascent":8,"file":"minecraft:font/6ecc032099be441bacb3320f9a210ca0/daf5415905454bedaa910c61635408e3.png","height":8},{"chars":["仠"],"type":"bitmap","ascent":8,"file":"minecraft:font/8312e68953a54753b66120edbfa5f37c/65e5d7d315eb4490a874e5757dc79559.png","height":8},{"chars":["仡"],"type":"bitmap","ascent":8,"file":"minecraft:font/edbd0f87355c4b24a2e71bf50094f8aa/4869fc15003b48268aeb2627b256a112.png","height":8},{"chars":["仢"],"type":"bitmap","ascent":8,"file":"minecraft:font/0461a89ef15843459ac3944b2b51845e/2a7bd68d29474c1c997ddaecab0f9aae.png","height":8},{"chars":["代"],"type":"bitmap","ascent":8,"file":"minecraft:font/ddb16d5580af48148304fe4384653622/3fe08e6059e749548c146aa0fe969836.png","height":8},{"chars":["令"],"type":"bitmap","ascent":8,"file":"minecraft:font/bd2fd5264e3244f68a0e56a0b0e347f8/edec3fed644e427daecabbd074ce600c.png","height":8},{"chars":["以"],"type":"bitmap","ascent":8,"file":"minecraft:font/aa72857180254e2ab3c07f7c4965b1c5/233a24ab34eb434d8d20d78976750fe4.png","height":8},{"chars":["仦"],"type":"bitmap","ascent":8,"file":"minecraft:font/846c557a7c224f0d8c9c258f9a66c9a6/30a6395023864a7097cae47b73e9d026.png","height":8},{"chars":["仧"],"type":"bitmap","ascent":8,"file":"minecraft:font/14c02be9ccfb4134983447eb642b0082/c5bd30a3f82946178d198897c9e5d9b9.png","height":8},{"chars":["仨"],"type":"bitmap","ascent":8,"file":"minecraft:font/7b26edefa9374758b0c62a5839bb8a19/a45453d0efe84a738dcfba0876775bbe.png","height":8},{"chars":["仩"],"type":"bitmap","ascent":8,"file":"minecraft:font/12dbfcc08de9494da7511ac38bd507c8/ed27817c8fae4af3ad10945c2313a043.png","height":8},{"chars":["仪"],"type":"bitmap","ascent":8,"file":"minecraft:font/2a6b4c07930c49e493aedacf2130ef09/80952df9856d471c98ba9cc862d07b8f.png","height":8},{"chars":["仫"],"type":"bitmap","ascent":8,"file":"minecraft:font/d2298544977943f99178b56702440d38/9979378801074956b151f88c855f6564.png","height":8},{"chars":["们"],"type":"bitmap","ascent":8,"file":"minecraft:font/3971ff509de74d38b3fa27f35948885b/2a8da949a8264c5bbafea91c4ce95e48.png","height":8},{"chars":["仭"],"type":"bitmap","ascent":8,"file":"minecraft:font/a23a646253754dd983fc43ce7673bbd2/759a1efe4307451a8e6c16de126789cd.png","height":8},{"chars":["仮"],"type":"bitmap","ascent":8,"file":"minecraft:font/7308b3362020429d914c55bce485153c/50c28186283d44678da3afedf105baf1.png","height":8},{"chars":["仯"],"type":"bitmap","ascent":8,"file":"minecraft:font/c92847af4f954fddb9126f69d2171785/762ca82afc614627ad3a50925ee2cb99.png","height":8},{"chars":["仰"],"type":"bitmap","ascent":8,"file":"minecraft:font/603f71887a934d4ba196b2e36d196638/281ff2fe4c4f4d15bceb4f99fb74b5b0.png","height":8},{"chars":["仱"],"type":"bitmap","ascent":8,"file":"minecraft:font/5c1f7cbcf6df4c0698700234cacff064/98cc529b0f7d4f8bbab3704483dd6c54.png","height":8},{"chars":["仲"],"type":"bitmap","ascent":8,"file":"minecraft:font/8448fd428f724c3691492c5165526803/52c5293836cc43fbb227a01188ab6f8a.png","height":8},{"chars":["垗"],"type":"bitmap","ascent":8,"file":"minecraft:font/b1f6666f22504705b7e34603e4d04cc8/366ca90af0ba44dfb7ebd8d16eafb384.png","height":8},{"chars":["仳"],"type":"bitmap","ascent":8,"file":"minecraft:font/c37bd1ae8989483fb0053e71fdcf1868/7296049471074da7b469fc207b9d6c5f.png","height":8},{"chars":["仴"],"type":"bitmap","ascent":8,"file":"minecraft:font/4640887fd7c44b21ad84284c6b292d5f/7e8345565f8f4071ab2362a2c584040c.png","height":8},{"chars":["仵"],"type":"bitmap","ascent":8,"file":"minecraft:font/f16fce04cca646a8b7244d9e18b24ec3/1612cba538ae44db956b6f25a534b885.png","height":8},{"chars":["件"],"type":"bitmap","ascent":8,"file":"minecraft:font/2a442fc6d37545bbbce76dfbb51afad1/4d86c640ba49457ca490ec9e10fd03cf.png","height":8},{"chars":["价"],"type":"bitmap","ascent":8,"file":"minecraft:font/75c2ea6ef6e940a2b68c6ee324211d87/7271475d66884effa6e96317e6c4188a.png","height":8},{"chars":["仸"],"type":"bitmap","ascent":8,"file":"minecraft:font/4d318f96ecdf41399d714a24d456227c/b20bdbcb90e543bdba6b52da6eb77cda.png","height":8},{"chars":["仹"],"type":"bitmap","ascent":8,"file":"minecraft:font/2110e92752a043c0a30e74fcb395fc08/dea7d78a24cf4eb58367bbbdfa530763.png","height":8},{"chars":["仺"],"type":"bitmap","ascent":8,"file":"minecraft:font/b3e99e0aadb54d0c882e8203150a0691/4a595f969b2144babef944beb53a59f9.png","height":8},{"chars":["任"],"type":"bitmap","ascent":8,"file":"minecraft:font/d96503b2c5f2469b8d16162e430ad38f/1d4688949efe4c42a9dc8ca9e07c0104.png","height":8},{"chars":["仼"],"type":"bitmap","ascent":8,"file":"minecraft:font/3ae466696b4545c6a2c658a1a3febc84/413fa72a50c2410bb4530ae86eadb027.png","height":8},{"chars":["份"],"type":"bitmap","ascent":8,"file":"minecraft:font/f29c2012f083459394bff8fa5951fb83/5873dcc5d56d4b958871354a8e087907.png","height":8},{"chars":["仾"],"type":"bitmap","ascent":8,"file":"minecraft:font/50e861fc87a04e2192e99714946080da/0d1f86ae236548d99f12fad7febc7832.png","height":8},{"chars":["仿"],"type":"bitmap","ascent":8,"file":"minecraft:font/7b050e3a1e704b1ebe7263553cc2ba93/3412d16b4595467b845f15815f18833f.png","height":8},{"chars":["伀"],"type":"bitmap","ascent":8,"file":"minecraft:font/0e2407cdc384440d83878417924c34da/0ef55c56e47c4ab388eba20516dcdc86.png","height":8},{"chars":["企"],"type":"bitmap","ascent":8,"file":"minecraft:font/bc0c66612acb4f8f8d1b8dbe4ed9ea9d/1ac863856d484c9db07aa08f858bd433.png","height":8},{"chars":["伂"],"type":"bitmap","ascent":8,"file":"minecraft:font/045f41c8b5c14d53ad954af1305dd4de/1e4a5a86485744a78328d37d42c49d3e.png","height":8},{"chars":["伃"],"type":"bitmap","ascent":8,"file":"minecraft:font/6e1a2494a67c4f029a10a26e2d5a6919/0d0f4e82ebfd4fd4ad17a6be87598d8b.png","height":8},{"chars":["伄"],"type":"bitmap","ascent":8,"file":"minecraft:font/9cf06ea377bd4998956741830e31fc78/e06ab1e3e7164ba1a104d5dd2f3e7a60.png","height":8},{"chars":["伅"],"type":"bitmap","ascent":8,"file":"minecraft:font/fc0f91dbf2eb40029c127423dd07316f/a5f004713bcc47e7831387190fde8e5b.png","height":8},{"chars":["伆"],"type":"bitmap","ascent":8,"file":"minecraft:font/32a4019218274930bcf90ec5dea40dd8/96b78135e7db439ab1de19dfc4d84f5c.png","height":8},{"chars":["伇"],"type":"bitmap","ascent":8,"file":"minecraft:font/3008af0452a04a3cb17b39421beaf67b/42815ada60734de08b2a92315ee7bfaa.png","height":8},{"chars":["伈"],"type":"bitmap","ascent":8,"file":"minecraft:font/0e8c2ca35b9f4bc495537e7f9eeab0f1/429686df0e20462292ba2726cc52b230.png","height":8},{"chars":["伉"],"type":"bitmap","ascent":8,"file":"minecraft:font/0d4c185713074b76a91d41f4c70e7927/c7f5358cec404813ab05cfe67676e214.png","height":8},{"chars":["伊"],"type":"bitmap","ascent":8,"file":"minecraft:font/9410bc1a00d14e6c8e796896f380d20e/6a6545af115a4195ba4bcf5f038ecbbb.png","height":8},{"chars":["伋"],"type":"bitmap","ascent":8,"file":"minecraft:font/96e3abf34fee4a3498a72ecb2d18966b/dd794fcc17cb43f09c73c049153f1203.png","height":8},{"chars":["伌"],"type":"bitmap","ascent":8,"file":"minecraft:font/e6af37bc45104871b0e4b8849bf55e2c/f1519ab11c7f404b96e258a08ac465e1.png","height":8},{"chars":["伍"],"type":"bitmap","ascent":8,"file":"minecraft:font/1f53360b36f045b5b91e3cda2c0abcd1/2917b1b33397450cba55ce002469c3d0.png","height":8},{"chars":["伎"],"type":"bitmap","ascent":8,"file":"minecraft:font/2e8ad80bdc1c40a2a056cda6e18f3aba/1f9efedb73294b79a3821637d232f39f.png","height":8},{"chars":["伏"],"type":"bitmap","ascent":8,"file":"minecraft:font/92b8feae983c49a19f5488e96926eb77/01b1b22879bc4131afc3c5a17ffda8d5.png","height":8},{"chars":["伐"],"type":"bitmap","ascent":8,"file":"minecraft:font/5ed6932458d648dfa4d786981dada17e/6439853e392b447c826afb128ccbb7be.png","height":8},{"chars":["休"],"type":"bitmap","ascent":8,"file":"minecraft:font/030e2892665e4355b350694e8727010e/8948724165664a6a915ae683d9b0d3bc.png","height":8},{"chars":["伒"],"type":"bitmap","ascent":8,"file":"minecraft:font/0928cade47344904bde44e89145c9bc9/f2a2a974f0e4447ab8e37801d7a3bf38.png","height":8},{"chars":["伓"],"type":"bitmap","ascent":8,"file":"minecraft:font/fd473722faa8422888307e227a25c4b8/bfabe57674be44db97c6aab69b1e7c0a.png","height":8},{"chars":["伔"],"type":"bitmap","ascent":8,"file":"minecraft:font/350b6f822fe64985819dbb0260cdab8d/fa563f7393554687a66d4a4ccaefe9a8.png","height":8},{"chars":["伕"],"type":"bitmap","ascent":8,"file":"minecraft:font/93601c93d38e46b0947d69a87f9d28b8/6d3769802862497c8ae8c0c55b2191f2.png","height":8},{"chars":["伖"],"type":"bitmap","ascent":8,"file":"minecraft:font/cca1bdfb3fe14a9e9b4e606c7d1c8845/c3eac43e2fd54336a23b9d8050a9cee8.png","height":8},{"chars":["众"],"type":"bitmap","ascent":8,"file":"minecraft:font/0c92d8c4f950446ab96198874a114685/8d9752f63d1440ae8d167973741059d8.png","height":8},{"chars":["优"],"type":"bitmap","ascent":8,"file":"minecraft:font/37fa878e2a8046d797c52eb782a45c3b/77b2464357134d029ce3793965768979.png","height":8},{"chars":["伙"],"type":"bitmap","ascent":8,"file":"minecraft:font/d8c91f487a8247438a5e7b1c08b1af20/f48ac5b987384194a27a5bcfb42752e8.png","height":8},{"chars":["会"],"type":"bitmap","ascent":8,"file":"minecraft:font/e69b0f52905f4ae382325bc96f9d5b69/991e7ddd318245ab9fa048e749ec27b2.png","height":8},{"chars":["偹"],"type":"bitmap","ascent":8,"file":"minecraft:font/0c933a82669340a0bd53242277cd2a72/f7d5a38b089641f4be5150cb8b248396.png","height":8},{"chars":["偺"],"type":"bitmap","ascent":8,"file":"minecraft:font/3d9499e0b2cb49a1a3f4bea31af2d907/4633a22afcf74001a5fe6614d0d41eec.png","height":8},{"chars":["偻"],"type":"bitmap","ascent":8,"file":"minecraft:font/d915f58ed1eb4bbbb3a0d56e49f9a166/33548873382b4ae787056aae41ad82bd.png","height":8},{"chars":["偼"],"type":"bitmap","ascent":8,"file":"minecraft:font/31aca531391e4b1e92e6d1766fdf37d0/662258dac1cb49b8b0713dc4cacf5559.png","height":8},{"chars":["偽"],"type":"bitmap","ascent":8,"file":"minecraft:font/379caddc12d84d7cb3df98e0fead4484/d900117f117141e6b0c0bf83603787e1.png","height":8},{"chars":["偾"],"type":"bitmap","ascent":8,"file":"minecraft:font/d92523463c784910bc0fc5e705b5823e/6c0d9daededa4725bbbd757bcd400f40.png","height":8},{"chars":["偿"],"type":"bitmap","ascent":8,"file":"minecraft:font/67b11bb3ae674cf38ceb501e8a9729f3/976e889afb094fe484a84624dd6d3b1b.png","height":8},{"chars":["傀"],"type":"bitmap","ascent":8,"file":"minecraft:font/a1c531a0f93d480ba0d518196eb2059e/817f3bcebff342debdfb1c73646f58b5.png","height":8},{"chars":["傁"],"type":"bitmap","ascent":8,"file":"minecraft:font/28bf6b4f683041e3965a03e027622b01/1465960ea02940198971920216931071.png","height":8},{"chars":["傂"],"type":"bitmap","ascent":8,"file":"minecraft:font/329d75a4a9db44fd8719861a03dd236f/eb9b42fc2dd0434680caf10ddc6b420b.png","height":8},{"chars":["傃"],"type":"bitmap","ascent":8,"file":"minecraft:font/84c2427e07fe48fd9086f6f1c23721bb/60c9a5d1e4394ef29c21f3f5c4b16e89.png","height":8},{"chars":["傄"],"type":"bitmap","ascent":8,"file":"minecraft:font/ca5fd3f178d94eba8d6ad4cea087c45e/3b11ca7b39944df5bbc7862ff84904d1.png","height":8},{"chars":["傅"],"type":"bitmap","ascent":8,"file":"minecraft:font/bc6b208be71446f8ae14e71d490ed881/590334e0b3cc40a9af77c3100842f24c.png","height":8},{"chars":["傆"],"type":"bitmap","ascent":8,"file":"minecraft:font/4c816751627744568371e2619712a9fe/048d9edebb4e4ed98315ebad61dce108.png","height":8},{"chars":["傇"],"type":"bitmap","ascent":8,"file":"minecraft:font/c0101dae002344c0ae134e621c602a12/dc9a0bb91de24c588aba55659a5f61ce.png","height":8},{"chars":["傈"],"type":"bitmap","ascent":8,"file":"minecraft:font/c0255564162a401b92f7f754a2631910/3db12b21d66246ff873c3c5c63236396.png","height":8},{"chars":["傉"],"type":"bitmap","ascent":8,"file":"minecraft:font/78cb18b7b4a740e2ac8fc79eb484d567/7e290ab069484c5d858864f827611716.png","height":8},{"chars":["傊"],"type":"bitmap","ascent":8,"file":"minecraft:font/3b095abf96284781bf90c0ee8d6a8cb8/ef318bf0fffc49cbb402fdd167c61971.png","height":8},{"chars":["傋"],"type":"bitmap","ascent":8,"file":"minecraft:font/30b62cdd3e27424eb5dabb1899999ca7/a8ade1f631af4bfea24dc2673aec2dbb.png","height":8},{"chars":["傌"],"type":"bitmap","ascent":8,"file":"minecraft:font/820c6b3ace91449b8673be9db056721a/ced2027ed162483ab254348d4058cb8e.png","height":8},{"chars":["垃"],"type":"bitmap","ascent":8,"file":"minecraft:font/a61633da5ce5498b964e2470c595f19f/3e5c40a6736045eebaab5bd72c821f31.png","height":8},{"chars":["垄"],"type":"bitmap","ascent":8,"file":"minecraft:font/66a8afc671dc4f988b016d2f5542474f/598e5d7ed5a34ebaaab4a335aa2695df.png","height":8},{"chars":["垅"],"type":"bitmap","ascent":8,"file":"minecraft:font/14d0c86def7b4c94a3eebdadc6034d81/113139445ea84ca6aed77f2c42ebdd5d.png","height":8},{"chars":["垆"],"type":"bitmap","ascent":8,"file":"minecraft:font/c8130a098b9b46589ea5142620d73280/cc435ca3503c4bd7b558d1292ca8b7ee.png","height":8},{"chars":["垇"],"type":"bitmap","ascent":8,"file":"minecraft:font/ba01c8070fbd4c90ae2e128e3d22d1ac/5d68cf24b78b4c09ad19840fe4584819.png","height":8},{"chars":["垈"],"type":"bitmap","ascent":8,"file":"minecraft:font/e86866176018475db9e21b9d8d1570f6/44672572bcac4214ba36c17005fb6820.png","height":8},{"chars":["垉"],"type":"bitmap","ascent":8,"file":"minecraft:font/a91ba09e4b6444daac2f7b9a2d4bccf6/30325b1092d240158c1964cdd042d530.png","height":8},{"chars":["垊"],"type":"bitmap","ascent":8,"file":"minecraft:font/5c7c330f66424c5e8f51ff6b4c89024d/77d63de16fbd42208dc9a2efd1d778cd.png","height":8},{"chars":["型"],"type":"bitmap","ascent":8,"file":"minecraft:font/b074279f6b604c36ad9e6cbda1acf7f6/283352057e1944138430090c39cddd89.png","height":8},{"chars":["垌"],"type":"bitmap","ascent":8,"file":"minecraft:font/674ea9c8a8aa4f4fa0b0701eb13893bf/09ae38530c184ff38f531109219c3ecf.png","height":8},{"chars":["垍"],"type":"bitmap","ascent":8,"file":"minecraft:font/7e62a574b05848559d0477167493dc9c/881a3206e64843f6a5379b55acda399e.png","height":8},{"chars":["垎"],"type":"bitmap","ascent":8,"file":"minecraft:font/e481aa50a7a4408bb5d613bf3b6e9652/818beffd196c4d5cbc486be74174d675.png","height":8},{"chars":["垏"],"type":"bitmap","ascent":8,"file":"minecraft:font/4fe641815abc404cab8c1adc315a79d5/f50479eb643a494c857bd0afa61995c1.png","height":8},{"chars":["垐"],"type":"bitmap","ascent":8,"file":"minecraft:font/5f5a5249dc1e41c39ed1044367dba18e/32f0259fdb994d5797d61d6b8b5ac255.png","height":8},{"chars":["垑"],"type":"bitmap","ascent":8,"file":"minecraft:font/4ff2b5d10f884777a8af8f55c6b55706/aaa35ae837484828be515b23db59603e.png","height":8},{"chars":["垒"],"type":"bitmap","ascent":8,"file":"minecraft:font/e505e6abff3c4356bb29c160695cc576/80982ba00f114af692f6b4f13b668f3b.png","height":8},{"chars":["垓"],"type":"bitmap","ascent":8,"file":"minecraft:font/ed2ee94096444914a627bbdbaf9dc908/f6cd66ad981d4e4aaa1b975a735de4cc.png","height":8},{"chars":["垔"],"type":"bitmap","ascent":8,"file":"minecraft:font/be385b18d91e4921bf16fe4acfa2afd4/257ef77ce8e84f8b8874ffeb0b5288ee.png","height":8},{"chars":["垕"],"type":"bitmap","ascent":8,"file":"minecraft:font/5a9a04968436485fa2569e4df9472a9d/259c2c8585774ede9d421ebe47cf139c.png","height":8},{"chars":["垖"],"type":"bitmap","ascent":8,"file":"minecraft:font/8406affec1604911862aba3f5e74a494/142ad4d815f042c98ebe1df2b44f8690.png","height":8},{"type":"bitmap","file":"font/pixel.png","ascent":-1000,"height":-2,"chars":["ᨓ"]},{"type":"bitmap","file":"font/pixel.png","ascent":-10000,"height":1,"chars":["ᨒ"]},{"type":"bitmap","file":"font/pixel.png","ascent":-10000,"height":-2,"chars":["⻙"]}]}