{"providers":[{"ascent":16,"type":"bitmap","chars":["一"],"height":16,"file":"minecraft:font/9cf435d64d8e4bdd88177cfb5de11ee2/991b86cb0c724d1bada9351c256065f2.png"},{"ascent":8,"type":"bitmap","chars":["丁"],"height":8,"file":"minecraft:font/282bd35253bb4076b301d77a320385eb/118acc374f564a45b28c2bd9fe0f12bf.png"},{"ascent":8,"type":"bitmap","chars":["丂"],"height":8,"file":"minecraft:font/bee3130f52554ad2b59b08274134d862/e13a7402852141bc8f78bd368fc912e3.png"},{"ascent":8,"type":"bitmap","chars":["七"],"height":8,"file":"minecraft:font/767996338a0b46b987237ecd51e7d6d0/ae2f7c6d38a64c0f8a4c4735633a5b02.png"},{"ascent":8,"type":"bitmap","chars":["丄"],"height":8,"file":"minecraft:font/637d64b2d4a14f63a3ea000a431a0b4c/58f53049a4514f55b0289b43910fd37d.png"},{"ascent":8,"type":"bitmap","chars":["丅"],"height":8,"file":"minecraft:font/039f143110b243b8a2a12d7b74aa6c07/0229e94d38494756a558eb68d56e563c.png"},{"ascent":8,"type":"bitmap","chars":["丆"],"height":8,"file":"minecraft:font/4b4bed8c30b34fa59ef7d62c7f530987/6385277b153b460faf0c0a68b5a61733.png"},{"ascent":8,"type":"bitmap","chars":["万"],"height":8,"file":"minecraft:font/bb39c1f692bb46ab96929b0ca1d78ee3/7871c884182f49e99e82acf976af4487.png"},{"ascent":8,"type":"bitmap","chars":["丈"],"height":8,"file":"minecraft:font/421fa680a29343b7b05056a16b5da3a3/93959e78ff4742fd9e5e98e1bb2635bf.png"},{"ascent":8,"type":"bitmap","chars":["三"],"height":8,"file":"minecraft:font/334084052bac488e878dafa7172829e3/e6b23193d1f4449aa2b37dca55b08a6d.png"},{"ascent":8,"type":"bitmap","chars":["上"],"height":8,"file":"minecraft:font/4bf47ef2abee47db96be79e781deff43/c195209c66b04b24bb33eb7d4b3d4e84.png"},{"ascent":8,"type":"bitmap","chars":["下"],"height":8,"file":"minecraft:font/3555827a77034f7c9aeb8645a4e28dd7/6d7bc8778ba840b199535d56a32224ff.png"},{"ascent":8,"type":"bitmap","chars":["丌"],"height":8,"file":"minecraft:font/cabab38e83cb44df9a07ba791e67b35d/c807c397ae814c49b99aa6cef2a2879c.png"},{"ascent":8,"type":"bitmap","chars":["不"],"height":8,"file":"minecraft:font/d998d8498703404db0f6e66f594eb85a/da7e1248a2f04a26a3f8563fa89e8647.png"},{"ascent":8,"type":"bitmap","chars":["与"],"height":8,"file":"minecraft:font/b358a4a684ff4362a282aa656373fc7e/af96ae7ef2eb44368b64f0957d366fce.png"},{"ascent":8,"type":"bitmap","chars":["丏"],"height":8,"file":"minecraft:font/fb0bdbd3119249a3bd480b712fd083ee/7c10cbee9a83417c8e28b25f0d60313a.png"},{"ascent":8,"type":"bitmap","chars":["丐"],"height":8,"file":"minecraft:font/a972d7fb24544e008f91019bf83e5bb5/9f9a45560e7c470180ea840b96018123.png"},{"ascent":8,"type":"bitmap","chars":["丑"],"height":8,"file":"minecraft:font/6a0d17a18a5141f387416a2fbb778b72/928d51a999134294b84a21cde587782d.png"},{"ascent":8,"type":"bitmap","chars":["丒"],"height":8,"file":"minecraft:font/8e145b16cbce46e6affe49e12f73781d/63b97b25a5ac42a086fec7a7767f1320.png"},{"ascent":8,"type":"bitmap","chars":["专"],"height":8,"file":"minecraft:font/f69cafd700e742e78d6d676e16db1ce3/de6bc36cbd8e4781af1d5b1f76bfd042.png"},{"ascent":8,"type":"bitmap","chars":["且"],"height":8,"file":"minecraft:font/1fd4865ab5004382b8b0967f59207a1b/0174610ddac743ca993c45bd674ab3c8.png"},{"ascent":8,"type":"bitmap","chars":["丕"],"height":8,"file":"minecraft:font/c9cc5883047d4e3b85b835443b81ad5e/69be5a2a86974794ac9b49eb007beaf0.png"},{"ascent":8,"type":"bitmap","chars":["世"],"height":8,"file":"minecraft:font/4384bdbcf749453aa2719ff42e25b6d9/e33ba39fd9df4d0caf8eda425e9866bb.png"},{"ascent":8,"type":"bitmap","chars":["丗"],"height":8,"file":"minecraft:font/a623ff9d23684186b04d1dbdaa559b94/cd7be410039e4555a55ec65936778506.png"},{"ascent":8,"type":"bitmap","chars":["丘"],"height":8,"file":"minecraft:font/ae253cdb06154195ba6df39936d9bd15/c43d96342877432e83f4359eea976909.png"},{"ascent":8,"type":"bitmap","chars":["丙"],"height":8,"file":"minecraft:font/3f6cf72e2d7347049dcf1a473095cc6d/98d6e72fff784785aca2c7e30e758fad.png"},{"ascent":8,"type":"bitmap","chars":["业"],"height":8,"file":"minecraft:font/db34a02e369e48e98f43a29ff3abe9f9/effcbc42be59447099ac6103b829f6b6.png"},{"ascent":8,"type":"bitmap","chars":["丛"],"height":8,"file":"minecraft:font/3bc3173fab604025b2db00169e7dbf9a/1a59184cb0404bbea2ad138266b377b4.png"},{"ascent":8,"type":"bitmap","chars":["东"],"height":8,"file":"minecraft:font/628cf94740c64edfa7af6569df0fe7f5/3ad58e7cc11e4dc9a741ef55fad0b6bc.png"},{"ascent":8,"type":"bitmap","chars":["丝"],"height":8,"file":"minecraft:font/b6d8030c33c640b79cfcbcb22a8a592c/b006e0a7a13843d1b11f9155229aeefc.png"},{"ascent":8,"type":"bitmap","chars":["丞"],"height":8,"file":"minecraft:font/699a9668917a4d8a85f48b19b9c53652/3129a94f16624b36a9f12a7c0aa5c2a0.png"},{"ascent":8,"type":"bitmap","chars":["丟"],"height":8,"file":"minecraft:font/5692f6e929c449b6be84f06e8e00a589/666fdd5c7b294a50b6ba4c521bf28286.png"},{"ascent":8,"type":"bitmap","chars":["丠"],"height":8,"file":"minecraft:font/09a9c8f114494a63bdece664f5a6f86b/0b058aa910f64467b30afb14030507c9.png"},{"ascent":8,"type":"bitmap","chars":["両"],"height":8,"file":"minecraft:font/a8afc5b0f5a04fc297190643b7841f87/8e1a958c8fed44369bf05b2335480142.png"},{"ascent":8,"type":"bitmap","chars":["丢"],"height":8,"file":"minecraft:font/00a2d27e4c8b4ac6b1ca1bc3016fe4f2/c75395d2b3544b72b04e685aad687f37.png"},{"ascent":8,"type":"bitmap","chars":["丣"],"height":8,"file":"minecraft:font/795b254f4022413896af12cd6d03bfa1/454fc2e0d084416ab7cf844e7edd89e6.png"},{"ascent":8,"type":"bitmap","chars":["两"],"height":8,"file":"minecraft:font/3dd123d46dbf4bcab27e1dccf9cfa345/58f1e7fb4ddc488aa38ae18b7c12b5fe.png"},{"ascent":8,"type":"bitmap","chars":["严"],"height":8,"file":"minecraft:font/8955f008a8c24203aa70a55e81805340/ad53bfa6cca646b0a9ed49ee97b45fe0.png"},{"ascent":8,"type":"bitmap","chars":["並"],"height":8,"file":"minecraft:font/57d9c091304d46859ef65b3720756cec/fee96534a0d848c4aa383a77dc7f24cb.png"},{"ascent":8,"type":"bitmap","chars":["丧"],"height":8,"file":"minecraft:font/f02c9e49d225490c82275d8437dceb9b/ebebf1c36a2041f185d9c077066c6fd8.png"},{"ascent":8,"type":"bitmap","chars":["丨"],"height":8,"file":"minecraft:font/d94e74f1f7fa4e74b2304da75b45b06a/e1748653f92d4b458ac4c65c3e1e19fd.png"},{"ascent":8,"type":"bitmap","chars":["丩"],"height":8,"file":"minecraft:font/3fd55c51f04b4350a2cae6bf72418621/e7d7deef0b054bdeafd4422ce411eb70.png"},{"ascent":8,"type":"bitmap","chars":["个"],"height":8,"file":"minecraft:font/36ddcb76e8f4467596f7c674bca1bd2f/9838545fe9c04c1cb0de2d9ca88235f3.png"},{"ascent":8,"type":"bitmap","chars":["丫"],"height":8,"file":"minecraft:font/f57312f722df4a128f6199b90313ae73/26e534d3297543ff96ba1a6f7137d835.png"},{"ascent":8,"type":"bitmap","chars":["丬"],"height":8,"file":"minecraft:font/ed2af4ca217648c9a28cc83962e0ae60/acb08341325141508b01c853b8a6d1ef.png"},{"ascent":8,"type":"bitmap","chars":["中"],"height":8,"file":"minecraft:font/e87e3121f403465cb733bc0ba55bd5eb/fd04af2ece6f4bb58daefbcfd3da0def.png"},{"ascent":8,"type":"bitmap","chars":["丮"],"height":8,"file":"minecraft:font/d0abab89b11848c5bdb57bcfe5b0c839/b8ac706557564defb77ca0173d657de9.png"},{"ascent":8,"type":"bitmap","chars":["丯"],"height":8,"file":"minecraft:font/ef7b863cde1f45d2b68af246e5000cf1/4a26d654a76c43419adf7dc75356d5e7.png"},{"ascent":8,"type":"bitmap","chars":["丰"],"height":8,"file":"minecraft:font/b2eccf61d67f4f5fb80f42f2c67719a3/7576714e80654e9f806d1d754205e128.png"},{"ascent":8,"type":"bitmap","chars":["丱"],"height":8,"file":"minecraft:font/be25c460bba243ef8b673663f74efe57/f6e5f9761cfe4995bc263cd3466ad142.png"},{"ascent":8,"type":"bitmap","chars":["串"],"height":8,"file":"minecraft:font/408de9da6b3642cc9115ae622e6435f4/22d7ddb66b20451cb6fe9ffe2c74b474.png"},{"ascent":8,"type":"bitmap","chars":["丳"],"height":8,"file":"minecraft:font/74cdf83d3bfe41a79b959fdbb71c9ff2/738bddc00df04d3a926f122a31f5fb68.png"},{"ascent":16000,"type":"bitmap","chars":["垙"],"height":16000,"file":"minecraft:font/7a46744ecd7e4ccc9184160e4740ab6b/3fe6773095a24b57906a6d212bde7c05.png"},{"ascent":8,"type":"bitmap","chars":["亖"],"height":8,"file":"minecraft:font/5753e7055ded4418b7cd295d6fe12f93/e5e081e4eb9d41939110aa44052f72a3.png"},{"ascent":8,"type":"bitmap","chars":["亗"],"height":8,"file":"minecraft:font/e8a6ebbe055042cd906b5edc9dd04a51/e6573def096241458408899ba56ae3e6.png"},{"ascent":8,"type":"bitmap","chars":["亘"],"height":8,"file":"minecraft:font/8509d3b78c89446bbb1eed80855b23e7/fda91acf335e4a6eaf2cb7c93adc1502.png"},{"ascent":8,"type":"bitmap","chars":["亙"],"height":8,"file":"minecraft:font/bb630bc276d54626982d8b45e5f6a392/d76def6fc4b24c3e9cdb758332dadba7.png"},{"ascent":8,"type":"bitmap","chars":["亚"],"height":8,"file":"minecraft:font/626bdda22d7847b88a28002bbfa2988b/ae20c8118d1e4367881d9e3c7607d7d8.png"},{"ascent":8,"type":"bitmap","chars":["些"],"height":8,"file":"minecraft:font/ad9d1e61106d4f4288f2e58b6a73a647/946b5a8d7a9540bcb76c4e8fda80e17a.png"},{"ascent":8,"type":"bitmap","chars":["亜"],"height":8,"file":"minecraft:font/b0595aa846a148609fcce05bfa01e96b/7b5dc486d4e34a33b09d2713848e6488.png"},{"ascent":8,"type":"bitmap","chars":["亝"],"height":8,"file":"minecraft:font/387edd32de82408f8d69e0526f58ff95/1b6fb8c64dee4073ae28a0d8729dec2a.png"},{"ascent":8,"type":"bitmap","chars":["亞"],"height":8,"file":"minecraft:font/af8a119340fd4fa187a42a4da444807c/01cc3a81c09c4f7abe84960dfe1a97e6.png"},{"ascent":8,"type":"bitmap","chars":["亟"],"height":8,"file":"minecraft:font/fe3fd84154eb4b2aa51252549cdd4e4d/5ee565ec16cc45dd9ee856b9791a6b3f.png"},{"ascent":8,"type":"bitmap","chars":["亠"],"height":8,"file":"minecraft:font/4c8e1dfa315d450ba2945bd27206057b/6ee1a683bc1044a3a2523eff56519041.png"},{"ascent":8,"type":"bitmap","chars":["亡"],"height":8,"file":"minecraft:font/a50077438d8444b0a66049e90a052ce3/90e6bff5067f445d994e957142c077a2.png"},{"ascent":8,"type":"bitmap","chars":["亢"],"height":8,"file":"minecraft:font/5d283fec898342a19d211f142e0cfe52/7df618c1e50542a583bfe88b1c03d4d2.png"},{"ascent":8,"type":"bitmap","chars":["亣"],"height":8,"file":"minecraft:font/3c0fc140792a4b46aa5bec727e90d9e2/1b38f2920d494bf1b26c328e55c288bf.png"},{"ascent":8,"type":"bitmap","chars":["交"],"height":8,"file":"minecraft:font/f2a5edeb33c5456db5666fea63246635/841e68b7b008455eb237ecb7ed37c3d7.png"},{"ascent":8,"type":"bitmap","chars":["亥"],"height":8,"file":"minecraft:font/1dbe55ce2f3f402080b70989bed94f91/ae81aab796434c04ba1d3013a42b9a25.png"},{"ascent":8,"type":"bitmap","chars":["亦"],"height":8,"file":"minecraft:font/241777e0693444819543d94ec87ec962/17044351d2cf42bab276a0447dbc2b9c.png"},{"ascent":8,"type":"bitmap","chars":["产"],"height":8,"file":"minecraft:font/3b1919f9977f4a14a76ecf3a879c88f6/5069b7df4e2841aea385fa669839972e.png"},{"ascent":8,"type":"bitmap","chars":["亨"],"height":8,"file":"minecraft:font/f301043506714e3db7099c230cc8d879/9360efd836874cb686ba3882a9bad4bb.png"},{"ascent":8,"type":"bitmap","chars":["亩"],"height":8,"file":"minecraft:font/ebecb10a1d324a9eb9e920dbf6df31a0/336590855f7246e8b4cacb51fbcd8967.png"},{"ascent":8,"type":"bitmap","chars":["亪"],"height":8,"file":"minecraft:font/7d18be0cc8a249298b8b9b6ccdab24de/424f8b16e44a4c00a374cfd9384539e6.png"},{"ascent":8,"type":"bitmap","chars":["享"],"height":8,"file":"minecraft:font/6321fabe27e34ac38c8413c65685ccf3/8ffce438beda445994ace5ef4a30cb47.png"},{"ascent":8,"type":"bitmap","chars":["京"],"height":8,"file":"minecraft:font/14f35eb2e4b24680832a289ac3b3557e/2c36f96d51564065876b366a8497872a.png"},{"ascent":8,"type":"bitmap","chars":["亭"],"height":8,"file":"minecraft:font/08e4a4e5e8134ea8ac69b560f184736a/7d38d2efbd1040c78f7096bd9728ec7a.png"},{"ascent":8,"type":"bitmap","chars":["亮"],"height":8,"file":"minecraft:font/cef94797a6ee48708de38ae449d35310/419b45830d5142e6bba1d472e96155ae.png"},{"ascent":8,"type":"bitmap","chars":["亯"],"height":8,"file":"minecraft:font/c5f695e4d7c04ba59aed4595df6bce9a/9b63d2fbeeaf468fa0f5678dd670e7d6.png"},{"ascent":8,"type":"bitmap","chars":["亰"],"height":8,"file":"minecraft:font/27a92798183a4570b19f91901edb7c1d/796680b9e53f4c67b8b2677c89741bb5.png"},{"ascent":8,"type":"bitmap","chars":["亱"],"height":8,"file":"minecraft:font/acb973874a7d46588ab5e3e49af11894/0ccbb8272c824c28a2d8c130d2f85abd.png"},{"ascent":8,"type":"bitmap","chars":["亲"],"height":8,"file":"minecraft:font/f8bc40a7b1b74dabbed067cedd95b494/81ef9dc7964a4e3d9e1c7425becd80a0.png"},{"ascent":8,"type":"bitmap","chars":["亳"],"height":8,"file":"minecraft:font/bb2ec5fc6aa949f4a35cbd434fcd8e09/1cfa634716a24ecb98afdea8d93cfc8c.png"},{"ascent":8,"type":"bitmap","chars":["亴"],"height":8,"file":"minecraft:font/83408a78a53e4c499f352a5ec4e2cee7/c395f792aa7d46bcb4d5db6b31e75310.png"},{"ascent":8,"type":"bitmap","chars":["亵"],"height":8,"file":"minecraft:font/a21423813d5244408caf37184d8426d0/4065537ec3ba4e2893119f681c119421.png"},{"ascent":8,"type":"bitmap","chars":["亶"],"height":8,"file":"minecraft:font/423a7e11a92340278ddc95fbb0440e1a/985883bc1b6f430aafc767bb5d99f2f4.png"},{"ascent":8,"type":"bitmap","chars":["亷"],"height":8,"file":"minecraft:font/71b25112c8444499b37ee6e3de6bd66e/043c79e659c54b75968be7aa739d7ea9.png"},{"ascent":8,"type":"bitmap","chars":["亸"],"height":8,"file":"minecraft:font/68a76655672642118341b4451c8599ca/a651a7007c3947178d6fdfd18ff55f51.png"},{"ascent":8,"type":"bitmap","chars":["亹"],"height":8,"file":"minecraft:font/c66aacd7d5544bf99137a2c0f44b50b1/081ba38026ba46dd827b8173772d3d4e.png"},{"ascent":8,"type":"bitmap","chars":["人"],"height":8,"file":"minecraft:font/36efef6383b84b4c9d07dfa411b9ef1d/5d18e278c71741cdbc57663bc6e9bcaa.png"},{"ascent":8,"type":"bitmap","chars":["亻"],"height":8,"file":"minecraft:font/cfd8306fa9184409b36cb1fb5c7131e6/c9c55052f03d4fc095cb68965f0c344d.png"},{"ascent":8,"type":"bitmap","chars":["亼"],"height":8,"file":"minecraft:font/1ec6b587f7514743bfe4a5ad8d5514e2/f89b13a354e04cf18a56a3a6d6351b00.png"},{"ascent":8,"type":"bitmap","chars":["亽"],"height":8,"file":"minecraft:font/d7396acd0d144aa3b5b48a9ef8726d35/fac8ee7c834d4349941563c4608c83a3.png"},{"ascent":8,"type":"bitmap","chars":["亾"],"height":8,"file":"minecraft:font/8a934076728f465eb64e05296d386d6c/449f16500fd249249d85eed67d587f6b.png"},{"ascent":8,"type":"bitmap","chars":["亿"],"height":8,"file":"minecraft:font/ea751d3d9b6c4f19b54b973c0d8d50af/4e1d34d3069e47da9237d9f2018206ba.png"},{"ascent":8,"type":"bitmap","chars":["什"],"height":8,"file":"minecraft:font/140b1f6d80ce4a16a3b3171303e488df/d5afd94f537b467db919485322427e02.png"},{"ascent":8,"type":"bitmap","chars":["仁"],"height":8,"file":"minecraft:font/24f3fa4077b84b30a9e481aa3af975a3/cdf93f847fb44bbd95fccad05bb152a0.png"},{"ascent":8,"type":"bitmap","chars":["仂"],"height":8,"file":"minecraft:font/11c1a95341824caea888fd530af88e2b/9178bcb5851f48349d4ec21298943845.png"},{"ascent":8,"type":"bitmap","chars":["仃"],"height":8,"file":"minecraft:font/b1213d2a4d4d4c6caccc0034e693f66c/0a14d702916c4bbfb890e263c3053f3e.png"},{"ascent":8,"type":"bitmap","chars":["仄"],"height":8,"file":"minecraft:font/cf854dbc072b4faba71f7440fba72cd3/45373023a90647cba526989cb3783725.png"},{"ascent":8,"type":"bitmap","chars":["仅"],"height":8,"file":"minecraft:font/1aa0cdef3852490d82d593423c54dffc/bcf625d62a7348dea388a71a4824a9af.png"},{"ascent":8,"type":"bitmap","chars":["仆"],"height":8,"file":"minecraft:font/c72abdcbdc554b5b969c457a96ad16ec/0d6f7c3b41824c6c9d506b1b8db15384.png"},{"ascent":8,"type":"bitmap","chars":["仇"],"height":8,"file":"minecraft:font/c96195bbc45a455e9e4cd6a28208caad/a05f38e9fda44fc3bcea09072d3c025c.png"},{"ascent":8,"type":"bitmap","chars":["仈"],"height":8,"file":"minecraft:font/33fe0af9b98d47dfade332a88bc6f292/b17ef693607a4b3a9b9e76b7d66c44a0.png"},{"ascent":8,"type":"bitmap","chars":["仉"],"height":8,"file":"minecraft:font/2a1b2e1229b74a2aae1794a756d1bcd2/4797b628092a4195b7c1f100a43670be.png"},{"ascent":8,"type":"bitmap","chars":["今"],"height":8,"file":"minecraft:font/90ca9b8f83af449192f7ecb7ca6654f1/fdb49657f44a48d1b96110a4f19dc0b5.png"},{"ascent":8,"type":"bitmap","chars":["介"],"height":8,"file":"minecraft:font/98f99407599e4e20bd8b922e4f2f4ebe/7103664b241a4961bada555efb41312f.png"},{"ascent":8,"type":"bitmap","chars":["仌"],"height":8,"file":"minecraft:font/414063bb0b864147b8e387f12b45291e/d75ebeb636124b7f8fc9567ec7aba966.png"},{"ascent":8,"type":"bitmap","chars":["仍"],"height":8,"file":"minecraft:font/9ed8bf84cd7140d5a80d4cdfb9d0311e/8f90c808a8a343f793d229f42d093805.png"},{"ascent":8,"type":"bitmap","chars":["从"],"height":8,"file":"minecraft:font/4b0f4421bff248fd9f1dd83000c90ab4/95d9bc86038b435fb0201c2825106b49.png"},{"ascent":8,"type":"bitmap","chars":["仏"],"height":8,"file":"minecraft:font/8f5f798f907944dfb7fa85843c5a5ebe/bf14565a36c047a395c2cbe1dde04878.png"},{"ascent":8,"type":"bitmap","chars":["仐"],"height":8,"file":"minecraft:font/ca05f5126a1c4276a7be76d698835932/30dd2a4bf8f942be9f4978655772e7d0.png"},{"ascent":8,"type":"bitmap","chars":["仑"],"height":8,"file":"minecraft:font/a1ac964762f34e5fbdac4e0f79a36224/0a820c781ca84f329f3253b33294db24.png"},{"ascent":8,"type":"bitmap","chars":["仒"],"height":8,"file":"minecraft:font/d6af0fb8d4564a85827514ce043796dc/ab77f33568084f98bd5701d77bc33394.png"},{"ascent":8,"type":"bitmap","chars":["仓"],"height":8,"file":"minecraft:font/e5af5bb5f03d403296e5222f58ebe763/2db6a953bacd421591e0e6bd264361cc.png"},{"ascent":8,"type":"bitmap","chars":["仔"],"height":8,"file":"minecraft:font/8ef6deb8c45a429a956304a9a05b2e8c/6fba5a84a7ba41178d55c195c1e15ef5.png"},{"ascent":8,"type":"bitmap","chars":["仕"],"height":8,"file":"minecraft:font/39c861f25cc348b2b2c6b70a29ff3fa4/e46098d2df8441328a7ecaceeb6bc772.png"},{"ascent":8,"type":"bitmap","chars":["他"],"height":8,"file":"minecraft:font/ecce38dd60774aacb94bcd81ff8687d8/5792306290d04efbb59176f70fa7aa9e.png"},{"ascent":8,"type":"bitmap","chars":["仗"],"height":8,"file":"minecraft:font/c391440b0405498d8ddfc8687852157d/a92dad50b91b472180b83f581f04acbb.png"},{"ascent":8,"type":"bitmap","chars":["付"],"height":8,"file":"minecraft:font/861dbcf778a440f1b3f4c0bc14948c59/0fa7244fead44e829052f140541f0961.png"},{"ascent":8,"type":"bitmap","chars":["仙"],"height":8,"file":"minecraft:font/b2c44507fd234d8c88612585089a91ce/284ec274f67e4d7ba4f0d6b3e53751d8.png"},{"ascent":8,"type":"bitmap","chars":["仚"],"height":8,"file":"minecraft:font/47e7fd1393af4719bb2e0c724c88254b/50092c8e59504db8a30913cb63c4ec8f.png"},{"ascent":8,"type":"bitmap","chars":["仛"],"height":8,"file":"minecraft:font/8a98b68439334542b6381c949aeca1a8/155632d9fa054032b5b5ce860baaba3f.png"},{"ascent":8,"type":"bitmap","chars":["仜"],"height":8,"file":"minecraft:font/cea8ae9a5efe421c923185eff826a307/1a2a08cf4eb54d6383d1b8ac8d4095b8.png"},{"ascent":8,"type":"bitmap","chars":["仝"],"height":8,"file":"minecraft:font/5d2acb80645648a5921a792064d0dcb7/94c56007f6004786a41b07fefef4ea3a.png"},{"ascent":8,"type":"bitmap","chars":["仞"],"height":8,"file":"minecraft:font/88141bc3390d43d8b81dd3860bb17974/3ff13c65b6cc4fdca86716dc540e51d1.png"},{"ascent":8,"type":"bitmap","chars":["仟"],"height":8,"file":"minecraft:font/a91346c1420241b7b36e25717eb901ac/f363cd7b5a8741eb8e70ebf445132790.png"},{"ascent":8,"type":"bitmap","chars":["仠"],"height":8,"file":"minecraft:font/04843c7eec74419cacbc97f7682da26e/c8e5e6a7c91b40e582f7b1209af33b22.png"},{"ascent":8,"type":"bitmap","chars":["仡"],"height":8,"file":"minecraft:font/1b74665a114b488f9ae1490565a99898/284caa80534046a4ac9a4ec87a34d4f1.png"},{"ascent":8,"type":"bitmap","chars":["仢"],"height":8,"file":"minecraft:font/cd66d7b8596f4a9ba829794a15d90186/b0537f11a86c4ad5bf035866d4d1eb14.png"},{"ascent":8,"type":"bitmap","chars":["代"],"height":8,"file":"minecraft:font/504bd48f5ba345579d7af098ae625532/9862799e596543f0bde22560b6fbba2e.png"},{"ascent":8,"type":"bitmap","chars":["令"],"height":8,"file":"minecraft:font/4714c46647b747c3913ca0e838c49007/f82057c2a295473ebf37536bcd190181.png"},{"ascent":8,"type":"bitmap","chars":["以"],"height":8,"file":"minecraft:font/0e1672dd52664196bae9fdd9cf36a3d7/4ad053a5b7984235b9f3c65e9c16be6a.png"},{"ascent":8,"type":"bitmap","chars":["仦"],"height":8,"file":"minecraft:font/6407d43ea7f14e1b89a5d14e87094956/cf5da533146044799dc0dc13600e53df.png"},{"ascent":8,"type":"bitmap","chars":["仧"],"height":8,"file":"minecraft:font/1cf3a092f8264e9284b293ca0dcab100/6a062ff37d0545e987af4104e460a547.png"},{"ascent":8,"type":"bitmap","chars":["仨"],"height":8,"file":"minecraft:font/c42e23f4fc32493c871a8683bca9d117/756e26f69098478197ff3bc9d5334afc.png"},{"ascent":8,"type":"bitmap","chars":["仩"],"height":8,"file":"minecraft:font/85d8ab9ac237499ca7982040f04ffd61/c5ea26ed9f8e47829b53552c46d7c34e.png"},{"ascent":8,"type":"bitmap","chars":["仪"],"height":8,"file":"minecraft:font/851c1976a5324b49bbcdd93511db6fe5/6a9212adbeba420d8e0f9dea72cf4da8.png"},{"ascent":8,"type":"bitmap","chars":["仫"],"height":8,"file":"minecraft:font/2435da449497443db7c46e49c15623e5/a2794ff26d8f474ab0e2b9679be28482.png"},{"ascent":8,"type":"bitmap","chars":["们"],"height":8,"file":"minecraft:font/965e02fd4d3f4e15afab669d4e9c2e62/56adeb20d19747368c834241b90d2f75.png"},{"ascent":8,"type":"bitmap","chars":["仭"],"height":8,"file":"minecraft:font/b64624d07b2d44c4847c7310eb81e0d0/1355419244ae49238de7607df58725e3.png"},{"ascent":8,"type":"bitmap","chars":["仮"],"height":8,"file":"minecraft:font/0a8f2f0763bc4fe0b9e9a4389533f28f/06f3efd23431417d964f612b73f669ef.png"},{"ascent":8,"type":"bitmap","chars":["仯"],"height":8,"file":"minecraft:font/fa5e2934f04748dea114bc545c5f59e1/925085a2e3af4175b2f5cd7f1db6dcda.png"},{"ascent":8,"type":"bitmap","chars":["仰"],"height":8,"file":"minecraft:font/968ff83e4dda48e68038b5c898667930/6216239faeed43e2b9e7dc10f13818ca.png"},{"ascent":8,"type":"bitmap","chars":["仱"],"height":8,"file":"minecraft:font/8e8e141c5da5432fb8ff68a240691ffc/5f1f86850a774b57a906439270adf0ad.png"},{"ascent":8,"type":"bitmap","chars":["仲"],"height":8,"file":"minecraft:font/0d0b1b5a466148359edcb06c8682690f/774e974bf14c40a4af60d03a357b1f28.png"},{"ascent":8,"type":"bitmap","chars":["临"],"height":8,"file":"minecraft:font/c833a85406a746f597d54fd0c33c4880/5889ccaf357349e78ed855850100008b.png"},{"ascent":8,"type":"bitmap","chars":["丵"],"height":8,"file":"minecraft:font/003281b1b7f9435f99f8b1d465dacd0c/57f8ab1af254444982f56523bb0f5a43.png"},{"ascent":8,"type":"bitmap","chars":["丶"],"height":8,"file":"minecraft:font/792be42707d94bc6849a065c6a3a0b03/72c36a91f8b14d6ab5a1f74324f14437.png"},{"ascent":8,"type":"bitmap","chars":["丷"],"height":8,"file":"minecraft:font/4416a9894d604a85b3ef5433da92a7a4/de2013713ca24b309e2f5e902bdf4574.png"},{"ascent":8,"type":"bitmap","chars":["丸"],"height":8,"file":"minecraft:font/344f73a65d1848ba917eb18d13d5e9e2/8a054d6668ff4c3da4340f3921c519c2.png"},{"ascent":8,"type":"bitmap","chars":["丹"],"height":8,"file":"minecraft:font/9fc4541b47094da085408293abaa8bb3/d26d76e2cf0e41439b8fe39b816b55e8.png"},{"ascent":8,"type":"bitmap","chars":["为"],"height":8,"file":"minecraft:font/e2942ce16c674e159d848c582d90771f/bd2e03b361924b05a4367b7bc9ae9035.png"},{"ascent":8,"type":"bitmap","chars":["主"],"height":8,"file":"minecraft:font/96ef92445adb48b48d4be679c93abe73/56c727fe8def4ff286d09a232ad9f8e3.png"},{"ascent":8,"type":"bitmap","chars":["丼"],"height":8,"file":"minecraft:font/f66b615030804702bdbedb719e874644/fac6030fcde64fa7a5ed2d2be179b00f.png"},{"ascent":8,"type":"bitmap","chars":["丽"],"height":8,"file":"minecraft:font/ca5fa576b3e64b9eaf6595a4c804cedd/c43c3ec2c7564189b757532f075c0cd0.png"},{"ascent":8,"type":"bitmap","chars":["举"],"height":8,"file":"minecraft:font/4036f658f8fe46be992f4b7adb2b6b43/d8ee2ea406ff47ecb1da12f17bae841c.png"},{"ascent":8,"type":"bitmap","chars":["丿"],"height":8,"file":"minecraft:font/a040b2ed250b4595b8985b012b0e33ec/a2dc4fdbfd7a4e98bc9abb052dd386b5.png"},{"ascent":8,"type":"bitmap","chars":["乀"],"height":8,"file":"minecraft:font/b0255a1806394037a6f8d953beca68ae/0d4eee5164bc4f279da7cc136b228ee5.png"},{"ascent":8,"type":"bitmap","chars":["乁"],"height":8,"file":"minecraft:font/c0989b25c4234a47905219a77ae74283/7b7a411a077848438497e154b75ee88f.png"},{"ascent":8,"type":"bitmap","chars":["乂"],"height":8,"file":"minecraft:font/16057e57167b4da9a9105655f119b26d/bd82734032544a82b03a5bcba7560783.png"},{"ascent":8,"type":"bitmap","chars":["乃"],"height":8,"file":"minecraft:font/14d573277a7145c293a259e7b6728d93/db81828404d141318fccaf13822ee952.png"},{"ascent":8,"type":"bitmap","chars":["乄"],"height":8,"file":"minecraft:font/84d67dcab6e6467f87552a7d25d284f5/c9f3955cfaeb4fc290ef2081b4c021cf.png"},{"ascent":8,"type":"bitmap","chars":["久"],"height":8,"file":"minecraft:font/0f88ad9d873d4a198c51d2c3f28c01ff/d0d1f0539cbf4398b57c2bcd41c7f9c5.png"},{"ascent":8,"type":"bitmap","chars":["乆"],"height":8,"file":"minecraft:font/348e30a84554447b985bb5f25ba3f5ae/ae07948f54264e7e94ff94df2975995f.png"},{"ascent":8,"type":"bitmap","chars":["乇"],"height":8,"file":"minecraft:font/6b0ecfa2015f465f86e18ca0a546ce1b/c72deaa8ce5e47158f7e2cd72c99cb17.png"},{"ascent":8,"type":"bitmap","chars":["么"],"height":8,"file":"minecraft:font/f16df3933ed94c0e830d6479e540197d/1a6683491765405d8375f2641da750cb.png"},{"ascent":8,"type":"bitmap","chars":["义"],"height":8,"file":"minecraft:font/f9b087308c4c4f10bb6a9851e7ff87fd/3d7132dbd3e346588fabdb9e3d172bd1.png"},{"ascent":8,"type":"bitmap","chars":["乊"],"height":8,"file":"minecraft:font/747930753c0640b2831565e418ed7ad4/958831df133c4417b60c4a6db9f95502.png"},{"ascent":8,"type":"bitmap","chars":["之"],"height":8,"file":"minecraft:font/ebcc1f98c0904f8f85d12c017f8269ff/1240222ad8214de8b0cc07aa2c977183.png"},{"ascent":8,"type":"bitmap","chars":["乌"],"height":8,"file":"minecraft:font/c9555cf762164b11a9bea1aad4990e78/786588ab0b2847d9ac71cd566947b46b.png"},{"ascent":8,"type":"bitmap","chars":["乍"],"height":8,"file":"minecraft:font/fb23006e5b0c4f5da57c2e1e3ba42a77/04cb3b903aab4b4fb565ef8f87f6bccd.png"},{"ascent":8,"type":"bitmap","chars":["乎"],"height":8,"file":"minecraft:font/e340197ac1a14aeab9807bed84c68f27/c65ea630fd2f4f85a371899e22a5a5b6.png"},{"ascent":8,"type":"bitmap","chars":["乏"],"height":8,"file":"minecraft:font/9d08a656402c4c61bd982f949729a484/ae92fdbc086d4dbab70519a484370e3d.png"},{"ascent":8,"type":"bitmap","chars":["乐"],"height":8,"file":"minecraft:font/9982fff579b944a79a9eecd6869fa25a/e75149a04d204011aa852a15418989e7.png"},{"ascent":8,"type":"bitmap","chars":["乑"],"height":8,"file":"minecraft:font/82763ba5f2634c248eef99f2447ab284/63aa09286d3e48abbc95e07fa730a3f2.png"},{"ascent":8,"type":"bitmap","chars":["乒"],"height":8,"file":"minecraft:font/0165de38cd9d4e55bf6effea2e0e503b/e92dd4a58e574c19b2969561a2ca2fcf.png"},{"ascent":8,"type":"bitmap","chars":["乓"],"height":8,"file":"minecraft:font/8f453e7b0b0e4e2cafb43c54d9412994/04e705a0bf024933bd4baf1f3c36a87f.png"},{"ascent":8,"type":"bitmap","chars":["乔"],"height":8,"file":"minecraft:font/3a195f8f38424272a3189f5e0856fda1/01496705bef24e70bc149fd0596d95bd.png"},{"ascent":8,"type":"bitmap","chars":["乕"],"height":8,"file":"minecraft:font/a65ad84a45b34824912ce7d0f48f64b5/9d7140f2591a49f8b9f834062ecacb08.png"},{"ascent":8,"type":"bitmap","chars":["乖"],"height":8,"file":"minecraft:font/df1455c99d12441cb9da648d809b5530/0d3e9a35c8154856a94cc8300c71db09.png"},{"ascent":8,"type":"bitmap","chars":["乗"],"height":8,"file":"minecraft:font/ed815bf502764c62823d1fa9db70ab4c/ec7c03e7970d4e218d37d2b072bd3fe8.png"},{"ascent":8,"type":"bitmap","chars":["乘"],"height":8,"file":"minecraft:font/f272e8f00ab24f9d946d6e3be556fe0a/095c67b04be84a00bd984bb936cae405.png"},{"ascent":8,"type":"bitmap","chars":["乙"],"height":8,"file":"minecraft:font/44aada2e58f94970b98de88e58a16ed2/601c031a5ea243b3b498d49a18a03142.png"},{"ascent":8,"type":"bitmap","chars":["乚"],"height":8,"file":"minecraft:font/ca6b3b8ca5ac4ece8d43ae95c3cb14f8/1500ed36c2b04c51ba2794303728fbb3.png"},{"ascent":8,"type":"bitmap","chars":["乛"],"height":8,"file":"minecraft:font/2bb932a656fc4f399b132bd868c44133/763c88fdc3184d528c3d9244927ccea1.png"},{"ascent":8,"type":"bitmap","chars":["乜"],"height":8,"file":"minecraft:font/313ef7e66604472799f14a2f7f7a59e4/c19fc2da8a034fc7aba66869d5742476.png"},{"ascent":8,"type":"bitmap","chars":["九"],"height":8,"file":"minecraft:font/bc084ff95543485fa271eeb6fdc72af0/3743353d01034b2b8fce38f866e4f36b.png"},{"ascent":8,"type":"bitmap","chars":["乞"],"height":8,"file":"minecraft:font/62e51d0376624a13bc5c0f936896d167/ba65ac5df3d64c11b13d14e8db49785e.png"},{"ascent":8,"type":"bitmap","chars":["也"],"height":8,"file":"minecraft:font/72ca964818894e928291c921932f40b4/6185bac32f43477a961cfe41fb52be12.png"},{"ascent":8,"type":"bitmap","chars":["习"],"height":8,"file":"minecraft:font/ea945c8bc2d14c369f929d503b1644e1/378b6cf094fc43379ca02114a117cc65.png"},{"ascent":8,"type":"bitmap","chars":["乡"],"height":8,"file":"minecraft:font/f93f531ff4964181b92f9bc8d27eb1b6/6bd9072118614496b1a3c91e8b0ca4ea.png"},{"ascent":8,"type":"bitmap","chars":["乢"],"height":8,"file":"minecraft:font/e32dc4b340fd474eb95c7a5c70203e32/47fd2de49e1e49e486561822986b9d74.png"},{"ascent":8,"type":"bitmap","chars":["乣"],"height":8,"file":"minecraft:font/f0c416af2fa94e0783953dd69911420f/4fc4afb488224ec69c6f85f039d7f3ca.png"},{"ascent":8,"type":"bitmap","chars":["乤"],"height":8,"file":"minecraft:font/33ce8c6970284ddba293f67b8f8ef146/44088bcb6b99479c85b57921c07a8c0d.png"},{"ascent":8,"type":"bitmap","chars":["乥"],"height":8,"file":"minecraft:font/f5e28803b7ce4f4499b98c5782a4a82a/6dfb21e2473944b7a1c736b92dd60d3d.png"},{"ascent":8,"type":"bitmap","chars":["书"],"height":8,"file":"minecraft:font/f5f64b9071d64c22a9a8cbf1d1fc9044/f5daedd978f64908a8f244ae94b0c1ba.png"},{"ascent":8,"type":"bitmap","chars":["乧"],"height":8,"file":"minecraft:font/ea09c5bc0d6c47d0973c2565d0b2cc91/11a954a16a0144f698243ec89a4dc9fd.png"},{"ascent":8,"type":"bitmap","chars":["乨"],"height":8,"file":"minecraft:font/45cdd04048474b929b2034b7d673a30d/780a90b2906d48a3a7a63092f0bb121f.png"},{"ascent":8,"type":"bitmap","chars":["乩"],"height":8,"file":"minecraft:font/33c462fd856f458390ada168ecb0917b/3480ff158db94846a208d961b3107bc2.png"},{"ascent":8,"type":"bitmap","chars":["乪"],"height":8,"file":"minecraft:font/37d4c65aa3f84969bab8b1e6c85e176b/32aa96783abf403684db925a3d040d8f.png"},{"ascent":8,"type":"bitmap","chars":["乫"],"height":8,"file":"minecraft:font/016ea7c98ca84ab3afa2d5e23fb4948a/58cb4e6bbef840aa953092cfebb1a576.png"},{"ascent":8,"type":"bitmap","chars":["乬"],"height":8,"file":"minecraft:font/42566decdedd479ca23ec0f66a2bbc3e/612fe6b7be584d99af76b28686c36c57.png"},{"ascent":8,"type":"bitmap","chars":["乭"],"height":8,"file":"minecraft:font/396e4c9e24bb4e3fbf34cf47ad130588/441d1bcbf57d4a65bbd9d3a666afb24f.png"},{"ascent":8,"type":"bitmap","chars":["乮"],"height":8,"file":"minecraft:font/a032d41efa094bccb2a6f0502bd7a45a/882a3a648aed430696e281518f6d0a5e.png"},{"ascent":8,"type":"bitmap","chars":["乯"],"height":8,"file":"minecraft:font/5e6f53a6778246ee8a4a15bcf3f07a2c/0d0b6fd53e494aa086e02ef141425e1a.png"},{"ascent":8,"type":"bitmap","chars":["买"],"height":8,"file":"minecraft:font/04e59c69d02c4f1cab41a7e0d7b9f051/20843ca5f78e4194ad69669f2f50a46b.png"},{"ascent":8,"type":"bitmap","chars":["乱"],"height":8,"file":"minecraft:font/232edb8def5545c6af3e1aa9f5a7ecfd/9e1018e9bf5349758c9421277d6b52d4.png"},{"ascent":8,"type":"bitmap","chars":["乲"],"height":8,"file":"minecraft:font/8074b570de1c4fde8958d66e1b9ea39b/85435a233614425a8f524dba94394429.png"},{"ascent":8,"type":"bitmap","chars":["乳"],"height":8,"file":"minecraft:font/c0052cc7595842ce919705f44e75e572/2e7f8c2cf421447cad093201ecb3e269.png"},{"ascent":8,"type":"bitmap","chars":["乴"],"height":8,"file":"minecraft:font/06ae9740a0264749aa5bfdbb465679c9/5306bf3480104e8da5c28108f0fce543.png"},{"ascent":8,"type":"bitmap","chars":["乵"],"height":8,"file":"minecraft:font/1bbccbc98bbc4ef3a1ea0f47aa225d76/4d9463f3e50b4f63aabbb1cff1c859a5.png"},{"ascent":8,"type":"bitmap","chars":["乶"],"height":8,"file":"minecraft:font/c3bcf2c8ebb8470c946e19df7827f4ff/7d8434f109e14ff2aeceebc2fe98934f.png"},{"ascent":8,"type":"bitmap","chars":["乷"],"height":8,"file":"minecraft:font/936088c94e0241df82ae1fce408d00de/53909a9127834b15a9c6bb1abdd71126.png"},{"ascent":8,"type":"bitmap","chars":["乸"],"height":8,"file":"minecraft:font/16e1b5f60fb04cfd818f063fa39152e8/5864798be18e4617a3115d85903c1d91.png"},{"ascent":8,"type":"bitmap","chars":["乹"],"height":8,"file":"minecraft:font/e440a0a3ba3544d9a3a08293215c25e3/115c3640f4804ed8ab3f44f597474dc8.png"},{"ascent":8,"type":"bitmap","chars":["乺"],"height":8,"file":"minecraft:font/58ededef04eb43258e22a8ad44e10bcf/41cd3d0730f04fd3bc914116fc071a69.png"},{"ascent":8,"type":"bitmap","chars":["乻"],"height":8,"file":"minecraft:font/4a6afcdacb6445f09cb95075ce9e5ca6/497b2cf0ddc541209cd35283c2557890.png"},{"ascent":8,"type":"bitmap","chars":["乼"],"height":8,"file":"minecraft:font/80b75e6c4f334d86bc1fad2e960cfc49/b0db1a35454140a1953c183fe5267a94.png"},{"ascent":8,"type":"bitmap","chars":["乽"],"height":8,"file":"minecraft:font/70f148016b1846cc8a2bcfe616f03a12/7ffcfd58ba7f4e48bd54fa62ee3df272.png"},{"ascent":8,"type":"bitmap","chars":["乾"],"height":8,"file":"minecraft:font/d367f5e23dfb4350be0f079247a52067/081afa7d7c6f408495ce25c8fa83749d.png"},{"ascent":8,"type":"bitmap","chars":["乿"],"height":8,"file":"minecraft:font/9ad910abf4b6411faeb612b6a9f0eaac/c82762e927294832a20047290de66543.png"},{"ascent":8,"type":"bitmap","chars":["亀"],"height":8,"file":"minecraft:font/c1dc2eeea14f4f7aa36916dba602e394/f8a6bc808c364694b4c12119d4ead3fa.png"},{"ascent":8,"type":"bitmap","chars":["亁"],"height":8,"file":"minecraft:font/fc7592a264e54a6cb7e704f9810b9ef7/d02c7c1df7da46e89fa9bbba7b60976e.png"},{"ascent":8,"type":"bitmap","chars":["亂"],"height":8,"file":"minecraft:font/5e14ff7bc8694656b14e6737e33e76af/360d4a068f834944a0474397198564c4.png"},{"ascent":8,"type":"bitmap","chars":["亃"],"height":8,"file":"minecraft:font/c8b5d95a87514f6fbdf0f2b2ecf8df8c/66e4260700be47d98ff170d70a8b6f59.png"},{"ascent":8,"type":"bitmap","chars":["亄"],"height":8,"file":"minecraft:font/e27df29a55fe4658b0e5b733c24ab094/ac12b062c4694c4887a8b29597372478.png"},{"ascent":8,"type":"bitmap","chars":["亅"],"height":8,"file":"minecraft:font/8d06beb4901842bf9d9c1830561cd71f/3bdac372b80042bdb5dc18c6150621ee.png"},{"ascent":8,"type":"bitmap","chars":["了"],"height":8,"file":"minecraft:font/f17369e6e89a411c97851fa4dd3c6002/de50ff8280a44a2a82e2678c9c152dfa.png"},{"ascent":8,"type":"bitmap","chars":["亇"],"height":8,"file":"minecraft:font/df3396ee78054f96ba2c8a1bfd6a8b45/aa8aaa8570114a6ca03b4bcc98308b2b.png"},{"ascent":8,"type":"bitmap","chars":["予"],"height":8,"file":"minecraft:font/20e19fc693994c1980aba92e7c25b324/0860004c5f9143d099e6e68b9649766d.png"},{"ascent":8,"type":"bitmap","chars":["争"],"height":8,"file":"minecraft:font/764dcbce365e4355b6bfd5f9f3c10206/93eee5a7a3d2472f9b881c150c9a49db.png"},{"ascent":8,"type":"bitmap","chars":["亊"],"height":8,"file":"minecraft:font/daee0670c7914993b7b69123b6440297/be3ebebc655e4c73868609b773ed5b44.png"},{"ascent":8,"type":"bitmap","chars":["事"],"height":8,"file":"minecraft:font/44b405f3538b41269237de1da52a2c51/c1a067cde7cb47aea278bb942fe1f0d1.png"},{"ascent":8,"type":"bitmap","chars":["二"],"height":8,"file":"minecraft:font/fd885fbd4d49462bb9c3858221468dce/9f53bb9f39f94e0a87418007f2a59465.png"},{"ascent":8,"type":"bitmap","chars":["亍"],"height":8,"file":"minecraft:font/f82a6ed98ae44315be27018451eeea8c/2d18f53ac2404ce2bc1b6c90c0a2362e.png"},{"ascent":8,"type":"bitmap","chars":["于"],"height":8,"file":"minecraft:font/8c96d0d20ec545ddbd21e87339cd6d09/38685ddb19a84f899454f412b939e57c.png"},{"ascent":8,"type":"bitmap","chars":["亏"],"height":8,"file":"minecraft:font/7e5d2c4ab7494911b60d9fd4ead8fb8b/e0a55f9e90d44af481d56fd2554c6738.png"},{"ascent":8,"type":"bitmap","chars":["亐"],"height":8,"file":"minecraft:font/dc9f48720ced4da29f953b436e1926ae/357abe5af2c2490da3210609e0bb9170.png"},{"ascent":8,"type":"bitmap","chars":["云"],"height":8,"file":"minecraft:font/f4e0d5ef97c644d09e11b70ffdc7beed/651e495adf7844c7b4058bc040f6db97.png"},{"ascent":8,"type":"bitmap","chars":["互"],"height":8,"file":"minecraft:font/53347a92dd8b4c41b5fc514aae3409b1/2acd2fccdc7342d68ee063bfc813d2d1.png"},{"ascent":8,"type":"bitmap","chars":["亓"],"height":8,"file":"minecraft:font/190066a89ce2408cb0f7debd801447e6/4db8d5ffdeef4dbb9d9832c092cc3d92.png"},{"ascent":8,"type":"bitmap","chars":["五"],"height":8,"file":"minecraft:font/495367bf8f484a7f884fd87c70ca517b/dd9f214a7bdb4a79a8b1eece4e48373a.png"},{"ascent":8,"type":"bitmap","chars":["井"],"height":8,"file":"minecraft:font/76100731bfc54d0e816af2d5d7fde68d/914034a81f03444e93cfa5cbfb6e9f25.png"},{"ascent":8,"type":"bitmap","chars":["亖"],"height":8,"file":"minecraft:font/0931860490c14428beaeaed75f5b001e/0a28793fd83a4368a0860d51ea093ac9.png"},{"ascent":8,"type":"bitmap","chars":["亗"],"height":8,"file":"minecraft:font/9a7b85e4db534f76afe0d0eefaf744b9/41be298c810145e1b535f6ffed6f296a.png"},{"ascent":8,"type":"bitmap","chars":["亘"],"height":8,"file":"minecraft:font/2cd0417e4cf142139f7d8a1a378e852b/163164f111ba453293b563107b5ca6c2.png"},{"ascent":8,"type":"bitmap","chars":["亙"],"height":8,"file":"minecraft:font/f7591cc00deb446b82a4fdcbb6b81e84/d1089104737d45bfa6d9b05426c005ba.png"},{"ascent":8,"type":"bitmap","chars":["亚"],"height":8,"file":"minecraft:font/3fbd92258af64b2ab4ae817041fdc40e/c9557af14ffb4e809064fd89517a3dc8.png"},{"ascent":8,"type":"bitmap","chars":["些"],"height":8,"file":"minecraft:font/3317f0b5663040b8bf4ec06ca74e5db1/c6f975e66d9143bba9790d3f47ddc722.png"},{"ascent":8,"type":"bitmap","chars":["亜"],"height":8,"file":"minecraft:font/56d95d0fb0834f809c831a8b110225f7/9bd2dc8db0a54862a975f32974654b3d.png"},{"ascent":8,"type":"bitmap","chars":["亝"],"height":8,"file":"minecraft:font/2bb8d938ae5f4a7cbb6e59ae64c34c16/010263adfcc346e5a92f96b233600006.png"},{"ascent":8,"type":"bitmap","chars":["亞"],"height":8,"file":"minecraft:font/d9c71963480c44fe9b3e3e9d8bfbbc82/bdab18381554442286153b6b51d3629c.png"},{"ascent":8,"type":"bitmap","chars":["亟"],"height":8,"file":"minecraft:font/08d3a7af353447bda29faab57bddd249/0c8fe8ed8271403abebc94a209c14173.png"},{"ascent":8,"type":"bitmap","chars":["亠"],"height":8,"file":"minecraft:font/d1eead66a4c549628fb95061780ec17a/5f4a0b9eb54b4b6693b03fe380a2671a.png"},{"ascent":8,"type":"bitmap","chars":["亡"],"height":8,"file":"minecraft:font/d590365b1bba42ab9cd16aaf8062bb09/d5f10badec13409abb19e7f0aaf606a5.png"},{"ascent":8,"type":"bitmap","chars":["亢"],"height":8,"file":"minecraft:font/80e87c17e9144ee5acc195498a54daee/d44723b38e144e20a3ba53237f5d94bf.png"},{"ascent":8,"type":"bitmap","chars":["亣"],"height":8,"file":"minecraft:font/6a8cb287c4514069b9ab4a9b29afce7e/d194c2364f5a44f59bf4307d44311ce7.png"},{"ascent":8,"type":"bitmap","chars":["交"],"height":8,"file":"minecraft:font/c57db644e7534e379eea88dfb894fe46/610495c7cf1e4bf8ae2bdebc39b59c15.png"},{"ascent":8,"type":"bitmap","chars":["亥"],"height":8,"file":"minecraft:font/88080900be6448e79227f7f922f44b69/7e14aac3b015458fbe585772c6164018.png"},{"ascent":8,"type":"bitmap","chars":["亦"],"height":8,"file":"minecraft:font/a83fb317cc3f42998f5cddd725d8c89f/3422237e293c442eb70a9df73a5ce0b3.png"},{"ascent":8,"type":"bitmap","chars":["产"],"height":8,"file":"minecraft:font/e30d2694fa8744f5b9a743d3b6d6f6c8/75d9bbc5c19e425d8fc0d2e3427d93cd.png"},{"ascent":8,"type":"bitmap","chars":["亨"],"height":8,"file":"minecraft:font/1358fd8d03e7488aa49a9c71b94d53b1/13e88ecbb97f4c0eb5e6fc6216a20615.png"},{"ascent":8,"type":"bitmap","chars":["亩"],"height":8,"file":"minecraft:font/146d4b45ec26494f9fbe4abbdeb31f8a/bf9072e27645425bb4571f6936a2a267.png"},{"ascent":8,"type":"bitmap","chars":["亪"],"height":8,"file":"minecraft:font/a63a30dfc5b9489485bd711834d63765/54cd6c39bb274521bb5d4d9a4522e775.png"},{"ascent":8,"type":"bitmap","chars":["享"],"height":8,"file":"minecraft:font/95cf940cdee64de485e9aece5bce1bf0/a81b4dee55cd423591d5787348f3a04d.png"},{"ascent":8,"type":"bitmap","chars":["京"],"height":8,"file":"minecraft:font/a61b50a03b444cc8b2ac6f8b9d13a578/ccfa410aa19c4e53aeb3cdd31b40c4bb.png"},{"ascent":8,"type":"bitmap","chars":["亭"],"height":8,"file":"minecraft:font/7fee6f8886d0406aa647c44568eb4521/8a83bc151ef046af84223f92273a4cf8.png"},{"ascent":8,"type":"bitmap","chars":["亮"],"height":8,"file":"minecraft:font/c266842791d541cca3639f739922d5ef/1c6224e0eecb4359ba9dc6bd32411fcd.png"},{"ascent":8,"type":"bitmap","chars":["亯"],"height":8,"file":"minecraft:font/fca9a0f7966143d08cc910c8428871b0/b4932250b9f343fd92729e2c217c33f5.png"},{"ascent":8,"type":"bitmap","chars":["亰"],"height":8,"file":"minecraft:font/eeaeeb85165c45b2aea90173ed32a66e/5824d70566c04c5684f9947cd43e87b1.png"},{"ascent":8,"type":"bitmap","chars":["亱"],"height":8,"file":"minecraft:font/4bba376afc634ef9867ddb4e7cab8077/0d540ff036ad4c3aa05fe6baf3733570.png"},{"ascent":8,"type":"bitmap","chars":["亲"],"height":8,"file":"minecraft:font/adbfa00695594315a6bfa5ae94c95127/1fea0955dde4454fb81a3e515683a217.png"},{"ascent":8,"type":"bitmap","chars":["亳"],"height":8,"file":"minecraft:font/cf54e3d1006642508e2847a56cc62b88/f6044c3686eb4c4eb9010a7d2acfd6cf.png"},{"ascent":8,"type":"bitmap","chars":["亴"],"height":8,"file":"minecraft:font/d5059a14c6df480a9a3dccd29e604b87/0fe09f4b0f8e4df29a5314ff416f4c7d.png"},{"ascent":8,"type":"bitmap","chars":["亵"],"height":8,"file":"minecraft:font/3522726caa93401fb3e3303f90e21b12/d5386602a1a34b1299d3093cf2196433.png"},{"ascent":8,"type":"bitmap","chars":["亶"],"height":8,"file":"minecraft:font/5deede7129674dca9d9476551d32d1ed/faa2add071b24eadb4b318d0ff6a6b02.png"},{"ascent":8,"type":"bitmap","chars":["亷"],"height":8,"file":"minecraft:font/31e745b0219d46579fb405c92053a4e3/0e0f2f52f39d40d1902fb0397661d33b.png"},{"ascent":8,"type":"bitmap","chars":["亸"],"height":8,"file":"minecraft:font/0e3f81993c174a628f60738773bb1ddf/d18980d70c434a09bdb61cdb8ff70b97.png"},{"ascent":8,"type":"bitmap","chars":["亹"],"height":8,"file":"minecraft:font/ef0da79cf1624837b8a3e95e74b31dea/61726de11cb14ff6924c9eb2497744c6.png"},{"ascent":8,"type":"bitmap","chars":["人"],"height":8,"file":"minecraft:font/a3025948c1c14df3815937e68a390b5b/aca2efa229ff4141bc9c8663e3a7af47.png"},{"ascent":8,"type":"bitmap","chars":["亻"],"height":8,"file":"minecraft:font/e2d1b35265b64a7cb9e3aedf6b9df767/8cd342c818094cb8a24dd33c62a3c204.png"},{"ascent":8,"type":"bitmap","chars":["亼"],"height":8,"file":"minecraft:font/383409844afc41e59bf91dc99ff239f2/3bef4482d9db4b6fb083f164dd85447c.png"},{"ascent":8,"type":"bitmap","chars":["亽"],"height":8,"file":"minecraft:font/a397acff9a644c07a2f85566096fc8ba/12fdc2f547ad4145aead895387b73fcf.png"},{"ascent":8,"type":"bitmap","chars":["亾"],"height":8,"file":"minecraft:font/ff1d083e36984473a67c51e6a5befd99/b4061460a691407e950bc49f6c04f9d3.png"},{"ascent":8,"type":"bitmap","chars":["亿"],"height":8,"file":"minecraft:font/4daec498d83044e9ba21b18bd468773a/54ec80906e844626bd237d104a0a5db2.png"},{"ascent":8,"type":"bitmap","chars":["什"],"height":8,"file":"minecraft:font/b4000c6f9358407fa2b017443d33f89d/14d3e551cace4fb2ba9e7bba4aa8ea59.png"},{"ascent":8,"type":"bitmap","chars":["仁"],"height":8,"file":"minecraft:font/3a92a2f39ac1449ba4f02485887be6f2/6e171ed1e5964a6387b570e5111a6e97.png"},{"ascent":8,"type":"bitmap","chars":["仂"],"height":8,"file":"minecraft:font/2b59cc1d1b704080b9b1e7870f7460a4/33fcc9bbf6d74224abf02bf13ffb3668.png"},{"ascent":8,"type":"bitmap","chars":["仃"],"height":8,"file":"minecraft:font/d2ac3bab122344de851d6bac94ff6b5e/fab7bcf73f63412e8fa17ac469e93c38.png"},{"ascent":8,"type":"bitmap","chars":["仄"],"height":8,"file":"minecraft:font/a591be3928934d3c904e038fbb8fa6b8/d166f007217945f2a5af35ea089c1269.png"},{"ascent":8,"type":"bitmap","chars":["仅"],"height":8,"file":"minecraft:font/721a54f92fe841cfbb61a7fc35db3027/5f7f7851faa543fc92cfc814dfecc03b.png"},{"ascent":8,"type":"bitmap","chars":["仆"],"height":8,"file":"minecraft:font/b695ac95d1e0473ab8f292f7c5941c16/7d460b9fc36443eb8779847aac11e313.png"},{"ascent":8,"type":"bitmap","chars":["仇"],"height":8,"file":"minecraft:font/3304a148740a4d6faa7e1a36349fac95/e67f74d5a6794f689dc01b9cb048f5b3.png"},{"ascent":8,"type":"bitmap","chars":["仈"],"height":8,"file":"minecraft:font/8ce002638ade4a67989482ec60557e14/53d2c871cfcf40b1a4504df96c90f0f2.png"},{"ascent":8,"type":"bitmap","chars":["仉"],"height":8,"file":"minecraft:font/aa1c48c66af34e349cf35d7d755cbc99/d42661f19cd8483ab04646605476fcd7.png"},{"ascent":8,"type":"bitmap","chars":["今"],"height":8,"file":"minecraft:font/5a1a2f62264045de8d577aed7d9d6985/52d73cdb5d0e40ea930cc31e04de73e0.png"},{"ascent":8,"type":"bitmap","chars":["介"],"height":8,"file":"minecraft:font/7debf81d3313474fa7a774b66e70ff0d/dd2c604d5b984bf2ad5f2a1542d8cf7d.png"},{"ascent":8,"type":"bitmap","chars":["仌"],"height":8,"file":"minecraft:font/0c5f5a0c73394676b73b731985af7b9a/c56e5845f37544758678a4ca75ba29af.png"},{"ascent":8,"type":"bitmap","chars":["仍"],"height":8,"file":"minecraft:font/d1cf18e9c89844368d2a9f2c86fe8d44/ed84d22df4144719ac12f067a460468b.png"},{"ascent":8,"type":"bitmap","chars":["从"],"height":8,"file":"minecraft:font/dcf7f832201143cd8b46595b5e240847/adc5a9675e6e4999b6c3cf29b296dffa.png"},{"ascent":8,"type":"bitmap","chars":["仏"],"height":8,"file":"minecraft:font/c364e318046842b38b4c50b18a6d7e89/058a469be4964a2daacf9a0be6e9fc53.png"},{"ascent":8,"type":"bitmap","chars":["仐"],"height":8,"file":"minecraft:font/9ea125227bf6471ebb1c69172f52d056/60fdd2a9285a476d818da80eaa678bf3.png"},{"ascent":8,"type":"bitmap","chars":["仑"],"height":8,"file":"minecraft:font/90e01f9cc7e7476b9313fbe5ffff1f9b/f12a826bf6bd41d4858d0d4c34f4c448.png"},{"ascent":8,"type":"bitmap","chars":["仒"],"height":8,"file":"minecraft:font/1fce8c6a537e4edc80ed1f1963ba5386/160a733528bb459eaf7e7b943e7ff6e2.png"},{"ascent":8,"type":"bitmap","chars":["仓"],"height":8,"file":"minecraft:font/312927b4cd6e4d6ca13dd6244a3fa613/99cc0c9f6cc847d8a4812d13123c1eda.png"},{"ascent":8,"type":"bitmap","chars":["仔"],"height":8,"file":"minecraft:font/cb472db074a249309269d0c80fbdc21d/e1cd2f1015784b58b2fadd18a58fb8d7.png"},{"ascent":8,"type":"bitmap","chars":["仕"],"height":8,"file":"minecraft:font/734b6219aa104a21814840ce7d740661/5161fc121fb643c1bf72dbb13ab4e337.png"},{"ascent":8,"type":"bitmap","chars":["他"],"height":8,"file":"minecraft:font/ec794f7e34a24201b7dc591520f7f9cb/308b22b67a51439ba01a814d73624ae5.png"},{"ascent":8,"type":"bitmap","chars":["仗"],"height":8,"file":"minecraft:font/0024b5e0e6da47c29d1245f774282265/dde350fe7c8947c98f14f82912a6cbfa.png"},{"ascent":8,"type":"bitmap","chars":["付"],"height":8,"file":"minecraft:font/9ed788dd1dff4a5d935a09ce55a9d747/2ba6dcda250d49af9f225011553c66fa.png"},{"ascent":8,"type":"bitmap","chars":["仙"],"height":8,"file":"minecraft:font/eba04e6c1851450f9a7fd1e239dd28f1/e7e37061868c49728ac1ea26f461d171.png"},{"ascent":8,"type":"bitmap","chars":["仚"],"height":8,"file":"minecraft:font/3ed1f701acc4445dbedf99fde1b6ff68/f98a911f0e8d481482ff28d48c0364f6.png"},{"ascent":8,"type":"bitmap","chars":["仛"],"height":8,"file":"minecraft:font/671a2f1c0b60448d9237c13e961b20a5/7de38f71d6324891b62ea9af7c658156.png"},{"ascent":8,"type":"bitmap","chars":["仜"],"height":8,"file":"minecraft:font/2116e3c2c69940a2bf5862ce2053e72e/a66294dcf7294f38a71557664c2dd56e.png"},{"ascent":8,"type":"bitmap","chars":["仝"],"height":8,"file":"minecraft:font/d31b4cded39748818c35093473160dd8/914e1a94ae72480aa552fc865d7e7593.png"},{"ascent":8,"type":"bitmap","chars":["仞"],"height":8,"file":"minecraft:font/f356c968a21747c493409cb2b1988bed/2031f729e8c541a18f97e9ef5fc64d5c.png"},{"ascent":8,"type":"bitmap","chars":["仟"],"height":8,"file":"minecraft:font/cffcf07b48694cc7abf2a59cd826c230/deab96976da645158042aeea479f9d3e.png"},{"ascent":8,"type":"bitmap","chars":["仠"],"height":8,"file":"minecraft:font/170bfb03a3be452bb003c5de20aa429d/0f08b7a230d940339669388fee89b0f6.png"},{"ascent":8,"type":"bitmap","chars":["仡"],"height":8,"file":"minecraft:font/cf23ee29622a48c88ea62b550538d5bf/4903216c443843ee9198d9077f118a17.png"},{"ascent":8,"type":"bitmap","chars":["仢"],"height":8,"file":"minecraft:font/8243a232238a4a3fb95b47ee1f24a9d2/3c182166f4b248bab0ceb59d8b580aed.png"},{"ascent":8,"type":"bitmap","chars":["代"],"height":8,"file":"minecraft:font/ed18512fac8244fb912782ee0ec8da28/4ed6badecab8409a8883a79d8c5f494f.png"},{"ascent":8,"type":"bitmap","chars":["令"],"height":8,"file":"minecraft:font/c222b8261ea64345956aa65d9dcc85fd/4415f079bac7442293ae0d4e4f959793.png"},{"ascent":8,"type":"bitmap","chars":["以"],"height":8,"file":"minecraft:font/199ef722145940e3ad86a229ebf9b084/c88799b255bd4f3fa6171dc0b794947a.png"},{"ascent":8,"type":"bitmap","chars":["仦"],"height":8,"file":"minecraft:font/e85d8f136a204a80b7bb5ce65e2e3658/f2578de77db34e359a2b39390ca69b20.png"},{"ascent":8,"type":"bitmap","chars":["仧"],"height":8,"file":"minecraft:font/6628c24c1a1c447da6c75aef796c6d2d/45f1597867db4e059f64be15c11f51e8.png"},{"ascent":8,"type":"bitmap","chars":["仨"],"height":8,"file":"minecraft:font/ab08a5d6750c4f4fadf9fe6d041a390b/909041023dcc4242904fca85ff30c27d.png"},{"ascent":8,"type":"bitmap","chars":["仩"],"height":8,"file":"minecraft:font/76d9ffed86564fdb8705f19f0420091f/c46a121a654f4276b70285bd0b41170b.png"},{"ascent":8,"type":"bitmap","chars":["仪"],"height":8,"file":"minecraft:font/c476f1047a3d4fb8a24f404717ec2261/dd364d21e5964ebf8f6f4ed3865ca990.png"},{"ascent":8,"type":"bitmap","chars":["仫"],"height":8,"file":"minecraft:font/7c2dd3981ea04dbca6dede3652ccd3a0/21863e8dce3a4d6daf34e973c717d852.png"},{"ascent":8,"type":"bitmap","chars":["们"],"height":8,"file":"minecraft:font/145eefc2f571467fa0be068d2476dabb/274126f8c3964d0c96f738aaad8b476e.png"},{"ascent":8,"type":"bitmap","chars":["仭"],"height":8,"file":"minecraft:font/c53c8c9754524e0f8301144bb2b21941/3dba54190a13472e967322234fcc9d6d.png"},{"ascent":8,"type":"bitmap","chars":["仮"],"height":8,"file":"minecraft:font/755ba60c893d424b8477188b862f208b/afddca2643ad4879a816a22b7f35f6df.png"},{"ascent":8,"type":"bitmap","chars":["仯"],"height":8,"file":"minecraft:font/2d02b1823e43434f8fab2bad3b5eb528/4f39aaabe0094c2cb175a0a8eaa809c9.png"},{"ascent":8,"type":"bitmap","chars":["仰"],"height":8,"file":"minecraft:font/ddfc40efd9084505b102b97950416d1d/32e2d2a044114709ac7deeaa9ccfb95b.png"},{"ascent":8,"type":"bitmap","chars":["仱"],"height":8,"file":"minecraft:font/4f0e53116c2f42b99f49a2234690b94b/d518ab86f3e54e2bb1c2e9a926bc0c32.png"},{"ascent":8,"type":"bitmap","chars":["仲"],"height":8,"file":"minecraft:font/718158ad788b4c69a42debad0b39de26/be33f5860fd64e8db0384517dc3283a9.png"},{"ascent":8,"type":"bitmap","chars":["垗"],"height":8,"file":"minecraft:font/fed299c986ff4284a946c5b415ff3b08/186a20cb45e343e38f68139ff38dd576.png"},{"ascent":8,"type":"bitmap","chars":["仳"],"height":8,"file":"minecraft:font/0c950fd12d104b239b246deb754fd9d4/c5e788d15f614e8ab99c23ea6ceb4509.png"},{"ascent":8,"type":"bitmap","chars":["仴"],"height":8,"file":"minecraft:font/94a96118ac924b1da716a8383e143db4/471b8e016ff846859d5e3a24ca9efb4b.png"},{"ascent":8,"type":"bitmap","chars":["仵"],"height":8,"file":"minecraft:font/b93d4a888a054322b2ceac9e00df4674/6c1432732f5c4ff39e658f8885b01318.png"},{"ascent":8,"type":"bitmap","chars":["件"],"height":8,"file":"minecraft:font/5c416d76cc394374bcf45382b9c90a21/7041e2441a3c41e58edac65b7a461aca.png"},{"ascent":8,"type":"bitmap","chars":["价"],"height":8,"file":"minecraft:font/91e819a003ec4da4b598ed7ce06636a9/09c86d8effa34a94b0c00c6d6e8b0c96.png"},{"ascent":8,"type":"bitmap","chars":["仸"],"height":8,"file":"minecraft:font/06dff8df625b404597066f43f4530ae6/3f407b9da24947bdbcc1fd64fa795a91.png"},{"ascent":8,"type":"bitmap","chars":["仹"],"height":8,"file":"minecraft:font/882bc64a2fd0446b9b0ecc8c2e81e2c5/7392fffac9ca448fa4ebabc90bcecf38.png"},{"ascent":8,"type":"bitmap","chars":["仺"],"height":8,"file":"minecraft:font/0b34c39b4f7746c789ff441f24267c79/850efedbfb474acaba05027b76535efd.png"},{"ascent":8,"type":"bitmap","chars":["任"],"height":8,"file":"minecraft:font/9edd885f55be45cfa52bc36f8fdd0700/e3dc31f8ff4e4da7aa4397d615e2eb54.png"},{"ascent":8,"type":"bitmap","chars":["仼"],"height":8,"file":"minecraft:font/30d82962c1814dc488167c22f42a2bba/a7acd46e7d3543bab01b7ae262bf862b.png"},{"ascent":8,"type":"bitmap","chars":["份"],"height":8,"file":"minecraft:font/c5445bbf9dc84706aa1547fe033a7281/52a63fa6e3c941ffa3c044ddf3904d7a.png"},{"ascent":8,"type":"bitmap","chars":["仾"],"height":8,"file":"minecraft:font/f89a88ab961646a2b1ca053b5dfc5fef/71fc5069678c417dbde22a7b8eb503ad.png"},{"ascent":8,"type":"bitmap","chars":["仿"],"height":8,"file":"minecraft:font/41f624aad95c4ba28d8d6af9c1bd6844/7240bb9ad8794f48ad82b264f4eba039.png"},{"ascent":8,"type":"bitmap","chars":["伀"],"height":8,"file":"minecraft:font/3a3919f5001d4dd5b196012fdebc95bd/9531f57eb21f4dff9a620904ef62d86f.png"},{"ascent":8,"type":"bitmap","chars":["企"],"height":8,"file":"minecraft:font/293299ce3f2f4b0badf507f9293a9f61/e925b188ca884d25bb423fd91e24ba92.png"},{"ascent":8,"type":"bitmap","chars":["伂"],"height":8,"file":"minecraft:font/21839a6081514a578cbe673defad920b/d9e991791cdd4168ab3065dd3c8d0a96.png"},{"ascent":8,"type":"bitmap","chars":["伃"],"height":8,"file":"minecraft:font/3f02bbe134124ea8ba4a28635accdf30/fafa3ae25b0e41edb92d17f7844f6f95.png"},{"ascent":8,"type":"bitmap","chars":["伄"],"height":8,"file":"minecraft:font/95209fb74f114742b8deb2b2c817317b/fac457fc18c74deaa3e7571857529305.png"},{"ascent":8,"type":"bitmap","chars":["伅"],"height":8,"file":"minecraft:font/8ded4b5c27c64a098bd8e43d53e3c4d2/c31d128db35549baac5860623db8dc8d.png"},{"ascent":8,"type":"bitmap","chars":["伆"],"height":8,"file":"minecraft:font/29dd918fc02b44a2aed5a1ebdcb527f2/c370446de89345568872a8b4f71b4dd9.png"},{"ascent":8,"type":"bitmap","chars":["伇"],"height":8,"file":"minecraft:font/178685e2e1f04f53b1e849310915419b/8e984eb5c51f4fd6925e47d5cde827ce.png"},{"ascent":8,"type":"bitmap","chars":["伈"],"height":8,"file":"minecraft:font/0d232f5045454bd8b896fda89686526e/4aaf023b4edb4b508cfae0ff406ee0d0.png"},{"ascent":8,"type":"bitmap","chars":["伉"],"height":8,"file":"minecraft:font/3ba5a913ef854407b3d42b0b66d2d851/35113380e0cf418b8c6f6ef7cc41c4d9.png"},{"ascent":8,"type":"bitmap","chars":["伊"],"height":8,"file":"minecraft:font/53b371cb4f0246738a4ec1397aad7da8/d631c6d6af6541fdab219925c32e893b.png"},{"ascent":8,"type":"bitmap","chars":["伋"],"height":8,"file":"minecraft:font/be7d85ceb231465e907894c25d6da0b9/8494e2435e7c4580b1575691d0a96c9f.png"},{"ascent":8,"type":"bitmap","chars":["伌"],"height":8,"file":"minecraft:font/b05b38420e6f42adb556442f8f180936/cb130721e5e7478d924e55a4833a9bc9.png"},{"ascent":8,"type":"bitmap","chars":["伍"],"height":8,"file":"minecraft:font/9b6aa9c1fd104eae8c3c24552fda636c/af2e6ae1934443da86bfc671fda497cb.png"},{"ascent":8,"type":"bitmap","chars":["伎"],"height":8,"file":"minecraft:font/46b23632f05d4f089267a957fad5dffc/fce470a055944315b1c9625f776a22ce.png"},{"ascent":8,"type":"bitmap","chars":["伏"],"height":8,"file":"minecraft:font/24a241c601b44a0387889bc1209c01dc/b89797c5b98d44f1a80b70063307dd29.png"},{"ascent":8,"type":"bitmap","chars":["伐"],"height":8,"file":"minecraft:font/614590c6a0874584b69ff6600dc35963/87a0bbb7169a4a88abcad6d399ceebed.png"},{"ascent":8,"type":"bitmap","chars":["休"],"height":8,"file":"minecraft:font/2225864d1bd048bf87e262e3ede63694/1c84814c814848d19a1cde1aa7e66909.png"},{"ascent":8,"type":"bitmap","chars":["伒"],"height":8,"file":"minecraft:font/4db2450c98574a69acfd950878da5e23/d36ceca0eac04e3f83f0c13ceb7eb854.png"},{"ascent":8,"type":"bitmap","chars":["伓"],"height":8,"file":"minecraft:font/1a07f2bc288048ffb2753cd4ec8eeb20/995b16967b1b45f289f4ca0313273d97.png"},{"ascent":8,"type":"bitmap","chars":["伔"],"height":8,"file":"minecraft:font/875e2955df2543c2baccf4fcae7f790f/8c9884d1f68249f093b84969a1e55e35.png"},{"ascent":8,"type":"bitmap","chars":["伕"],"height":8,"file":"minecraft:font/e015b4f8f5f04baebda312ea9155f216/b7214ab414064933b85e8cac3e4c74cd.png"},{"ascent":8,"type":"bitmap","chars":["伖"],"height":8,"file":"minecraft:font/cccfe6bf7b5b4f31be59e5b5c58df277/cecd738c3d864db5a378f223feca94b3.png"},{"ascent":8,"type":"bitmap","chars":["众"],"height":8,"file":"minecraft:font/05a692b363c14eb787b4c3270ee2a6ee/62852de035a04de8b65cd042d96c695c.png"},{"ascent":8,"type":"bitmap","chars":["优"],"height":8,"file":"minecraft:font/f32294ff90ee4fb69db8a613ca2bdbac/b57602bffaaa4adb896e7b61d6aa6b31.png"},{"ascent":8,"type":"bitmap","chars":["伙"],"height":8,"file":"minecraft:font/cc58d8526e9e4abdaec06542c4084b00/d856d32b04804a14aa505dde8374bb13.png"},{"ascent":8,"type":"bitmap","chars":["会"],"height":8,"file":"minecraft:font/8deb445c36d54aa1b3be18918ab49833/75c6de967779435c9a77ab492ac97adb.png"},{"ascent":8,"type":"bitmap","chars":["偹"],"height":8,"file":"minecraft:font/5ab390886aa34d868b94e84306ba2b1b/415af432ff344d2587cebb6b129f121b.png"},{"ascent":8,"type":"bitmap","chars":["偺"],"height":8,"file":"minecraft:font/ba1b905f103a4e7f850b474d278e6e39/e5a07bb7a22b4dccb2c8e43701c9ed82.png"},{"ascent":8,"type":"bitmap","chars":["偻"],"height":8,"file":"minecraft:font/33c5c6c348fc4655b4fcf400dc469e23/1817726caf8f46739b492fcf77fce76a.png"},{"ascent":8,"type":"bitmap","chars":["偼"],"height":8,"file":"minecraft:font/6721ccafc8c94d34bbde29e68f9c5ade/834427b1006e41b58bd10fa1c6405f27.png"},{"ascent":8,"type":"bitmap","chars":["偽"],"height":8,"file":"minecraft:font/220dd6cdc4b746208f8c5527aa011b7a/916812b758054bf29edf3ce9695b9fbb.png"},{"ascent":8,"type":"bitmap","chars":["偾"],"height":8,"file":"minecraft:font/f22cec1ddb3f415bb118cf7ff65e47bf/ede3eae1b79349d28a66c32cf874c028.png"},{"ascent":8,"type":"bitmap","chars":["偿"],"height":8,"file":"minecraft:font/c0c38e17af554f1c95d9cde83b5833be/c7015955d33c41c392668a0ea5344a6f.png"},{"ascent":8,"type":"bitmap","chars":["傀"],"height":8,"file":"minecraft:font/ac30ee7416424f9584b9625b394a9549/c8099095556e454b8e576f7396ecf6b8.png"},{"ascent":8,"type":"bitmap","chars":["傁"],"height":8,"file":"minecraft:font/3723f3e3254744099be242079a59940c/858ea9732b33446a9e1ff1c3da705555.png"},{"ascent":8,"type":"bitmap","chars":["傂"],"height":8,"file":"minecraft:font/6cf9bce7262542908ac3858c4d614416/4ffb275dab124443aa214947411a2efb.png"},{"ascent":8,"type":"bitmap","chars":["傃"],"height":8,"file":"minecraft:font/964c58fc61c84d4d8298bb5daafe03b9/3c89c9713a5c4646b231dbaed23616a9.png"},{"ascent":8,"type":"bitmap","chars":["傄"],"height":8,"file":"minecraft:font/facc739f12c04cbb95ff578431459cd2/cfbaee19011f40b3992c8895d230da7f.png"},{"ascent":8,"type":"bitmap","chars":["傅"],"height":8,"file":"minecraft:font/132da71ae65a4b04a9b73000f6b8c2f0/b7b436212a48429da7f3457dedd34349.png"},{"ascent":8,"type":"bitmap","chars":["傆"],"height":8,"file":"minecraft:font/465644fb38ff4d7ea99036f62d8c6a75/3aa24b81651e4b238f9ee394f399ca5f.png"},{"ascent":8,"type":"bitmap","chars":["傇"],"height":8,"file":"minecraft:font/b0e7c4d39d574622b33f3da019352b72/c232fb0d962b4265a350938e5911d0c5.png"},{"ascent":8,"type":"bitmap","chars":["傈"],"height":8,"file":"minecraft:font/568a8587d5c7492eb56a1860486b40b8/503ad201625b46818e17d3e75da5a638.png"},{"ascent":8,"type":"bitmap","chars":["傉"],"height":8,"file":"minecraft:font/f9a68eb85f9b424ab2baa7892b491f4a/bfeba549ee0d410a8bbf8974c59f54a3.png"},{"ascent":8,"type":"bitmap","chars":["傊"],"height":8,"file":"minecraft:font/40a2afd8621d41158a071d11b0898611/33e1617feca944c1aefb4b0aadb568cd.png"},{"ascent":8,"type":"bitmap","chars":["傋"],"height":8,"file":"minecraft:font/62456f335f6a4bc6a34b0aab99e6c5b9/b1a8bc0984324da2b36546775685d748.png"},{"ascent":8,"type":"bitmap","chars":["傌"],"height":8,"file":"minecraft:font/bf2339a69f154e61b0db355e056bcbdc/1d8f9ac05b8f44b099f01e029907e070.png"},{"ascent":8,"type":"bitmap","chars":["垃"],"height":8,"file":"minecraft:font/acaf15bdc4914b10943ab001b10fe411/7fc87ba45b3b4869b53205336a1aabab.png"},{"ascent":8,"type":"bitmap","chars":["垄"],"height":8,"file":"minecraft:font/aca600b3dcbc440ca0ba23d66db0383e/853c24efd23d4f80827f8debc8415068.png"},{"ascent":8,"type":"bitmap","chars":["垅"],"height":8,"file":"minecraft:font/4e81ad54e94644e38b76d3f06109069c/ff70ca53a2c14a20bea146b2151a2198.png"},{"ascent":8,"type":"bitmap","chars":["垆"],"height":8,"file":"minecraft:font/6e026b22331840bf8313b1c31a202d97/aae9f917136d41b7bc2c0c90ab3ca994.png"},{"ascent":8,"type":"bitmap","chars":["垇"],"height":8,"file":"minecraft:font/6c93cb6142dc4f5da493d3dfb3229492/cb4ed02de9be47989f45cec639abe667.png"},{"ascent":8,"type":"bitmap","chars":["垈"],"height":8,"file":"minecraft:font/a97320f350d34f2f9e95d0aa2db8bb85/48b0146b4b744201a5b614b5a438df0f.png"},{"ascent":8,"type":"bitmap","chars":["垉"],"height":8,"file":"minecraft:font/a87fd8be10314ef3b0dd34e4468438e3/f4fcb34fafeb4551b17f47d199a298a1.png"},{"ascent":8,"type":"bitmap","chars":["垊"],"height":8,"file":"minecraft:font/96031fa4bf7a49638074eb729ace46ba/d7b3ebfdf17a433ab16b1b89bf56dc13.png"},{"ascent":8,"type":"bitmap","chars":["型"],"height":8,"file":"minecraft:font/776878890eb74e7babcdfbafaaa1e382/0f8bdd13de474fd2bb7bda5861792e47.png"},{"ascent":8,"type":"bitmap","chars":["垌"],"height":8,"file":"minecraft:font/a8446337cdf94e4e817d1ee41055ce13/ccbc049ad75e47e5892baa9a7729138d.png"},{"ascent":8,"type":"bitmap","chars":["垍"],"height":8,"file":"minecraft:font/ee3490b2089e40d583c501f43d329d5a/c4e8418e4b7f49a19194daa9a1e98bd3.png"},{"ascent":8,"type":"bitmap","chars":["垎"],"height":8,"file":"minecraft:font/c8d1f2bf22bb4250b35c501365ed5b0d/67e04e7aaeaf415fa6974da1d18da4df.png"},{"ascent":8,"type":"bitmap","chars":["垏"],"height":8,"file":"minecraft:font/627f225f54b74ee9ae7e341f7d77742d/188c9a9c10644a38818b278035cbfc69.png"},{"ascent":8,"type":"bitmap","chars":["垐"],"height":8,"file":"minecraft:font/a565b9c6c88d4c8ca22e46317f35cc2e/fdc7bccafc8f42feba237c8659f16bbf.png"},{"ascent":8,"type":"bitmap","chars":["垑"],"height":8,"file":"minecraft:font/c578b895274a40f5b751aae45fc65453/44864e8a42254f22af33a40ad0538d9c.png"},{"ascent":8,"type":"bitmap","chars":["垒"],"height":8,"file":"minecraft:font/958d8b0dab4c437489ecd770a4e9c2f2/9e05df10c1d349d08459ad7a2d032cee.png"},{"ascent":8,"type":"bitmap","chars":["垓"],"height":8,"file":"minecraft:font/7ae339aab17b4db9ab31f06de69951d6/c902d9dfed1d4cdda10f7cb671e0c1fa.png"},{"ascent":8,"type":"bitmap","chars":["垔"],"height":8,"file":"minecraft:font/59b6812849974bc6ba9c115437791f3d/f73f5f22ace347ef9e07b53639f683eb.png"},{"ascent":8,"type":"bitmap","chars":["垕"],"height":8,"file":"minecraft:font/9e95554cb48c4f6d9baac31994c80dfe/8ad5c623fe534fda80d834e4bc79a58a.png"},{"ascent":8,"type":"bitmap","chars":["垖"],"height":8,"file":"minecraft:font/eab92893e6784760a5d699f2d1969001/9b67571f9f434f47abac9afd8180f372.png"},{"type":"bitmap","file":"font/pixel.png","ascent":-1000,"height":-2,"chars":["ᨓ"]},{"type":"bitmap","file":"font/pixel.png","ascent":-10000,"height":1,"chars":["ᨒ"]},{"type":"bitmap","file":"font/pixel.png","ascent":-10000,"height":-2,"chars":["⻙"]}]}