{"providers":[{"height":16,"chars":["一"],"type":"bitmap","ascent":16,"file":"minecraft:font/7f09a4c1c86e4f7da1bce7a39f5a20f4/311196eb15fa4c06b68ab21e883a3872.png"},{"height":8,"chars":["丁"],"type":"bitmap","ascent":8,"file":"minecraft:font/b4bfa6cb84d54547864bb6e7ac0492fd/5b68675bfc774ab2b2119db44a735643.png"},{"height":8,"chars":["丂"],"type":"bitmap","ascent":8,"file":"minecraft:font/9b019af1e2e24bbf8ef4b13904dbd294/616195efee2c412fbf049622e3da0ec0.png"},{"height":8,"chars":["七"],"type":"bitmap","ascent":8,"file":"minecraft:font/bb45da1534d540eaa77ddfe2f1a330b8/e86bb4d2868e460d9df6ce6ecfc8adbe.png"},{"height":8,"chars":["丄"],"type":"bitmap","ascent":8,"file":"minecraft:font/bfc565d75cc84beaaf40988b44e5fb8f/c1787691ff074f2090f05dc93db9d367.png"},{"height":8,"chars":["丅"],"type":"bitmap","ascent":8,"file":"minecraft:font/1d47ef20180542e4a56fdc7c460140f1/188dcddceb8f4ad8b333585442c0fe6e.png"},{"height":8,"chars":["丆"],"type":"bitmap","ascent":8,"file":"minecraft:font/b4a706701d9b430b8f439bd487abf76c/6a74deba66154fc5abfd11fb1f96e559.png"},{"height":8,"chars":["万"],"type":"bitmap","ascent":8,"file":"minecraft:font/e63ce2844b2741c7a237b7cf6da4688c/0fc5cba8ad1740f988b5237a7c785b8e.png"},{"height":8,"chars":["丈"],"type":"bitmap","ascent":8,"file":"minecraft:font/b8b24b0158c8401594fc68476aa67305/710ae7545cf443d292603ee0c7b1ed1d.png"},{"height":8,"chars":["三"],"type":"bitmap","ascent":8,"file":"minecraft:font/66aa1305a9ca48c197f0c728a547831f/8aa4e69f6df841b89e30c93bfae998ca.png"},{"height":8,"chars":["上"],"type":"bitmap","ascent":8,"file":"minecraft:font/03ff3935b83a4e9abe20f12e69f50967/40a7da532707433b82c5ad0ae4bca297.png"},{"height":8,"chars":["下"],"type":"bitmap","ascent":8,"file":"minecraft:font/843b4e3522224f4c9af8af120a1c9d97/c009984f9c5d4863bce3b8f85865eee6.png"},{"height":8,"chars":["丌"],"type":"bitmap","ascent":8,"file":"minecraft:font/02b929874d34409695c294edd3504ace/9c41fe1df8784c37a954e656d7037ed0.png"},{"height":8,"chars":["不"],"type":"bitmap","ascent":8,"file":"minecraft:font/9d2257cc36e64f88ab1473be38c2f233/f0f4da406a904c10b823db105274aabc.png"},{"height":8,"chars":["与"],"type":"bitmap","ascent":8,"file":"minecraft:font/d0fca2564a5247a0b664cf7c06929c33/36c0f1e2e8524c9aa8c78a59c8619e47.png"},{"height":8,"chars":["丏"],"type":"bitmap","ascent":8,"file":"minecraft:font/8763e08965aa4dd69074ee680e5bdc6f/d6afc4536f074995ad73447ff332a620.png"},{"height":8,"chars":["丐"],"type":"bitmap","ascent":8,"file":"minecraft:font/0491030098d546978bc5af234646af17/a75fc07e3ba34a1382d447ec66339510.png"},{"height":8,"chars":["丑"],"type":"bitmap","ascent":8,"file":"minecraft:font/b01f847c7dca4b5b8b9bfbb0ef70d2f3/ca78cbf621494f5fa12a9961042e7489.png"},{"height":8,"chars":["丒"],"type":"bitmap","ascent":8,"file":"minecraft:font/e877d77bf5364ae49f90066cd9b914cf/589709247b0f444b963eefac5c2e89d6.png"},{"height":8,"chars":["专"],"type":"bitmap","ascent":8,"file":"minecraft:font/d4fd3ec9c2a642abba97211a7f03d4cc/4fdf16625faa47e48a88c01a738e0ab2.png"},{"height":8,"chars":["且"],"type":"bitmap","ascent":8,"file":"minecraft:font/d22e2735df9b49f48c0926f4766c2007/d46cab05f293415893ae20bb2c6b0ee5.png"},{"height":8,"chars":["丕"],"type":"bitmap","ascent":8,"file":"minecraft:font/fa1382bb97084828965c354cd612f04b/a3f237205382462a86eed5a50c7fc2e4.png"},{"height":8,"chars":["世"],"type":"bitmap","ascent":8,"file":"minecraft:font/5a71c37738434d38b99b7c705da9d036/c72af1a54bc743b7853c1063ae30c564.png"},{"height":8,"chars":["丗"],"type":"bitmap","ascent":8,"file":"minecraft:font/46b4dcb41cf34c6da12d82873d17bd6d/5cddadfcdae14865a9d73e7ecb1cb65b.png"},{"height":8,"chars":["丘"],"type":"bitmap","ascent":8,"file":"minecraft:font/3360a9ea5a4e404ab48b66baa5cb8e3d/c1f02bb3666d417bb307c72c1bc5ccb2.png"},{"height":8,"chars":["丙"],"type":"bitmap","ascent":8,"file":"minecraft:font/6ea0f8e8348b48f095c34b3e81e72c9b/74bcc46ed4d14b0681ec40bdeba639a0.png"},{"height":8,"chars":["业"],"type":"bitmap","ascent":8,"file":"minecraft:font/65c6bdc5d7914f269acb99eac5f37a63/1256650492db41cdb3cf3ba96418fa9f.png"},{"height":8,"chars":["丛"],"type":"bitmap","ascent":8,"file":"minecraft:font/f8e14c92df2c47028b68a22dac7778aa/340052190a344a3fb0164b1407c605ea.png"},{"height":8,"chars":["东"],"type":"bitmap","ascent":8,"file":"minecraft:font/21a2542933fe456b8e76362c55528e75/70d1079932e04982abada5e5d93add40.png"},{"height":8,"chars":["丝"],"type":"bitmap","ascent":8,"file":"minecraft:font/6f22a83b5deb49b9863dd5b79228fd59/b26702a2c1b64528938f3141f13535d3.png"},{"height":8,"chars":["丞"],"type":"bitmap","ascent":8,"file":"minecraft:font/2eb498e902d344d1b1c4e2686907d5da/f25f404d269d4085bc9dafbc734f8ba3.png"},{"height":8,"chars":["丟"],"type":"bitmap","ascent":8,"file":"minecraft:font/a85c0d5e6b6745c190999ffa36b41fee/36fe8ef2cce8400785db2634aab9c467.png"},{"height":8,"chars":["丠"],"type":"bitmap","ascent":8,"file":"minecraft:font/aa45ac2d79474e508d19fe9a741107fa/09033bf61a124ad69e4461ebc1a2f6dc.png"},{"height":8,"chars":["両"],"type":"bitmap","ascent":8,"file":"minecraft:font/554bd8bdd0464a30b3b68408436671e2/698bb777315549658277bb54d032a0ac.png"},{"height":8,"chars":["丢"],"type":"bitmap","ascent":8,"file":"minecraft:font/f456f53bed8542359daab8f8aeb886cf/e31180ca4cf643478c72114f4f0eb7a3.png"},{"height":8,"chars":["丣"],"type":"bitmap","ascent":8,"file":"minecraft:font/8f3b4d9084d540acbf8b5179081976eb/b528f1c235b54c24b21e189f1a20d78b.png"},{"height":8,"chars":["两"],"type":"bitmap","ascent":8,"file":"minecraft:font/d17a7ae6b52241089daf907d7d274b53/0de15815515442a68098713e60456926.png"},{"height":8,"chars":["严"],"type":"bitmap","ascent":8,"file":"minecraft:font/b33e3997559a42f88bbb714f3d1746d5/e528f23c23a24f4893985252c17760c4.png"},{"height":8,"chars":["並"],"type":"bitmap","ascent":8,"file":"minecraft:font/733289203fcb4fb6bc30e58db40f1cf5/ef5ab11a4f594603989243ea93dde686.png"},{"height":8,"chars":["丧"],"type":"bitmap","ascent":8,"file":"minecraft:font/0497262861c14017bf20af38fa7ed9f5/d7a78191f2964b278b63b35e06f07a65.png"},{"height":8,"chars":["丨"],"type":"bitmap","ascent":8,"file":"minecraft:font/a5011cfdaf194b508d944b7998e8b94d/9072be6b55224cb59fe88f3cfd9fd19e.png"},{"height":8,"chars":["丩"],"type":"bitmap","ascent":8,"file":"minecraft:font/d75aecd368fe4bc7826db626a7e9f61d/43c7091a795747db8f283fdcf3f0405d.png"},{"height":8,"chars":["个"],"type":"bitmap","ascent":8,"file":"minecraft:font/e5c32cbd86da4b94b0f9dd15bc135734/1480efb2a6da4303b17f6747b15c4adb.png"},{"height":8,"chars":["丫"],"type":"bitmap","ascent":8,"file":"minecraft:font/75fc46de0cd84006b6d657939a4a6115/cc2769f90ea84dc993d96b828096f813.png"},{"height":8,"chars":["丬"],"type":"bitmap","ascent":8,"file":"minecraft:font/6356f49c3d414fba9e8649d27a2a335e/21ac7e2fbbf14e69a4130875c0f21173.png"},{"height":8,"chars":["中"],"type":"bitmap","ascent":8,"file":"minecraft:font/e1dcd5569861436abda5f4c73d1088e2/7564d912eba84407b7c575b2ef7a55f8.png"},{"height":8,"chars":["丮"],"type":"bitmap","ascent":8,"file":"minecraft:font/ac0a70781c584d53b6ce8358e23e9138/c55d9510ab174e5a812bef02ade50ead.png"},{"height":8,"chars":["丯"],"type":"bitmap","ascent":8,"file":"minecraft:font/ac2a6806521549cf80966c1a93509801/9b87516544d5414bb6e060e3fd7eb8f8.png"},{"height":8,"chars":["丰"],"type":"bitmap","ascent":8,"file":"minecraft:font/52ae2b1397624c5b91b417ec51fd2208/864a1dd6f0a0497ea791efb0dcf9a8e5.png"},{"height":8,"chars":["丱"],"type":"bitmap","ascent":8,"file":"minecraft:font/70336c36ea6f4f02880967cf9bf8c2df/d11533550d2c418185176af6322f875f.png"},{"height":8,"chars":["串"],"type":"bitmap","ascent":8,"file":"minecraft:font/8ce65541b0d64542a342c1ae4667cbac/96819018638a49278a645688449581d2.png"},{"height":8,"chars":["丳"],"type":"bitmap","ascent":8,"file":"minecraft:font/2d3c23eb16b04a418fe99d1405b03d4c/9aad68027c8c4d3e9a2191b6ff3227ec.png"},{"height":16000,"chars":["垙"],"type":"bitmap","ascent":16000,"file":"minecraft:font/87d7d90ec8194fcbb77ca99b648e128c/37882d6561a041daa849cfae8701557c.png"},{"height":8,"chars":["亖"],"type":"bitmap","ascent":8,"file":"minecraft:font/0b1d280d025f40c6a3b25b891b5b2741/7e9912a817b14ae7ab1f698117167904.png"},{"height":8,"chars":["亗"],"type":"bitmap","ascent":8,"file":"minecraft:font/3c1b7a7b2af44a90bfd774d8e8ae06aa/6b9bc70753894bd8a2068ee0e0e034e6.png"},{"height":8,"chars":["亘"],"type":"bitmap","ascent":8,"file":"minecraft:font/6545fa859a99498397d570e08b4e68d3/51d3594731624d1495c784c4d5e3e7af.png"},{"height":8,"chars":["亙"],"type":"bitmap","ascent":8,"file":"minecraft:font/2eb174491d9341819db71e4be9cb74f5/a2fdec46d2614ad5b17e51dc5c72963f.png"},{"height":8,"chars":["亚"],"type":"bitmap","ascent":8,"file":"minecraft:font/d35c3352472940cc9afe9948042e89f3/9e94a210f8f54892b83d75d30d20d642.png"},{"height":8,"chars":["些"],"type":"bitmap","ascent":8,"file":"minecraft:font/df4a04b705854002afa01da5f61211a5/2f51f8482dcb45bdabf033ab5bfc8188.png"},{"height":8,"chars":["亜"],"type":"bitmap","ascent":8,"file":"minecraft:font/b4c81aa3b7a74fca824897d24bdea70a/5b595c82e00f43d59ee75dc66598df71.png"},{"height":8,"chars":["亝"],"type":"bitmap","ascent":8,"file":"minecraft:font/ac12c8f8e6a04ab289c40327657f92ba/bc3a985ad45e4b08a48c1d88a17fbb8a.png"},{"height":8,"chars":["亞"],"type":"bitmap","ascent":8,"file":"minecraft:font/cd3438a01251456792e2c23e683b0b02/af3776dc1f6346a0a192181f8ca50494.png"},{"height":8,"chars":["亟"],"type":"bitmap","ascent":8,"file":"minecraft:font/82dfa3277b3143d1973c967b626ef3a6/149550b37ce6498cb3f65003eae35df8.png"},{"height":8,"chars":["亠"],"type":"bitmap","ascent":8,"file":"minecraft:font/d084db1bad744f8baf48fb236e10ba1d/c5f95078db774f5584c790e5068dd5b5.png"},{"height":8,"chars":["亡"],"type":"bitmap","ascent":8,"file":"minecraft:font/47540a98c5da44c6a2c6ff1f67af794d/de0136e7681644df9b10eb0c0e7f66c6.png"},{"height":8,"chars":["亢"],"type":"bitmap","ascent":8,"file":"minecraft:font/0c067267798e45778f763a66f039a267/7d531d9e100c444fbe965fd67bb5942a.png"},{"height":8,"chars":["亣"],"type":"bitmap","ascent":8,"file":"minecraft:font/d1efe87dc5c7494e877169f548bbe1e9/0c5702c7d3a04868bbea0b73d3c8501e.png"},{"height":8,"chars":["交"],"type":"bitmap","ascent":8,"file":"minecraft:font/33979d4c57fd4b2dabefb80fc51001ce/e69ce236dcaf4fb095e2d372e839e1c0.png"},{"height":8,"chars":["亥"],"type":"bitmap","ascent":8,"file":"minecraft:font/45e0ce4e7db44e908b23fbd33ce6edf0/2fe218c6645a4dd3a8f04eec635f1aba.png"},{"height":8,"chars":["亦"],"type":"bitmap","ascent":8,"file":"minecraft:font/7ee553411e04414c86c6a000794c9d73/6b7ac6a0258247db8ab30d55881da1ba.png"},{"height":8,"chars":["产"],"type":"bitmap","ascent":8,"file":"minecraft:font/08e5eefd7df04e46a8b362add330e964/4954aefaffb246988d2f022802c2240f.png"},{"height":8,"chars":["亨"],"type":"bitmap","ascent":8,"file":"minecraft:font/2299152f900a438c94a59e03b572b620/a1901dc8cd084f31aea74860f0e94595.png"},{"height":8,"chars":["亩"],"type":"bitmap","ascent":8,"file":"minecraft:font/1c53451a04f142f88d3a1439d214ea13/674fbb4c9afd4fd1b515d83885f7ddb2.png"},{"height":8,"chars":["亪"],"type":"bitmap","ascent":8,"file":"minecraft:font/d7715dcc293e4b35898f74e050f77831/70f7fb590c3d4fb8ab934361fb152472.png"},{"height":8,"chars":["享"],"type":"bitmap","ascent":8,"file":"minecraft:font/c8734ec48ce4424d80e5024fb73be977/81950b75612943d8bd6c6dcf77087650.png"},{"height":8,"chars":["京"],"type":"bitmap","ascent":8,"file":"minecraft:font/26dcb7b0651a41b8bb7763145a896856/b1edc0d871774e6cab5ebb132c0a4ad2.png"},{"height":8,"chars":["亭"],"type":"bitmap","ascent":8,"file":"minecraft:font/0ca23610bd3b4abb8e3bba0ee7256b3e/469439961470439e9bc9af4c4d2e9953.png"},{"height":8,"chars":["亮"],"type":"bitmap","ascent":8,"file":"minecraft:font/04c4cf6db5c544e0b49145b08ccce446/c3e3c870da494c86ae646d492d32fdc9.png"},{"height":8,"chars":["亯"],"type":"bitmap","ascent":8,"file":"minecraft:font/74a2cf15e8dc47a4a0544419a617cfee/eb7c1a776d4841068f5bd470c75c7adf.png"},{"height":8,"chars":["亰"],"type":"bitmap","ascent":8,"file":"minecraft:font/f53dde31f22e463a98644c7af73cf38c/1dfa2292a92d4d6387eeeb235524c2c0.png"},{"height":8,"chars":["亱"],"type":"bitmap","ascent":8,"file":"minecraft:font/fbaf784fcc1d49939c1020e6d206c0f0/fd4a1e5b322d44cc85d672cbabc3c04a.png"},{"height":8,"chars":["亲"],"type":"bitmap","ascent":8,"file":"minecraft:font/ddefc1d9f4ee44cd927876c2e39899c5/986be65ca42d4eb0be7982827f3df2d3.png"},{"height":8,"chars":["亳"],"type":"bitmap","ascent":8,"file":"minecraft:font/a6118b114bb94d5db202395d7b2e93a0/d7c73d942f264427976f7d85a737623e.png"},{"height":8,"chars":["亴"],"type":"bitmap","ascent":8,"file":"minecraft:font/13d0cbbc7a3e4d47b6e275091bd9f5e2/3f4b0f39e6b5490582e75fcaca9813ab.png"},{"height":8,"chars":["亵"],"type":"bitmap","ascent":8,"file":"minecraft:font/c9c7f326281446c4b76c7c1b03473b4f/3e403f9adb1e4c5e93776a241a26f2de.png"},{"height":8,"chars":["亶"],"type":"bitmap","ascent":8,"file":"minecraft:font/00bcbd50d1bd420091f2df9dbd4a642e/e5604eea56794e35856d08b4220658c7.png"},{"height":8,"chars":["亷"],"type":"bitmap","ascent":8,"file":"minecraft:font/c3104cbcd9e04feba2baa31a1e575d68/9acb771a09614a5a9eaa66e0270b5a24.png"},{"height":8,"chars":["亸"],"type":"bitmap","ascent":8,"file":"minecraft:font/74fe98b72f794b3c9b1e81803eb708e2/657b7242bcbf42e0989625d0fbd79aa3.png"},{"height":8,"chars":["亹"],"type":"bitmap","ascent":8,"file":"minecraft:font/be264f4e470744d58a49d78608e674f8/a16c7f6d4a8d4f0e8eca8372b4e616fb.png"},{"height":8,"chars":["人"],"type":"bitmap","ascent":8,"file":"minecraft:font/14314129a45c43b7a6d96b59d5f597cd/6b4c55b6645b42568fdf4b526c8db958.png"},{"height":8,"chars":["亻"],"type":"bitmap","ascent":8,"file":"minecraft:font/b59885f3de114e31b3acf2b0c1a28d2a/c21455f21c104679aeca1169b7f2f169.png"},{"height":8,"chars":["亼"],"type":"bitmap","ascent":8,"file":"minecraft:font/23d7917c7c1d4480818f9de6a7a76c58/095c60d443bb444db3d16754812bf916.png"},{"height":8,"chars":["亽"],"type":"bitmap","ascent":8,"file":"minecraft:font/2bbdb23ec03544c1bd739ed599cc2b73/47be4fa3f0db4e7ebf1fe5f7c4c11389.png"},{"height":8,"chars":["亾"],"type":"bitmap","ascent":8,"file":"minecraft:font/473674e0d1b640779f2c087074f08eff/80babe060fe04fe9b694eb2cab8b8e81.png"},{"height":8,"chars":["亿"],"type":"bitmap","ascent":8,"file":"minecraft:font/44d8ba6b93a34495beb9aecfc675098a/046e0fbcb5934dfa8ff6b5d110af6381.png"},{"height":8,"chars":["什"],"type":"bitmap","ascent":8,"file":"minecraft:font/6eba00f7ae4c46099311a4b600cf2c90/acdc42fe0e494983b7cfaa5951ee346d.png"},{"height":8,"chars":["仁"],"type":"bitmap","ascent":8,"file":"minecraft:font/eb655854ab484da6a7544d178de50c03/12ee700321e74a6eb6e3957a48c15a03.png"},{"height":8,"chars":["仂"],"type":"bitmap","ascent":8,"file":"minecraft:font/4095ef44ccde49cb9653e47450ed993f/c0c2c2d5fb34431b8b9dff10940d6f96.png"},{"height":8,"chars":["仃"],"type":"bitmap","ascent":8,"file":"minecraft:font/b11dfe3c97614e5c80b8ddd76727130d/e55be56b5a8e4ef19dea1a066c99bad9.png"},{"height":8,"chars":["仄"],"type":"bitmap","ascent":8,"file":"minecraft:font/9ee3d97f733d45b085a9380948a7e3dc/b4a1eb2ccc194e658793a1a8116bc2ef.png"},{"height":8,"chars":["仅"],"type":"bitmap","ascent":8,"file":"minecraft:font/0da2ebc0e01a4b57b34c7b085cca1214/acce52f26efc4534874c1ed81d90f958.png"},{"height":8,"chars":["仆"],"type":"bitmap","ascent":8,"file":"minecraft:font/78f65558d4ec4873adc288b1dae5f0bf/2e812d35cb574172b88f3800a69630b5.png"},{"height":8,"chars":["仇"],"type":"bitmap","ascent":8,"file":"minecraft:font/3f5bf281e8b945159c52f39fc06834f3/3951b57c127744f9bfd4a932f8948133.png"},{"height":8,"chars":["仈"],"type":"bitmap","ascent":8,"file":"minecraft:font/55481e0dcb2b443eae8ff1b4954a5d4b/24ef045a8bf44f2681e5a81bd902d171.png"},{"height":8,"chars":["仉"],"type":"bitmap","ascent":8,"file":"minecraft:font/07737a1b151b408384a8469349348bdb/e2b93dad41c64e108f9e5fe52db2f8ed.png"},{"height":8,"chars":["今"],"type":"bitmap","ascent":8,"file":"minecraft:font/5e276327bac8454a96548a38aff58211/eef4871bd719437b882b973623c28689.png"},{"height":8,"chars":["介"],"type":"bitmap","ascent":8,"file":"minecraft:font/91fc220bc71144a5b97def4d625f2e72/a9cb17a68c02400ab475b44f3925907e.png"},{"height":8,"chars":["仌"],"type":"bitmap","ascent":8,"file":"minecraft:font/236bf08c15894dd294e6d81d4fc3fe83/4752283e8eed44e3ba842fd547b8903f.png"},{"height":8,"chars":["仍"],"type":"bitmap","ascent":8,"file":"minecraft:font/807507b3f21943a483288450a92d7a33/c482af18e250436c99ca0a1dddc419e4.png"},{"height":8,"chars":["从"],"type":"bitmap","ascent":8,"file":"minecraft:font/8b54e52b3ef145119c455bd7541fe185/3dcf48796cd34bb999afec3ce2ec4ba0.png"},{"height":8,"chars":["仏"],"type":"bitmap","ascent":8,"file":"minecraft:font/8f9e6d44802a461480424ee3d6dab9b9/051ddcb768ba489c859e6b53cd9a7506.png"},{"height":8,"chars":["仐"],"type":"bitmap","ascent":8,"file":"minecraft:font/c4a91a61feda4c60b6d6aec057f7ea67/acd07eeecf54430bbd2b64a871825132.png"},{"height":8,"chars":["仑"],"type":"bitmap","ascent":8,"file":"minecraft:font/6de23acaa898402dac9c702dfd4e6c82/e0caa793eea54585a144dbc34e8d7ff8.png"},{"height":8,"chars":["仒"],"type":"bitmap","ascent":8,"file":"minecraft:font/4e8d55dac3e3435997d9348bd83d8702/d3036d2366e5410b9a86252b8fda44b7.png"},{"height":8,"chars":["仓"],"type":"bitmap","ascent":8,"file":"minecraft:font/916da66f413841dabc497bede144f648/cb101abf508b47ee8755588e888ae321.png"},{"height":8,"chars":["仔"],"type":"bitmap","ascent":8,"file":"minecraft:font/119afbfb91014d1b94fb6e73b4f88028/bc6a61957de8446c89974fbd83647cdf.png"},{"height":8,"chars":["仕"],"type":"bitmap","ascent":8,"file":"minecraft:font/4c46cc263eb54195a81aef21171558f8/c5976e01df2044aa841f1d93afab1d44.png"},{"height":8,"chars":["他"],"type":"bitmap","ascent":8,"file":"minecraft:font/4d890b25fadc49b0b0fda5a76f771f3d/b1d01e8a0b5e48c6a7a2336b18d9e719.png"},{"height":8,"chars":["仗"],"type":"bitmap","ascent":8,"file":"minecraft:font/ac5526aec6d945e69bad9a516242d66f/4de18a8be1c44fd58e1434b1bd3fc9ed.png"},{"height":8,"chars":["付"],"type":"bitmap","ascent":8,"file":"minecraft:font/8510f44d39324fddb073dc53c7101b60/82b0ea50a9814fd7b57444baf7a00cc1.png"},{"height":8,"chars":["仙"],"type":"bitmap","ascent":8,"file":"minecraft:font/f9d19dcbd54d41a3bae36d2706047bfd/1f72dfaa3b11435fa769f5ea71e65eca.png"},{"height":8,"chars":["仚"],"type":"bitmap","ascent":8,"file":"minecraft:font/7aaa000a3a5b4664a92449914e55b9ed/f0e3f9744a514554a46217a07a315028.png"},{"height":8,"chars":["仛"],"type":"bitmap","ascent":8,"file":"minecraft:font/4b088f7d4af94288adfcf53f44e3dc8c/d646517d424e4dd6a93da42f0839e5d6.png"},{"height":8,"chars":["仜"],"type":"bitmap","ascent":8,"file":"minecraft:font/0e0558a4b337429584165f73991ffcdb/38d969372dd549a79b6cee957326d8e3.png"},{"height":8,"chars":["仝"],"type":"bitmap","ascent":8,"file":"minecraft:font/2304f192f86c4ae1be744f10b6821ef4/efb7e20d71d141afbe0e027cf997a171.png"},{"height":8,"chars":["仞"],"type":"bitmap","ascent":8,"file":"minecraft:font/348b7aca63b54165a70f3ad4a4b6e0c4/68054241e232487682b226fccdede9d1.png"},{"height":8,"chars":["仟"],"type":"bitmap","ascent":8,"file":"minecraft:font/e68797beb8e540ffae9d5a08e44572b4/1d6946fbe4ae47719e156cb8c6a70cd3.png"},{"height":8,"chars":["仠"],"type":"bitmap","ascent":8,"file":"minecraft:font/a38fc7f5f3484035afb1b5a9a13fefb1/d4046af090ed4017ba733b8bf4e2224b.png"},{"height":8,"chars":["仡"],"type":"bitmap","ascent":8,"file":"minecraft:font/eb2f9dd2aa1e4256b453e7920a9820ef/7dd80c31a5c44f929b3f2d3140943c96.png"},{"height":8,"chars":["仢"],"type":"bitmap","ascent":8,"file":"minecraft:font/d15338cd199942958086f4dde1791c86/aee7d86b04684e838761c3e641bdb454.png"},{"height":8,"chars":["代"],"type":"bitmap","ascent":8,"file":"minecraft:font/2c36994409394e2fa010ecc714da1874/07f8c2de64924e6490b844f784d1bb49.png"},{"height":8,"chars":["令"],"type":"bitmap","ascent":8,"file":"minecraft:font/19162140457a494db520cf2788d8dc58/5ad1b8a3a1a84569a10628ae6cebf29b.png"},{"height":8,"chars":["以"],"type":"bitmap","ascent":8,"file":"minecraft:font/f8a1e7909af348499fd592b438dcff29/b689c83eedcb4d60b048f9e316a80e31.png"},{"height":8,"chars":["仦"],"type":"bitmap","ascent":8,"file":"minecraft:font/ce9d60e75c9a4657a9e1426e0810eda9/a16a2341610c467da5cf168b81d9ac29.png"},{"height":8,"chars":["仧"],"type":"bitmap","ascent":8,"file":"minecraft:font/db77f72d2b7244b49ed190eac20e13f5/167847cf562b40cc9a768eb70fbfa0a2.png"},{"height":8,"chars":["仨"],"type":"bitmap","ascent":8,"file":"minecraft:font/b458d7f8203645f69f14b2a44d55a6fc/5d3d9cc3d6034f368c63282bbea6a816.png"},{"height":8,"chars":["仩"],"type":"bitmap","ascent":8,"file":"minecraft:font/ed5826b748244ebab9a2488911b77cfa/7ef4ade284fa4578806f074359a215e6.png"},{"height":8,"chars":["仪"],"type":"bitmap","ascent":8,"file":"minecraft:font/9cae4d205aea49a8bdbafcc30fe8089e/c7183d7274994de5a11378e08ab1cfa2.png"},{"height":8,"chars":["仫"],"type":"bitmap","ascent":8,"file":"minecraft:font/04910a58bc7a4f09bbd88d2b38247a2b/e3fbf9fa264d4195a66c7701316bfd63.png"},{"height":8,"chars":["们"],"type":"bitmap","ascent":8,"file":"minecraft:font/e5e4fd76d73e4c1c93b85daa69c17ddd/f086de0e0d7b41668deb7c37656d1516.png"},{"height":8,"chars":["仭"],"type":"bitmap","ascent":8,"file":"minecraft:font/62f3358eb0ab4e3b9d6b50bc53a08760/4e0c81ff6ed54276b3bcb1d8febf9150.png"},{"height":8,"chars":["仮"],"type":"bitmap","ascent":8,"file":"minecraft:font/fd72e8a12f704f499a9283798ce51fe3/ec4140c1943d497f8fa558e8ecb82765.png"},{"height":8,"chars":["仯"],"type":"bitmap","ascent":8,"file":"minecraft:font/9251ba3fe51a4d2b832ebb9758d41156/ce0d26ce4aed4b4389f6b6c2badad905.png"},{"height":8,"chars":["仰"],"type":"bitmap","ascent":8,"file":"minecraft:font/05b361925c864827ac134f1923638842/91273190bfca4e06bd4594683281ba23.png"},{"height":8,"chars":["仱"],"type":"bitmap","ascent":8,"file":"minecraft:font/f2613f792d1f414ab8b309306e303716/d7f88f7a199b4009b529ac68c51c370b.png"},{"height":8,"chars":["仲"],"type":"bitmap","ascent":8,"file":"minecraft:font/11b80e5202f04991b26f21a61652981c/c5fd2d47aabf4ba4ab26f2980fd48675.png"},{"height":8,"chars":["临"],"type":"bitmap","ascent":8,"file":"minecraft:font/c5c0a755f71145e4a33749eb3fa0fda9/ec162e9a0064497390dc78d8590d23d3.png"},{"height":8,"chars":["丵"],"type":"bitmap","ascent":8,"file":"minecraft:font/e75a4ee18ac949c0be4855e6ec981e59/e279cd9c9cf94b349bd272d11be1f8f8.png"},{"height":8,"chars":["丶"],"type":"bitmap","ascent":8,"file":"minecraft:font/9c9cd721e26c48b0a9229ae584b55a71/31e01289fc0d4bb19cbba3a12706eb3a.png"},{"height":8,"chars":["丷"],"type":"bitmap","ascent":8,"file":"minecraft:font/86e4946d543944b48c99ee82d6716349/e107b57e71f646e7a00a1c0df30af159.png"},{"height":8,"chars":["丸"],"type":"bitmap","ascent":8,"file":"minecraft:font/9ec1f3c6c1fc42a182a4ce7dcf489074/8b175df93902439d95bda75b4b354545.png"},{"height":8,"chars":["丹"],"type":"bitmap","ascent":8,"file":"minecraft:font/390df2fc8d13405fa751095664af399a/7144a29246a0435ebf56326fc25ebd61.png"},{"height":8,"chars":["为"],"type":"bitmap","ascent":8,"file":"minecraft:font/ce1ae354775c492388aaf5e9ec759e6d/ee75a9d49e4d473888be0048043baed5.png"},{"height":8,"chars":["主"],"type":"bitmap","ascent":8,"file":"minecraft:font/2f6d4888d1c04ed298c882dd28a97fd9/501dbb99f2454f7ab38b6a1292983e36.png"},{"height":8,"chars":["丼"],"type":"bitmap","ascent":8,"file":"minecraft:font/1fc6f46fbc684f0ea1b5701ae7ae707c/b2067c5c323a4e50b44f830fc7d5d40f.png"},{"height":8,"chars":["丽"],"type":"bitmap","ascent":8,"file":"minecraft:font/1d2ee50d7767422ca04948a1fa749aa7/b87143f78cdc4aa890eceead4a60d827.png"},{"height":8,"chars":["举"],"type":"bitmap","ascent":8,"file":"minecraft:font/39ba8215ebc64413a8394b95cc7bd966/5d81aaa57f7a43e9a02906982543eb36.png"},{"height":8,"chars":["丿"],"type":"bitmap","ascent":8,"file":"minecraft:font/5f7841299bd64d608957925ae51c0204/5ff29a512652422f9600ef0ac3e42346.png"},{"height":8,"chars":["乀"],"type":"bitmap","ascent":8,"file":"minecraft:font/2b004d64b88f401586c7684bcd8e9e2d/dcf82255714c45968c7992c300312736.png"},{"height":8,"chars":["乁"],"type":"bitmap","ascent":8,"file":"minecraft:font/0198cca31a2b4ea6950592c40d14e4ff/c74bcf9cf3294ca6a94be34b2b3aae51.png"},{"height":8,"chars":["乂"],"type":"bitmap","ascent":8,"file":"minecraft:font/8671dfa375c546b9bc9087c2b3dccf94/96e57a6802a64c83aa2c22462909b7f5.png"},{"height":8,"chars":["乃"],"type":"bitmap","ascent":8,"file":"minecraft:font/62cb2663d4824db88766d2df419a324b/ddb022d5f73341e2838824796f08586e.png"},{"height":8,"chars":["乄"],"type":"bitmap","ascent":8,"file":"minecraft:font/50b759e6c64148f6a01444c2a06601f1/196a8064510d4caf871664c7be7fb3a5.png"},{"height":8,"chars":["久"],"type":"bitmap","ascent":8,"file":"minecraft:font/fe5799c21f784d6e9cf281f662fc0c9b/06d08d74d61447d7aa6271a7f61be8c3.png"},{"height":8,"chars":["乆"],"type":"bitmap","ascent":8,"file":"minecraft:font/5f295e6c3a49431e96dd6d2c11e46fa0/c74d2fbb33994e9dbe3edf93c825baf5.png"},{"height":8,"chars":["乇"],"type":"bitmap","ascent":8,"file":"minecraft:font/f9fc3421e16d415daa6c0547e3cfb7c6/1c3f600c3c004b078c1420cca34b185b.png"},{"height":8,"chars":["么"],"type":"bitmap","ascent":8,"file":"minecraft:font/ca0058543a924f5da0a4447c74412803/924a0f9e36e04ad38f7166519700bc46.png"},{"height":8,"chars":["义"],"type":"bitmap","ascent":8,"file":"minecraft:font/e01b71350f6f40648ef05c67194c4b17/d5a2d0c2e9524edaa585ccdb2c89a8e7.png"},{"height":8,"chars":["乊"],"type":"bitmap","ascent":8,"file":"minecraft:font/fd220553d41d483d99ce30aa4213cd4b/9d75f20806714971b658e9dd9949018f.png"},{"height":8,"chars":["之"],"type":"bitmap","ascent":8,"file":"minecraft:font/677a268673b54b80b7d83af37aa2e157/a7c3c884850646aaaf2a2f30c14cfa8a.png"},{"height":8,"chars":["乌"],"type":"bitmap","ascent":8,"file":"minecraft:font/62649cd2861e4071b2860a2c17d24c1f/1b6033a6454e40e9b791c083900735b7.png"},{"height":8,"chars":["乍"],"type":"bitmap","ascent":8,"file":"minecraft:font/2cfe218e051246649a9df58bb54974c9/3989f5cb7b0340c69c10c21d0e4ac1fa.png"},{"height":8,"chars":["乎"],"type":"bitmap","ascent":8,"file":"minecraft:font/dad15ced7d4d47ceb604f3e6a275a445/a34a217f25c84ef0a938b8d1b5feaf06.png"},{"height":8,"chars":["乏"],"type":"bitmap","ascent":8,"file":"minecraft:font/da5c6f354403449bb1645ac0f73a98f0/6485843172b74e179754b876a199c6c7.png"},{"height":8,"chars":["乐"],"type":"bitmap","ascent":8,"file":"minecraft:font/369b385c22b5403d8fbc17c6ef72780c/032aa1a0e3bd4cf0a9296ddae6b08308.png"},{"height":8,"chars":["乑"],"type":"bitmap","ascent":8,"file":"minecraft:font/4f82ff723c2d456bbb19018e9055d96b/eaea811ac5734b538737ecf6fee0a2de.png"},{"height":8,"chars":["乒"],"type":"bitmap","ascent":8,"file":"minecraft:font/08ca17ebaa3f4db2b16e01e07a9fdb4c/a492cdc7982441babc35c3dc1ef99ccd.png"},{"height":8,"chars":["乓"],"type":"bitmap","ascent":8,"file":"minecraft:font/7b02e1ef1ec1421da13652c93e47eb2f/b4c5e74a75f84104b954d2503f610fc4.png"},{"height":8,"chars":["乔"],"type":"bitmap","ascent":8,"file":"minecraft:font/c222061ad545400e89f0ab5fd0fabc40/f40619b046e548559742bc63928016aa.png"},{"height":8,"chars":["乕"],"type":"bitmap","ascent":8,"file":"minecraft:font/0780deaa3f8f478399cb7e4677b521d3/6484bc4622bc468eb81df2c7a3f662b6.png"},{"height":8,"chars":["乖"],"type":"bitmap","ascent":8,"file":"minecraft:font/7fbe1a9f3d424b7194a1d907fd4af70f/e3d31e0643b24e5b88ac6c37eab733af.png"},{"height":8,"chars":["乗"],"type":"bitmap","ascent":8,"file":"minecraft:font/fb2dda62a4894253855a9aa489fd86d4/1331138bdf9d4654a299ceaeadccf130.png"},{"height":8,"chars":["乘"],"type":"bitmap","ascent":8,"file":"minecraft:font/2694e3d639054fdba779b543c8a8e9c8/41b43ca3a8974317992af0e0c2d43e3f.png"},{"height":8,"chars":["乙"],"type":"bitmap","ascent":8,"file":"minecraft:font/88bc419fdec741ad9488b40aca13519a/359ac5c6270c414c9dec1694c10de62e.png"},{"height":8,"chars":["乚"],"type":"bitmap","ascent":8,"file":"minecraft:font/e2c9b98d3a534c8b8fdc20706b4051a3/2df01bfb85bb4f16865bbc0179be61af.png"},{"height":8,"chars":["乛"],"type":"bitmap","ascent":8,"file":"minecraft:font/f72a2d06cb3c4edc93c1cc39b2c84e92/542fac7243494704b92e45c763583ab8.png"},{"height":8,"chars":["乜"],"type":"bitmap","ascent":8,"file":"minecraft:font/a15625e1c76d49bcb83b4d73445d1a5a/85cdf27a8c9b4e8a900bbe9654eb4dc8.png"},{"height":8,"chars":["九"],"type":"bitmap","ascent":8,"file":"minecraft:font/e3b0cf8c88914470b60e5ce064f78442/7ef70d1d79ae42b18889fdd6a07890d0.png"},{"height":8,"chars":["乞"],"type":"bitmap","ascent":8,"file":"minecraft:font/2afb3797c4af4bb1a15a8758c79a496a/db987c108dd24c14b2011f440e947076.png"},{"height":8,"chars":["也"],"type":"bitmap","ascent":8,"file":"minecraft:font/2851ee79f78242faa8434186f34d1775/66986f43133044cca760b08583c871a4.png"},{"height":8,"chars":["习"],"type":"bitmap","ascent":8,"file":"minecraft:font/e5d841f814874266ab8c01567047685e/2a90455852f34b8bb697831884b27916.png"},{"height":8,"chars":["乡"],"type":"bitmap","ascent":8,"file":"minecraft:font/2c7f804956dc4bf1a1cc50d974fa124c/3ec4f401ed344309953b45aec285edc6.png"},{"height":8,"chars":["乢"],"type":"bitmap","ascent":8,"file":"minecraft:font/02e140a091eb48918a35e356ae7967b8/8b00acce5cc14e44a00f2526c7cb8761.png"},{"height":8,"chars":["乣"],"type":"bitmap","ascent":8,"file":"minecraft:font/d3053233b30f4b7896d0f02abebafccd/14e772659bd34d02b93ef5025966dec9.png"},{"height":8,"chars":["乤"],"type":"bitmap","ascent":8,"file":"minecraft:font/ed22e6f89a1541aab3bed3a7e5a68430/3e148ec02b4c4eefa1aa54feb509abc5.png"},{"height":8,"chars":["乥"],"type":"bitmap","ascent":8,"file":"minecraft:font/e8a6d04c15bf4d898d75ec520db7a21b/a1479caecfe749c9b990ac093c9289cb.png"},{"height":8,"chars":["书"],"type":"bitmap","ascent":8,"file":"minecraft:font/3a164c42878647cbaf2c706fe673c3ba/b42529befc44481ab63eb49d92b842bb.png"},{"height":8,"chars":["乧"],"type":"bitmap","ascent":8,"file":"minecraft:font/54ccf0dc687f4ff0a83411e1bf5e8c58/38bd01983ae444809fa994a225bfc35b.png"},{"height":8,"chars":["乨"],"type":"bitmap","ascent":8,"file":"minecraft:font/e4d894ceb18d4a90a0e0966671bab35a/7e58d57db84045e7b974537a472758d2.png"},{"height":8,"chars":["乩"],"type":"bitmap","ascent":8,"file":"minecraft:font/c3a15aec31a942d6a870f0a583ab4b60/6757c58a5d22421e8dee591d08089d28.png"},{"height":8,"chars":["乪"],"type":"bitmap","ascent":8,"file":"minecraft:font/47966514824141cfac7387dd7cf29ecc/86f4034d5adc44a7acb5277c19cc9a83.png"},{"height":8,"chars":["乫"],"type":"bitmap","ascent":8,"file":"minecraft:font/1097686ba006422babb4397235e6a470/e271c414aa134a9ea48edfff450166f9.png"},{"height":8,"chars":["乬"],"type":"bitmap","ascent":8,"file":"minecraft:font/09ff3744a204459dbb044ea8532bc839/b1e5d46e462144a98e2d33885c21d8b0.png"},{"height":8,"chars":["乭"],"type":"bitmap","ascent":8,"file":"minecraft:font/3ce47b89247f41cd8b6c692ba5b51552/302f2eb1a3c74e01ba78888b4e619ca9.png"},{"height":8,"chars":["乮"],"type":"bitmap","ascent":8,"file":"minecraft:font/439cebfaf8d24528bf3e1eab72a6aedb/e168408937ba4efa858fc3a62d2045fd.png"},{"height":8,"chars":["乯"],"type":"bitmap","ascent":8,"file":"minecraft:font/c9ba289e6e1b4bb99aeb50a325f40f83/cae4c6401e2b4e98b7e9bed4a29d0093.png"},{"height":8,"chars":["买"],"type":"bitmap","ascent":8,"file":"minecraft:font/fe6bfc3f33dc4814b7a00b5ee1b5b76b/141648ef4c5346eba09e75efa50d9abb.png"},{"height":8,"chars":["乱"],"type":"bitmap","ascent":8,"file":"minecraft:font/1415e7cdb0524cc2a2a3515083dd1612/d3efae89a98a41b19aa626cd89d7e5c6.png"},{"height":8,"chars":["乲"],"type":"bitmap","ascent":8,"file":"minecraft:font/33b29f55f4804e4f9bb926134d52e2cb/916de9c789a9454ba9b4ac3d02c7e815.png"},{"height":8,"chars":["乳"],"type":"bitmap","ascent":8,"file":"minecraft:font/9394414fbeb2470797df845aab902d21/eea6478c7af44f43aee4f04dd1ca51b0.png"},{"height":8,"chars":["乴"],"type":"bitmap","ascent":8,"file":"minecraft:font/967d6a4a485346adbde6f16da753bfee/8d62b0d81caf493fba8c5b2170c4e404.png"},{"height":8,"chars":["乵"],"type":"bitmap","ascent":8,"file":"minecraft:font/21505822dfbc46a8824bc280ade58a25/4488f83375eb4e60b470e270207c4854.png"},{"height":8,"chars":["乶"],"type":"bitmap","ascent":8,"file":"minecraft:font/2b523ed275e345eea242a61317ee3a6c/fc97e788a9994324b73a23a3480483c8.png"},{"height":8,"chars":["乷"],"type":"bitmap","ascent":8,"file":"minecraft:font/1854cfd8486342f293cd2fe04943d8a7/9d3e565440db455e8ed8697789efe97c.png"},{"height":8,"chars":["乸"],"type":"bitmap","ascent":8,"file":"minecraft:font/184ebd1297fe46e1a591140da40d67ad/52951356446240b29f54883ac56ff436.png"},{"height":8,"chars":["乹"],"type":"bitmap","ascent":8,"file":"minecraft:font/42a2b43f5ae643c09c378ce349b27011/afb4007a07b148f2a58fb8ec5bddd5c9.png"},{"height":8,"chars":["乺"],"type":"bitmap","ascent":8,"file":"minecraft:font/02f692dffc6347808a02d13e8f481387/092e8b6ea3674cfe9cecefca20eb0b33.png"},{"height":8,"chars":["乻"],"type":"bitmap","ascent":8,"file":"minecraft:font/b54e4643d7484cce8b5c372dadbbf100/0716ec7e4684470eb587f6f6eb8aa13b.png"},{"height":8,"chars":["乼"],"type":"bitmap","ascent":8,"file":"minecraft:font/bc7fd0af5a4342ce925c1bf075808047/457082461b314e2fb123b90d7bc98962.png"},{"height":8,"chars":["乽"],"type":"bitmap","ascent":8,"file":"minecraft:font/9527cd5df0914256a29fcaee68734c2f/883aceb109184255bff4f5b9d01cc011.png"},{"height":8,"chars":["乾"],"type":"bitmap","ascent":8,"file":"minecraft:font/0d9436865a014bd291d65c45f64c919a/d72d5a3df90a46c2819a17c8a12c6344.png"},{"height":8,"chars":["乿"],"type":"bitmap","ascent":8,"file":"minecraft:font/298487a6a464458b97dc81fd3497feff/2e687df156364239b7897c7dbb069600.png"},{"height":8,"chars":["亀"],"type":"bitmap","ascent":8,"file":"minecraft:font/71772d17788642699aad793f30e7d865/767e1d467c22493aa5e12f9f89dd0cc1.png"},{"height":8,"chars":["亁"],"type":"bitmap","ascent":8,"file":"minecraft:font/8a8cd07fd7f14786be434f7718915449/8e1beba2f7684713b6bf97df1b8e45d3.png"},{"height":8,"chars":["亂"],"type":"bitmap","ascent":8,"file":"minecraft:font/bd3910fa5dd24892ad5e5f3ca7e28b82/783bc6f3477f42f09a93ef5be2bdb71c.png"},{"height":8,"chars":["亃"],"type":"bitmap","ascent":8,"file":"minecraft:font/3d59174d16074f119e5b69cf5e659dc4/c9a7aa93293744918635c6b9bef21635.png"},{"height":8,"chars":["亄"],"type":"bitmap","ascent":8,"file":"minecraft:font/c3b429ff12aa4a2e9ae736723eccd928/c8d4e075c4ee4efb9fb5f08931aaba12.png"},{"height":8,"chars":["亅"],"type":"bitmap","ascent":8,"file":"minecraft:font/093a4ecb1caf4030a2f881726a186140/118fe8de49424f8897f02e51cad5bcd0.png"},{"height":8,"chars":["了"],"type":"bitmap","ascent":8,"file":"minecraft:font/efd0d199caa4460eab8248321b42b8ff/dcb8647691894eb58fc6acfd73752071.png"},{"height":8,"chars":["亇"],"type":"bitmap","ascent":8,"file":"minecraft:font/51424fa151c345aab26e5664d00e15d4/13b8099b725e40caaf5f20e3f54d4632.png"},{"height":8,"chars":["予"],"type":"bitmap","ascent":8,"file":"minecraft:font/ab2e1897690f43a8baacd05e1c974fda/e405c9c7ac61449a8b7eb0f48a93634c.png"},{"height":8,"chars":["争"],"type":"bitmap","ascent":8,"file":"minecraft:font/6aff3f79b2d24167ba52845e59b95dd2/e1944118efc54e0d80545fc17975adfa.png"},{"height":8,"chars":["亊"],"type":"bitmap","ascent":8,"file":"minecraft:font/70f027be26dd47a898a23a4da2f26bcf/e5901bf7d9fa47ec8bbb2d5118221728.png"},{"height":8,"chars":["事"],"type":"bitmap","ascent":8,"file":"minecraft:font/cb9a003c725a48e9ba6987f4fdddd320/039391e53a544e759c5155047216bfc5.png"},{"height":8,"chars":["二"],"type":"bitmap","ascent":8,"file":"minecraft:font/3630c4003fd84fd5aa6b12b4dd1bea20/199897d775d44841b21397e2fde6c5f1.png"},{"height":8,"chars":["亍"],"type":"bitmap","ascent":8,"file":"minecraft:font/1625c409492b4d8fb3ca6f737a9a9ea9/6426b3c862dc43269b9e3868fee8d62f.png"},{"height":8,"chars":["于"],"type":"bitmap","ascent":8,"file":"minecraft:font/2d29aa0d51834369914cc7712c3b91b7/e6916caa3ad04d9a958030695e15ebd5.png"},{"height":8,"chars":["亏"],"type":"bitmap","ascent":8,"file":"minecraft:font/162b78e0170c4f3db4056120c5295fff/5ae1ab700b474cb3844872337a2801ed.png"},{"height":8,"chars":["亐"],"type":"bitmap","ascent":8,"file":"minecraft:font/2bbb0cc8148f4ed2a446badfb1e39947/6e443224c6644d3a9f480f03f83b1d17.png"},{"height":8,"chars":["云"],"type":"bitmap","ascent":8,"file":"minecraft:font/24a8acddb5344c32a72a752a356a9eb0/122b717be64f4faa9f330433581e344f.png"},{"height":8,"chars":["互"],"type":"bitmap","ascent":8,"file":"minecraft:font/a67dc8da68e64e248239dbb4f0253a9e/71ba046d6a7e471eabc6becc517b15c9.png"},{"height":8,"chars":["亓"],"type":"bitmap","ascent":8,"file":"minecraft:font/39455f00d87f40d59789c3c016c3f0fe/66d354d767774e1ca9e5faada6eb190a.png"},{"height":8,"chars":["五"],"type":"bitmap","ascent":8,"file":"minecraft:font/7b1bae709e2649acacf291a7a783067d/05a0f3e7b4fc40d9b835079f2f6f681c.png"},{"height":8,"chars":["井"],"type":"bitmap","ascent":8,"file":"minecraft:font/5c11048958f24dc48c7290cca08e4cef/d6482a8bc1c44dcd869dd1b23f0949d5.png"},{"height":8,"chars":["亖"],"type":"bitmap","ascent":8,"file":"minecraft:font/72a3924c6a5546d184d10ba998176951/e8df542056654490a15f0e77a14eeaaa.png"},{"height":8,"chars":["亗"],"type":"bitmap","ascent":8,"file":"minecraft:font/daad54e829634d89b87357654810d037/d4c8fa1a963a4155a61fb3564ce05c31.png"},{"height":8,"chars":["亘"],"type":"bitmap","ascent":8,"file":"minecraft:font/e1a2d593d05745babd04270f1101b4f8/520522026d604d6384f7626a42e61160.png"},{"height":8,"chars":["亙"],"type":"bitmap","ascent":8,"file":"minecraft:font/0d18ddde5a524bfa9668b75e42a2f0f1/e3e41df815b74201a2a71c664e33d1f7.png"},{"height":8,"chars":["亚"],"type":"bitmap","ascent":8,"file":"minecraft:font/590fbce012fc4bf794f287f9a00cd44d/4d363ad5bd9743778e34a6454e3eaab6.png"},{"height":8,"chars":["些"],"type":"bitmap","ascent":8,"file":"minecraft:font/a745332ad1af4e579217624a376e9431/5bb9fa987bb04e8c9a3dd1b03731a8b3.png"},{"height":8,"chars":["亜"],"type":"bitmap","ascent":8,"file":"minecraft:font/975f305cc4de4f83962334c4c00eb992/48388e51587b4e6d8148303f0e913585.png"},{"height":8,"chars":["亝"],"type":"bitmap","ascent":8,"file":"minecraft:font/e864f6e1cd4c4564b7bce016469e5c5a/96a36f95ee3a4fff9953395ae9d1deff.png"},{"height":8,"chars":["亞"],"type":"bitmap","ascent":8,"file":"minecraft:font/86cb222c9b34443bbfc89aae47581c15/c8aad6d673b6487fb4fc93fe975719d7.png"},{"height":8,"chars":["亟"],"type":"bitmap","ascent":8,"file":"minecraft:font/6a1f323167e84fff8c32b19a81ebb0f8/91e8475d5d064b7e9790ecc288c1d8f0.png"},{"height":8,"chars":["亠"],"type":"bitmap","ascent":8,"file":"minecraft:font/0b25198179084b8a9ebf261400944448/390f170b42fa45a384e5d706df04782d.png"},{"height":8,"chars":["亡"],"type":"bitmap","ascent":8,"file":"minecraft:font/1d84e4b355cd4267beda05b2953947a3/501ebc468c344f3ebad3542ddd46ad89.png"},{"height":8,"chars":["亢"],"type":"bitmap","ascent":8,"file":"minecraft:font/5b9f5b8a47464e8d8c3d9c5ec4b1c1e1/838fc4a955ed4e17a218a77ea984cb21.png"},{"height":8,"chars":["亣"],"type":"bitmap","ascent":8,"file":"minecraft:font/ecd4527d1f3b46f3917de02b7f8280a7/549e0b4dfcd44a62b69c654f396313a9.png"},{"height":8,"chars":["交"],"type":"bitmap","ascent":8,"file":"minecraft:font/dbd01856f9304b21b49434af24e9e87f/970e2d9dc3394fe5a1a1465c8238d648.png"},{"height":8,"chars":["亥"],"type":"bitmap","ascent":8,"file":"minecraft:font/eb3a23c4bb204e57a775c0bf7ba47b78/76e12d2784cc4acb988e43d8b3cf3248.png"},{"height":8,"chars":["亦"],"type":"bitmap","ascent":8,"file":"minecraft:font/8f6aec930ac84e48ba9f81ed3735c252/4284854a8c8a4526823c135977b6f7d2.png"},{"height":8,"chars":["产"],"type":"bitmap","ascent":8,"file":"minecraft:font/6ea2ee6405304db0a714925c0da971bb/9eb8f7524bf643f6b12fce468fa7056d.png"},{"height":8,"chars":["亨"],"type":"bitmap","ascent":8,"file":"minecraft:font/28e15d7b15574500b1d323bb9658e1ca/b41ac16f715241bfbb5e21a09819aa3a.png"},{"height":8,"chars":["亩"],"type":"bitmap","ascent":8,"file":"minecraft:font/a348be946d4c4cf1a80f5312869a2757/4052f20c34dd45f084a9c6dbc1e79e6a.png"},{"height":8,"chars":["亪"],"type":"bitmap","ascent":8,"file":"minecraft:font/80f37cd0fbbf40c59b9afbda2525bc24/7dae92811b0e453c9664e6870a5c28d1.png"},{"height":8,"chars":["享"],"type":"bitmap","ascent":8,"file":"minecraft:font/c3dedd1eb9504b8fbbf1a9cda96a3a3d/276565dc5a57415cb6c440717916d2be.png"},{"height":8,"chars":["京"],"type":"bitmap","ascent":8,"file":"minecraft:font/8d1d28e3c91d42a19967d2197a83e18d/7da1527e7ad04fb9a5610ce502650a14.png"},{"height":8,"chars":["亭"],"type":"bitmap","ascent":8,"file":"minecraft:font/39a1bd7f2502423a8e7aaf54235f6352/80bdb2fb7e3846ac900daf75ef388b72.png"},{"height":8,"chars":["亮"],"type":"bitmap","ascent":8,"file":"minecraft:font/1de4cc61c96a49938a87c3ce0c01af25/2a560691e97a4cfeb37bc97c0399c68f.png"},{"height":8,"chars":["亯"],"type":"bitmap","ascent":8,"file":"minecraft:font/f3915e4c7b67413782ca4dede53108b6/5d12d2eec4db4b72a85ff89d58ec73c1.png"},{"height":8,"chars":["亰"],"type":"bitmap","ascent":8,"file":"minecraft:font/28657681981048b8bbff678352c7ede8/6f6152434b3b4521b62855575d4bc2c0.png"},{"height":8,"chars":["亱"],"type":"bitmap","ascent":8,"file":"minecraft:font/621d24241ac04b3397aa3df065747c52/a83b6c2a9ff14c36b284656f65073912.png"},{"height":8,"chars":["亲"],"type":"bitmap","ascent":8,"file":"minecraft:font/5e6b76c1af1c40eaa1193a4d786d06b8/6906f83495234f86bd54459a755ab843.png"},{"height":8,"chars":["亳"],"type":"bitmap","ascent":8,"file":"minecraft:font/fbf0aea2543b4043beafbbd375cd2493/bbae967e22cb4d64a387f4534c24c9e4.png"},{"height":8,"chars":["亴"],"type":"bitmap","ascent":8,"file":"minecraft:font/3604a4a26ae54674b4a1948816649822/00049d253aec4c41bb261c9a20a2ba38.png"},{"height":8,"chars":["亵"],"type":"bitmap","ascent":8,"file":"minecraft:font/1be828b47b8b4c4a9a742103554a67fe/ae92977413854711a2733dff9502ea36.png"},{"height":8,"chars":["亶"],"type":"bitmap","ascent":8,"file":"minecraft:font/c046e21589494625ab046a0cc0f8276c/9b3d09aaef0c40f6a13e767be4eda3c0.png"},{"height":8,"chars":["亷"],"type":"bitmap","ascent":8,"file":"minecraft:font/bf0cc63bd971435aaddad1041bf4a34f/a37f44af78fa4f51a4b0aed6161e96c4.png"},{"height":8,"chars":["亸"],"type":"bitmap","ascent":8,"file":"minecraft:font/e0949f76575a4f9d93e9fa0c89c865c8/ff8b115b5e984235bad564dc3bf89730.png"},{"height":8,"chars":["亹"],"type":"bitmap","ascent":8,"file":"minecraft:font/edca6bba649f45aa97ae49239dcc8805/0dce1cc9b71a4ca69794886a49a64066.png"},{"height":8,"chars":["人"],"type":"bitmap","ascent":8,"file":"minecraft:font/8a480aa1f1864b09acc2c7639e0c604a/51932bf88d4f4699bbcda784d5f5573c.png"},{"height":8,"chars":["亻"],"type":"bitmap","ascent":8,"file":"minecraft:font/53ec7c48de43415287292ab7a54cab07/038132a76bd247d5980301dc96392369.png"},{"height":8,"chars":["亼"],"type":"bitmap","ascent":8,"file":"minecraft:font/3f979ff601464ed4810da40b143cac05/40e3665c610d4b578717d034cc94b902.png"},{"height":8,"chars":["亽"],"type":"bitmap","ascent":8,"file":"minecraft:font/dfebfd21898d46119805ff6752226ce5/3f714fa4ccbf482793558afd0b76574e.png"},{"height":8,"chars":["亾"],"type":"bitmap","ascent":8,"file":"minecraft:font/837b8a9dd16a493b8a542dbe743b584e/11d30e065d7a4f3eaccab6b17bc7b59f.png"},{"height":8,"chars":["亿"],"type":"bitmap","ascent":8,"file":"minecraft:font/9df4443011364d089ac1f53d20036678/f5305effbe934fffa5a03b9d863ab246.png"},{"height":8,"chars":["什"],"type":"bitmap","ascent":8,"file":"minecraft:font/2679e7ae5a024845be792e41f7b1bd89/eb592d64df944b959fa404db3d1f7251.png"},{"height":8,"chars":["仁"],"type":"bitmap","ascent":8,"file":"minecraft:font/18858470e67943ecabe3b5ec774360dd/9a5887890d3742bbbc7bfb77e689bc80.png"},{"height":8,"chars":["仂"],"type":"bitmap","ascent":8,"file":"minecraft:font/03198d03d5c84891a2376b7be5764628/78c458a3b6364151a6cbc3e6a92d79fb.png"},{"height":8,"chars":["仃"],"type":"bitmap","ascent":8,"file":"minecraft:font/8f0bbc652c13496fa00a289b098da346/cfe97b775f0447f8b81fab8c323c5acc.png"},{"height":8,"chars":["仄"],"type":"bitmap","ascent":8,"file":"minecraft:font/fddb3429aa754918a94143681ba7a58b/c647f1d3969b423093de0560229f2a8f.png"},{"height":8,"chars":["仅"],"type":"bitmap","ascent":8,"file":"minecraft:font/56ee3b0e1e2e4602bf83512ec293d052/35468fbb483d4a2ebb830782cafa3c1b.png"},{"height":8,"chars":["仆"],"type":"bitmap","ascent":8,"file":"minecraft:font/b1d9597c3d1042299342929fae3e9203/4d0b3af7091f47f8a24a5776e497eff9.png"},{"height":8,"chars":["仇"],"type":"bitmap","ascent":8,"file":"minecraft:font/d104619b823d46c98322b5dda2c8a930/b10ae433001345e09a1a87716fd1477c.png"},{"height":8,"chars":["仈"],"type":"bitmap","ascent":8,"file":"minecraft:font/0ac41c78d8a340afb02dafff988c2cdd/9c7b2a95265941cc9932e1fbf1fc8f7d.png"},{"height":8,"chars":["仉"],"type":"bitmap","ascent":8,"file":"minecraft:font/3383f3b46eea4902ad2ec8b88ffc25e5/f900b2c0008b49c39c98ef929cbc1643.png"},{"height":8,"chars":["今"],"type":"bitmap","ascent":8,"file":"minecraft:font/30ed2e3a8d7b407493480c3f40c13982/6f6a6123d0ec4cdd94a3479a56fec6a0.png"},{"height":8,"chars":["介"],"type":"bitmap","ascent":8,"file":"minecraft:font/308d99019cd948c192c937f393bf0c98/a0716779ebd7425399d0dca1ab627bd6.png"},{"height":8,"chars":["仌"],"type":"bitmap","ascent":8,"file":"minecraft:font/a2dff587138048e3a0e38d4965659fbe/3a7ca7fa153245f39a672ef9ffaed36c.png"},{"height":8,"chars":["仍"],"type":"bitmap","ascent":8,"file":"minecraft:font/6b49794676ae496db9d0586865175548/96838933f3164230942262f2ab9905cf.png"},{"height":8,"chars":["从"],"type":"bitmap","ascent":8,"file":"minecraft:font/f557abd6e12b4c648ec551ab0b700fe8/70a365ae501b43b4b03713b3080c3a9b.png"},{"height":8,"chars":["仏"],"type":"bitmap","ascent":8,"file":"minecraft:font/a4d15c5a79f549e99f3253d7c6742317/01bfe02ab0904675809c836e8ae39c83.png"},{"height":8,"chars":["仐"],"type":"bitmap","ascent":8,"file":"minecraft:font/289be3bcbe8346edaff429c2780f4e0b/a84e4076a2fc4e5c98e96bb58c0d47ea.png"},{"height":8,"chars":["仑"],"type":"bitmap","ascent":8,"file":"minecraft:font/ef8271e3523a448d8a32371c10c94c3b/2d7f5b7b86d140b1869271ae9c9656cb.png"},{"height":8,"chars":["仒"],"type":"bitmap","ascent":8,"file":"minecraft:font/fded35b5f9be4a8e8efff98de1d558f0/a4da5ec34c7f4476b2b2ca055f4aa33c.png"},{"height":8,"chars":["仓"],"type":"bitmap","ascent":8,"file":"minecraft:font/dac79b0ddfcd46afb72b0e3df368193c/dc0eb0f7f9ef44a98896651dfba848e9.png"},{"height":8,"chars":["仔"],"type":"bitmap","ascent":8,"file":"minecraft:font/42868706d0194212b5b2b1f591c7778a/f3c368732d6444b7bfeb6a7b0019a1d3.png"},{"height":8,"chars":["仕"],"type":"bitmap","ascent":8,"file":"minecraft:font/1b31fc6d0dc84355bac4176c2e1b3874/80b7120968554d51809675056b755afd.png"},{"height":8,"chars":["他"],"type":"bitmap","ascent":8,"file":"minecraft:font/8e6ff80c91d543968061006071ead864/deebd0f093684694b6437fde661e9926.png"},{"height":8,"chars":["仗"],"type":"bitmap","ascent":8,"file":"minecraft:font/3936a516e19c47fab484e2fa967f14e3/1688931a33194a6da35a6d388d76ed08.png"},{"height":8,"chars":["付"],"type":"bitmap","ascent":8,"file":"minecraft:font/65a3eadb8cb74701ab738ca4bb1c402a/d0cc8c6233934a74ad700d324cd3bfda.png"},{"height":8,"chars":["仙"],"type":"bitmap","ascent":8,"file":"minecraft:font/aff0c792485f442fb0a243ab3c6a99b6/82f31a9185914d53ad500502126e35f6.png"},{"height":8,"chars":["仚"],"type":"bitmap","ascent":8,"file":"minecraft:font/79f81003824941e9a2df117c92b4350b/e27437e0f588439088a4cfdcffdd39d1.png"},{"height":8,"chars":["仛"],"type":"bitmap","ascent":8,"file":"minecraft:font/a46d9bf75a004b9c9cd378cec10335fe/81bea8080d8043af99941672781bd9e7.png"},{"height":8,"chars":["仜"],"type":"bitmap","ascent":8,"file":"minecraft:font/ffc4cfcc367143fdbf70c2867d758e0b/82eb6c954f6447c6b511e5444c973d4a.png"},{"height":8,"chars":["仝"],"type":"bitmap","ascent":8,"file":"minecraft:font/39fb492c7ee14feb9b1e1481df4c5af6/b9a2fb5e897b4d9b876d612e13f74128.png"},{"height":8,"chars":["仞"],"type":"bitmap","ascent":8,"file":"minecraft:font/fe2469add75f4b779976ae746d0d644f/5919bec8f68f4360aba758a78b338dfc.png"},{"height":8,"chars":["仟"],"type":"bitmap","ascent":8,"file":"minecraft:font/659e17d266b647e9bdf9b244e48aa082/fc5e4ab090d244c58ec4ab8c54830630.png"},{"height":8,"chars":["仠"],"type":"bitmap","ascent":8,"file":"minecraft:font/ec8523c820044e21a91f4c68b0b8b8c5/7cea239b6a6f4e9b9b277976142921cd.png"},{"height":8,"chars":["仡"],"type":"bitmap","ascent":8,"file":"minecraft:font/f55cf9d50e0946e680f6e4a7493f05ae/f8e5f6d4bcf441d5a01ff8bf8783328f.png"},{"height":8,"chars":["仢"],"type":"bitmap","ascent":8,"file":"minecraft:font/fd286ece80e846d6afb21b076cd4d6e0/c3833ce8f328400bbac2a3ce6bc22ccb.png"},{"height":8,"chars":["代"],"type":"bitmap","ascent":8,"file":"minecraft:font/bfb9f87e0a874466a7a895857d2248e2/0f479bb80eae42f39886e0c3f61566a8.png"},{"height":8,"chars":["令"],"type":"bitmap","ascent":8,"file":"minecraft:font/07209e2d00b3495986b6917c3f9a9e08/062471ba2c584246b1ef3903096eb639.png"},{"height":8,"chars":["以"],"type":"bitmap","ascent":8,"file":"minecraft:font/fc7bd34c9e904ff2b15a3ac957c9f684/169e0eed5a1949f9b887c19efd96861b.png"},{"height":8,"chars":["仦"],"type":"bitmap","ascent":8,"file":"minecraft:font/80fb444c020a4983aecab1a7ee543dd2/b3ccb42ca3324d9bacbcd2744bba5b37.png"},{"height":8,"chars":["仧"],"type":"bitmap","ascent":8,"file":"minecraft:font/e70b3b85083f4a5e8e295e0e9e052d98/beb7836bcfb74c1b85f32a0806395035.png"},{"height":8,"chars":["仨"],"type":"bitmap","ascent":8,"file":"minecraft:font/29c6c213f033495baef51a2cf35ad5bc/28b5ddbcdaf347f8a07aaceb90c1c50e.png"},{"height":8,"chars":["仩"],"type":"bitmap","ascent":8,"file":"minecraft:font/46e2ca8febf04bf9b465881cfb6b30ba/221989be900847c3820fe228fc822c89.png"},{"height":8,"chars":["仪"],"type":"bitmap","ascent":8,"file":"minecraft:font/79c4f9ab8a004e74beb79724f692a097/a4a151655d254ccd9996403679404492.png"},{"height":8,"chars":["仫"],"type":"bitmap","ascent":8,"file":"minecraft:font/af9ee0c13d3244c8a72d5b7bf493be15/6f909b6ff4184f36b0b736c826aa7f35.png"},{"height":8,"chars":["们"],"type":"bitmap","ascent":8,"file":"minecraft:font/f4906acda6f74a98bebfe2e6380b0820/5ba33667006e42ebb6eed2388492312b.png"},{"height":8,"chars":["仭"],"type":"bitmap","ascent":8,"file":"minecraft:font/de1613ae09c646398774fffc6a202a8f/43df6546225348998f4dbe5304362be4.png"},{"height":8,"chars":["仮"],"type":"bitmap","ascent":8,"file":"minecraft:font/cff4332c1d4946efa6cb16d032704f6f/d98e822d121f485ea97ec6e8485e3b4c.png"},{"height":8,"chars":["仯"],"type":"bitmap","ascent":8,"file":"minecraft:font/8773ab00ba4d49d6825df52cfae371a5/49b20f8c69f24b13a6a44b4178510d01.png"},{"height":8,"chars":["仰"],"type":"bitmap","ascent":8,"file":"minecraft:font/78393876511f40a4a4e9781eb594aef7/d00418b44d0e47afb175d5026aa30470.png"},{"height":8,"chars":["仱"],"type":"bitmap","ascent":8,"file":"minecraft:font/666efaaf96e340b89ff1aa3af18210d4/7f224e9c01574596ab038155f88a8013.png"},{"height":8,"chars":["仲"],"type":"bitmap","ascent":8,"file":"minecraft:font/f129e7d71945402696d20417d306c422/46cbf63fe8ad4ff78ca25fd939fcf85d.png"},{"height":8,"chars":["垗"],"type":"bitmap","ascent":8,"file":"minecraft:font/f73e0055cf4541cb9aeca1d8caa5a242/86cecfaf7eea471c8776b87984c2906c.png"},{"height":8,"chars":["仳"],"type":"bitmap","ascent":8,"file":"minecraft:font/66ae79749f2c42f5a6cd169ea89d7b80/510a311aa847426e9f0a91b4a6deeb7d.png"},{"height":8,"chars":["仴"],"type":"bitmap","ascent":8,"file":"minecraft:font/72d57d2d4c4b498ba30414edd66a5b8f/8ded2f6e27994abc8ac79ca33fe5d5e5.png"},{"height":8,"chars":["仵"],"type":"bitmap","ascent":8,"file":"minecraft:font/584e039c86a44f3a8ae83f8333b03f88/7a000884e2374a0e8744a60fb7438b34.png"},{"height":8,"chars":["件"],"type":"bitmap","ascent":8,"file":"minecraft:font/dafa3d78dd2c4645a5d79073c7e76c91/0667884f1a8c44b69ad7a92a11c979fd.png"},{"height":8,"chars":["价"],"type":"bitmap","ascent":8,"file":"minecraft:font/dc6707c5198646e094aef32a7d3ec7e8/478292db0e54467297ea4f2d51255c45.png"},{"height":8,"chars":["仸"],"type":"bitmap","ascent":8,"file":"minecraft:font/67a9b920321948db8cc214d99bfdc34c/04320d4179904a6cb76aef6ae12d7227.png"},{"height":8,"chars":["仹"],"type":"bitmap","ascent":8,"file":"minecraft:font/3f1c56ca814745609ece3db72dfc5127/fb7aaaceb88a49f2b0bdf3a79a0e608e.png"},{"height":8,"chars":["仺"],"type":"bitmap","ascent":8,"file":"minecraft:font/709f29738b804c659e7833f3491c13f7/90add1f8c7e7440cb434acdcc0829197.png"},{"height":8,"chars":["任"],"type":"bitmap","ascent":8,"file":"minecraft:font/bfe0b24326344f2aa2ca515be0f6128b/a367f32e0bc04469a09b76b2beb1897c.png"},{"height":8,"chars":["仼"],"type":"bitmap","ascent":8,"file":"minecraft:font/92e2be98dcb54aadb7e0b2f1f0a25a5b/3e003eace26a4d539a3cf1ee33587673.png"},{"height":8,"chars":["份"],"type":"bitmap","ascent":8,"file":"minecraft:font/1fce12003acb4816879760bcbca4b0ed/df99a55636dc420e9c4d76db279b72a9.png"},{"height":8,"chars":["仾"],"type":"bitmap","ascent":8,"file":"minecraft:font/823dc4ab3f1d473fbb70df6356b612cb/494e7b84161944e4a2a40fae2b2551d6.png"},{"height":8,"chars":["仿"],"type":"bitmap","ascent":8,"file":"minecraft:font/fdcaf23535f04f148d8c039c045778ea/1b8893912a5c407b986956bd0b6d89f7.png"},{"height":8,"chars":["伀"],"type":"bitmap","ascent":8,"file":"minecraft:font/8839b06cc43549a0969e645dd84d6151/be1be53ef2164dc5af3941e4066d681a.png"},{"height":8,"chars":["企"],"type":"bitmap","ascent":8,"file":"minecraft:font/57364bc59f9d48748477bb58bac7fa4f/6073a8ab9ec84220982670b65f44ad1b.png"},{"height":8,"chars":["伂"],"type":"bitmap","ascent":8,"file":"minecraft:font/66e2814a763d4e7cb94412e15f09d2f3/57387497640d452689d84f23f9f44ec3.png"},{"height":8,"chars":["伃"],"type":"bitmap","ascent":8,"file":"minecraft:font/a324bd525ae446c0817adbe8f5436935/610a137495924d13b04237bc551e8bbc.png"},{"height":8,"chars":["伄"],"type":"bitmap","ascent":8,"file":"minecraft:font/7c17dabb631b4f02b556b5feae4098b5/bd85f84bad9e4703880bf9e10980c015.png"},{"height":8,"chars":["伅"],"type":"bitmap","ascent":8,"file":"minecraft:font/0c94adcede6949f1968929ff90262c50/afd15c01422241ec865f0dc5b0b69aec.png"},{"height":8,"chars":["伆"],"type":"bitmap","ascent":8,"file":"minecraft:font/43f4e7e5c449475e95e70b28025026c7/d158cc82fc664f23ac34107d81408987.png"},{"height":8,"chars":["伇"],"type":"bitmap","ascent":8,"file":"minecraft:font/4cd4ae94e60b4a62837a8a76ec0391a7/e270482435264515b6db860653df2e63.png"},{"height":8,"chars":["伈"],"type":"bitmap","ascent":8,"file":"minecraft:font/cdafdb27d39141d7a1839884e4e1b0d7/dd0b38c8090d4bcdbaf0b0a128571e03.png"},{"height":8,"chars":["伉"],"type":"bitmap","ascent":8,"file":"minecraft:font/cc69270384cf4d01ac5c6d8da26bb6e3/6faf221cd3a34711b1924aa31ca67723.png"},{"height":8,"chars":["伊"],"type":"bitmap","ascent":8,"file":"minecraft:font/2c691a4f8ab54029bb11ec668ad129f2/d735e19275ae4b62a6f7a13482edfde7.png"},{"height":8,"chars":["伋"],"type":"bitmap","ascent":8,"file":"minecraft:font/fa69480c251c491c8695bbe8b8be9e12/6172f88119114f30b2e1a560cbf9677b.png"},{"height":8,"chars":["伌"],"type":"bitmap","ascent":8,"file":"minecraft:font/a55079a92fe34132a64cb8ff3ba3ca0a/391f9a7e07124ca0bc09e09373b98672.png"},{"height":8,"chars":["伍"],"type":"bitmap","ascent":8,"file":"minecraft:font/75002da4afa94e379f9239a27a244c6e/4d6ed357cd7f43658e1a932379b6428e.png"},{"height":8,"chars":["伎"],"type":"bitmap","ascent":8,"file":"minecraft:font/865a77dad8a84732bc8cbd1466ccf15d/26eb4052f93f47109e4d70f226b3c289.png"},{"height":8,"chars":["伏"],"type":"bitmap","ascent":8,"file":"minecraft:font/fc64e39eefc3480f8a83b3c229e96594/9dadef1071504550a47225bd29efe371.png"},{"height":8,"chars":["伐"],"type":"bitmap","ascent":8,"file":"minecraft:font/cc498ab855034c2196cbbc8da8958372/9e001879a4ea4e90a65074ebebb67f30.png"},{"height":8,"chars":["休"],"type":"bitmap","ascent":8,"file":"minecraft:font/a9396bc0fa8f478d867657a4a558dabd/a8fec0e562344e919fe492ff0732a911.png"},{"height":8,"chars":["伒"],"type":"bitmap","ascent":8,"file":"minecraft:font/6a3b441dfd54465bb4392ec5da0dcdf2/3395b8f85fa5403eab026830c6c033c0.png"},{"height":8,"chars":["伓"],"type":"bitmap","ascent":8,"file":"minecraft:font/36ffb47699c7448d95eb0d21bbf65b78/cc28b381b1dd4743a8a94f8de47cb051.png"},{"height":8,"chars":["伔"],"type":"bitmap","ascent":8,"file":"minecraft:font/69ff36699db84d18b74e1e70ed35a4e7/6d59ca16164146d98857f293ce8f5aec.png"},{"height":8,"chars":["伕"],"type":"bitmap","ascent":8,"file":"minecraft:font/d68ddf6e85914b4eb29ea327ae240beb/bbb2a39dde93411cbcf5302b6347a286.png"},{"height":8,"chars":["伖"],"type":"bitmap","ascent":8,"file":"minecraft:font/cf92214ace2e4da3b74ceb6551a19330/344ee385e78046b18fa6efd7dcdfb364.png"},{"height":8,"chars":["众"],"type":"bitmap","ascent":8,"file":"minecraft:font/cb9414d5587c4f1db9ca33734933cc3d/48c242d3ffad45d8b377deac0681210b.png"},{"height":8,"chars":["优"],"type":"bitmap","ascent":8,"file":"minecraft:font/a3b00a779899459882cd5cc6f25805ee/05de47bd1c064ed994e49ee0948acdd5.png"},{"height":8,"chars":["伙"],"type":"bitmap","ascent":8,"file":"minecraft:font/0bc747e591034ff2a5616a132f52acdb/0f0d1e3408714e2891593ef43da42a72.png"},{"height":8,"chars":["会"],"type":"bitmap","ascent":8,"file":"minecraft:font/f30db505f5854a80b7492204f68873c1/6cb0e215556e46c5abb8d0c357dd42cc.png"},{"height":8,"chars":["偹"],"type":"bitmap","ascent":8,"file":"minecraft:font/364e2c0ce4484a8783cb09095dbf6806/6af161bbc2ec4afaab0237f0e348b622.png"},{"height":8,"chars":["偺"],"type":"bitmap","ascent":8,"file":"minecraft:font/b2b4cc6ca45445baaa82a303d26ef706/755481c20558406fbdba83d65bd7fb63.png"},{"height":8,"chars":["偻"],"type":"bitmap","ascent":8,"file":"minecraft:font/f7d7ec33695c4afc80fc9119d853501d/16edc83edc88471585cb1634d4a557ee.png"},{"height":8,"chars":["偼"],"type":"bitmap","ascent":8,"file":"minecraft:font/d2d8733bfde2422da402669cbc222195/8c59ab689831463eb203f54a0295db84.png"},{"height":8,"chars":["偽"],"type":"bitmap","ascent":8,"file":"minecraft:font/35e1e51431fb4aa9b1f2a624a1bafa21/3eec4430acf548a292e68d1a1817b821.png"},{"height":8,"chars":["偾"],"type":"bitmap","ascent":8,"file":"minecraft:font/60b55d7163ec4c8fba5c354c44ac8061/0671310269714e4696211797230c4098.png"},{"height":8,"chars":["偿"],"type":"bitmap","ascent":8,"file":"minecraft:font/19b22de5c6d640b7af0b700172ff7499/cdf23cfa4461482b9a062d5598a5a532.png"},{"height":8,"chars":["傀"],"type":"bitmap","ascent":8,"file":"minecraft:font/7897ea9062ac4e82a9f8b56ca33ea036/4c7cc8aba8fb4eaea86c64817d511766.png"},{"height":8,"chars":["傁"],"type":"bitmap","ascent":8,"file":"minecraft:font/ffee9314ab0344df82bab08c9f58bbb4/dde3dc31fb1349f19f4a026971e7d5f2.png"},{"height":8,"chars":["傂"],"type":"bitmap","ascent":8,"file":"minecraft:font/3914dc2c03ed474896ddd6396293e5a4/9c7f9c1ca2c745cf9972b2e13f5ba97c.png"},{"height":8,"chars":["傃"],"type":"bitmap","ascent":8,"file":"minecraft:font/87d400e35f924b2dbcc16da3b14cb3d8/3d5bfb4b89e24b20b40d11661acfdc16.png"},{"height":8,"chars":["傄"],"type":"bitmap","ascent":8,"file":"minecraft:font/25a571d05be143eb8644fd44a23b503f/359bd6383e0542348615fe8ec1387db7.png"},{"height":8,"chars":["傅"],"type":"bitmap","ascent":8,"file":"minecraft:font/c299f4d7de9d4e26b9c23f2ede30b988/0994849c05404c149e8a74ed6660b89b.png"},{"height":8,"chars":["傆"],"type":"bitmap","ascent":8,"file":"minecraft:font/6a989ef5138c499ea74dfcb99fc756bd/4643d52647eb4d7e910ff940d4acac77.png"},{"height":8,"chars":["傇"],"type":"bitmap","ascent":8,"file":"minecraft:font/450273b0973f4a139e6919075a9bba23/f937363d4e484ff280405fe8ddc100e0.png"},{"height":8,"chars":["傈"],"type":"bitmap","ascent":8,"file":"minecraft:font/78d354048c2f446e905db8d27687006f/b7d3cdaa2c0a4fe58603cdb53ad826bd.png"},{"height":8,"chars":["傉"],"type":"bitmap","ascent":8,"file":"minecraft:font/6d927efe179448cbbfe620cb528c3235/f4c1fb4af93e41f6b887e508d31063b0.png"},{"height":8,"chars":["傊"],"type":"bitmap","ascent":8,"file":"minecraft:font/618e2d9a06ea464bb68c20187068c2ac/231706760eb4482caa1f5b99cef22b9a.png"},{"height":8,"chars":["傋"],"type":"bitmap","ascent":8,"file":"minecraft:font/97fd8aa0e5964f44a43ef6dcf141a46e/7931b677bcfd4bc9892e8aaa93e2706d.png"},{"height":8,"chars":["傌"],"type":"bitmap","ascent":8,"file":"minecraft:font/0501be4fdc8f403e8ae64b531122858e/f5745ef0ad4f4884890c1d0d151b7da7.png"},{"height":8,"chars":["垃"],"type":"bitmap","ascent":8,"file":"minecraft:font/a6782473c5394132b5b3b7e9b595f751/937696121f564ec083163226b0933fac.png"},{"height":8,"chars":["垄"],"type":"bitmap","ascent":8,"file":"minecraft:font/b83dcb6e061e46a882765e61ebb53dce/3d2c424ca3ac42979b927bf3e057f011.png"},{"height":8,"chars":["垅"],"type":"bitmap","ascent":8,"file":"minecraft:font/54b9f2fc6bd64a33a2c2802bf29214a8/2a6ce26efdb34157bc0f40b8a164c52d.png"},{"height":8,"chars":["垆"],"type":"bitmap","ascent":8,"file":"minecraft:font/69e5d9183773469a83423c3ab313a97f/26df99cb552740cc9a90e59262cef111.png"},{"height":8,"chars":["垇"],"type":"bitmap","ascent":8,"file":"minecraft:font/0d7f06416e3845a0b060331e04b6ba03/e17e98e81cae46ac872bff631e29ae00.png"},{"height":8,"chars":["垈"],"type":"bitmap","ascent":8,"file":"minecraft:font/5f001a1ebe3f49d19510e6b181979a0a/b54a6ec9608c46d99978f61bb1737336.png"},{"height":8,"chars":["垉"],"type":"bitmap","ascent":8,"file":"minecraft:font/e7858d07183c468e98d3777e50ff8140/6083e9dc6d684fbf8b9cdc80c2e43366.png"},{"height":8,"chars":["垊"],"type":"bitmap","ascent":8,"file":"minecraft:font/6a9f2f3145a64840958d35dacfbd5069/ba56750d5364490a8d2b8bc3aa70907a.png"},{"height":8,"chars":["型"],"type":"bitmap","ascent":8,"file":"minecraft:font/f1aed4253c4e4d27b1af0ac630c02332/42849fe54ac7475d8dec5e90957d2c49.png"},{"height":8,"chars":["垌"],"type":"bitmap","ascent":8,"file":"minecraft:font/5621cdf2bc5c4536a52a030b43b5daff/021dd13ade3b47449384368ab91c2994.png"},{"height":8,"chars":["垍"],"type":"bitmap","ascent":8,"file":"minecraft:font/f4d41b4911044c0db689d33ca4219fae/004ad1f884334ccf9bd1c1ee3e4d2a00.png"},{"height":8,"chars":["垎"],"type":"bitmap","ascent":8,"file":"minecraft:font/86202374c1fb4a338685f2ea8be46fed/6a7037be8fae40f5aef3ad8a1a779fd8.png"},{"height":8,"chars":["垏"],"type":"bitmap","ascent":8,"file":"minecraft:font/0faeca6aedd948529ad8d9cbda7fb989/70bbcf34266e4d30b544b2934297098b.png"},{"height":8,"chars":["垐"],"type":"bitmap","ascent":8,"file":"minecraft:font/bc9aa268730c4ba4b96a1e96883bb37e/fad3dc5adfdc404f8243a41c7920f952.png"},{"height":8,"chars":["垑"],"type":"bitmap","ascent":8,"file":"minecraft:font/dc787318f8af4e7c8c79602fd93f6265/437be827981f4528901e8f5be344f7a3.png"},{"height":8,"chars":["垒"],"type":"bitmap","ascent":8,"file":"minecraft:font/35a9c10492874452a2a2054f9b013ac9/eb42309ffe6b4c2cb01e64e28c3518f3.png"},{"height":8,"chars":["垓"],"type":"bitmap","ascent":8,"file":"minecraft:font/d143a307b50742f888d0c2d7c642dddd/d7bc3e41ed0f42d9be539bf7ad2339ba.png"},{"height":8,"chars":["垔"],"type":"bitmap","ascent":8,"file":"minecraft:font/6ddb1ef2d57449159f07a4b0e3e1809f/411ea98af3b545519d2504c58d8d1b49.png"},{"height":8,"chars":["垕"],"type":"bitmap","ascent":8,"file":"minecraft:font/abab916bbe21497690858eee8bcc3d68/2c33f0ae72b84d5682bfa524489de788.png"},{"height":8,"chars":["垖"],"type":"bitmap","ascent":8,"file":"minecraft:font/f71d89748ba045a49b4170638bf03efe/bc9778cd606d45c79433343e3d4270f0.png"},{"type":"bitmap","file":"font/pixel.png","ascent":-1000,"height":-2,"chars":["ᨓ"]},{"type":"bitmap","file":"font/pixel.png","ascent":-10000,"height":1,"chars":["ᨒ"]},{"type":"bitmap","file":"font/pixel.png","ascent":-10000,"height":-2,"chars":["⻙"]}]}