{"providers":[{"type":"bitmap","chars":["一"],"height":16,"file":"minecraft:font/b65e0f3f00384604ad69ed8a687b3345/91676f014c974e259c99af439c545c66.png","ascent":16},{"type":"bitmap","chars":["丁"],"height":8,"file":"minecraft:font/b968280372404bf9baa426dca6934b38/3942eff8c76e43bdbdea545e4101d73c.png","ascent":8},{"type":"bitmap","chars":["丂"],"height":8,"file":"minecraft:font/92a1e21e7dee43c2b37fa2a29d148e99/cbdda974a8dc4ea3a133d2dfbe380970.png","ascent":8},{"type":"bitmap","chars":["七"],"height":8,"file":"minecraft:font/4956534806f34b6cb818296fc5d1d377/b8bae859fdb8498aa1be37e57c2336fb.png","ascent":8},{"type":"bitmap","chars":["丄"],"height":8,"file":"minecraft:font/f996a42c8d0b4c6ea43609421ffa9db5/100712e892d042edad40031535fc9c7f.png","ascent":8},{"type":"bitmap","chars":["丅"],"height":8,"file":"minecraft:font/4c6a1cee5e9547c19de133c642d4ed02/4ba0ac5483224e54b78066f2694f4a29.png","ascent":8},{"type":"bitmap","chars":["丆"],"height":8,"file":"minecraft:font/7504626c56dc47769400a1e17b63c1f1/fb6f0ea2d7734edd9d811ddce262a11a.png","ascent":8},{"type":"bitmap","chars":["万"],"height":8,"file":"minecraft:font/0b9912097ce6455ebb6e626acf20e5fb/be55af30e3a3488db8190f6e732ffede.png","ascent":8},{"type":"bitmap","chars":["丈"],"height":8,"file":"minecraft:font/4e87afabbff14e03b3d344887bc02ffd/a2ed4fc47d8543fd8821721a9c10f5cc.png","ascent":8},{"type":"bitmap","chars":["三"],"height":8,"file":"minecraft:font/1176cc1a885948d1a92688bf30bed1b8/688daa7924a644cab95c6bf9159039b4.png","ascent":8},{"type":"bitmap","chars":["上"],"height":8,"file":"minecraft:font/a30dd44a75434109a40bfad526c0e449/04d1c062204e49b4a598737227e4e48e.png","ascent":8},{"type":"bitmap","chars":["下"],"height":8,"file":"minecraft:font/6ec68c23c50b4a54b304c377c62446bb/635eaaf1a6f44c19992dba62e45ed717.png","ascent":8},{"type":"bitmap","chars":["丌"],"height":8,"file":"minecraft:font/50dec4cd3b4041eaa69ce75e088b1688/f340a3fe9fb54a21a057b5b760168694.png","ascent":8},{"type":"bitmap","chars":["不"],"height":8,"file":"minecraft:font/850f5c5463734da196caab6339f7aede/0c1840579fca4946b9f92c24b9372f9f.png","ascent":8},{"type":"bitmap","chars":["与"],"height":8,"file":"minecraft:font/6b723ee944464de8bd17f8f5d6965d65/82f200ba81914a7ebb05205d42373bc2.png","ascent":8},{"type":"bitmap","chars":["丏"],"height":8,"file":"minecraft:font/867982e3ce524f2693c286c3424a12fe/ed5afd30684849caa9bc3555fc3160fe.png","ascent":8},{"type":"bitmap","chars":["丐"],"height":8,"file":"minecraft:font/e5776cc1e9e44961aa96a4f5449537c5/a272db1ee82348f6b60a2c16b8ee4b1b.png","ascent":8},{"type":"bitmap","chars":["丑"],"height":8,"file":"minecraft:font/78505ebaaaa74db7b49849a2a4a3afdf/15ffab8e7d3f48f7881b8e76ddbc42c1.png","ascent":8},{"type":"bitmap","chars":["丒"],"height":8,"file":"minecraft:font/9388c2dd9b594e29b4accc4e9d400cf6/190975bffaf7459788598fc2889e0e73.png","ascent":8},{"type":"bitmap","chars":["专"],"height":8,"file":"minecraft:font/1677cb1c01d04040914b26c96f9191ba/7ac8f543d9b14b22a98929a2246de050.png","ascent":8},{"type":"bitmap","chars":["且"],"height":8,"file":"minecraft:font/f038a4e80b4741d0aaca52f838310b4c/e647010f51444132a46243950a68e9f3.png","ascent":8},{"type":"bitmap","chars":["丕"],"height":8,"file":"minecraft:font/e16b742a8f3b4d43be45fabe429e068f/5decd9966cdf47ed8b694c39bc4f4909.png","ascent":8},{"type":"bitmap","chars":["世"],"height":8,"file":"minecraft:font/bf8ddab052054cbe9d604a9cd4d31164/a5e6b5eee9dd4b638eb639abd22aa754.png","ascent":8},{"type":"bitmap","chars":["丗"],"height":8,"file":"minecraft:font/b74454da888d4af4965ec462a6826745/08b713eaba544feeb00e3df3cef93d4d.png","ascent":8},{"type":"bitmap","chars":["丘"],"height":8,"file":"minecraft:font/0c7fb39cd108452784fbde722b48ee3c/4c2f24d6ff9843cd869a8bb25f494650.png","ascent":8},{"type":"bitmap","chars":["丙"],"height":8,"file":"minecraft:font/c9a2ad8ed2a844d6bcb1a6afceb25a37/811ee8350f124d5791ce04e5fd5e4b68.png","ascent":8},{"type":"bitmap","chars":["业"],"height":8,"file":"minecraft:font/4c294298c9c4474585ad89db91a7a4c7/85983688ac8b4a24a95ceeb188879022.png","ascent":8},{"type":"bitmap","chars":["丛"],"height":8,"file":"minecraft:font/9e9b040cc9de4396a9f769de843d0b4e/973e23a4165d43cea32d82850be09768.png","ascent":8},{"type":"bitmap","chars":["东"],"height":8,"file":"minecraft:font/567905e83385414fbf8f0d06fe77dbd3/ffe0c03229994794950efa46e92610c3.png","ascent":8},{"type":"bitmap","chars":["丝"],"height":8,"file":"minecraft:font/e29199f9a8694da89f906e6655b2c96a/96192a52a89d4145b8f12e4015f8a579.png","ascent":8},{"type":"bitmap","chars":["丞"],"height":8,"file":"minecraft:font/78ac6630d4154d519e3c8552ae41fd78/0a5ae9faeaab43d69f697aaaad01bbc8.png","ascent":8},{"type":"bitmap","chars":["丟"],"height":8,"file":"minecraft:font/21c8ec8ebbe64cf6b5f51c54a8628476/e17649fffa884046bf2e5dc55a998ea2.png","ascent":8},{"type":"bitmap","chars":["丠"],"height":8,"file":"minecraft:font/9bdde807eb9549bc9d049db6100c1818/a17ce569c3534fc7a01fc96616a83d38.png","ascent":8},{"type":"bitmap","chars":["両"],"height":8,"file":"minecraft:font/f27bbe1ad79241098049f9cdecaf7acd/cc401b4b65c84e4bb9dabe54ff869617.png","ascent":8},{"type":"bitmap","chars":["丢"],"height":8,"file":"minecraft:font/3b0785b6483d4d5091fdf17583f5c95a/1118eeca2bf94d4d97b65e8d612fe030.png","ascent":8},{"type":"bitmap","chars":["丣"],"height":8,"file":"minecraft:font/30eabf07dd164cc9ab5926a442f1c382/fc5240d88c1c42a0925eff3ac267856f.png","ascent":8},{"type":"bitmap","chars":["两"],"height":8,"file":"minecraft:font/3e1ddda46b0f406f9a2feeff81d5c71a/159b52e4010a40558e49a40477292a31.png","ascent":8},{"type":"bitmap","chars":["严"],"height":8,"file":"minecraft:font/8f4530009cfb497a9b850a127d686dbb/262433f2be924e3985ad02c7b6521438.png","ascent":8},{"type":"bitmap","chars":["並"],"height":8,"file":"minecraft:font/a2ef8380b9c5412eab893c583094f0e4/14c5dc2a847d4af99ba41fc6dfa00828.png","ascent":8},{"type":"bitmap","chars":["丧"],"height":8,"file":"minecraft:font/fde0f36c46c14984a23523741da313d0/17b177b80125491a9394637036574335.png","ascent":8},{"type":"bitmap","chars":["丨"],"height":8,"file":"minecraft:font/4feeac09399c4e19a0550e4e7251249b/b87f7899551d441fb3908a8b5da7b844.png","ascent":8},{"type":"bitmap","chars":["丩"],"height":8,"file":"minecraft:font/2dfdb3d8c3204bbe808ff36d96f3483d/a75df4a94b0f47018dd4c1df69678f2e.png","ascent":8},{"type":"bitmap","chars":["个"],"height":8,"file":"minecraft:font/df96e16ecf794268a2d0391a7fabffe5/41fb022393a1477fbcbf824a0b3bde8b.png","ascent":8},{"type":"bitmap","chars":["丫"],"height":8,"file":"minecraft:font/2486c7ef23db459db33d10995ebc9b07/70840af0d2a74b5cb061d5f96dcc5462.png","ascent":8},{"type":"bitmap","chars":["丬"],"height":8,"file":"minecraft:font/89fbb18dae924807b488b6fc1fc066cb/e2b9ea66ec5b45248f453901d19b9e25.png","ascent":8},{"type":"bitmap","chars":["中"],"height":8,"file":"minecraft:font/9e6689b928b44637b3e648fb2dc77288/71755cc3f4234093b39aaefc35fc8e40.png","ascent":8},{"type":"bitmap","chars":["丮"],"height":8,"file":"minecraft:font/09d9028eff8b455f8577a52a94f2a854/e29e505bedf844d2bc3dc4180a76ed37.png","ascent":8},{"type":"bitmap","chars":["丯"],"height":8,"file":"minecraft:font/0b2b4efc281c4d398873fe8790ec2b24/ac1c5bac11ae44f7a8c149e3ea314798.png","ascent":8},{"type":"bitmap","chars":["丰"],"height":8,"file":"minecraft:font/93b8db70a9534896b1d9aaeffbadb33b/03d0d8e250b041179e62cab99dca6750.png","ascent":8},{"type":"bitmap","chars":["丱"],"height":8,"file":"minecraft:font/33c17a20f33541f1807411747a5b89bc/00cc692a0e5243e5ad714591ce9eff46.png","ascent":8},{"type":"bitmap","chars":["串"],"height":8,"file":"minecraft:font/8f5d691180324040beb384e2e2137f0c/3b2ed4ff94974d829709ea54f27135a3.png","ascent":8},{"type":"bitmap","chars":["丳"],"height":8,"file":"minecraft:font/9255ee80044240c3a0b2439458c0c782/0ab1b88627d94cf8822bc245122dc388.png","ascent":8},{"type":"bitmap","chars":["垙"],"height":16000,"file":"minecraft:font/f4c6ee40179f49088e146846edc64e17/2775e1a317814588b3186081f7a9b10a.png","ascent":16000},{"type":"bitmap","chars":["亖"],"height":8,"file":"minecraft:font/5b07781f9f694391ab612e1f5f1f7ac3/05b95d3250b94ea9bba304a4279f0114.png","ascent":8},{"type":"bitmap","chars":["亗"],"height":8,"file":"minecraft:font/dd3a6e41f5c14af88c9b956c4fd65712/8b23395fb9f04df5ae29dfa73858f346.png","ascent":8},{"type":"bitmap","chars":["亘"],"height":8,"file":"minecraft:font/44e376a2f45b43cba7f2df855c37ff15/e23869e3fb734e74afc583bc4cbe8cd0.png","ascent":8},{"type":"bitmap","chars":["亙"],"height":8,"file":"minecraft:font/1becb4e4f65f467bbadbd6bb8f23f0af/5fbf1d5038c34bd09362da3f5fb0a9c3.png","ascent":8},{"type":"bitmap","chars":["亚"],"height":8,"file":"minecraft:font/d54115b933c642ffbf64bc2975202968/a17738c588734fbeb9affeecb9e81780.png","ascent":8},{"type":"bitmap","chars":["些"],"height":8,"file":"minecraft:font/8d19fbc275784cf3aa06aedc2fc94290/0962556c2fb34d9f89fbfec9eba00930.png","ascent":8},{"type":"bitmap","chars":["亜"],"height":8,"file":"minecraft:font/63b679f2a3154f8a860817c93bf3ec2e/a6cbcd765f3a4180a04e9d1220b9f01d.png","ascent":8},{"type":"bitmap","chars":["亝"],"height":8,"file":"minecraft:font/cb743ffd011043c08431739524e66b35/b59dda5725b942d6928a72c7f7be0df1.png","ascent":8},{"type":"bitmap","chars":["亞"],"height":8,"file":"minecraft:font/580961f62abe49eb828645e9829008c9/9858ae7d8f47433285f01d1097ee0647.png","ascent":8},{"type":"bitmap","chars":["亟"],"height":8,"file":"minecraft:font/64f41c460da94a32a4db089bdebfccd9/250ca9ffbf7a4d88b59aec9764fb45c1.png","ascent":8},{"type":"bitmap","chars":["亠"],"height":8,"file":"minecraft:font/7d157bd97524459ab3c19e49b3d64503/554c8712912943ceb2a3d3bfbe0feb31.png","ascent":8},{"type":"bitmap","chars":["亡"],"height":8,"file":"minecraft:font/ce9ae1bbe9d94b07b64c1015f2a32f7b/2d436d74f48f4971a7b58a68e299fd70.png","ascent":8},{"type":"bitmap","chars":["亢"],"height":8,"file":"minecraft:font/03bc54f2b97a4f5d82d01c11130c92b6/bd76a2c555fa452e8b199fd041ebcf22.png","ascent":8},{"type":"bitmap","chars":["亣"],"height":8,"file":"minecraft:font/dc22753383b746349229645dcb61fe83/0daaf3ce570b4230b21094cf6dc0f787.png","ascent":8},{"type":"bitmap","chars":["交"],"height":8,"file":"minecraft:font/d328cc9be51549a4952f4e5f57b17288/5aaff0ef737f4b46baea312800df359e.png","ascent":8},{"type":"bitmap","chars":["亥"],"height":8,"file":"minecraft:font/5bfa66834a9f455c8ead22f52d0b2560/f86449b399a24efe95d1a08ac6f4d9c1.png","ascent":8},{"type":"bitmap","chars":["亦"],"height":8,"file":"minecraft:font/2d1c62da69ab4e7f83f8bf4028f9d85c/6d9dde79832e40d5b5a51c643090347a.png","ascent":8},{"type":"bitmap","chars":["产"],"height":8,"file":"minecraft:font/6724329eeee64b5f960445ee00cf3c4e/18a07262bc1f42ec8fc78145f0c294e4.png","ascent":8},{"type":"bitmap","chars":["亨"],"height":8,"file":"minecraft:font/ba3acb06e5b049d5ae3626307c6ab37b/4fd0f2e61e4e4c57a8af407e2f067b18.png","ascent":8},{"type":"bitmap","chars":["亩"],"height":8,"file":"minecraft:font/859e90082aac4321838515cf80a66bf1/adcc5e4d512e4ffd9eeaff03ff13428f.png","ascent":8},{"type":"bitmap","chars":["亪"],"height":8,"file":"minecraft:font/c4d5deb132eb4c76ba9fc676362cb064/48551780308a416fa165f31e37baeba8.png","ascent":8},{"type":"bitmap","chars":["享"],"height":8,"file":"minecraft:font/6a2bec2a4af94ba5ac1efb7fe0171257/631053b2b3754e59bead8d2f125405c0.png","ascent":8},{"type":"bitmap","chars":["京"],"height":8,"file":"minecraft:font/5c08865a95834c6ca439c9e936d5fc20/23529dc570194781aa7908a48e9de306.png","ascent":8},{"type":"bitmap","chars":["亭"],"height":8,"file":"minecraft:font/ee2ab96c02ee4880be61eb7824a19097/d328d3efb2fb40439161cad6c92b28ee.png","ascent":8},{"type":"bitmap","chars":["亮"],"height":8,"file":"minecraft:font/4b00181f478e4d3eb81ea8afebd630bb/15abd3bd823946508d19bbd254b490ee.png","ascent":8},{"type":"bitmap","chars":["亯"],"height":8,"file":"minecraft:font/8b22e07164f7488bbb26e71550ef3850/5cf7c8c41ea2412791e270fc0e200c54.png","ascent":8},{"type":"bitmap","chars":["亰"],"height":8,"file":"minecraft:font/edd53dad533b495d8750b6e6f41c9f59/175a7df42cef4cd1b5c6ad556e9a1335.png","ascent":8},{"type":"bitmap","chars":["亱"],"height":8,"file":"minecraft:font/aed0948cf0d24328956c76c5f7ec206e/be2f33cba4c24f258c44f9f23c4c922b.png","ascent":8},{"type":"bitmap","chars":["亲"],"height":8,"file":"minecraft:font/9543865d366944dab8f96891d8f792aa/df72947f06eb4aeca93cf55679ecefdf.png","ascent":8},{"type":"bitmap","chars":["亳"],"height":8,"file":"minecraft:font/f99efa555fa740d9ab8c3529c12700fb/38e129220d5e4515a737964f9628f151.png","ascent":8},{"type":"bitmap","chars":["亴"],"height":8,"file":"minecraft:font/4e1b9ba88f6d4bcca8e4aab78dcebc83/b775dfa4804e41f99a6d050a4af6f926.png","ascent":8},{"type":"bitmap","chars":["亵"],"height":8,"file":"minecraft:font/8ec5bcd3781f422da72a546a49840c12/15f26c4e36d84969a8f62363efffea4b.png","ascent":8},{"type":"bitmap","chars":["亶"],"height":8,"file":"minecraft:font/5eca9f1cc57e464994f16c76ff350f45/db5038fd84f1433fbc8357f90c2199a1.png","ascent":8},{"type":"bitmap","chars":["亷"],"height":8,"file":"minecraft:font/c463110b16b54155a150dc15432cb10c/9ea6240d676f404d83b46f0190b468e6.png","ascent":8},{"type":"bitmap","chars":["亸"],"height":8,"file":"minecraft:font/f647995a2f1d49cab6c9f1b9d8c34038/8b19b479bf104263ab210ec4b5cb55c3.png","ascent":8},{"type":"bitmap","chars":["亹"],"height":8,"file":"minecraft:font/4a4b6bd5c7b5445f9e556442d5fbbf4a/ac95c244561c4f6bb77688c73e00ce85.png","ascent":8},{"type":"bitmap","chars":["人"],"height":8,"file":"minecraft:font/a15f6c0dbe77465698b16fb8c4df4edf/0db15eca6a0241e888b89acb90cf490b.png","ascent":8},{"type":"bitmap","chars":["亻"],"height":8,"file":"minecraft:font/dc9e6fa7a8d149b985cfa8d5e6c8687d/0fd6e1081ef146849981d548783598b9.png","ascent":8},{"type":"bitmap","chars":["亼"],"height":8,"file":"minecraft:font/8efd90f8e1db442b9e256fd3cb1af001/ca158d3ff0c543a6a71bc766e8e11af2.png","ascent":8},{"type":"bitmap","chars":["亽"],"height":8,"file":"minecraft:font/d41bd70edbaf4e998ad955924509e11a/a1a168b6bddd4541bb678ef5fc982fba.png","ascent":8},{"type":"bitmap","chars":["亾"],"height":8,"file":"minecraft:font/c37e29bdda72407fb6699823f61dbcbe/f21614bd21df46e0b58db4beb84002d2.png","ascent":8},{"type":"bitmap","chars":["亿"],"height":8,"file":"minecraft:font/3a820504e9f044169495e2feba8b0055/8fbc2b9919374f8b96813d38e57c9829.png","ascent":8},{"type":"bitmap","chars":["什"],"height":8,"file":"minecraft:font/dc042476ec674e738373b287df7b043a/725379d52eab4b02b319d2ae5c1ba037.png","ascent":8},{"type":"bitmap","chars":["仁"],"height":8,"file":"minecraft:font/939adba3f3a44b33a94ea1f3fade9cce/b035ceabfa974d45b9e6aaeb40535403.png","ascent":8},{"type":"bitmap","chars":["仂"],"height":8,"file":"minecraft:font/d5400f7f6269462689ed0cb3930c568f/20c69e18e13f4470b4198dfe3cda6081.png","ascent":8},{"type":"bitmap","chars":["仃"],"height":8,"file":"minecraft:font/53f63da5b5ca4ba0b1e4a4aba05794e6/66652d9d71834e84b0059347c7d3e518.png","ascent":8},{"type":"bitmap","chars":["仄"],"height":8,"file":"minecraft:font/fe5c08a7dd7e4fcca07bd0e5e0265b23/2f6daf89267c470e9cb44ce9b9053e24.png","ascent":8},{"type":"bitmap","chars":["仅"],"height":8,"file":"minecraft:font/8aa6af29a79e4e7fb3b66c10648689de/b46a59bf556448f89b08dde8fb701836.png","ascent":8},{"type":"bitmap","chars":["仆"],"height":8,"file":"minecraft:font/4071324b74474cd9826b72d40fa984e9/17e20ebd8d7b4f82a7fe755307d7642c.png","ascent":8},{"type":"bitmap","chars":["仇"],"height":8,"file":"minecraft:font/b79a37e5a92648d3b4d5c94c3d07cc8d/b5dc3a2cb46e499bba481e305210631f.png","ascent":8},{"type":"bitmap","chars":["仈"],"height":8,"file":"minecraft:font/b533b176f22f44b29578969033ab9f80/1f37d8a2aa2946c1acc83da6b58750e4.png","ascent":8},{"type":"bitmap","chars":["仉"],"height":8,"file":"minecraft:font/367238f8417048458dc2acca61903671/3c73313a039f40639a7b781415e4f416.png","ascent":8},{"type":"bitmap","chars":["今"],"height":8,"file":"minecraft:font/195b7532a06449ccbd72fc1eb8794c7f/0fd9a9e37a824c3ab8e3feed383cec33.png","ascent":8},{"type":"bitmap","chars":["介"],"height":8,"file":"minecraft:font/0a32253af88543d585369bad16debd62/a19f64ba96194609b6be11ce382e22da.png","ascent":8},{"type":"bitmap","chars":["仌"],"height":8,"file":"minecraft:font/a478aebe92e44f3cb27698df7ca4157a/60266474b8fc464aa34912a10586ae03.png","ascent":8},{"type":"bitmap","chars":["仍"],"height":8,"file":"minecraft:font/9731e1376edb4ecfaa08c1ca75af4cb2/77bbb20fa8944032bdc7d88e159f74c0.png","ascent":8},{"type":"bitmap","chars":["从"],"height":8,"file":"minecraft:font/9ddd67226718405b9d7f082fde9363e1/62ff0bef1d7a488a9832f09df1e4dd0e.png","ascent":8},{"type":"bitmap","chars":["仏"],"height":8,"file":"minecraft:font/a1bf09fed27340ed89c4a822eae3ed43/f5ff5019157d40758188c0f3a7f2187b.png","ascent":8},{"type":"bitmap","chars":["仐"],"height":8,"file":"minecraft:font/ac842bcb6e3c43a8afd5aabad8ec0a4a/1ed0765fd69a430ead78dfee18c85ec9.png","ascent":8},{"type":"bitmap","chars":["仑"],"height":8,"file":"minecraft:font/f88b27d6282d43b68912ff585e9c4700/3d572ed8f7454354adaa86f8c7345925.png","ascent":8},{"type":"bitmap","chars":["仒"],"height":8,"file":"minecraft:font/3f8e52e83c504c618d7c18d510f64a80/55e4ad0bd79240849d8a588e36d7b8d7.png","ascent":8},{"type":"bitmap","chars":["仓"],"height":8,"file":"minecraft:font/ec27b03a96a6419f9a21dde271906321/b0bd69d37288471cb12f123ee614a10b.png","ascent":8},{"type":"bitmap","chars":["仔"],"height":8,"file":"minecraft:font/8a12ee7342e94b8d8353e2ef55dd9ff0/58f845c6633a4686988eb43235055858.png","ascent":8},{"type":"bitmap","chars":["仕"],"height":8,"file":"minecraft:font/e98a23819f42468f98cfdc31b893710e/1adaa901d7c7440b98ead8f10248eca7.png","ascent":8},{"type":"bitmap","chars":["他"],"height":8,"file":"minecraft:font/113dfc46190c43dd9bb1468c3a59c6b4/a65efdcd5b644691a504f17da208cbda.png","ascent":8},{"type":"bitmap","chars":["仗"],"height":8,"file":"minecraft:font/1d344f82582e4d658d09dff00270b9e1/f5e725088a32404db2444778dfe092cd.png","ascent":8},{"type":"bitmap","chars":["付"],"height":8,"file":"minecraft:font/63eddde4b9094f9699ecdef1fa656f23/cb923462f9af4c2796b816fb7179f94e.png","ascent":8},{"type":"bitmap","chars":["仙"],"height":8,"file":"minecraft:font/945c3a115058466c9097a7d5626c6b60/bdb3c07638d64e9fa1c00309ccd294c6.png","ascent":8},{"type":"bitmap","chars":["仚"],"height":8,"file":"minecraft:font/077fcd601e4a4fda97295c7d2120850a/58493e34b57a45a1801b617634decafb.png","ascent":8},{"type":"bitmap","chars":["仛"],"height":8,"file":"minecraft:font/f3a6fe4388fb49c0a88dd3135fa8b06a/16b8cc5b12104025a40827686b4c7616.png","ascent":8},{"type":"bitmap","chars":["仜"],"height":8,"file":"minecraft:font/33a9edb73e3341569960a83704655938/b5ab37eda6dc4b11a9f2f72d4e0d8ffd.png","ascent":8},{"type":"bitmap","chars":["仝"],"height":8,"file":"minecraft:font/9f03408b41b24f6990b59ab0cdcf74f6/fbbaaf6994a24971aacb5f32dfa0d80a.png","ascent":8},{"type":"bitmap","chars":["仞"],"height":8,"file":"minecraft:font/49bdbb6de946476189b7e59c0e8bb992/1c05f1a27e8f44c98642e58a24922511.png","ascent":8},{"type":"bitmap","chars":["仟"],"height":8,"file":"minecraft:font/d6635a74ded44edab2aa88b35bb8e33a/de41c79439564d1f972019a0db84b01d.png","ascent":8},{"type":"bitmap","chars":["仠"],"height":8,"file":"minecraft:font/26df85bc3e44484c9ab471d25d10fb22/ee83d5a00a4540749eeb09cab84a4169.png","ascent":8},{"type":"bitmap","chars":["仡"],"height":8,"file":"minecraft:font/953e97611a4f4b218a6a4facf0c971be/76e99b73afa345d69dffeb97de280094.png","ascent":8},{"type":"bitmap","chars":["仢"],"height":8,"file":"minecraft:font/139fe0830aca48858c7e95f73a2f52eb/892c1b81c8804bb7ab3ceb62efafdeba.png","ascent":8},{"type":"bitmap","chars":["代"],"height":8,"file":"minecraft:font/f86cea3b5418469f9bf93bd4037a09cd/f0613c1c9c814d6ebe90c51bb939e321.png","ascent":8},{"type":"bitmap","chars":["令"],"height":8,"file":"minecraft:font/c21d140dadcd4acfb278e05266cb9db2/3de6a63ad9064cf3b885f69ba661f30b.png","ascent":8},{"type":"bitmap","chars":["以"],"height":8,"file":"minecraft:font/ee47f9e7585748e2ae52b6d2f9218e53/021db9b483844981ae6d3e68a0c4a8cc.png","ascent":8},{"type":"bitmap","chars":["仦"],"height":8,"file":"minecraft:font/635e5bea3352475b82fbc0f2c6fd2077/8a52c1d9ff7849a9b2eaa563197cb0a2.png","ascent":8},{"type":"bitmap","chars":["仧"],"height":8,"file":"minecraft:font/9b1ce9dbdd63498fbd8ed2107729b96c/ef161041d1054ff1bc1b242d4c038809.png","ascent":8},{"type":"bitmap","chars":["仨"],"height":8,"file":"minecraft:font/19761a267b8c447aba0f5aa679fc4190/0ca125191e0243c3a6e1c7a66549f122.png","ascent":8},{"type":"bitmap","chars":["仩"],"height":8,"file":"minecraft:font/e9e7b931a8ad4b00aa5c248bc635d025/f9b24733cdf449859213165548edf192.png","ascent":8},{"type":"bitmap","chars":["仪"],"height":8,"file":"minecraft:font/d24e27d1b3514339b7a47b6c01f49ce0/315028d074924e299c606d5fc4b5e2f1.png","ascent":8},{"type":"bitmap","chars":["仫"],"height":8,"file":"minecraft:font/431372f73a034f0795332ebee1730f44/4ae5ffc4fc904b60bdb535e05a73c2d8.png","ascent":8},{"type":"bitmap","chars":["们"],"height":8,"file":"minecraft:font/7101089b105244e3a70dd9bdb51e910e/b9fc090eb26b4b73a53da341104bf01f.png","ascent":8},{"type":"bitmap","chars":["仭"],"height":8,"file":"minecraft:font/15c1e26bab3a4c5b90a9f06bb056a058/5cc5ee02a1464781a05ac102b1a76029.png","ascent":8},{"type":"bitmap","chars":["仮"],"height":8,"file":"minecraft:font/67a7029767674f29b801a216b03c40b2/9c9e286d25f844afb712e089ca897b9d.png","ascent":8},{"type":"bitmap","chars":["仯"],"height":8,"file":"minecraft:font/065001613eef48a5be1fd1e9ebdfa91c/38e3bad79a8747c799669b11e584f749.png","ascent":8},{"type":"bitmap","chars":["仰"],"height":8,"file":"minecraft:font/bde4164801ff46c7ae8b15364b9cd6dd/da91d96d6dbc4abbafdf9a233628996c.png","ascent":8},{"type":"bitmap","chars":["仱"],"height":8,"file":"minecraft:font/d2744add9c8e4446b662047a5262369c/6acff427fee54e4bae8786331372cd44.png","ascent":8},{"type":"bitmap","chars":["仲"],"height":8,"file":"minecraft:font/91c204ee08384e6fa37578777bb1a46e/28a1f628b206422cb42faf0bf966a465.png","ascent":8},{"type":"bitmap","chars":["临"],"height":8,"file":"minecraft:font/c12fa66f5f714ae7bef18e31bcaf4c0e/0ddd7b45469f490993f0b50bffba03c1.png","ascent":8},{"type":"bitmap","chars":["丵"],"height":8,"file":"minecraft:font/e3958d7eae3141b08ea6561fc4c0effe/237dfc7bd13448bca57e0f977b0bd5ee.png","ascent":8},{"type":"bitmap","chars":["丶"],"height":8,"file":"minecraft:font/4cf206b273364e20b2da7fbd5330c997/73bbc9219e2b417793fb8b230931fa4c.png","ascent":8},{"type":"bitmap","chars":["丷"],"height":8,"file":"minecraft:font/f69927cadbbd4bae81ee84f00799bc89/fde261d24328425798362d33828f71ca.png","ascent":8},{"type":"bitmap","chars":["丸"],"height":8,"file":"minecraft:font/23a245c60b1446ca9ca851e4aa3e0f37/6764e514dc764b78bab158d9f9e1ae73.png","ascent":8},{"type":"bitmap","chars":["丹"],"height":8,"file":"minecraft:font/c0498d46c03c4abaa3c657db80740de0/f7e324f552ef4597b0c77f9a27a45a08.png","ascent":8},{"type":"bitmap","chars":["为"],"height":8,"file":"minecraft:font/9fd4491bb7e841ec958ff4b102e6f761/6f126bdafbb24a51ac024d6326d9a607.png","ascent":8},{"type":"bitmap","chars":["主"],"height":8,"file":"minecraft:font/fe413db09ec94e649c24fb9dec86de4c/e1915c70633e4673a9536c72eb0bb2e8.png","ascent":8},{"type":"bitmap","chars":["丼"],"height":8,"file":"minecraft:font/f45d731c5fcd497794e13c717f8c9574/8709561223854375b098136af3247704.png","ascent":8},{"type":"bitmap","chars":["丽"],"height":8,"file":"minecraft:font/6d212330e4944f0e9c6a1d732e991cdc/4b4f1bb4a8f54f728d0c994747a4bd9c.png","ascent":8},{"type":"bitmap","chars":["举"],"height":8,"file":"minecraft:font/7bc16a91ad8b4bbc916db5e5a8be74b9/1e175dcb45db4c089cbc6c2d3ba8581b.png","ascent":8},{"type":"bitmap","chars":["丿"],"height":8,"file":"minecraft:font/aaeb5f3144ca40b9ab9710d99ccac751/843823457aa24abf86e5c9201ec0d8fc.png","ascent":8},{"type":"bitmap","chars":["乀"],"height":8,"file":"minecraft:font/de36085de1da43108077a6315cca9a64/eb40c276b69b4ec9916ba0c630ef175e.png","ascent":8},{"type":"bitmap","chars":["乁"],"height":8,"file":"minecraft:font/abc7dfd145bf49f480914d4ff85afcad/591476cc829f406e9f98b04948393ba2.png","ascent":8},{"type":"bitmap","chars":["乂"],"height":8,"file":"minecraft:font/98f983899ea443b89b2b5f65aab7b2df/03db027701b84e7299332c4e24431c31.png","ascent":8},{"type":"bitmap","chars":["乃"],"height":8,"file":"minecraft:font/dcae6469c8ae420ebc507bee7f47222d/5b533b8477be422797d942af43ffc119.png","ascent":8},{"type":"bitmap","chars":["乄"],"height":8,"file":"minecraft:font/a2ea65479cb44d11acedba12681d6332/a53f35a21e104caa8f0a6f975f850305.png","ascent":8},{"type":"bitmap","chars":["久"],"height":8,"file":"minecraft:font/82970599d85b4d57a58ebcbdaf3fb250/d90981a9608a47829df8f41a5cddb2c5.png","ascent":8},{"type":"bitmap","chars":["乆"],"height":8,"file":"minecraft:font/1326710fa7844af4a3b183f23a969bd6/b68f886dc11b447585551867535be97c.png","ascent":8},{"type":"bitmap","chars":["乇"],"height":8,"file":"minecraft:font/2463043bfc1e471b9d03b1b469636eb0/0eebd7bbcc6b417381e7eab09db74115.png","ascent":8},{"type":"bitmap","chars":["么"],"height":8,"file":"minecraft:font/c02df1b3e8ba4be58b4f6dd5608fa9a3/d4067653cf1e4dc5a668bddcbe4c2fc0.png","ascent":8},{"type":"bitmap","chars":["义"],"height":8,"file":"minecraft:font/6d75995fa1144dcf91832e5d80663d1f/62ddca18bc054100aa7e603593331c97.png","ascent":8},{"type":"bitmap","chars":["乊"],"height":8,"file":"minecraft:font/7014fdd1a39f405280d56ef95e883f3f/cb4f2572743e4bb29a46565afd926448.png","ascent":8},{"type":"bitmap","chars":["之"],"height":8,"file":"minecraft:font/cf7a845a06df412c99402465a6c2dedc/7bbdec5ffa954719965a2a143c4e62dd.png","ascent":8},{"type":"bitmap","chars":["乌"],"height":8,"file":"minecraft:font/71ac1e40395c49b0a5594c4225cfd21c/3ae0746e8c15435ebbebbef6199ab007.png","ascent":8},{"type":"bitmap","chars":["乍"],"height":8,"file":"minecraft:font/dc7360b0ed5c44809fee99d6c3b2601c/65a6cd8868c44b0dbd1c698d27c1455e.png","ascent":8},{"type":"bitmap","chars":["乎"],"height":8,"file":"minecraft:font/5e8590af3f0148acafe43eee3e715d77/6ac4b34454434ea2b490e5af3a746ad2.png","ascent":8},{"type":"bitmap","chars":["乏"],"height":8,"file":"minecraft:font/eaba064727d04dd6ac1b5c05782cf099/abc2613d35534c7a8c7bb18b0d689fdc.png","ascent":8},{"type":"bitmap","chars":["乐"],"height":8,"file":"minecraft:font/6093e40acb05419cb7c7cb0d12aecfac/c72da7d5bccf409c9e9c130fc164ab08.png","ascent":8},{"type":"bitmap","chars":["乑"],"height":8,"file":"minecraft:font/0b679cf4f72b482e996f80ba453d3fa1/1e1f17f7d9e94853852b0c18625deacf.png","ascent":8},{"type":"bitmap","chars":["乒"],"height":8,"file":"minecraft:font/ff524d88c2524040a1ef30bc90012b95/c6c16953a4a5449eb45b7010619cdb4d.png","ascent":8},{"type":"bitmap","chars":["乓"],"height":8,"file":"minecraft:font/89e3e734d23d4b0193f84ec63c11109f/6682923ccbd146a4a895abae32c72d40.png","ascent":8},{"type":"bitmap","chars":["乔"],"height":8,"file":"minecraft:font/e3f0c15c5f964c0aa287d70042e26cb0/49eea8232c2242bb8b228963dea43a2e.png","ascent":8},{"type":"bitmap","chars":["乕"],"height":8,"file":"minecraft:font/d10cb074425146bfb89f518a1053eed9/ecd3d5efe5ff409aa32a1c6896712b23.png","ascent":8},{"type":"bitmap","chars":["乖"],"height":8,"file":"minecraft:font/3c44fc17b6eb44dc8f802655124ca2a4/69aaeef4f4ce41898e1abf4655c606d3.png","ascent":8},{"type":"bitmap","chars":["乗"],"height":8,"file":"minecraft:font/0d07651b507b40e9b0d9b35438bb1e7f/d77a32c6263b401d8a4feb8d7c306398.png","ascent":8},{"type":"bitmap","chars":["乘"],"height":8,"file":"minecraft:font/127308b210e545fdaab5daca09d7a430/e2adf563d14947f0a4139859ca143f2e.png","ascent":8},{"type":"bitmap","chars":["乙"],"height":8,"file":"minecraft:font/dabb4dc65af642bf870166a5201f843c/6e4567d0ff5a4924b2076548e427d559.png","ascent":8},{"type":"bitmap","chars":["乚"],"height":8,"file":"minecraft:font/d39c8963068e46319af337973494b932/5c42b0efd7c04dd2abc6b165e3670fd7.png","ascent":8},{"type":"bitmap","chars":["乛"],"height":8,"file":"minecraft:font/a902401906ec408780e305f1c6345f01/a1f8f2e4316c47119bc9fc293e57ae04.png","ascent":8},{"type":"bitmap","chars":["乜"],"height":8,"file":"minecraft:font/ea993ef03bff444fa9fe5b7cb9c41d96/72d1270e76bd45b385ff27c08f139a16.png","ascent":8},{"type":"bitmap","chars":["九"],"height":8,"file":"minecraft:font/6a6d1ee804a04d31b712f19b7db89c93/acc0e4157884449aae8257a758bea7dc.png","ascent":8},{"type":"bitmap","chars":["乞"],"height":8,"file":"minecraft:font/7a7f30519bc74d8992c2d4fb5f85ffa2/82e06b1e357044e3b2e6f0146f21ca6c.png","ascent":8},{"type":"bitmap","chars":["也"],"height":8,"file":"minecraft:font/c802e069d71e4eb585750b28ff50321d/cd71c92fd98c4906adc5c065f68a2b08.png","ascent":8},{"type":"bitmap","chars":["习"],"height":8,"file":"minecraft:font/5a38e5a42b6b40048cfded40e7dae19d/769caba5eb5241f2b1bff0c45a75850b.png","ascent":8},{"type":"bitmap","chars":["乡"],"height":8,"file":"minecraft:font/b44e0b22d0534233b8c1a59a0466ac53/95dafc7d2ae9404a91a0fd807a34e61c.png","ascent":8},{"type":"bitmap","chars":["乢"],"height":8,"file":"minecraft:font/c9d32fb0bb9f4bdb9b7ea37cf94f3dbb/9ed25435465d4257944c4e5d1512ed21.png","ascent":8},{"type":"bitmap","chars":["乣"],"height":8,"file":"minecraft:font/27dec2bbb257405eab8a1b8c41a81859/9c5f5a4967a14c90a3bfa85b114a8362.png","ascent":8},{"type":"bitmap","chars":["乤"],"height":8,"file":"minecraft:font/4eb9ab764df344fbac25ff1dc9bda95a/0356cfff78874c74959ee6498cc5ba6d.png","ascent":8},{"type":"bitmap","chars":["乥"],"height":8,"file":"minecraft:font/bc9fca46af604d99872c3717b8bdc2d9/de33fa01237e4589a10db842541356c3.png","ascent":8},{"type":"bitmap","chars":["书"],"height":8,"file":"minecraft:font/b2d0210f02ae406ea727f8c422c804ad/99f50673efb7459c8aaf18be75e4285d.png","ascent":8},{"type":"bitmap","chars":["乧"],"height":8,"file":"minecraft:font/244a4203c1a84f0b93451659537e1b9a/51ccc348bc6f4f39bfadf6ee49f68353.png","ascent":8},{"type":"bitmap","chars":["乨"],"height":8,"file":"minecraft:font/243a7f1d3fdd490db364175aaea0dd86/92a7dd58240e407c9f9d8a448b54278e.png","ascent":8},{"type":"bitmap","chars":["乩"],"height":8,"file":"minecraft:font/c7ae7570a5124fc385d6e84bee619294/82c24589cd2b4dd49cba65ce27a65282.png","ascent":8},{"type":"bitmap","chars":["乪"],"height":8,"file":"minecraft:font/6573f00ad34c462d948107af40f35653/162abe153ba644118cf4b058f24bf8e0.png","ascent":8},{"type":"bitmap","chars":["乫"],"height":8,"file":"minecraft:font/e8ecc49a4dde46618901bc4fe6ba849b/64c00378ab0743e3b5e2f27831f2c278.png","ascent":8},{"type":"bitmap","chars":["乬"],"height":8,"file":"minecraft:font/e7b95c04362e451bbc9c3b48c9fd97eb/7e0f3d25fa2f47e5a1d2fa3c7795a151.png","ascent":8},{"type":"bitmap","chars":["乭"],"height":8,"file":"minecraft:font/e076d75a1bf74c6f871c143cd7524a9c/78abc713d74742c1b2e4b62a85a21d27.png","ascent":8},{"type":"bitmap","chars":["乮"],"height":8,"file":"minecraft:font/7321d2390ad045c099089591e40e7e4f/006f617027314cb5913dac09811e7dfa.png","ascent":8},{"type":"bitmap","chars":["乯"],"height":8,"file":"minecraft:font/5440e63b683f4708ad5804af1710bdfc/a17d23d5412546ce81caecdc2cd27742.png","ascent":8},{"type":"bitmap","chars":["买"],"height":8,"file":"minecraft:font/847444d0b77f4cc5b7e4d4192d8c2bf3/d3a849240d8f493cb50b1790a39d9d02.png","ascent":8},{"type":"bitmap","chars":["乱"],"height":8,"file":"minecraft:font/172fe833ef534e19859b4663a0eac8cf/b1fb7144508a4a88a8fd75d9c8b8301a.png","ascent":8},{"type":"bitmap","chars":["乲"],"height":8,"file":"minecraft:font/199b9799d0d145c79dc911a127ebce7c/58b5bcb8505b432ea5aad70120d94184.png","ascent":8},{"type":"bitmap","chars":["乳"],"height":8,"file":"minecraft:font/47dbc6c2db56472eb7f32233376c746e/020ae77f1c3e4b6997102ba30b58c905.png","ascent":8},{"type":"bitmap","chars":["乴"],"height":8,"file":"minecraft:font/1a60cb9f8c4041ae889ad46a90b63123/c839ba5b44dc4f4990ea5322fec656fa.png","ascent":8},{"type":"bitmap","chars":["乵"],"height":8,"file":"minecraft:font/c5727680d39f413b96221523a4b255ab/11227509a7d84d19b5fb522bd35ba8b2.png","ascent":8},{"type":"bitmap","chars":["乶"],"height":8,"file":"minecraft:font/e841e779278b4abf8ad5fbeaced7fcca/9cc84aaeccf3400aa72ba62fc3b22019.png","ascent":8},{"type":"bitmap","chars":["乷"],"height":8,"file":"minecraft:font/9ce7adba063f4c609357b87d9843769f/1948707ef2bd4fbaaa274ece0aef7098.png","ascent":8},{"type":"bitmap","chars":["乸"],"height":8,"file":"minecraft:font/0ad750e9be084dcdab37b60a8a88e9d5/3382b8a77070476b85b11277fd9c54d0.png","ascent":8},{"type":"bitmap","chars":["乹"],"height":8,"file":"minecraft:font/9a8d2e2644324f9fb2c39f4aa9174d6e/9801347b094f4020bc380921f733541a.png","ascent":8},{"type":"bitmap","chars":["乺"],"height":8,"file":"minecraft:font/c70636132bff468db56f1e9021035de3/a66524c215ee497da5b39a74db500565.png","ascent":8},{"type":"bitmap","chars":["乻"],"height":8,"file":"minecraft:font/3a57365c25e0418c8a7f1895a67f3a6d/dc7fdf4c68204da380f4a838d39741e3.png","ascent":8},{"type":"bitmap","chars":["乼"],"height":8,"file":"minecraft:font/689f00c1c63347d380f92290d3b8340d/b14ccc5c9d7447e4a0391a49e0606899.png","ascent":8},{"type":"bitmap","chars":["乽"],"height":8,"file":"minecraft:font/e01ba7b4044d4453a0b6b2806898d518/67ce6fc42e13417a9acc3476ca2f941f.png","ascent":8},{"type":"bitmap","chars":["乾"],"height":8,"file":"minecraft:font/c48bb4c38b084814848ef7537ff964e1/e6f2427511c24b949415023d70eeffeb.png","ascent":8},{"type":"bitmap","chars":["乿"],"height":8,"file":"minecraft:font/486f32cb85004bd9abe75361317f3503/3cc2d23e62644e0d845ca504046ac99e.png","ascent":8},{"type":"bitmap","chars":["亀"],"height":8,"file":"minecraft:font/a8fb98f3393b46b6bf9cc0fdea096695/18c3b43269714097919ad7f87b5465ba.png","ascent":8},{"type":"bitmap","chars":["亁"],"height":8,"file":"minecraft:font/9e53aeb686be4ca0ace2e338c6ce0140/4d0236afe10c4d97bac415f2ced6377d.png","ascent":8},{"type":"bitmap","chars":["亂"],"height":8,"file":"minecraft:font/b883b26f13b04fe48936efd540d748d3/d51b221219e249c899f5a7edd4f16cb8.png","ascent":8},{"type":"bitmap","chars":["亃"],"height":8,"file":"minecraft:font/ff41f1f7d0ad4ebba8f1c685b9690516/dec99687672c49169e46a3d0f30b652c.png","ascent":8},{"type":"bitmap","chars":["亄"],"height":8,"file":"minecraft:font/ad517f9f0ab3431099c8bc1903c5f917/b3197622e7a34723ba819245941c522a.png","ascent":8},{"type":"bitmap","chars":["亅"],"height":8,"file":"minecraft:font/b36b1e51fbb642989781ed8cc7facb34/c72be20b87154948b259a073f7c433e1.png","ascent":8},{"type":"bitmap","chars":["了"],"height":8,"file":"minecraft:font/c0575f23498747c9850c7895d254a1e9/782599bd1236414a822f9a1760bdaa83.png","ascent":8},{"type":"bitmap","chars":["亇"],"height":8,"file":"minecraft:font/958af3570e3a4c82abc5ee99853fcaa0/a692f7720cdf4cc9919ae3ddea23ed70.png","ascent":8},{"type":"bitmap","chars":["予"],"height":8,"file":"minecraft:font/45ecf641d20e4d7dba81cc3efb75661f/16a3fbac503f40778a8333d23a35f9af.png","ascent":8},{"type":"bitmap","chars":["争"],"height":8,"file":"minecraft:font/73469878a6144047a644aa533f5685a6/eae0b592d1934beebe736d81a9ec49cf.png","ascent":8},{"type":"bitmap","chars":["亊"],"height":8,"file":"minecraft:font/7b349abe4d3f471f9fa1f07160ca91d9/c543d4107a2b4ffb89815c755c3a7808.png","ascent":8},{"type":"bitmap","chars":["事"],"height":8,"file":"minecraft:font/b7f80c3a96534e6caa876a59aaf5d53e/f8adad2eb0054175bd287d536fd73f61.png","ascent":8},{"type":"bitmap","chars":["二"],"height":8,"file":"minecraft:font/182f4cb53fc84460b150294a29f9a477/e57a4224083a4db6aabe3b60f16a7230.png","ascent":8},{"type":"bitmap","chars":["亍"],"height":8,"file":"minecraft:font/36deceb01e2046078146af92b145bc8b/4bf1459d33204b54924b2ad9fc7774f0.png","ascent":8},{"type":"bitmap","chars":["于"],"height":8,"file":"minecraft:font/c0df9044d932470a817499941382ec00/ac420910585c4fd0b6a4ac61af40c42c.png","ascent":8},{"type":"bitmap","chars":["亏"],"height":8,"file":"minecraft:font/d87629de47ca47cc93f4f0603d0ccd39/82e593ca225348c0b717df525f350d45.png","ascent":8},{"type":"bitmap","chars":["亐"],"height":8,"file":"minecraft:font/4740f60c6db04aecac6f2d72f5602502/ab76c566d54f46dfba420f700fae1a41.png","ascent":8},{"type":"bitmap","chars":["云"],"height":8,"file":"minecraft:font/66ee1744fb9e440aae6f122c09adf86d/49c0e553ba384a7aa9793476a2bfd412.png","ascent":8},{"type":"bitmap","chars":["互"],"height":8,"file":"minecraft:font/eafe8ba8ca454a52b5edcd8fc680202c/f0b1a181e2a448d292b18e71a65b2a9d.png","ascent":8},{"type":"bitmap","chars":["亓"],"height":8,"file":"minecraft:font/b79192b37c9d425cb58c1da68cdef513/b0c8ba741f9f4b23a49490598f8cdc46.png","ascent":8},{"type":"bitmap","chars":["五"],"height":8,"file":"minecraft:font/eeda446235a14a2e9def6c142121dee3/efed8d3dbc764a0ca6a20bae4c507810.png","ascent":8},{"type":"bitmap","chars":["井"],"height":8,"file":"minecraft:font/a9ee1d2a8d3244b4a56289ea40cf10de/f22100cec72c436d8d0f128159671a5d.png","ascent":8},{"type":"bitmap","chars":["亖"],"height":8,"file":"minecraft:font/4b8bfae6d9cb4d89a6ab2ecc04b9a9f8/b980b57409ce45b4a4dbad26e6e253b3.png","ascent":8},{"type":"bitmap","chars":["亗"],"height":8,"file":"minecraft:font/dbd59332816e421f81b7d2628fa0fdab/7759c3dff56942f9bdbe86e3ab533b19.png","ascent":8},{"type":"bitmap","chars":["亘"],"height":8,"file":"minecraft:font/f2d50984f425409ea1a5b0ef267865b2/1cdfc5fe56f24672ad94120d09721d49.png","ascent":8},{"type":"bitmap","chars":["亙"],"height":8,"file":"minecraft:font/7dbef1eb665b43e0ae667a502b9754f5/1b129cf853af4439b36853c9f416c082.png","ascent":8},{"type":"bitmap","chars":["亚"],"height":8,"file":"minecraft:font/74c0d18c423949f9b183fd17e69df2cd/a56a9656ba214756a599d686ae5234af.png","ascent":8},{"type":"bitmap","chars":["些"],"height":8,"file":"minecraft:font/928b7c2bf75648e4bdb4a764025b2eed/2e9c5f2ec8a94866942d6c79b7dfbd32.png","ascent":8},{"type":"bitmap","chars":["亜"],"height":8,"file":"minecraft:font/f4c4639a23e24045b324fc03897be8e4/4adc5188177949bea8d31032ccb053b5.png","ascent":8},{"type":"bitmap","chars":["亝"],"height":8,"file":"minecraft:font/34b37c1e2ffd430c8d2de92b7df22d97/0c46eec9423f4685a4f377ff496d6cd4.png","ascent":8},{"type":"bitmap","chars":["亞"],"height":8,"file":"minecraft:font/33de1969824f414d8a2291fe97cbeb3c/0712bf1f46b44ab7b89444a38623ec6c.png","ascent":8},{"type":"bitmap","chars":["亟"],"height":8,"file":"minecraft:font/0921e2adfa8946e8a9f821dfe12b9db8/998f3ff876554555aa2b97c77f6af163.png","ascent":8},{"type":"bitmap","chars":["亠"],"height":8,"file":"minecraft:font/adb82fde42c94944b697b35c01ea7b93/526f485889dc46b59aa874e2fdb5f892.png","ascent":8},{"type":"bitmap","chars":["亡"],"height":8,"file":"minecraft:font/5d8c911f0bcb44c6a63387f86a65cdb1/5dcfed5948b84d5bae3c331a11061bfc.png","ascent":8},{"type":"bitmap","chars":["亢"],"height":8,"file":"minecraft:font/73222d07e965441dbc2b7021afb9e9b3/f9ef2066d9b84588bd11a0b51f3b88d3.png","ascent":8},{"type":"bitmap","chars":["亣"],"height":8,"file":"minecraft:font/2c53af300d5945bfbbf7f6b1b5d86685/deb5223c861a44809ca842f2c4c3073d.png","ascent":8},{"type":"bitmap","chars":["交"],"height":8,"file":"minecraft:font/a7344daf6b6a40769a6dd0b1a340d8e0/8684a83f6e764f38a1127eef1bbf00d5.png","ascent":8},{"type":"bitmap","chars":["亥"],"height":8,"file":"minecraft:font/742a291d3e094dd29543b1cf6c32b5fc/f088bc029bdc45d98a58597fd3f33b08.png","ascent":8},{"type":"bitmap","chars":["亦"],"height":8,"file":"minecraft:font/63ed25e8076b42448ca64cb04fbc61b2/6343fa4171fc4777bca3c640b6424797.png","ascent":8},{"type":"bitmap","chars":["产"],"height":8,"file":"minecraft:font/08f63bd49c81489296a44d5973d352cb/628377db6c0547aea212706257ea1481.png","ascent":8},{"type":"bitmap","chars":["亨"],"height":8,"file":"minecraft:font/286f5cfd32f140148c52133ec9729ac3/58898711eaad456d926653a18fca27a1.png","ascent":8},{"type":"bitmap","chars":["亩"],"height":8,"file":"minecraft:font/aeafc12cd82c40169670be0ed80bae68/b2ac19c61e204de9bb98df71b26cb76a.png","ascent":8},{"type":"bitmap","chars":["亪"],"height":8,"file":"minecraft:font/e8492b6cba0c46ddb5dbb6cf5add4a07/d2100c11af5b4100a650de286cace586.png","ascent":8},{"type":"bitmap","chars":["享"],"height":8,"file":"minecraft:font/520d11eb2f3c4290b10db54b28292c55/b346f77d44934aa98c14136b673ce024.png","ascent":8},{"type":"bitmap","chars":["京"],"height":8,"file":"minecraft:font/cbe7753628a74ae2be3e374ed55edc41/20d774659cd5420093cfef1d46241fef.png","ascent":8},{"type":"bitmap","chars":["亭"],"height":8,"file":"minecraft:font/6e341f1d32a04d60a5ee81fca918b41b/ac33a3801800433ab235a80ab713fd76.png","ascent":8},{"type":"bitmap","chars":["亮"],"height":8,"file":"minecraft:font/263fe76ba60f41b18ebe29cb858d304c/9be8d0e1cc0c46dba57b2d57e1c3d40e.png","ascent":8},{"type":"bitmap","chars":["亯"],"height":8,"file":"minecraft:font/e8a02401bcf14e50849b189610cc33ae/b0e1e8ef3505466bb32d345e27d704e2.png","ascent":8},{"type":"bitmap","chars":["亰"],"height":8,"file":"minecraft:font/127b73afa6e4466a937f7169752dbac8/ad1f93d086494099955c3b5c9742992c.png","ascent":8},{"type":"bitmap","chars":["亱"],"height":8,"file":"minecraft:font/b525a076d8fa4c5baa1cc077c77547fe/d5a8f76a441a45d3bab4be0865b9f614.png","ascent":8},{"type":"bitmap","chars":["亲"],"height":8,"file":"minecraft:font/d2b2e457c9d94f11a083679781c9ecfc/81aaba0b571c4a5bb487e4a956a95171.png","ascent":8},{"type":"bitmap","chars":["亳"],"height":8,"file":"minecraft:font/83e0a18ce1c7439c9df7dd66bd4c32c7/6fe9004cd3654fa6805d8a6c6548147e.png","ascent":8},{"type":"bitmap","chars":["亴"],"height":8,"file":"minecraft:font/62b6bacd2b4244fc832b9fb8d67c49f8/3f63023ed7df4a48b4ba3ec3d51c5cb9.png","ascent":8},{"type":"bitmap","chars":["亵"],"height":8,"file":"minecraft:font/383ec80c76e14881be28d5e2112075ca/98c3911060724fcd8aaeefefeb7cd29e.png","ascent":8},{"type":"bitmap","chars":["亶"],"height":8,"file":"minecraft:font/6fc228bddf0047d4bdd27aff28340880/76b25c2fb48e4d808ad150ecd2694f5a.png","ascent":8},{"type":"bitmap","chars":["亷"],"height":8,"file":"minecraft:font/50ce04cae57b49e4878c2590cbd1f9c2/da6b8ffab6854a4db7a74f4c2402cb22.png","ascent":8},{"type":"bitmap","chars":["亸"],"height":8,"file":"minecraft:font/9544a557470b4461aaf33199eca8fc65/954d4754008d4627af9b1f82a46d41d6.png","ascent":8},{"type":"bitmap","chars":["亹"],"height":8,"file":"minecraft:font/d8ed280c17eb46b581a18e1b46009f2c/5282c725e44c45d6b0ea872afb6c568b.png","ascent":8},{"type":"bitmap","chars":["人"],"height":8,"file":"minecraft:font/c9a5dbfa659e42ca9a62424e34dd42a7/a6f4147d849947f5917872df5c40a5d6.png","ascent":8},{"type":"bitmap","chars":["亻"],"height":8,"file":"minecraft:font/d374266dddbe492e821e9249ec18d26f/8d4917ebfedd4b2e8b799774fad579f7.png","ascent":8},{"type":"bitmap","chars":["亼"],"height":8,"file":"minecraft:font/4419c8421c094690b38cb4c4a46a9ddc/7b7ecae77df240069786a85e6d8d90ab.png","ascent":8},{"type":"bitmap","chars":["亽"],"height":8,"file":"minecraft:font/21540d4f577e420c976f1f7dd4a5d7e5/c7a01694e99243548edcdf97ace12997.png","ascent":8},{"type":"bitmap","chars":["亾"],"height":8,"file":"minecraft:font/d89e9288f40944c4a9c3e342abc73b7a/a0b18acaf7d8442a8e184388d6dc8e73.png","ascent":8},{"type":"bitmap","chars":["亿"],"height":8,"file":"minecraft:font/8b529e44358f4b12b144fa10ee915902/e9ef3cf89d7943d296b93b1d95491027.png","ascent":8},{"type":"bitmap","chars":["什"],"height":8,"file":"minecraft:font/108f817c0ee14f19b68212d4530d56b9/4f2d8176d8924381b14334651dcf3218.png","ascent":8},{"type":"bitmap","chars":["仁"],"height":8,"file":"minecraft:font/dc7078aef147460abf7b65fa978e3074/dc80a456a2d446a0b9e92cb9f627576a.png","ascent":8},{"type":"bitmap","chars":["仂"],"height":8,"file":"minecraft:font/d61502c537c24c83adf9dec9e5656f73/4b0fb6b06eef4f4e804495de9ba5f91b.png","ascent":8},{"type":"bitmap","chars":["仃"],"height":8,"file":"minecraft:font/c3c388e11aa042f5b7806a2c6b3cce2a/6f1e14057b404219873f771ee630516e.png","ascent":8},{"type":"bitmap","chars":["仄"],"height":8,"file":"minecraft:font/22af4cc312e947d090c6851eb8ca1e73/4cac71ec586e460dbf530a6077d944a0.png","ascent":8},{"type":"bitmap","chars":["仅"],"height":8,"file":"minecraft:font/80bc842645934a639eb950683cb6a070/7d3748d479064a2b8e6dca307993de13.png","ascent":8},{"type":"bitmap","chars":["仆"],"height":8,"file":"minecraft:font/ace3210dcace41349eca946b662f6834/8864c2fbed2e46d5ad7f82b25da8b974.png","ascent":8},{"type":"bitmap","chars":["仇"],"height":8,"file":"minecraft:font/5f5acefbe01749908afbf7aed94fc864/aab5c1935b794917808b45da71c7b363.png","ascent":8},{"type":"bitmap","chars":["仈"],"height":8,"file":"minecraft:font/3ea8d58f32d44c19b7e16e7e21fcc477/6c24933b4f464ede928c3ea5e2da3654.png","ascent":8},{"type":"bitmap","chars":["仉"],"height":8,"file":"minecraft:font/f72669a020434ed1b38fb712457a3ab3/61805f5f2d23448cad76e9528c0efbee.png","ascent":8},{"type":"bitmap","chars":["今"],"height":8,"file":"minecraft:font/e96084368ff4472393baad0111482740/b47edc9cb02240fcbca08040cabcc7c8.png","ascent":8},{"type":"bitmap","chars":["介"],"height":8,"file":"minecraft:font/b01f1129b10d4e6ababc8bf297d065d1/0fc3509fc83d492a9337b8b220f6080f.png","ascent":8},{"type":"bitmap","chars":["仌"],"height":8,"file":"minecraft:font/7779919f16444cc39d7d2f11bda82da9/f140c572fd5b4cbfa18361bb435ed8d3.png","ascent":8},{"type":"bitmap","chars":["仍"],"height":8,"file":"minecraft:font/ae6461f1c5394c2786c5c60212f0c0d8/7e94e950aed94b66b57e76b19e01bfa1.png","ascent":8},{"type":"bitmap","chars":["从"],"height":8,"file":"minecraft:font/51d05c6a1b874555b7556fac407dad4e/a53df2bd3596462983d2fa5a94589f59.png","ascent":8},{"type":"bitmap","chars":["仏"],"height":8,"file":"minecraft:font/f882412eb79a4e8f99d52e393c5eb2d9/0995e04c28b74f3983c0d13d97504e4c.png","ascent":8},{"type":"bitmap","chars":["仐"],"height":8,"file":"minecraft:font/df2e7a79a2d843ddbbf1710456ae5d3a/9e765dc4380844499eeec971db6507a6.png","ascent":8},{"type":"bitmap","chars":["仑"],"height":8,"file":"minecraft:font/87a32d5629874e8c805cd0ffe525f933/75f411dd23b4453a814a68d28c129c42.png","ascent":8},{"type":"bitmap","chars":["仒"],"height":8,"file":"minecraft:font/2c501c3a32a64d93833509fd3beddf18/b723f2ac876c465b9fe87e8c37976b6d.png","ascent":8},{"type":"bitmap","chars":["仓"],"height":8,"file":"minecraft:font/a1689f663bf0447b9fa7650a12d55e07/dc97fbd4e9f14038b82d0e4fd493ba80.png","ascent":8},{"type":"bitmap","chars":["仔"],"height":8,"file":"minecraft:font/24c8faebe17f4e4791c5ab68ca761864/f92046220a824567bf770f0acf8b15a9.png","ascent":8},{"type":"bitmap","chars":["仕"],"height":8,"file":"minecraft:font/02bf603b743d4e6eae7215a7b545ae83/3864d1def3ff44a190074dbc429d603c.png","ascent":8},{"type":"bitmap","chars":["他"],"height":8,"file":"minecraft:font/75bbccbfdb57406d8473998437f9da82/269eae2459d442d19733e8d334a250ab.png","ascent":8},{"type":"bitmap","chars":["仗"],"height":8,"file":"minecraft:font/522b23f8548443c0b8dbe87bdf6210ad/e24dddcbe2ee461696f676e390e6cbaa.png","ascent":8},{"type":"bitmap","chars":["付"],"height":8,"file":"minecraft:font/8c409d7a7a944f9bbe3d8eb3878f5d2b/6a3eb70033cb438ba842335bd346a2c7.png","ascent":8},{"type":"bitmap","chars":["仙"],"height":8,"file":"minecraft:font/fa707a28bae5420db6d620f8a069b04f/68aecec489e84647b754431fff891d81.png","ascent":8},{"type":"bitmap","chars":["仚"],"height":8,"file":"minecraft:font/97ea4c082919459baabb172056333bd5/1ff1d19fe34645a09793458f4c8f4dfc.png","ascent":8},{"type":"bitmap","chars":["仛"],"height":8,"file":"minecraft:font/06986f5971ed4125bdddfdc8e02512c9/3eb373cae2d648db8ecc11c2080b4597.png","ascent":8},{"type":"bitmap","chars":["仜"],"height":8,"file":"minecraft:font/04f62f3e83ca4590873bbf09c446f5d6/f3ec444370c340229cb2cf4e9a1c87c9.png","ascent":8},{"type":"bitmap","chars":["仝"],"height":8,"file":"minecraft:font/57350e1c39d9408997fbaa6588e41bd9/bf5259087e34441da415c6bba361ba9a.png","ascent":8},{"type":"bitmap","chars":["仞"],"height":8,"file":"minecraft:font/b282720685c94de1904fec1525370052/bdd40c5fec52490cbd745d0f6fd631b1.png","ascent":8},{"type":"bitmap","chars":["仟"],"height":8,"file":"minecraft:font/6341ff1659fa420c86cfd5e14093802f/0339d0acbebc40a7bf0c2d9829832779.png","ascent":8},{"type":"bitmap","chars":["仠"],"height":8,"file":"minecraft:font/74651955c5854ed18aebacbc010522a0/baeb4b9e176649e8bdfe91f3395d6b9b.png","ascent":8},{"type":"bitmap","chars":["仡"],"height":8,"file":"minecraft:font/3848280ee940463d9f99bbc8a1dc13fd/d162972b11d54734a806fef75c3ab7b7.png","ascent":8},{"type":"bitmap","chars":["仢"],"height":8,"file":"minecraft:font/0971288ba38043ef92785b96927414bf/b8e2acb0134341e2b1d21078edd4900a.png","ascent":8},{"type":"bitmap","chars":["代"],"height":8,"file":"minecraft:font/15cfc952fc7f4997892d4e5547ceaea3/4952a63c4397452bb031e09344113977.png","ascent":8},{"type":"bitmap","chars":["令"],"height":8,"file":"minecraft:font/a7bf90fe597742d4981f1b5757d73be1/70f65dedf0ea40f39554d5c6190ac7de.png","ascent":8},{"type":"bitmap","chars":["以"],"height":8,"file":"minecraft:font/804c961187ff41b7ab8faca738d39979/abb173c3588f41e185e9a61d96999c16.png","ascent":8},{"type":"bitmap","chars":["仦"],"height":8,"file":"minecraft:font/bcae3e60546b4847b80d0aee0f76e4f4/c3d57f02d17748479d32e0c0b0c437cd.png","ascent":8},{"type":"bitmap","chars":["仧"],"height":8,"file":"minecraft:font/8788e14787a34a4d952a13fa4d4d8d83/fce4a499ae3d4671af8e57b0a8a55f0e.png","ascent":8},{"type":"bitmap","chars":["仨"],"height":8,"file":"minecraft:font/9327bf5930234e8e8ad9d591b8f6776a/94f8367ba4124ca292b8551c90c0b869.png","ascent":8},{"type":"bitmap","chars":["仩"],"height":8,"file":"minecraft:font/a3adb7a6b78347a8be720b03eac666d0/48b89ce63208487bb650d48d5ea9414a.png","ascent":8},{"type":"bitmap","chars":["仪"],"height":8,"file":"minecraft:font/f7c603f9d03d4a51ab87f44d827c46df/94b3966e0b584adeb2c8320bb848153b.png","ascent":8},{"type":"bitmap","chars":["仫"],"height":8,"file":"minecraft:font/90c59afa715347e88f1a596c4552c007/1a2b8eb640fd4313855292da8fe1ad1c.png","ascent":8},{"type":"bitmap","chars":["们"],"height":8,"file":"minecraft:font/d5ec5c11df3f4ac3aeeb75812f8277fc/9387623261be4a6bb5f53b951a9af229.png","ascent":8},{"type":"bitmap","chars":["仭"],"height":8,"file":"minecraft:font/959092ad9aac47c8b6c83fba4a9c2081/0df1fa4877da4c39b53e2b6c70d2183b.png","ascent":8},{"type":"bitmap","chars":["仮"],"height":8,"file":"minecraft:font/e99c0d866a14432da044f5a57781c56b/6a746380c8754dec85943bbddadef3d6.png","ascent":8},{"type":"bitmap","chars":["仯"],"height":8,"file":"minecraft:font/00ec5ab8bdc14fa5b836bcf527098595/330b3b2c1ab145f2b4a6dfbdbfee2fed.png","ascent":8},{"type":"bitmap","chars":["仰"],"height":8,"file":"minecraft:font/279e864946074cd1a522960efa095f9b/f7fe5abb203d4fcb9e887475713c4dea.png","ascent":8},{"type":"bitmap","chars":["仱"],"height":8,"file":"minecraft:font/ba726ec042074fc299e990b206d558f1/5055e2c4640c42fda660b6859806bdc8.png","ascent":8},{"type":"bitmap","chars":["仲"],"height":8,"file":"minecraft:font/7cec7ec4bea04eca91b0b539ebaebcf7/1bb121fe7e6f4974837f2a2eb736ec32.png","ascent":8},{"type":"bitmap","chars":["垗"],"height":8,"file":"minecraft:font/bf648eae6c10427c9fe94e2e70df94eb/a97fe90377d840529c3881e51569ab65.png","ascent":8},{"type":"bitmap","chars":["仳"],"height":8,"file":"minecraft:font/63e0b4f8ad794e29951c18a557fa6e44/fc36a9512a6940cdb276701c4547ddd4.png","ascent":8},{"type":"bitmap","chars":["仴"],"height":8,"file":"minecraft:font/4da0ac4e11d04bd2b9ef1dc15959ad4f/9898655b0d704ca2ae815bcca5c42da1.png","ascent":8},{"type":"bitmap","chars":["仵"],"height":8,"file":"minecraft:font/a404bd9c44f545fdb6fbb02a5e7a11a8/e1d36427801c426aaed3a9ddd54ed810.png","ascent":8},{"type":"bitmap","chars":["件"],"height":8,"file":"minecraft:font/e3487d43aae846f7a95797e174c0612f/d362452dbabd45bc90ec4d471eb7b308.png","ascent":8},{"type":"bitmap","chars":["价"],"height":8,"file":"minecraft:font/4359a8dca46044138e1a1d635ed2822c/d9d5cd76d837448a99ddedd5fdc013c2.png","ascent":8},{"type":"bitmap","chars":["仸"],"height":8,"file":"minecraft:font/d620a736a3f04cdd86a996f56c213f7d/64708609dd034ce29d72836be8e0bfc9.png","ascent":8},{"type":"bitmap","chars":["仹"],"height":8,"file":"minecraft:font/b1ba479307c04b61bbdf13406a7e6ddc/f93b42ef88c743d68dbc3c00a2604f33.png","ascent":8},{"type":"bitmap","chars":["仺"],"height":8,"file":"minecraft:font/c4d4c56163d14facb87e133f77b7776d/204e084aae7b4f65b283c85ef3084aaa.png","ascent":8},{"type":"bitmap","chars":["任"],"height":8,"file":"minecraft:font/49f5a01c5cdf444c8934b151494eda44/3b8bae83129049f0bae7ab61a834e56d.png","ascent":8},{"type":"bitmap","chars":["仼"],"height":8,"file":"minecraft:font/c8941aeab5b5468f854898af3d1e0e8d/a0e48573f340406992e53f8bd5f3ab41.png","ascent":8},{"type":"bitmap","chars":["份"],"height":8,"file":"minecraft:font/90e05878db0647d0b08254addf6aa1c3/b46ef86a64ae470db89a10f493c36188.png","ascent":8},{"type":"bitmap","chars":["仾"],"height":8,"file":"minecraft:font/94fedefe01d1442fa1e81370625d9e93/3886e831e8db45868b62f104ac0024ed.png","ascent":8},{"type":"bitmap","chars":["仿"],"height":8,"file":"minecraft:font/299d3db8aafe421793531b655dd0529d/d6af0677dd9d45419ea3b917a2c35c39.png","ascent":8},{"type":"bitmap","chars":["伀"],"height":8,"file":"minecraft:font/d208794a2e834a12abeb44ac842dc81a/819c6d5ebd1e4efcbc80cc402fb31063.png","ascent":8},{"type":"bitmap","chars":["企"],"height":8,"file":"minecraft:font/518ee315ddba4ed3bf3cceece1d80a63/1a0d015915964176b6e20e5078978dd0.png","ascent":8},{"type":"bitmap","chars":["伂"],"height":8,"file":"minecraft:font/03cdaed2189d49a3b2109793510fe2b3/40d719fe151d4265b26e4e19e8106a8b.png","ascent":8},{"type":"bitmap","chars":["伃"],"height":8,"file":"minecraft:font/c568d251e5b4451a8a374932d90cfee7/33ef09a3b1a3411684aea3e197f8bacd.png","ascent":8},{"type":"bitmap","chars":["伄"],"height":8,"file":"minecraft:font/2d9b99ca77df4556b1505bf99d072ed3/ebb4ceced7954feda1d2c79739dc5028.png","ascent":8},{"type":"bitmap","chars":["伅"],"height":8,"file":"minecraft:font/bbf1fdcb4b57435895612726246d84bb/de55831e33254ca49e31c4be6f7b29ad.png","ascent":8},{"type":"bitmap","chars":["伆"],"height":8,"file":"minecraft:font/ee11d6a8fa884cc3b79d63fca13e6bab/10deeca484cd46578c02f9b6420e813a.png","ascent":8},{"type":"bitmap","chars":["伇"],"height":8,"file":"minecraft:font/fb1f726da320453bafc11d6dbafb064a/340957f484384307aae52ff6db8c3a1f.png","ascent":8},{"type":"bitmap","chars":["伈"],"height":8,"file":"minecraft:font/d068caf2baf74b2c925d8e94ca09e357/4b387a4900d7433db0924dfbdbcf2994.png","ascent":8},{"type":"bitmap","chars":["伉"],"height":8,"file":"minecraft:font/8170548d255c4640ad55f041a79be013/ac782e00dabb470488539cc8685f5de0.png","ascent":8},{"type":"bitmap","chars":["伊"],"height":8,"file":"minecraft:font/d1b18d4c37b1488db1b71883e19b5158/dd9d3ab2321f4509a28df9e856a74171.png","ascent":8},{"type":"bitmap","chars":["伋"],"height":8,"file":"minecraft:font/e80b5eb52bfe46d6a76275d5562c5bd3/dad3a28f4a7e4fb78fcc004f19c6f36c.png","ascent":8},{"type":"bitmap","chars":["伌"],"height":8,"file":"minecraft:font/d0848fa1cb734d909a97f6f4655373c2/313faeee4a614ed5bae1cd1365f776f5.png","ascent":8},{"type":"bitmap","chars":["伍"],"height":8,"file":"minecraft:font/688e6bca0d144eb59382ba001340736c/a5807b803f0e486fba1b4cd5593163eb.png","ascent":8},{"type":"bitmap","chars":["伎"],"height":8,"file":"minecraft:font/2ace406c2faa4569a58ef982bb9b8956/0ca915bf45dd42fa972f7b8cda9409a9.png","ascent":8},{"type":"bitmap","chars":["伏"],"height":8,"file":"minecraft:font/9988d3d32242476d8def872c88075f23/e4bbde546bfe44a8a1c684b93c87b01a.png","ascent":8},{"type":"bitmap","chars":["伐"],"height":8,"file":"minecraft:font/ebf4b6eb83bb4fdaa58a275b878577c4/722d67d7264a444bace15f967e93968e.png","ascent":8},{"type":"bitmap","chars":["休"],"height":8,"file":"minecraft:font/b7224fc3993243cdaaf1ed94e26bafd3/f2eeb5fd6e1d4ab4a7ad703ffe1ae66d.png","ascent":8},{"type":"bitmap","chars":["伒"],"height":8,"file":"minecraft:font/6295fb6cc7904abf8b0c2c4aaefe96f9/f52241bb0d7e45a2a38fc9a24f8f5c3b.png","ascent":8},{"type":"bitmap","chars":["伓"],"height":8,"file":"minecraft:font/6fdc207fe8da4111b590c99eef0c6588/3192d91801c649e6b28afce5af672544.png","ascent":8},{"type":"bitmap","chars":["伔"],"height":8,"file":"minecraft:font/515162cb444845ce9060c68d993516d7/50bf2aa72d2a45b3add38d68bc312fcd.png","ascent":8},{"type":"bitmap","chars":["伕"],"height":8,"file":"minecraft:font/c67c5fec161e4b68b56e6dc2f3687013/cca9da00bbd342de9ad2c6e040f6af72.png","ascent":8},{"type":"bitmap","chars":["伖"],"height":8,"file":"minecraft:font/f605d6267a6a46c49c15bf786e9ec722/eec7fbaf2e2943bea064df58ec86a6e1.png","ascent":8},{"type":"bitmap","chars":["众"],"height":8,"file":"minecraft:font/edf8cc50f9324e048e92ad1aa956c949/b96acd92305d49b982ef3c5da545a916.png","ascent":8},{"type":"bitmap","chars":["优"],"height":8,"file":"minecraft:font/212a4685b8674b5c98fc83e20a757759/349d62243df8450799d0beb532108c62.png","ascent":8},{"type":"bitmap","chars":["伙"],"height":8,"file":"minecraft:font/0e441807f3484c3f8a5c7acc96c977b3/7d74e864404440bb826fac09c287a137.png","ascent":8},{"type":"bitmap","chars":["会"],"height":8,"file":"minecraft:font/0d18cc5ff8c14b0093f996532c628b1c/3544105a7890446cb6913a1b2ddd6c46.png","ascent":8},{"type":"bitmap","chars":["偹"],"height":8,"file":"minecraft:font/f106e8df081f4a48884b3a86eb2059ac/ef2dbde636f64728b9c64dc5a985db1e.png","ascent":8},{"type":"bitmap","chars":["偺"],"height":8,"file":"minecraft:font/6ad1bd45e37940b5b8da6c3d41dec012/5f0a54a07c974f5fb73d29c567ad92f2.png","ascent":8},{"type":"bitmap","chars":["偻"],"height":8,"file":"minecraft:font/c73b61a01478438e8a3a89e32a80a903/71ac55377cd44bff9a7f00dd203ab84c.png","ascent":8},{"type":"bitmap","chars":["偼"],"height":8,"file":"minecraft:font/a8f26964706645f7ac7717966a54d05b/5c6ef79eb3a04814a00dc4493b81212e.png","ascent":8},{"type":"bitmap","chars":["偽"],"height":8,"file":"minecraft:font/5fb70c157b5d4c10b9b644003c519de6/d4bfb019a7a2442db7bfde0b18662533.png","ascent":8},{"type":"bitmap","chars":["偾"],"height":8,"file":"minecraft:font/36ae50f5c1f64c4a8787ee997caa10e0/b3f14d3ec08b43a78f4ab797baa6ce99.png","ascent":8},{"type":"bitmap","chars":["偿"],"height":8,"file":"minecraft:font/0e0d4aa3443f4a33a30f9c8157924fbb/640248afd6ce4d119bf1f9091cc1c5ea.png","ascent":8},{"type":"bitmap","chars":["傀"],"height":8,"file":"minecraft:font/e9cbf7a0f93c451e83c3457c24ef003e/9b9c434f9825403dab3e021cfc6e28c0.png","ascent":8},{"type":"bitmap","chars":["傁"],"height":8,"file":"minecraft:font/2802d229de82452ca8ff784426742a4c/f89ee2e7cb954692bcf37bc2ef4d1e0f.png","ascent":8},{"type":"bitmap","chars":["傂"],"height":8,"file":"minecraft:font/f335c08acc8e4555beb98157a18ed3a0/a7fdcf96fe0c45fbb5af8235a874d298.png","ascent":8},{"type":"bitmap","chars":["傃"],"height":8,"file":"minecraft:font/5086b01e91444f92958a6ac7ffeac53b/c044312338ed41d7b809abf83f1a274a.png","ascent":8},{"type":"bitmap","chars":["傄"],"height":8,"file":"minecraft:font/05b8079640394e218546a4fe2041f09c/91530dded12f4326b8813f9c0860f071.png","ascent":8},{"type":"bitmap","chars":["傅"],"height":8,"file":"minecraft:font/43fbf1724e2f4f14ba9516da5cbab734/7bcf99d82f80469ab525ffa1f4274751.png","ascent":8},{"type":"bitmap","chars":["傆"],"height":8,"file":"minecraft:font/bf7b3b888e0145cd84f434d1328e8d49/ed790c0c6356490a8fd118c35af6f869.png","ascent":8},{"type":"bitmap","chars":["傇"],"height":8,"file":"minecraft:font/8ba2cf914d124dbd86e11f6b2b730a22/b61842e186dd4abd8d8fdf848b47ba1c.png","ascent":8},{"type":"bitmap","chars":["傈"],"height":8,"file":"minecraft:font/e4465aa2228b4d6d948ccf821791dcca/73ef88d053d741a7931b763f7ac74a2e.png","ascent":8},{"type":"bitmap","chars":["傉"],"height":8,"file":"minecraft:font/1da1e1f1bf7f4bdc8e1a650d2170dcf9/71a29ee2c6a741759cd4bc2bf691e233.png","ascent":8},{"type":"bitmap","chars":["傊"],"height":8,"file":"minecraft:font/bb1c947ab1b8481fb1f9681c428d8de4/e0c3b044e36942dcbd449f988a36ce93.png","ascent":8},{"type":"bitmap","chars":["傋"],"height":8,"file":"minecraft:font/56450d672e384698acf51160f5ea537f/1e84c22b7cc845d28c2e8aeb2ad5e2ff.png","ascent":8},{"type":"bitmap","chars":["傌"],"height":8,"file":"minecraft:font/9b0f9bfe18d2429882dbdb3e91475ab7/2df622824d74462c9c46b772d88c1eb9.png","ascent":8},{"type":"bitmap","chars":["垃"],"height":8,"file":"minecraft:font/e1ada6bf25f441a6a323a39a1cbaadc5/2b2081737cc04a0cbcc194f51bcadc55.png","ascent":8},{"type":"bitmap","chars":["垄"],"height":8,"file":"minecraft:font/bbd4a9a0790b4d2a852b2d286e52ca97/b8b52d46066b4c4da0e912651f65c089.png","ascent":8},{"type":"bitmap","chars":["垅"],"height":8,"file":"minecraft:font/d55f82e5b746417c8d39a5a194ab2748/fc446331aaa6452891903d1a1ec248c1.png","ascent":8},{"type":"bitmap","chars":["垆"],"height":8,"file":"minecraft:font/04e8e1695aa840c890ba5c36c5d52155/3cfbce8ed18844a0821809448a415d57.png","ascent":8},{"type":"bitmap","chars":["垇"],"height":8,"file":"minecraft:font/6546d95cc3c846ec810a1aff6f7bb97d/d98fdf6000934ea7b812c1fb4dda8cab.png","ascent":8},{"type":"bitmap","chars":["垈"],"height":8,"file":"minecraft:font/936fd9b66f494b1fb83322184bf75651/942cb15f7f3a4eb49eabb0068717e700.png","ascent":8},{"type":"bitmap","chars":["垉"],"height":8,"file":"minecraft:font/17f581650ae84ad78796b00d96641fbe/75ac8684436f45818dbd0d974f955850.png","ascent":8},{"type":"bitmap","chars":["垊"],"height":8,"file":"minecraft:font/a0644a1f4e0047e69c9aa48a11b1f7c0/95841308be834464902cd43470a19383.png","ascent":8},{"type":"bitmap","chars":["型"],"height":8,"file":"minecraft:font/6d51d44b9e7b453a81107201337edad6/9cc2a46ac20b4ffbb10eacf4b9e53059.png","ascent":8},{"type":"bitmap","chars":["垌"],"height":8,"file":"minecraft:font/4ffacd4cd9c24ef6b2a3fcf6421c444b/7d6c352b0e2242eda5a2c133ccc3e606.png","ascent":8},{"type":"bitmap","chars":["垍"],"height":8,"file":"minecraft:font/354d45f9a9ab499eb9393d7aeda38f75/637ea6192f0b48de93b4d330fd6d7b41.png","ascent":8},{"type":"bitmap","chars":["垎"],"height":8,"file":"minecraft:font/935b2693ed71495ea638b8cad1da70ee/fe2a0e30811543719f1b7af848baa527.png","ascent":8},{"type":"bitmap","chars":["垏"],"height":8,"file":"minecraft:font/1335154007e148dc94c56d3777052dfa/6502817d628246638355ffb8c0650337.png","ascent":8},{"type":"bitmap","chars":["垐"],"height":8,"file":"minecraft:font/5c8fe77f428d400a994be39808509580/5e138074382f4852908946d8586e4627.png","ascent":8},{"type":"bitmap","chars":["垑"],"height":8,"file":"minecraft:font/119266b02f3e481ea32995c7b36ff6fa/8f1d0bb7e69d4b47b25ab3d3e11205ce.png","ascent":8},{"type":"bitmap","chars":["垒"],"height":8,"file":"minecraft:font/97bce69405144699bb2bcca8ad444437/978c6d2c1bf145be8f5e60b4075ec863.png","ascent":8},{"type":"bitmap","chars":["垓"],"height":8,"file":"minecraft:font/2e310639927d41b386003554f0354e1f/c821c704b35344819e47578e08d55e50.png","ascent":8},{"type":"bitmap","chars":["垔"],"height":8,"file":"minecraft:font/a18b547409614f47b227b73bbed1a251/9fc3c4f27e314a4c86bd3fd1ff2aa624.png","ascent":8},{"type":"bitmap","chars":["垕"],"height":8,"file":"minecraft:font/6219b5cd99694b8db4b783feec3a0250/9fcdb80cf95c4c7b9ce5dd4762175a90.png","ascent":8},{"type":"bitmap","chars":["垖"],"height":8,"file":"minecraft:font/6847263336dd419ba0900d313d638e13/6395960403f844669e55c4f2401010ef.png","ascent":8},{"type":"bitmap","file":"font/pixel.png","ascent":-1000,"height":-2,"chars":["ᨓ"]},{"type":"bitmap","file":"font/pixel.png","ascent":-10000,"height":1,"chars":["ᨒ"]},{"type":"bitmap","file":"font/pixel.png","ascent":-10000,"height":-2,"chars":["⻙"]}]}