{"providers":[{"height":8,"file":"minecraft:font/5f21de4e617e44f190bc643f3317c754/07f0818223ce46c2aa8128c6263db200.png","ascent":8,"type":"bitmap","chars":["垚"]},{"height":16,"file":"minecraft:font/94cfe631abe94bc08f9574b26bf36b15/a909de7264834c3cad8557bb6415c56e.png","ascent":16,"type":"bitmap","chars":["一"]},{"height":8,"file":"minecraft:font/ff0d1177612a46f9a214c4e1ec6f7dba/2366b20c5f0b4626a75d8430260f6790.png","ascent":8,"type":"bitmap","chars":["丁"]},{"height":8,"file":"minecraft:font/6682b1ad49fe453abbb3754e10c2190a/c8215b5fbb1e4c198200a0fd2ca36f05.png","ascent":8,"type":"bitmap","chars":["丂"]},{"height":8,"file":"minecraft:font/834bb909719442e882a7a0668242c3ba/283196c6c51940588e3e087454fec42a.png","ascent":8,"type":"bitmap","chars":["七"]},{"height":8,"file":"minecraft:font/a145a50a821149be91a93e7e2222fac6/dc6258b7230d47298497b993fce1b76f.png","ascent":8,"type":"bitmap","chars":["丄"]},{"height":8,"file":"minecraft:font/baaab9b108994696aa1ca25b42f7a1fb/2954c8643bc54c09867c80bf91bda3ce.png","ascent":8,"type":"bitmap","chars":["丅"]},{"height":8,"file":"minecraft:font/305fd09c47294b9c90b8dfcccf3be26e/10a50024720f4a229c799758588e6fc3.png","ascent":8,"type":"bitmap","chars":["丆"]},{"height":8,"file":"minecraft:font/aeee8b327be24442ba1f4b8fd89678f1/8363d8f7b2d94455a665489a79b74465.png","ascent":8,"type":"bitmap","chars":["万"]},{"height":8,"file":"minecraft:font/1a0959bc95524aaca9a67330545ecd34/553c28b568a54f01b9b90cf2cb8de1d1.png","ascent":8,"type":"bitmap","chars":["丈"]},{"height":8,"file":"minecraft:font/1e6e68dbcffb41a9bb2a0b918bb58986/dfed0b00f1f74ff082e4766a9774c91b.png","ascent":8,"type":"bitmap","chars":["三"]},{"height":8,"file":"minecraft:font/17fa3a9619cf4a8f88dd8427d333e4c8/88e88cd067954d90a0c011c34c693588.png","ascent":8,"type":"bitmap","chars":["上"]},{"height":8,"file":"minecraft:font/5761fc2f7a434eefb54782a1f12e52ae/97bee69891dd4c72b5d816b71949e23c.png","ascent":8,"type":"bitmap","chars":["下"]},{"height":8,"file":"minecraft:font/1c8901d064bf43c49a927fbce3670070/13e8f256a62f42b7a897ff088dc51a58.png","ascent":8,"type":"bitmap","chars":["丌"]},{"height":8,"file":"minecraft:font/6b1a943a453344ff82d0f878c9a29674/554c5b390df54245b46fdda93749e06b.png","ascent":8,"type":"bitmap","chars":["不"]},{"height":8,"file":"minecraft:font/0b3c0b54f33940b7ad46d80a265bbef9/48343a9808ff47a7b85825c112a330ba.png","ascent":8,"type":"bitmap","chars":["与"]},{"height":8,"file":"minecraft:font/7d847b54bff94918ad293eacce507da2/e9589360f04944f3b08e86e3c878ca82.png","ascent":8,"type":"bitmap","chars":["丏"]},{"height":8,"file":"minecraft:font/abef010145084b81aa5ab7ab4342516a/12f9037e64c54c1099f996bd205760f7.png","ascent":8,"type":"bitmap","chars":["丐"]},{"height":8,"file":"minecraft:font/1fac2e6df2f04ea1b6d82ca81d33b5b2/399302fff1594cc19fe64d2f1916d933.png","ascent":8,"type":"bitmap","chars":["丑"]},{"height":8,"file":"minecraft:font/96414035d9ab4cc69f15385836d6b21e/1de6db5466184d00bf2f9155f94ddbe8.png","ascent":8,"type":"bitmap","chars":["丒"]},{"height":8,"file":"minecraft:font/e9f57e53ed4e4d0db403abf72567f2d5/6e164d16704343e0b3271364160c797f.png","ascent":8,"type":"bitmap","chars":["专"]},{"height":8,"file":"minecraft:font/6913484352874e47b8851a0425c94882/c4f454958e0f402d816a03a9e4406f1a.png","ascent":8,"type":"bitmap","chars":["且"]},{"height":8,"file":"minecraft:font/0a0335b4ef53491f91c73cc97f118933/78b864ea922e47b489fadfa49cff52c6.png","ascent":8,"type":"bitmap","chars":["丕"]},{"height":8,"file":"minecraft:font/990722c59ce74aba810519312473c2df/d4896026a8e141fc8b553b4cfcd8e6a1.png","ascent":8,"type":"bitmap","chars":["世"]},{"height":8,"file":"minecraft:font/c42701052b0d4850a4ea4b4957493282/a7c7118213bc4c0792e5b75f74d93ecb.png","ascent":8,"type":"bitmap","chars":["丗"]},{"height":8,"file":"minecraft:font/23553c14715b4ae69612f0c5352b3b4d/66225f96e0134e8981cd9b9dfdf5d6bd.png","ascent":8,"type":"bitmap","chars":["丘"]},{"height":8,"file":"minecraft:font/1a98a5c814d54b83a2386d7e4138a9d6/48ded0ed0ffe4d8786f863b7a00294e3.png","ascent":8,"type":"bitmap","chars":["丙"]},{"height":8,"file":"minecraft:font/c421899d015143ceba1c9ba62c0a78e2/f883a46b37184eeba6add0f3ba013006.png","ascent":8,"type":"bitmap","chars":["业"]},{"height":8,"file":"minecraft:font/92c6207fa5814f06a9a8cd7da80d5833/5e5a14f8cf724384ac3456994b194b72.png","ascent":8,"type":"bitmap","chars":["丛"]},{"height":8,"file":"minecraft:font/068635bfdecf4c6bad5bdda0293337e6/820e17aad02143f88c0f9012a9fb43d4.png","ascent":8,"type":"bitmap","chars":["东"]},{"height":8,"file":"minecraft:font/0314c4e84f92420ea2d863ae92b96fae/858c017a49a847cf91eb2ee30b4a4240.png","ascent":8,"type":"bitmap","chars":["丝"]},{"height":8,"file":"minecraft:font/e9e57b9da1134cb6837ca19561e7056c/0d80dd6c351d4e8690860109f8767f70.png","ascent":8,"type":"bitmap","chars":["丞"]},{"height":8,"file":"minecraft:font/4ab442d93bab46d1b994ec258b9183d1/7aa4908ce58f453cb8a54f88ac9cf204.png","ascent":8,"type":"bitmap","chars":["丟"]},{"height":8,"file":"minecraft:font/32deb0f539264a8e8b11deb173c32f80/14600c7ead7141fea3cb1cec2eccec60.png","ascent":8,"type":"bitmap","chars":["丠"]},{"height":8,"file":"minecraft:font/276dc89ff8284b998b2a5a357db1280b/922d0d6ce15d4a329e094fe870d208a7.png","ascent":8,"type":"bitmap","chars":["両"]},{"height":8,"file":"minecraft:font/744df671f23146c4ad4426576a2fc1e3/c888b43bd3fd45bcbc658082e9279bd6.png","ascent":8,"type":"bitmap","chars":["丢"]},{"height":8,"file":"minecraft:font/12a57963606d4de2aa6063af63e289ee/0d5bcc6565d04d84adf2aa60ba4c4e2a.png","ascent":8,"type":"bitmap","chars":["丣"]},{"height":8,"file":"minecraft:font/76b11c7e617a462297205819c71db1e8/17f43ba4436843709d3aad5731129128.png","ascent":8,"type":"bitmap","chars":["两"]},{"height":8,"file":"minecraft:font/dc6a2f95cb6a435a87c25efcb470848a/4fd6c3bf32a74f3f8a37b25ad6ddbb54.png","ascent":8,"type":"bitmap","chars":["严"]},{"height":8,"file":"minecraft:font/7b249fb6390d4f19976a880c9bc1524e/6d57addcbf6f41f687603ad01a84cf8c.png","ascent":8,"type":"bitmap","chars":["並"]},{"height":8,"file":"minecraft:font/c16baaac93134541b1e56e6de071c6cb/ea9c1f5c4d5a4ab69dd72ad347a18de6.png","ascent":8,"type":"bitmap","chars":["丧"]},{"height":8,"file":"minecraft:font/0993bcd6bc5b49dea61c65e1825b563a/7c6280b980d74895bfd1a74473b11135.png","ascent":8,"type":"bitmap","chars":["丨"]},{"height":8,"file":"minecraft:font/ba094450373c470885eba26753925536/0991e3fd07714685b0d7c51eae2ab3e1.png","ascent":8,"type":"bitmap","chars":["丩"]},{"height":8,"file":"minecraft:font/52e0f8a31d4f43349cc4a4b1d70b6223/0f703cafb1c04f4c9a55f3535234a227.png","ascent":8,"type":"bitmap","chars":["个"]},{"height":8,"file":"minecraft:font/a9b933717769453db9efa1149bd74ad4/28902748d4fe47658888ce71b8dad325.png","ascent":8,"type":"bitmap","chars":["丫"]},{"height":8,"file":"minecraft:font/6c8414ce8b9d473f8dfb2d22e30cadf1/50326fb848ec42ddbf690f37a73a4a79.png","ascent":8,"type":"bitmap","chars":["丬"]},{"height":8,"file":"minecraft:font/ecb1569f9b474bca8c27558257919bfb/997223b435804aa7aedcb23252e82114.png","ascent":8,"type":"bitmap","chars":["中"]},{"height":8,"file":"minecraft:font/340c4dcb6b504bf3887dc4ed6b354ebd/c1d1b76d4f924a3bb9934b0900597a68.png","ascent":8,"type":"bitmap","chars":["丮"]},{"height":8,"file":"minecraft:font/5e37b2d7060247fc98c38c9feadcdab0/8981b70a92404355b4ae38be1f81f91d.png","ascent":8,"type":"bitmap","chars":["丯"]},{"height":8,"file":"minecraft:font/2b6770f3aa154a6cb070cb7f290e37bf/f3a2badfc81f4b969990a40ed836a5da.png","ascent":8,"type":"bitmap","chars":["丰"]},{"height":8,"file":"minecraft:font/962f96f82e7244759d7ffc90ef035ccc/1ce6f2f670864883b4c36b2df301bbef.png","ascent":8,"type":"bitmap","chars":["丱"]},{"height":8,"file":"minecraft:font/b17e86744eef406a9a90a0125636eff4/ed2a984461ac49efa15608aa43629e2c.png","ascent":8,"type":"bitmap","chars":["串"]},{"height":8,"file":"minecraft:font/517b47c78b524659aba1ea0ad690b275/b43badca1a9048449db1e9f73621ef5b.png","ascent":8,"type":"bitmap","chars":["丳"]},{"height":16000,"file":"minecraft:font/048b6c8adea94efd878dde96f8b7d3b0/a467fe233d6547cd9d765e339c722c74.png","ascent":16000,"type":"bitmap","chars":["垙"]},{"height":8,"file":"minecraft:font/5838d7578b224ebdb833781c3bb0b2f3/3093160c64e3479fbef6c0808781cf90.png","ascent":8,"type":"bitmap","chars":["亖"]},{"height":8,"file":"minecraft:font/27ff2fadb86b4250928921882e9225b6/1bdd40c72a3c4fb6b2e7716c5b0056e7.png","ascent":8,"type":"bitmap","chars":["亗"]},{"height":8,"file":"minecraft:font/9591be2760f440c19e3ed0e8e69d0a2e/4ddf17c0f7c14763b61ea9a4353ad2b8.png","ascent":8,"type":"bitmap","chars":["亘"]},{"height":8,"file":"minecraft:font/4024f807301a4aa2946e43dad8fdaf93/23bcc2b4a4824e21bf0bbee9e54635e9.png","ascent":8,"type":"bitmap","chars":["亙"]},{"height":8,"file":"minecraft:font/2db745b9fc33488c9d5755ae73c91103/517f319c689647d4bdab1408437f2e47.png","ascent":8,"type":"bitmap","chars":["亚"]},{"height":8,"file":"minecraft:font/0c53cc89030b4939b19262d2a21e2561/d145ab4540684edaa89c9047b773bf7d.png","ascent":8,"type":"bitmap","chars":["些"]},{"height":8,"file":"minecraft:font/cc393ca73875474aabd7530a89ad6b4c/34ac60a1f15445b7a1acc156f42c463e.png","ascent":8,"type":"bitmap","chars":["亜"]},{"height":8,"file":"minecraft:font/74aea11c3e6148469058d38bb27922c9/b55e67a41e604ac4837fe6c05c4786a0.png","ascent":8,"type":"bitmap","chars":["亝"]},{"height":8,"file":"minecraft:font/9fb6bb20065547bdad955c6cb5eb6ccc/f4c33420513247f1921c54f4dbbe1db3.png","ascent":8,"type":"bitmap","chars":["亞"]},{"height":8,"file":"minecraft:font/80c35bd2a42647139b9700aca8f4d8e2/62252a34ac8b40c7b03c752f804cc947.png","ascent":8,"type":"bitmap","chars":["亟"]},{"height":8,"file":"minecraft:font/e210b5a2d7c446339fa49d8dcb9546da/667691414307497c88c7db07ad9912e9.png","ascent":8,"type":"bitmap","chars":["亠"]},{"height":8,"file":"minecraft:font/19606f48295f44b1b144c04f24e3cbf0/aa5d340cb11242648c05c731b27d6628.png","ascent":8,"type":"bitmap","chars":["亡"]},{"height":8,"file":"minecraft:font/27b1718041a043b4a3dffbe5d123b441/03c09493f71c43328e852bcd17ac64f4.png","ascent":8,"type":"bitmap","chars":["亢"]},{"height":8,"file":"minecraft:font/2928d09af3aa45378f93ab6a41855537/9267a63f6076406ebeaea8a361a5ebcf.png","ascent":8,"type":"bitmap","chars":["亣"]},{"height":8,"file":"minecraft:font/41002d5873764e1fafa6098e5cad5a4a/e18b2cc034fa4235a0a57c7bd3edce4c.png","ascent":8,"type":"bitmap","chars":["交"]},{"height":8,"file":"minecraft:font/10a4112d4b024efcb7a1bbd9791129c7/2175c0b84d954436b32d38854f998c87.png","ascent":8,"type":"bitmap","chars":["亥"]},{"height":8,"file":"minecraft:font/1196f18069554afba4cacd179bfa45d4/2b177a39042f4b70808b44f92c5f3e99.png","ascent":8,"type":"bitmap","chars":["亦"]},{"height":8,"file":"minecraft:font/d461125b88c840b2bcdeb02a09341b8b/f5417963079b4c18803c1aec0bb1ed51.png","ascent":8,"type":"bitmap","chars":["产"]},{"height":8,"file":"minecraft:font/2c2d80c7cf1b43358d6d9f2f691abaed/3812ab2ee8724745b1f7f529e7522f75.png","ascent":8,"type":"bitmap","chars":["亨"]},{"height":8,"file":"minecraft:font/0926558a9db04fbd962c2b6e2a141177/42a71995c252498a9e7b2b53887a8678.png","ascent":8,"type":"bitmap","chars":["亩"]},{"height":8,"file":"minecraft:font/c8e75eb483f84dceaf22c1431ef4df08/a077777b6e3944fba27842cec87d2d5d.png","ascent":8,"type":"bitmap","chars":["亪"]},{"height":8,"file":"minecraft:font/b2be40adc352479990a7b7d0ea51ea4e/046b4973c8274a7d91632258c8d8bf49.png","ascent":8,"type":"bitmap","chars":["享"]},{"height":8,"file":"minecraft:font/ba8fd5b45b1f4385b00d2f2ce71f9e96/b0704ff75f77454d9236537ebeb347b2.png","ascent":8,"type":"bitmap","chars":["京"]},{"height":8,"file":"minecraft:font/9b4489a7c8eb449a833306ec8893b38b/86bcd9f560b24c629c536aae1631f667.png","ascent":8,"type":"bitmap","chars":["亭"]},{"height":8,"file":"minecraft:font/316668eae11c4247b626d2c0b16abd64/6366a70104144049858831e588ec7039.png","ascent":8,"type":"bitmap","chars":["亮"]},{"height":8,"file":"minecraft:font/50b205dc4644419598d514d837f7139a/219c71afb16948eda772206f7b94cc56.png","ascent":8,"type":"bitmap","chars":["亯"]},{"height":8,"file":"minecraft:font/b73c194864524502a8bb09c04567d168/b0f85efe77fd4d79b8f7c9f440f0bd7c.png","ascent":8,"type":"bitmap","chars":["亰"]},{"height":8,"file":"minecraft:font/11aae5a30b5348309f94e2b86a7033ba/99bbf05a271846119498baf56dc571e8.png","ascent":8,"type":"bitmap","chars":["亱"]},{"height":8,"file":"minecraft:font/9e20007e487d42f494c222b9d643e02f/110f49b720234bb89fe9be8965f2ad09.png","ascent":8,"type":"bitmap","chars":["亲"]},{"height":8,"file":"minecraft:font/3fa17e390067417bbf068680f22337b5/ff48291bfad745dabdde8f471a442f54.png","ascent":8,"type":"bitmap","chars":["亳"]},{"height":8,"file":"minecraft:font/adc7e1e4e045436494803b748f0c707a/ef16fba896704ffb961dc71ebde4e74f.png","ascent":8,"type":"bitmap","chars":["亴"]},{"height":8,"file":"minecraft:font/fe0bff3809c1419d84bd6e63d97ff2bf/5bb2050fa4dc45d6a79531caaf95dd1c.png","ascent":8,"type":"bitmap","chars":["亵"]},{"height":8,"file":"minecraft:font/3fa93970aead4ff2acbea00ec3b98b9c/fb5d9049fd57468cb9499323e03dc468.png","ascent":8,"type":"bitmap","chars":["亶"]},{"height":8,"file":"minecraft:font/4a43f8858e2a4a128506c68da2787d7f/e736f2009a874b22b1985ddefe16382e.png","ascent":8,"type":"bitmap","chars":["亷"]},{"height":8,"file":"minecraft:font/ba5e60ddf59f4f51aafe5a725d76f556/687e17b37b3b4f1880d7cc664ca7df11.png","ascent":8,"type":"bitmap","chars":["亸"]},{"height":8,"file":"minecraft:font/be1fdee164e041419a13acdeabd0a6bd/83dfca41c84441bb98949d7e2172377f.png","ascent":8,"type":"bitmap","chars":["亹"]},{"height":8,"file":"minecraft:font/0202f58de89548e9b02b91b1694a7efb/317c004034f444c5ba17de835f03fe22.png","ascent":8,"type":"bitmap","chars":["人"]},{"height":8,"file":"minecraft:font/303f300a949f44d9bcaca6ab5aa9c185/e5fedf6ee56d4d2a9ea5c09217ab368d.png","ascent":8,"type":"bitmap","chars":["亻"]},{"height":8,"file":"minecraft:font/e318f5c7761c45a6b839be703112be45/9391a8f4f75845b0b1cba5d34d1dc16c.png","ascent":8,"type":"bitmap","chars":["亼"]},{"height":8,"file":"minecraft:font/a3942f62b9d5486bbd298dfa1deb350a/65bf37e1ef4b4377a4cdff453cbc0b6c.png","ascent":8,"type":"bitmap","chars":["亽"]},{"height":8,"file":"minecraft:font/db61f94f21c24f36b03ea0d9601ced4e/986e143e02c8486fb590fb79ecac62ef.png","ascent":8,"type":"bitmap","chars":["亾"]},{"height":8,"file":"minecraft:font/9054f9043ce24ebdaf3771033d793058/ea1bd08290074b8a9285f61a77e5200b.png","ascent":8,"type":"bitmap","chars":["亿"]},{"height":8,"file":"minecraft:font/99fc999ccb30478fa9538938f83124d6/abae96ed641f43249551e0dfd9c0b578.png","ascent":8,"type":"bitmap","chars":["什"]},{"height":8,"file":"minecraft:font/382bdbe025914b5bb39f1e7644819633/1e8d8b39781d4c39aa92bfc47da6c01c.png","ascent":8,"type":"bitmap","chars":["仁"]},{"height":8,"file":"minecraft:font/12a6024c9a66466f8f63c86ded77a29f/1fb01c7ad9aa4ba98d0fe233cbc8b98d.png","ascent":8,"type":"bitmap","chars":["仂"]},{"height":8,"file":"minecraft:font/13e54583865d45c79b8f44a0977f3da5/8825fa51d3af482a957a8d17eda2a2a0.png","ascent":8,"type":"bitmap","chars":["仃"]},{"height":8,"file":"minecraft:font/dc25ebd97adf4d7fb905ed669b3ef4f1/0fe3786b69064c079932c4a8f9c9d59f.png","ascent":8,"type":"bitmap","chars":["仄"]},{"height":8,"file":"minecraft:font/ddbd2bd9751347e2a0999b9fb2b47441/a4daa811688c4273b994dca707b5a524.png","ascent":8,"type":"bitmap","chars":["仅"]},{"height":8,"file":"minecraft:font/fa4e684567ef44548a7eb354daba37e5/7ae2b37a96e14007a463d4dab5310ca7.png","ascent":8,"type":"bitmap","chars":["仆"]},{"height":8,"file":"minecraft:font/2eef89730f01419cb7e2c129e80b818d/53aa62e56abb4a4da4abdc84d2c0e0e4.png","ascent":8,"type":"bitmap","chars":["仇"]},{"height":8,"file":"minecraft:font/9b5e8de467484814a064e6b5455b1c63/4d4949678c9241cabce3106215f112d4.png","ascent":8,"type":"bitmap","chars":["仈"]},{"height":8,"file":"minecraft:font/8548465c3eca42b8b54a333ff3495ed9/0f3beb15fc89472eaddeee984cc7ab0b.png","ascent":8,"type":"bitmap","chars":["仉"]},{"height":8,"file":"minecraft:font/49ec8cb9b9fb43e1913fd0991623b893/22b150fcdbb24a03a89fe7d5ba24a436.png","ascent":8,"type":"bitmap","chars":["今"]},{"height":8,"file":"minecraft:font/c4fed41dcdb548fab8164b52f2b4d60c/7f24bf043500418db5b7263f772e04cb.png","ascent":8,"type":"bitmap","chars":["介"]},{"height":8,"file":"minecraft:font/155166efcb53440fa15feb6c516e66f7/5341126dacec428ab5029288584246dc.png","ascent":8,"type":"bitmap","chars":["仌"]},{"height":8,"file":"minecraft:font/eb9607c69b044b0f90b8471dfab8c1b5/d8b6c61f962845cfa3b58bc869aa98a5.png","ascent":8,"type":"bitmap","chars":["仍"]},{"height":8,"file":"minecraft:font/5881f065d44c4d25a96682d6e1275e6a/3da2ce6ecb54405c94430a419105e058.png","ascent":8,"type":"bitmap","chars":["从"]},{"height":8,"file":"minecraft:font/1685e7bebd7e459c820992b90e124143/8a4dec5926c547d5a1848af6868e4529.png","ascent":8,"type":"bitmap","chars":["仏"]},{"height":8,"file":"minecraft:font/dfcc4257dfce434dac7cb8e587613ded/4862150d73aa4933a46b9c123595b728.png","ascent":8,"type":"bitmap","chars":["仐"]},{"height":8,"file":"minecraft:font/2cf9c910ae1f4ad79d7acb721f963ce7/7d6eec3bdaad44a6a584a1568635d994.png","ascent":8,"type":"bitmap","chars":["仑"]},{"height":8,"file":"minecraft:font/354417ad984c4eb8979674f79bda3ed2/7c502ecf84b4426e87705ed894bdddb9.png","ascent":8,"type":"bitmap","chars":["仒"]},{"height":8,"file":"minecraft:font/8a6de1d93bd04eb29c93fbd41a314433/5d0637ce4c0c495a8a80d977e70fc326.png","ascent":8,"type":"bitmap","chars":["仓"]},{"height":8,"file":"minecraft:font/d5e030284b59499cbefcb05a5e320160/0dda093a2fd542fe9caa78513a6d7d99.png","ascent":8,"type":"bitmap","chars":["仔"]},{"height":8,"file":"minecraft:font/9af2be23de5a41f6b43aec75a0fb86e3/3a18868d9b124264bceb36ce10b3e7e8.png","ascent":8,"type":"bitmap","chars":["仕"]},{"height":8,"file":"minecraft:font/8a996b408d5240e39b43c2d4e2ef5381/b3b345500ebd416c9bde51a4055b05bb.png","ascent":8,"type":"bitmap","chars":["他"]},{"height":8,"file":"minecraft:font/d9ef7a0643c14a4ea48c46856dbd29f7/e00f1ebc847f45a6ae5e9dabd6ad2a4d.png","ascent":8,"type":"bitmap","chars":["仗"]},{"height":8,"file":"minecraft:font/7d035fa003404b368f8c2d9a1af931e7/51dfdd031e8b4f52804c989820744e2a.png","ascent":8,"type":"bitmap","chars":["付"]},{"height":8,"file":"minecraft:font/271960de0c9b41ebaf33eb17ac31843a/515862e45eb648a285c40cf39dee3a0c.png","ascent":8,"type":"bitmap","chars":["仙"]},{"height":8,"file":"minecraft:font/3d2fdf1e723c4703b6911c65fc7469e4/ed1592d05d0b495897fac4bf396d4f8e.png","ascent":8,"type":"bitmap","chars":["仚"]},{"height":8,"file":"minecraft:font/019f4c01b3e4427dafcab8537398199d/2995237e092d4e4db4efd4a7a2c5bde7.png","ascent":8,"type":"bitmap","chars":["仛"]},{"height":8,"file":"minecraft:font/c935ced4ddba4f1f893145a5b70edbfd/6257ff08d03449569ca5b46908ddf1e8.png","ascent":8,"type":"bitmap","chars":["仜"]},{"height":8,"file":"minecraft:font/b7f2c41158844c64b13258d4a2332da2/daea6ed938b940818bd67317de6b1105.png","ascent":8,"type":"bitmap","chars":["仝"]},{"height":8,"file":"minecraft:font/7fa8ffbbbb8e4aa2aa4eaf12e59d86fe/be9301bb315c4234911f83c71fb34815.png","ascent":8,"type":"bitmap","chars":["仞"]},{"height":8,"file":"minecraft:font/0c75d630dfa145d09be2f24dd58c66cd/b9842b643941433496ef465ffa0097e8.png","ascent":8,"type":"bitmap","chars":["仟"]},{"height":8,"file":"minecraft:font/aea84b53479e4e2cabe0f583f7062387/485e9dca69a8468eac0d18f9eb91969f.png","ascent":8,"type":"bitmap","chars":["仠"]},{"height":8,"file":"minecraft:font/3e8670eb78634db3baf000b2b43197fb/8c8577ce78f949349b42c93150585a4d.png","ascent":8,"type":"bitmap","chars":["仡"]},{"height":8,"file":"minecraft:font/de6c9cdb5567450b984826f28023aa60/76e8a3a210a348f882bf0d7c293d1129.png","ascent":8,"type":"bitmap","chars":["仢"]},{"height":8,"file":"minecraft:font/b78f6e77342541f786661589fb2947b4/603666cf3f7245018a5fe3a1442c4fb0.png","ascent":8,"type":"bitmap","chars":["代"]},{"height":8,"file":"minecraft:font/38bb218aa60b4531829e8372c62098a0/15256589ef2945838e954e115dc607eb.png","ascent":8,"type":"bitmap","chars":["令"]},{"height":8,"file":"minecraft:font/5899c34c1c984386bc4e7163020b8fd8/9392cc0f5f924cc285d83a04b32afbf6.png","ascent":8,"type":"bitmap","chars":["以"]},{"height":8,"file":"minecraft:font/6ae750529bcc416b8a4f43b9a928a245/7961127f988c47bc920529076af12835.png","ascent":8,"type":"bitmap","chars":["仦"]},{"height":8,"file":"minecraft:font/4dbeaf456b3e4bd3afc31514108cba5e/bb836171ffca41819423e57db05b71b9.png","ascent":8,"type":"bitmap","chars":["仧"]},{"height":8,"file":"minecraft:font/1ec4b6de094c4f23b224ad037f5d9d3e/99bf83dceb39499485c68cad00fcb9b6.png","ascent":8,"type":"bitmap","chars":["仨"]},{"height":8,"file":"minecraft:font/21f9985571854ca19074085081081867/1fb30cd1b34e44e284710551e41da9d6.png","ascent":8,"type":"bitmap","chars":["仩"]},{"height":8,"file":"minecraft:font/418f61be04a1442fa8c291c8436b287e/44c40a8e29ce47e2a271977fa8f176b7.png","ascent":8,"type":"bitmap","chars":["仪"]},{"height":8,"file":"minecraft:font/b8cdd507b341460a8c8abe4cc8da56de/a86e536c08bd4bd29b51fb6fcf5e8be5.png","ascent":8,"type":"bitmap","chars":["仫"]},{"height":8,"file":"minecraft:font/83c8a177ee4a496eb86663c3d3b87c38/04614e64c602416189282fd60f7e8ff7.png","ascent":8,"type":"bitmap","chars":["们"]},{"height":8,"file":"minecraft:font/206f704952bb401fa0fb5837d420e1fa/805f41a8954540ab99b459c3888b5eac.png","ascent":8,"type":"bitmap","chars":["仭"]},{"height":8,"file":"minecraft:font/e41c1f87cf424b96a749bdb73743d8d9/ba590026ff3648febc5b925cf9af21fa.png","ascent":8,"type":"bitmap","chars":["仮"]},{"height":8,"file":"minecraft:font/3ba4d272f2d34b398592533d30a1239c/71326d7d4ad54f6b93920767db1fb84c.png","ascent":8,"type":"bitmap","chars":["仯"]},{"height":8,"file":"minecraft:font/479abb439b4f41589b9ef9e2acf44557/112adeec70db4bc8a8c036a3a8826713.png","ascent":8,"type":"bitmap","chars":["仰"]},{"height":8,"file":"minecraft:font/efb6bbdcebcd47048f1927c13d2005fc/c7f8914fe9304673b97ecebd165a8207.png","ascent":8,"type":"bitmap","chars":["仱"]},{"height":8,"file":"minecraft:font/7e76fefaf50c44ff9f947650a3289cc7/a69b60894dfb4c50841297ba1b356f9a.png","ascent":8,"type":"bitmap","chars":["仲"]},{"height":8,"file":"minecraft:font/76c04cd4b2bb475a86c46d7d307d9d2b/c76d2aa3cfdc4c5f900e5d392e6181c1.png","ascent":8,"type":"bitmap","chars":["临"]},{"height":8,"file":"minecraft:font/03fdf5378caf447983d05c0d4cd8b312/320923542af04e70ab1abb78fc796fdd.png","ascent":8,"type":"bitmap","chars":["丵"]},{"height":8,"file":"minecraft:font/828b7fbbb7fd47dfac6efebd68127d75/5755d55ff25049c38555a5ecf3d2435f.png","ascent":8,"type":"bitmap","chars":["丶"]},{"height":8,"file":"minecraft:font/d461893c4d994bf4bca467631ef9072e/b13accf1ec204e728cde221cbdf260fe.png","ascent":8,"type":"bitmap","chars":["丷"]},{"height":8,"file":"minecraft:font/aaf8d08f54464177828eed9970bc01b1/98da597a3dbe48338c8102d2abd1b459.png","ascent":8,"type":"bitmap","chars":["丸"]},{"height":8,"file":"minecraft:font/ac22abe0df8a43218fa793a233612ed7/185319fb587d41dd98f4f431178c3718.png","ascent":8,"type":"bitmap","chars":["丹"]},{"height":8,"file":"minecraft:font/addfccebd79f459a9c786d1a40e7c146/872e5fc00b5c4bb09746c8485a4eb8b5.png","ascent":8,"type":"bitmap","chars":["为"]},{"height":8,"file":"minecraft:font/39e4e33f8139476f96d4494b5ef7e25a/de90892e6c6d48b085fe61d3875ec472.png","ascent":8,"type":"bitmap","chars":["主"]},{"height":8,"file":"minecraft:font/037f4f047e3445af8d2b677e0f5aca21/e4b95cad31e94322bb31ca9bcd483b8c.png","ascent":8,"type":"bitmap","chars":["丼"]},{"height":8,"file":"minecraft:font/f33d4960b3724445aacf448b97974abc/2122ba12b3e94f7ca99505083e548302.png","ascent":8,"type":"bitmap","chars":["丽"]},{"height":8,"file":"minecraft:font/1789bad7877041eb97895119a7b4499a/6a1a5759a9bb4d85a5cf6f1e99b5841a.png","ascent":8,"type":"bitmap","chars":["举"]},{"height":8,"file":"minecraft:font/5d8201185df6400193a1f19651f76874/1d0da31d6b744a749b8b2d266e578142.png","ascent":8,"type":"bitmap","chars":["丿"]},{"height":8,"file":"minecraft:font/d5c8a3ff964b4c3d828aff5c18e4bf84/63e91e9cfbe8486193c7fbac010a4f06.png","ascent":8,"type":"bitmap","chars":["乀"]},{"height":8,"file":"minecraft:font/b41669c401e54878a8bb8f703eda70ef/2d4d070b127246e88b7af114ff0aa3fa.png","ascent":8,"type":"bitmap","chars":["乁"]},{"height":8,"file":"minecraft:font/1a101c1d80cf438f9354a8c78a56c31d/983ebd33001147c6abd61523f9a157cf.png","ascent":8,"type":"bitmap","chars":["乂"]},{"height":8,"file":"minecraft:font/7c47673522a04d619c2f3be9dcfafac8/ac831941d5f14308a0d1dcd9aa740101.png","ascent":8,"type":"bitmap","chars":["乃"]},{"height":8,"file":"minecraft:font/14ee455eb9e04cc7809b7d0845526890/0631603aab9a462a8835d8d1fee038ec.png","ascent":8,"type":"bitmap","chars":["乄"]},{"height":8,"file":"minecraft:font/5117fc168fdf4d59ad8cf354a54881fc/7330b4c9a848430db040e38f41c16de4.png","ascent":8,"type":"bitmap","chars":["久"]},{"height":8,"file":"minecraft:font/cf08f1adfd6e40798528a742bd3bb61d/fae9f2c4097c48d0bc076b3dd41c5bb7.png","ascent":8,"type":"bitmap","chars":["乆"]},{"height":8,"file":"minecraft:font/4661b424bce94aa692d70b35455dd7b7/7a8f522f6f324dff966f20d501f786fa.png","ascent":8,"type":"bitmap","chars":["乇"]},{"height":8,"file":"minecraft:font/a4dfc83d1f0d4f9cb85273a3d89fe743/ae4fe2670ed94684a2921d6a7d6d7493.png","ascent":8,"type":"bitmap","chars":["么"]},{"height":8,"file":"minecraft:font/0afeebbd7bce477cbf3b592e368874ca/016b773663a34e3a85a290c30eedd217.png","ascent":8,"type":"bitmap","chars":["义"]},{"height":8,"file":"minecraft:font/fe5156e52c374efe8ab699f7e1eeabc6/cae8202027dc46dda73539eebed379ee.png","ascent":8,"type":"bitmap","chars":["乊"]},{"height":8,"file":"minecraft:font/e3c5947146a040f9a08df36d562b5b76/dfbc1f9a8d5449f7bb01829956503806.png","ascent":8,"type":"bitmap","chars":["之"]},{"height":8,"file":"minecraft:font/93c19cdc98c340d9a5a0c6b61cc2e831/3f435bd730d747bea7c9dfd71e2c7682.png","ascent":8,"type":"bitmap","chars":["乌"]},{"height":8,"file":"minecraft:font/e66ea8296cd9447791c63447e5b3a365/e5a317cc36e84719933d36a80459cc59.png","ascent":8,"type":"bitmap","chars":["乍"]},{"height":8,"file":"minecraft:font/a36cc19e1f0f455baa67f4cc73df9e4d/f55d821ae3fd457c8475d1d001d7a22b.png","ascent":8,"type":"bitmap","chars":["乎"]},{"height":8,"file":"minecraft:font/cbbbf040a70d4833977813b31cdb034a/c08572c72e294e2fbaba4609d65a6b66.png","ascent":8,"type":"bitmap","chars":["乏"]},{"height":8,"file":"minecraft:font/3fb679cbee9e4ee0821a1603eec1fa7a/9ab8c2ce4a2648f39d3dc253c90ebead.png","ascent":8,"type":"bitmap","chars":["乐"]},{"height":8,"file":"minecraft:font/e802249ca9b44ba38e7821312b6254e7/6675f59b84a74280835c6dab80ad3316.png","ascent":8,"type":"bitmap","chars":["乑"]},{"height":8,"file":"minecraft:font/caeac24cd6b146ebb85da9fc475c0fb4/830369e208fd49ecaa6f86b6563820a3.png","ascent":8,"type":"bitmap","chars":["乒"]},{"height":8,"file":"minecraft:font/04f268f9d50544ccae3408a778a14a01/062d113eeb67415ca2c134ece5e43962.png","ascent":8,"type":"bitmap","chars":["乓"]},{"height":8,"file":"minecraft:font/a62ae812959d4e38948f4a4be83823ef/76af73b76ce04dab9fe89699f823ae0b.png","ascent":8,"type":"bitmap","chars":["乔"]},{"height":8,"file":"minecraft:font/890e57de0447470089c23910622d7a41/b230566a0e7a46b388cbbf4fbe35d10f.png","ascent":8,"type":"bitmap","chars":["乕"]},{"height":8,"file":"minecraft:font/3d5a9ef19b4b45ab8d09a44532b17066/4a2468394791499b9f770e5fb5978b05.png","ascent":8,"type":"bitmap","chars":["乖"]},{"height":8,"file":"minecraft:font/aeccfe737b584115b4f7b2cc77c5af9a/587576cb2f364907a754b7b15a076562.png","ascent":8,"type":"bitmap","chars":["乗"]},{"height":8,"file":"minecraft:font/d6cc3b8ec6d74b15a31f7fc8fe68a65c/701988ff6762438783016d38d6a8cea6.png","ascent":8,"type":"bitmap","chars":["乘"]},{"height":8,"file":"minecraft:font/8eb8e64ea5c244dbaf9ad71fb58c28fc/623a0f334573468dae6909cea5e3d841.png","ascent":8,"type":"bitmap","chars":["乙"]},{"height":8,"file":"minecraft:font/ff30aa8fa19e4748bfe961eb3d74bbac/04c9243774c34d4ca78abfa49f9e8b1b.png","ascent":8,"type":"bitmap","chars":["乚"]},{"height":8,"file":"minecraft:font/3bcb454b9a97486cbc67533e2822c9c5/8d0fa03b86f94e77b296befdaf5df237.png","ascent":8,"type":"bitmap","chars":["乛"]},{"height":8,"file":"minecraft:font/66e986ad1ad9483ba7c9824e5ebd1b9a/3eb7f06554924f0c838589174c3a810d.png","ascent":8,"type":"bitmap","chars":["乜"]},{"height":8,"file":"minecraft:font/b88df8b408134dcaa4461a3916eac5bd/4557aa0c4612443cbf76e966c5370ed5.png","ascent":8,"type":"bitmap","chars":["九"]},{"height":8,"file":"minecraft:font/c42996c62c13432f9cdb3c5245b704f2/bec46fe333194fefbf5c6df1bd05b733.png","ascent":8,"type":"bitmap","chars":["乞"]},{"height":8,"file":"minecraft:font/50762a7ccbc1424d82e317d43e32643f/e769d1ce771d45bf91b2d2a99e2d9b20.png","ascent":8,"type":"bitmap","chars":["也"]},{"height":8,"file":"minecraft:font/98119b9b69d74682b3d39131de9ec665/d133916f99654c79b0a9ca1c0687f66b.png","ascent":8,"type":"bitmap","chars":["习"]},{"height":8,"file":"minecraft:font/c8ea0b39f70b4cb1b3b57342396ef52e/c53fae107c3d47ab819b81e5c6aee88f.png","ascent":8,"type":"bitmap","chars":["乡"]},{"height":8,"file":"minecraft:font/a530f43ea89a4657b5075c8c56ea841a/c1e9147e94264d8d91005a13e57af716.png","ascent":8,"type":"bitmap","chars":["乢"]},{"height":8,"file":"minecraft:font/bd240a5ba83044cbb56563bfddb9d4ca/e7c0a57047214250bb303f11e70e3547.png","ascent":8,"type":"bitmap","chars":["乣"]},{"height":8,"file":"minecraft:font/351936416ca943aca0fc08ca766bb7e2/08f0f87d6ffa437b9f684939cbd6460f.png","ascent":8,"type":"bitmap","chars":["乤"]},{"height":8,"file":"minecraft:font/fe5a4f10c35048bab8d9d07ee9b2a5ab/075c84a6de4a4fe7a7eb18aec79e840b.png","ascent":8,"type":"bitmap","chars":["乥"]},{"height":8,"file":"minecraft:font/1b5aaec920984caf936e0383a68501f6/4137ceb1783346ec919b569cf1093fd5.png","ascent":8,"type":"bitmap","chars":["书"]},{"height":8,"file":"minecraft:font/424966ff9b104b84a5fe1921548f174c/763ea411315048c09d4a658542d79917.png","ascent":8,"type":"bitmap","chars":["乧"]},{"height":8,"file":"minecraft:font/58ae25500b5b4898b72c727f8756f5d1/0b1ad3082d6444b49e204200bf775f72.png","ascent":8,"type":"bitmap","chars":["乨"]},{"height":8,"file":"minecraft:font/445d207a361b444cb0a73d64b8fe1d78/eafb6a17cf7b405aa4e267d384a3134a.png","ascent":8,"type":"bitmap","chars":["乩"]},{"height":8,"file":"minecraft:font/3da2bb8a752f4640b9bb684ebd50a04f/b0d4b69102134d3289e364cb47a5a3c4.png","ascent":8,"type":"bitmap","chars":["乪"]},{"height":8,"file":"minecraft:font/bd2afcabb96b44af97a033f8425e5151/c381800c9a8843df9f09cd2634da1692.png","ascent":8,"type":"bitmap","chars":["乫"]},{"height":8,"file":"minecraft:font/9732f6f2b556460da01762125546dcbb/9555afaa4fa244cca9b4ef6ce34eba02.png","ascent":8,"type":"bitmap","chars":["乬"]},{"height":8,"file":"minecraft:font/bd11ae8087144615b413ced7320d954e/5b74239bc53e4dac871ed7529b58d0ce.png","ascent":8,"type":"bitmap","chars":["乭"]},{"height":8,"file":"minecraft:font/5a06d4e6b0494e8da7614cb922bb9724/c9feb2a1b5604a1caa1360b875dc8ca0.png","ascent":8,"type":"bitmap","chars":["乮"]},{"height":8,"file":"minecraft:font/e5859591a56a46e29f0b1dcfbee0d5e4/7d762eb3c1484f5b984baadac1a39a59.png","ascent":8,"type":"bitmap","chars":["乯"]},{"height":8,"file":"minecraft:font/6c4954718e374190a41b8e6f237e4b20/42cbf338b7d846b098d2cfb869ddd465.png","ascent":8,"type":"bitmap","chars":["买"]},{"height":8,"file":"minecraft:font/f4af936a120442c9aae5b2fae18c2634/acd6d832fefb488f9b083112ad8b730c.png","ascent":8,"type":"bitmap","chars":["乱"]},{"height":8,"file":"minecraft:font/2b360264d7e74293b50c99d81bafadfd/57c1582396994bf28f00274b6a8d80c1.png","ascent":8,"type":"bitmap","chars":["乲"]},{"height":8,"file":"minecraft:font/cdf6c0b03bc44d0c8444e5f188b83e87/5617a6c1ae604a15897ebb4d6b370f57.png","ascent":8,"type":"bitmap","chars":["乳"]},{"height":8,"file":"minecraft:font/4d1bc1ed4768408282c83f03ad746c1c/a5fbe6fd5aa94a9a9e9d0decc01569b8.png","ascent":8,"type":"bitmap","chars":["乴"]},{"height":8,"file":"minecraft:font/733d7784b64d44c7b43d33747ff1eb66/9ba7982c91b8441484d8d020f463647e.png","ascent":8,"type":"bitmap","chars":["乵"]},{"height":8,"file":"minecraft:font/1677596858fa46f4937a6a7f5a93129b/c519fa7a3a7042828b02a1ff4a4536f4.png","ascent":8,"type":"bitmap","chars":["乶"]},{"height":8,"file":"minecraft:font/1d993b78f1474f568b2c1b292ef6e3af/eda024ac7f454bab95596eee60bbd41f.png","ascent":8,"type":"bitmap","chars":["乷"]},{"height":8,"file":"minecraft:font/21e997781d5c40c0addac22d5fe967ba/28ed8c726eb142769753623d602e1b8c.png","ascent":8,"type":"bitmap","chars":["乸"]},{"height":8,"file":"minecraft:font/a330e1c40c79458493403c7954ddb00f/ff06cd5cfb244405ad94fad63e5a82cc.png","ascent":8,"type":"bitmap","chars":["乹"]},{"height":8,"file":"minecraft:font/4ed983e4738f40f294588db2f89436e3/fba4eef494564f30a1c1f8969d318ee4.png","ascent":8,"type":"bitmap","chars":["乺"]},{"height":8,"file":"minecraft:font/081bcc4fd8604a158f1c828ad02526bb/cd05d25d0de74b8ab48aaeed48a0e433.png","ascent":8,"type":"bitmap","chars":["乻"]},{"height":8,"file":"minecraft:font/fda72e590db744bca15b79e2b84c7c6c/709275ec447248048e1b6897d8835090.png","ascent":8,"type":"bitmap","chars":["乼"]},{"height":8,"file":"minecraft:font/60785d7baf6744bf80ef107b3b7d9e85/d0d5694f638b4a5f88ac6a8ca6b7e231.png","ascent":8,"type":"bitmap","chars":["乽"]},{"height":8,"file":"minecraft:font/390650ea81654818ba510e99a65d2a30/cad87ba64a6546edb8128b2ff4e46771.png","ascent":8,"type":"bitmap","chars":["乾"]},{"height":8,"file":"minecraft:font/84168a0b268f4f1c8a549c0f37206136/2c7d15c95d434b62805bb57844ed789c.png","ascent":8,"type":"bitmap","chars":["乿"]},{"height":8,"file":"minecraft:font/9b4b6220087941b29551d391278e2d06/41576accd6044dc98f448ec37631ce26.png","ascent":8,"type":"bitmap","chars":["亀"]},{"height":8,"file":"minecraft:font/5ec9ee77d01e4aee99c2d8ef8ed4fba3/756f0f65c35f47289d5cb8ebb0a108e6.png","ascent":8,"type":"bitmap","chars":["亁"]},{"height":8,"file":"minecraft:font/ef25ce0344844339b2b14163bee088ff/752f0e1801764235a80053ba165f58db.png","ascent":8,"type":"bitmap","chars":["亂"]},{"height":8,"file":"minecraft:font/7adbc4f9acac465cb12db6c10c3f6798/83daa745f6104ec2990c7615fa415309.png","ascent":8,"type":"bitmap","chars":["亃"]},{"height":8,"file":"minecraft:font/f6c733c6cc5c494cb593d747fc403fdd/aa56588ac5cf41f8804a927b9a01dc3f.png","ascent":8,"type":"bitmap","chars":["亄"]},{"height":8,"file":"minecraft:font/e37ed284499543dc8d1a07b5a190fbf6/605485a8112f4e3ea6f7a980de71fae7.png","ascent":8,"type":"bitmap","chars":["亅"]},{"height":8,"file":"minecraft:font/22d6b1a1fead4f4c94ee18b9f0b38c2b/813b0880b5164d8a91498e4e1f3e24e0.png","ascent":8,"type":"bitmap","chars":["了"]},{"height":8,"file":"minecraft:font/f15f2adb076c4fd99becb1bc7604fccf/dabeffdedd774b4e943fc4ce5d16dc2f.png","ascent":8,"type":"bitmap","chars":["亇"]},{"height":8,"file":"minecraft:font/1eb26e1f7fd54da98441e0195f60a387/550300d17a2f499ba5e9084859cd9c43.png","ascent":8,"type":"bitmap","chars":["予"]},{"height":8,"file":"minecraft:font/eb76be5b4c1b41c4bdc3d7da9a845c2c/aaf4092b146b40b5916fb56a59ab8c13.png","ascent":8,"type":"bitmap","chars":["争"]},{"height":8,"file":"minecraft:font/181482478bf74145940eb59d278a634e/569b131e689d4e97868283cd1a1bc379.png","ascent":8,"type":"bitmap","chars":["亊"]},{"height":8,"file":"minecraft:font/ceee70e79ffb4b7da37217dac56ea537/ed8a2f5d8e2446d98cd20629578c6a03.png","ascent":8,"type":"bitmap","chars":["事"]},{"height":8,"file":"minecraft:font/995337c43d2b4bd18629d54ab6d19476/7c57006f72c24c79b20cd60091455590.png","ascent":8,"type":"bitmap","chars":["二"]},{"height":8,"file":"minecraft:font/c5e6405d92414dcea7e57309038e713b/f26f725e9c1d47e28372b53a9bf70ca1.png","ascent":8,"type":"bitmap","chars":["亍"]},{"height":8,"file":"minecraft:font/93fde587b7f648aeb44f9673b78ff507/51edbfda524c4fef8a4b794a350459a1.png","ascent":8,"type":"bitmap","chars":["于"]},{"height":8,"file":"minecraft:font/7c6dcc4cc37f4c96999adf3268e8a97f/bd126a8d6d51497488b665e7f66fcdd7.png","ascent":8,"type":"bitmap","chars":["亏"]},{"height":8,"file":"minecraft:font/924a80ef95d1468283e1d19ab57c9788/89675e8c9ccc43cc8cbadb9971a68c3a.png","ascent":8,"type":"bitmap","chars":["亐"]},{"height":8,"file":"minecraft:font/806eaaa7693848788eac14d395515174/7e7f728088e541ccbf9cfc08dc323170.png","ascent":8,"type":"bitmap","chars":["云"]},{"height":8,"file":"minecraft:font/876a8ecd15aa4863bd753cfee88b81f8/6f4b492c49ce4ecb8a1bf657b2adb0b9.png","ascent":8,"type":"bitmap","chars":["互"]},{"height":8,"file":"minecraft:font/9be3a64af58145ba8c0a806941bc213e/ba267945dde844d8a7b68107361df269.png","ascent":8,"type":"bitmap","chars":["亓"]},{"height":8,"file":"minecraft:font/892b2881f72046e4a27b077fb4834cd7/4a142bc104c14a558706591df155b526.png","ascent":8,"type":"bitmap","chars":["五"]},{"height":8,"file":"minecraft:font/5dacb94b6f6144fe808615f6e4070b6a/67a0081b5bdf45eba9a68b0a33bbe25b.png","ascent":8,"type":"bitmap","chars":["井"]},{"height":8,"file":"minecraft:font/e92dbf6d15d54ced9531c89a7150be20/9c9d40bd6a0c47e2a684d5c82392050f.png","ascent":8,"type":"bitmap","chars":["亖"]},{"height":8,"file":"minecraft:font/3387a31b55d04c8d99860671a8653cf0/7c5d5406de0c43c49537c52c70c1fca3.png","ascent":8,"type":"bitmap","chars":["亗"]},{"height":8,"file":"minecraft:font/eef0f4b7e0f9499fa873151926ff3e97/71eaae1ea6ca4881b357f1a23e5a4394.png","ascent":8,"type":"bitmap","chars":["亘"]},{"height":8,"file":"minecraft:font/88d6ecd5c9c04a48a95f318ee191e4db/8b40ed4153794337a720f4b438424fda.png","ascent":8,"type":"bitmap","chars":["亙"]},{"height":8,"file":"minecraft:font/6a1142b4bdb44895b875d1f8c150c5dd/2e1f4df88dac415b8167459ba673dea7.png","ascent":8,"type":"bitmap","chars":["亚"]},{"height":8,"file":"minecraft:font/948fcebd62c543ca889cc8c894e17445/67ad36800a074bc3b73aafe6a54cf029.png","ascent":8,"type":"bitmap","chars":["些"]},{"height":8,"file":"minecraft:font/252dcc4c54b74220aac796e4fbd7dcb5/58d4b9e651bb40adb2f0650e201bfe69.png","ascent":8,"type":"bitmap","chars":["亜"]},{"height":8,"file":"minecraft:font/ad67bb093ae64bd0bac7fe53ecd965a6/96ece59e120e44ff99b8533d9411cf92.png","ascent":8,"type":"bitmap","chars":["亝"]},{"height":8,"file":"minecraft:font/24522c9d0f2b4ca09772a2c1b97b8198/8753515256824fa99ab7bed7fb785bef.png","ascent":8,"type":"bitmap","chars":["亞"]},{"height":8,"file":"minecraft:font/e02149a96dfe49d98c5fe40694ae1cfc/17106940499f42f78f4143a2dbb50081.png","ascent":8,"type":"bitmap","chars":["亟"]},{"height":8,"file":"minecraft:font/90da519bf7ce4118978f9439b7f3e0b4/50af4ca0bf4f494a9d9fdb07bad364ba.png","ascent":8,"type":"bitmap","chars":["亠"]},{"height":8,"file":"minecraft:font/70078401118141f3a309f70f61f218fd/380169f0a3b641c1bb4c268633dcd239.png","ascent":8,"type":"bitmap","chars":["亡"]},{"height":8,"file":"minecraft:font/cb9ecf0e731149ca81495d4f27e14613/d71a28d1b9c548e781fa9677a4c59053.png","ascent":8,"type":"bitmap","chars":["亢"]},{"height":8,"file":"minecraft:font/3a2ddb1fbb8047c598ff8429effcfc7e/f2365b4866f24470b7121d0ed38420e9.png","ascent":8,"type":"bitmap","chars":["亣"]},{"height":8,"file":"minecraft:font/dce18af592354c4ea831a0273aae78c2/8f31e7de87c94680930c9d818d606352.png","ascent":8,"type":"bitmap","chars":["交"]},{"height":8,"file":"minecraft:font/d83c5a1ab90c427d9294000b81fe15fb/c35553ae873743f082653bfedfa0b9d6.png","ascent":8,"type":"bitmap","chars":["亥"]},{"height":8,"file":"minecraft:font/5ee71e8cb7cc4c0caaf7c4e21c63e163/b9744792087e4e9fb9f0d7eabb21d79d.png","ascent":8,"type":"bitmap","chars":["亦"]},{"height":8,"file":"minecraft:font/f70cdc2c83704f3e84e8a65186a1f988/9b5f012090f640808653f5d6f5b85f1b.png","ascent":8,"type":"bitmap","chars":["产"]},{"height":8,"file":"minecraft:font/148d0ac8f20d4cbc8068cbbf4fdcaa0c/c54b7c664b834e148e38a871d07897d3.png","ascent":8,"type":"bitmap","chars":["亨"]},{"height":8,"file":"minecraft:font/0ad4d5ff80bc48309b1aa5ab4dae1b15/793cf9b0893e478a9a7977164421a2f2.png","ascent":8,"type":"bitmap","chars":["亩"]},{"height":8,"file":"minecraft:font/5381db4444a14fd4addb2a9453fc4922/d8d9c1943290482ca07cc62da474da1b.png","ascent":8,"type":"bitmap","chars":["亪"]},{"height":8,"file":"minecraft:font/68d1f3a3dd214c49a20058c05803c811/e65498bde468403c94866a325fabb265.png","ascent":8,"type":"bitmap","chars":["享"]},{"height":8,"file":"minecraft:font/c5e0052e58224b3eb92866dd6fe67659/bd8384cd3cc948e19c47f698cf3127b4.png","ascent":8,"type":"bitmap","chars":["京"]},{"height":8,"file":"minecraft:font/5002271898ff410a9a9a83d8784a1121/0ab895214c3b480e9be6d09ac85c3f02.png","ascent":8,"type":"bitmap","chars":["亭"]},{"height":8,"file":"minecraft:font/3271e0ddfc3b42099bb592cce63d17b2/d231d08475a64a59bb8b9e9b6ff0f720.png","ascent":8,"type":"bitmap","chars":["亮"]},{"height":8,"file":"minecraft:font/7853817ce7794ed594eb8149c32c4065/0753a09d05d941468a4073cb16c83e15.png","ascent":8,"type":"bitmap","chars":["亯"]},{"height":8,"file":"minecraft:font/b38bfd26d50e4aff97b4042a9af9c812/ee4d71b0064e4e67a1b2498211c9fef2.png","ascent":8,"type":"bitmap","chars":["亰"]},{"height":8,"file":"minecraft:font/2b56bea1f4be4180a34b4e41f42e6cc0/e4e349bb5d5345cea568929c878bd5f4.png","ascent":8,"type":"bitmap","chars":["亱"]},{"height":8,"file":"minecraft:font/fce2e21a4a5b48e28ca4fe5352039763/a680db26e4f24d569d635ab3b5ea20e6.png","ascent":8,"type":"bitmap","chars":["亲"]},{"height":8,"file":"minecraft:font/7b8546a9808944deb7b97c3dad580c87/de080ef3a33341c9bd9e31388414bc55.png","ascent":8,"type":"bitmap","chars":["亳"]},{"height":8,"file":"minecraft:font/f863887cf9f14c56ab27a9030bda53d3/440fa7037f3e470e9c428b47cb00fd31.png","ascent":8,"type":"bitmap","chars":["亴"]},{"height":8,"file":"minecraft:font/258162b2b8844b41820fa9f7fd8e5077/a08202785740438d862b1210bd61c597.png","ascent":8,"type":"bitmap","chars":["亵"]},{"height":8,"file":"minecraft:font/3adee32ca00849568577f9fa09bf464b/73f9d9b6f6b044d8abf04da59ea18fcf.png","ascent":8,"type":"bitmap","chars":["亶"]},{"height":8,"file":"minecraft:font/6025483185cb4767abab5357cfd68ac0/446f0eb2213d457ca41c5348c94edeb2.png","ascent":8,"type":"bitmap","chars":["亷"]},{"height":8,"file":"minecraft:font/9d5cec39a03c491a8b7780f64d87cac9/f496283297574ee799077fc91e9a682b.png","ascent":8,"type":"bitmap","chars":["亸"]},{"height":8,"file":"minecraft:font/e858d36a1c71460cbbbe040e4c7955c0/4ac2764bbb86491e9228f94f15648847.png","ascent":8,"type":"bitmap","chars":["亹"]},{"height":8,"file":"minecraft:font/f59fb021baf141d4902ba8449dd9cd83/c24c13a71d7e4241a8b99cd2567ba28b.png","ascent":8,"type":"bitmap","chars":["人"]},{"height":8,"file":"minecraft:font/5ab211409bfc4a618bad2d61792b2c50/acde71c40bbc4ddfbdea2813d6167255.png","ascent":8,"type":"bitmap","chars":["亻"]},{"height":8,"file":"minecraft:font/0ffc651043774018a853def8d7466f2b/ecbba52ffc844509808f53404fe221ea.png","ascent":8,"type":"bitmap","chars":["亼"]},{"height":8,"file":"minecraft:font/06e9e2f8376b48efad50e367f722353e/401677702cb449a0b0545db9426e873f.png","ascent":8,"type":"bitmap","chars":["亽"]},{"height":8,"file":"minecraft:font/739780826c4942a4b8a60aa7596a5d09/1d1bc6d8e6864f31a8a71ce970cca96d.png","ascent":8,"type":"bitmap","chars":["亾"]},{"height":8,"file":"minecraft:font/5747ff1da85f4b7e9daf5431360be05e/0df52971566f439fb1ea7bbf4869a35e.png","ascent":8,"type":"bitmap","chars":["亿"]},{"height":8,"file":"minecraft:font/23a0cb3ca2744494b0de13ac804affff/9f791fa009794cdcb528d5f05a57d556.png","ascent":8,"type":"bitmap","chars":["什"]},{"height":8,"file":"minecraft:font/74135184399c472eb6df95c75d7bfbf8/a5a501c06048401297db8357e4a52fbb.png","ascent":8,"type":"bitmap","chars":["仁"]},{"height":8,"file":"minecraft:font/224ceafd50744aeab4ba9af323e9fcce/43f7037392174fa98ef5e0596e5d1ad9.png","ascent":8,"type":"bitmap","chars":["仂"]},{"height":8,"file":"minecraft:font/f3736216565d4cd3b95e3dab3c7e80fd/87009c80bf9546b6aa15d93dbcd7a5de.png","ascent":8,"type":"bitmap","chars":["仃"]},{"height":8,"file":"minecraft:font/e13f59f5324c4164a02dfcd880936901/41e5ff2cb8534ea0b59e070b11d4b796.png","ascent":8,"type":"bitmap","chars":["仄"]},{"height":8,"file":"minecraft:font/ea5a37db92894b1b94fc8be2b1248c70/0b065f5a71be4ebcbcbb6488bd69899c.png","ascent":8,"type":"bitmap","chars":["仅"]},{"height":8,"file":"minecraft:font/acf1c18f20e544cbbea6b20fe3bad976/fb4ec60efe1947ce83bc4e9bf88c46e3.png","ascent":8,"type":"bitmap","chars":["仆"]},{"height":8,"file":"minecraft:font/68a18bdaed3f4d8c9fd3eedee78216d8/415bbdf46515457a84dcec3eda51b007.png","ascent":8,"type":"bitmap","chars":["仇"]},{"height":8,"file":"minecraft:font/76932eb462d741758d76819aaaf92bbf/32ce4c5e87314b09ab84ee0ebc1cdf44.png","ascent":8,"type":"bitmap","chars":["仈"]},{"height":8,"file":"minecraft:font/5d98facb076a40b4a5608fb9b310128e/9b7df19ba3c74d58910701ba5f3e5876.png","ascent":8,"type":"bitmap","chars":["仉"]},{"height":8,"file":"minecraft:font/acd2c536fef74695af37a722937a5e30/1365d0d19f66479492268fecb4de6083.png","ascent":8,"type":"bitmap","chars":["今"]},{"height":8,"file":"minecraft:font/9decdcf8076144d9912ef6ff0aed44ba/0ea77105373148138adb8f622353e613.png","ascent":8,"type":"bitmap","chars":["介"]},{"height":8,"file":"minecraft:font/1afdaa102e8341baab5faf28ff38f826/4bfb18a236e141fca8e4354a6b4a8dea.png","ascent":8,"type":"bitmap","chars":["仌"]},{"height":8,"file":"minecraft:font/430fb8e0d0e74032af08f4e17f18586d/a1cb051b89dd4860a5ef198717a2e556.png","ascent":8,"type":"bitmap","chars":["仍"]},{"height":8,"file":"minecraft:font/3e35d2aa6ca0432c834dc10763762565/8aac5a0d850c499684a1001baee8e4f1.png","ascent":8,"type":"bitmap","chars":["从"]},{"height":8,"file":"minecraft:font/6fe7e11122a94b148629c4d72690cbbb/c3a4390e395b4fbe8fbde96b5b4b5635.png","ascent":8,"type":"bitmap","chars":["仏"]},{"height":8,"file":"minecraft:font/faa32c81fdc84ff59b5ef25b4eddb941/18f590372fec4fae8b48f8fbc53c4d32.png","ascent":8,"type":"bitmap","chars":["仐"]},{"height":8,"file":"minecraft:font/c9ff2fa31edd4b38bf7cf2d2b0e766b2/e81d52e2e60248189a4635989713ba9b.png","ascent":8,"type":"bitmap","chars":["仑"]},{"height":8,"file":"minecraft:font/40b83a298f2744a8b6797e44d6e408b6/fa81b49db1bd46228b3fcfa1a4ca469e.png","ascent":8,"type":"bitmap","chars":["仒"]},{"height":8,"file":"minecraft:font/4194f8114f134edbac0c67f711d6a64a/bb0f9443ba5d401f86cf273a8a05cfe7.png","ascent":8,"type":"bitmap","chars":["仓"]},{"height":8,"file":"minecraft:font/a3411bca258e4823b2b38561d4a45b53/abd552ebe189436191d36f8864e763c3.png","ascent":8,"type":"bitmap","chars":["仔"]},{"height":8,"file":"minecraft:font/5ff49063713f4cf2b1c0eb88e2c4d466/73865aead4cf43c38c9b318426f8d24c.png","ascent":8,"type":"bitmap","chars":["仕"]},{"height":8,"file":"minecraft:font/3c7757cb7ee0425a9a628ffbbfde25fc/7119945732544466ad3b9181604ebd05.png","ascent":8,"type":"bitmap","chars":["他"]},{"height":8,"file":"minecraft:font/04bb34b84c864b78886f007d7c3de2f3/b4cd10c7dd0a4548a4abecca337aab1b.png","ascent":8,"type":"bitmap","chars":["仗"]},{"height":8,"file":"minecraft:font/06541b44845e446e9da8f599a6ccf527/74d37af9424a4c43815913b3f17315b1.png","ascent":8,"type":"bitmap","chars":["付"]},{"height":8,"file":"minecraft:font/6dde7480892d422cad89da70bf18871b/a5e6414c75314a7dbc9789cd6d3da4c2.png","ascent":8,"type":"bitmap","chars":["仙"]},{"height":8,"file":"minecraft:font/029a9e2d399b40aab3e540e6ae03b787/d66a5f2b715945e6a8cdadbeae3c47d5.png","ascent":8,"type":"bitmap","chars":["仚"]},{"height":8,"file":"minecraft:font/1229bcbde43c4f99ae8af55ca2ef9821/1a03ca5807f24508be640cda091984c9.png","ascent":8,"type":"bitmap","chars":["仛"]},{"height":8,"file":"minecraft:font/9614db5433344ac090e9bc299b191213/5002e097fa8041efad2a110751e29a7f.png","ascent":8,"type":"bitmap","chars":["仜"]},{"height":8,"file":"minecraft:font/1ff02e0c0a4046f0873fc5a99577598e/230863217fa6456f8b8051fa67db6415.png","ascent":8,"type":"bitmap","chars":["仝"]},{"height":8,"file":"minecraft:font/dc2a606b7e084c318a2f8c910efac7c2/b347f07ee42a4fa09b5acc716821e123.png","ascent":8,"type":"bitmap","chars":["仞"]},{"height":8,"file":"minecraft:font/1f05a8160a194c919a2c4c4970c66598/829640c71bcf4c25ba15d617e89a6a98.png","ascent":8,"type":"bitmap","chars":["仟"]},{"height":8,"file":"minecraft:font/a38ff4e1bbee43ad94b2166d6b337c1f/c9bf03624c984f0babe44f6eb76dc693.png","ascent":8,"type":"bitmap","chars":["仠"]},{"height":8,"file":"minecraft:font/5fe9208fceb949a5b3afd920442f139e/b7df639dc804455299257cc49d9fa059.png","ascent":8,"type":"bitmap","chars":["仡"]},{"height":8,"file":"minecraft:font/d0c5049794dc429d92a0751089712eca/f021b669abc84290896b50bfee78b79c.png","ascent":8,"type":"bitmap","chars":["仢"]},{"height":8,"file":"minecraft:font/107665736d654316b200c334377e64e6/a36eb79dee9246a4919e5e1a6520b575.png","ascent":8,"type":"bitmap","chars":["代"]},{"height":8,"file":"minecraft:font/81467e968c924641b6ec4c1a1482c02f/4bc4dd50ea9b48cf9359809aed644f3a.png","ascent":8,"type":"bitmap","chars":["令"]},{"height":8,"file":"minecraft:font/05ca3b0ffeb44c038d020d12fcd95f24/d0464410f9494a40a104f47ff5a91cd3.png","ascent":8,"type":"bitmap","chars":["以"]},{"height":8,"file":"minecraft:font/d0a3ed8c84834d08959128fdfd684d47/f90fa4f963244f7f8a817627961fdd4b.png","ascent":8,"type":"bitmap","chars":["仦"]},{"height":8,"file":"minecraft:font/4fc231a7c7384aeea67b94cc9fdd96c0/78a89026ff8b4bcea941383a67c77618.png","ascent":8,"type":"bitmap","chars":["仧"]},{"height":8,"file":"minecraft:font/c0aba1e44b34426892c616f2487bd3b5/e8b3d4d34e5c41e7a35557e18796b7b7.png","ascent":8,"type":"bitmap","chars":["仨"]},{"height":8,"file":"minecraft:font/1bc0721f3e7041c394b1cd5c45a3fe70/a9532886ad0443a88dce26887093ceb4.png","ascent":8,"type":"bitmap","chars":["仩"]},{"height":8,"file":"minecraft:font/826d420fd7844e66acc32363559b804e/ffb76599542a46628fa40561de8fed13.png","ascent":8,"type":"bitmap","chars":["仪"]},{"height":8,"file":"minecraft:font/5a2b9f4f0d454c7aa583caac17fe6be8/06aad02a330c40218f9770233c231286.png","ascent":8,"type":"bitmap","chars":["仫"]},{"height":8,"file":"minecraft:font/87a1dfeb433c45e6a32e529b30e7507d/ad1b4cffe82748aea1fe7fd4a432df02.png","ascent":8,"type":"bitmap","chars":["们"]},{"height":8,"file":"minecraft:font/cc30e55ee43d4f04aeff00fc7a21e400/4cb6a5b5e1094719baf3ac37e32eaeeb.png","ascent":8,"type":"bitmap","chars":["仭"]},{"height":8,"file":"minecraft:font/b70fe164a46f45afbb531c7f94c12260/2a9b54fb1e0644c986082e21c048cbfb.png","ascent":8,"type":"bitmap","chars":["仮"]},{"height":8,"file":"minecraft:font/cf53105906e847d6bc0cbdff0552514e/65341daaabeb4133821622dde5b66727.png","ascent":8,"type":"bitmap","chars":["仯"]},{"height":8,"file":"minecraft:font/433f564e7263419d8709886ab685c9f3/41c5016b4b9e463e90ff4ba9d9c99543.png","ascent":8,"type":"bitmap","chars":["仰"]},{"height":8,"file":"minecraft:font/4c412aa6721b4a8b968f8e0adaa9de2d/88a71fe6e5554649b061a56a06f72db8.png","ascent":8,"type":"bitmap","chars":["仱"]},{"height":8,"file":"minecraft:font/a6c0826cfe0741d2808be2aa4414f803/5c11d26f95fa4379bfa196cf4c2d932d.png","ascent":8,"type":"bitmap","chars":["仲"]},{"height":8,"file":"minecraft:font/1db4e43db1d1498aa5c4a724113512ca/04d569ef8f844fa19b9c556c71501611.png","ascent":8,"type":"bitmap","chars":["垗"]},{"height":8,"file":"minecraft:font/35dd824c5a5a4a8fb969631d307d0b66/3c0faa7fb101473ca953ec1ad14f99fc.png","ascent":8,"type":"bitmap","chars":["仳"]},{"height":8,"file":"minecraft:font/1c03c5560ba342ebba992a7ad6fd0302/235be4ba109a412fb23c6c5605e5d7bb.png","ascent":8,"type":"bitmap","chars":["仴"]},{"height":8,"file":"minecraft:font/5e4aafa21bc04d52b2f87c8bae8b8e71/3313de78ada74deda8f6184e2fd9d2bc.png","ascent":8,"type":"bitmap","chars":["仵"]},{"height":8,"file":"minecraft:font/353f18734d4d4a91a6b654cbfcc23ba3/8f4d27d3ad3543b18120fa6a077181ab.png","ascent":8,"type":"bitmap","chars":["件"]},{"height":8,"file":"minecraft:font/846f62ad685242d3833af66aadbc5e32/d3572141219b46cba2760877ce05a435.png","ascent":8,"type":"bitmap","chars":["价"]},{"height":8,"file":"minecraft:font/728a66e576c249e99fe90557e5e5d8bb/7029ced90e4b430d9b77e471a3347446.png","ascent":8,"type":"bitmap","chars":["仸"]},{"height":8,"file":"minecraft:font/7b9bb0317f6e4f21a3268ec5dd0021a7/ee5534c8b95348bdb0c3e10bd1c8d82e.png","ascent":8,"type":"bitmap","chars":["仹"]},{"height":8,"file":"minecraft:font/85267f286b304e629178a9aa3b1b3f80/f2a4cc61f4a7411fa2a5a9355a8f7cbf.png","ascent":8,"type":"bitmap","chars":["仺"]},{"height":8,"file":"minecraft:font/4363813f52df4642a3ab930bc100b77c/e5c22646ef0f4e5aaa348da2d1dd280c.png","ascent":8,"type":"bitmap","chars":["任"]},{"height":8,"file":"minecraft:font/a08343ca781b4c4f99a08d9f69bb2d25/e5615ec6a37741f8989f8b416b65527a.png","ascent":8,"type":"bitmap","chars":["仼"]},{"height":8,"file":"minecraft:font/e98905d785c3409fb22415252a2b2123/806bd7db5e184f34ab2861fe4075c7d8.png","ascent":8,"type":"bitmap","chars":["份"]},{"height":8,"file":"minecraft:font/e680585404ad44c49e3204f004e79265/7735993c47514d49ac46035b0da6b503.png","ascent":8,"type":"bitmap","chars":["仾"]},{"height":8,"file":"minecraft:font/1181142a195e4be0bf3687cddc730f86/4bf096fa2a91424fa80f4c6ea189f46b.png","ascent":8,"type":"bitmap","chars":["仿"]},{"height":8,"file":"minecraft:font/1e92c33397654edba38d1a47bd3d531b/a37c9ad141fa4a888be7b4f7afb20d8a.png","ascent":8,"type":"bitmap","chars":["伀"]},{"height":8,"file":"minecraft:font/e130a22c882c49c398512e2d5490cf34/400af9565540465695708df4b67f980a.png","ascent":8,"type":"bitmap","chars":["企"]},{"height":8,"file":"minecraft:font/6a41f1401a4043c2b61df628968c5bf2/3d153cf8a7a54156ac7f76fed0c67866.png","ascent":8,"type":"bitmap","chars":["伂"]},{"height":8,"file":"minecraft:font/4c91562c60954c3ebf31990411c8d025/e318fe3530524bce8b7bf07fafdbf691.png","ascent":8,"type":"bitmap","chars":["伃"]},{"height":8,"file":"minecraft:font/1246e13e799e4152aab1731a7cea2031/d37636dd3c7040cb8f3e134affb9fc46.png","ascent":8,"type":"bitmap","chars":["伄"]},{"height":8,"file":"minecraft:font/ba1e3ae84b0b43d1a1a4d1ed2647fe7e/d4e54f90227e4ea590cdedbb46624918.png","ascent":8,"type":"bitmap","chars":["伅"]},{"height":8,"file":"minecraft:font/59d4d4e04aef44d682a690d1cf56da90/ad593fa7957042428a80b66bdf3dbf80.png","ascent":8,"type":"bitmap","chars":["伆"]},{"height":8,"file":"minecraft:font/d71138c4f46440009a44d39dfb47c5ae/bfd4459b31ec473bba3559acbd2f1115.png","ascent":8,"type":"bitmap","chars":["伇"]},{"height":8,"file":"minecraft:font/e8ddbafb7fb241e4862963e543db9c55/a3eaf534178040dea7f3b8a4881a5f67.png","ascent":8,"type":"bitmap","chars":["伈"]},{"height":8,"file":"minecraft:font/4f9c8bce6f8a47379a8d5031a98c30e9/b6962640a447472da322392761cf497b.png","ascent":8,"type":"bitmap","chars":["伉"]},{"height":8,"file":"minecraft:font/7f47825c58cd4af59ab40a60f97c70ce/c30725ae994a4ba0b4fd8d5eda1564d4.png","ascent":8,"type":"bitmap","chars":["伊"]},{"height":8,"file":"minecraft:font/dc2e5e18682c412aabf36a07bf4e6185/05760bfcd81e44cababe8d3e3200800d.png","ascent":8,"type":"bitmap","chars":["伋"]},{"height":8,"file":"minecraft:font/8252bdd6683945c99677cdbe03e17bab/d8cf771d544847eca760f891e3cbd686.png","ascent":8,"type":"bitmap","chars":["伌"]},{"height":8,"file":"minecraft:font/4f335953f6b046b88fdb7582de3b6b0f/4d59638bea3a45ee9a733deef3d7ccaa.png","ascent":8,"type":"bitmap","chars":["伍"]},{"height":8,"file":"minecraft:font/f10c0ca5155b48dfb5e88f2bf91edfaa/e687cc1575fc4ef78a8e5928eb5ab67a.png","ascent":8,"type":"bitmap","chars":["伎"]},{"height":8,"file":"minecraft:font/77f1e8514b064a70b6b15aeeb4e477a0/ef9b187834df456f8946b11b3dc8763d.png","ascent":8,"type":"bitmap","chars":["伏"]},{"height":8,"file":"minecraft:font/cf05439d4b7b4f6c80522d1223b9a623/cf5734ff0b054322a098259504cdc38c.png","ascent":8,"type":"bitmap","chars":["伐"]},{"height":8,"file":"minecraft:font/9317d6a6cc22469889b6d4ee59cb47b4/e6bb9666b0c74a3cb002aa926dff5553.png","ascent":8,"type":"bitmap","chars":["休"]},{"height":8,"file":"minecraft:font/f8db6e6f591a4d47bff96f53cd77b9e7/61d5a0e6082941539639b10b35e9c91c.png","ascent":8,"type":"bitmap","chars":["伒"]},{"height":8,"file":"minecraft:font/5a88b72a00894974943498f210305b0a/08641be8d46d4aa28dd29ca3b177c2cf.png","ascent":8,"type":"bitmap","chars":["伓"]},{"height":8,"file":"minecraft:font/11da5a1db9c24fcd8e0e014af93350a2/f3b4f36475924ddabbc796de1a314ad1.png","ascent":8,"type":"bitmap","chars":["伔"]},{"height":8,"file":"minecraft:font/c8dc016745694f81b919b50db1e0100b/f403f76dc67544e79e794b86789e8cd3.png","ascent":8,"type":"bitmap","chars":["伕"]},{"height":8,"file":"minecraft:font/1531b752b77941deacee93e672df0f5d/3c1789c1a9134a81b7973156e3065b29.png","ascent":8,"type":"bitmap","chars":["伖"]},{"height":8,"file":"minecraft:font/56e671c03c4246e59ad15625232bee15/f572b867f58848a9ae2977e102e7531c.png","ascent":8,"type":"bitmap","chars":["众"]},{"height":8,"file":"minecraft:font/8946dd8c724f42f5804dbcd5cab15488/234ff65ced9444af99bb76af8a1b17cb.png","ascent":8,"type":"bitmap","chars":["优"]},{"height":8,"file":"minecraft:font/c3d940a8d59a431c93027d0d94528058/196aaa2ae2cc4747909df2e317b26a14.png","ascent":8,"type":"bitmap","chars":["伙"]},{"height":8,"file":"minecraft:font/f50378edc63e445ca998d1cca9e95062/7a14d1f4b43744c1985abf4b7a384883.png","ascent":8,"type":"bitmap","chars":["会"]},{"height":8,"file":"minecraft:font/7bbe2a7111094828acc7b173f1125e96/b20bb5af90604784bce09c4b693e5da0.png","ascent":8,"type":"bitmap","chars":["偹"]},{"height":8,"file":"minecraft:font/da3de612e32845f7870f9656edc65b93/5b6228c3aec44851b912be24e72d9ce0.png","ascent":8,"type":"bitmap","chars":["偺"]},{"height":8,"file":"minecraft:font/955199bfcf5948618c3922e87ff4738e/95049756dbc94c44b8454b4b8a3a64c7.png","ascent":8,"type":"bitmap","chars":["偻"]},{"height":8,"file":"minecraft:font/2dec34303e07406399a8962ea7e63abf/0aea0613dd694844aed1982303c21819.png","ascent":8,"type":"bitmap","chars":["偼"]},{"height":8,"file":"minecraft:font/32d93e937dfb40578c821eb5774f7305/81413b92bbe94191826a51c41ee67368.png","ascent":8,"type":"bitmap","chars":["偽"]},{"height":8,"file":"minecraft:font/00c4a340c7654a3692f83e3ce945ea90/b7f191480f884a3a879c3536624368bd.png","ascent":8,"type":"bitmap","chars":["偾"]},{"height":8,"file":"minecraft:font/8191a72b2c0149d8af06c4a16e231b7f/a3554831af234f2d9b609ab6d14c886c.png","ascent":8,"type":"bitmap","chars":["偿"]},{"height":8,"file":"minecraft:font/9f906ab4a4574e118cdd7e58af56b02a/50fbdfcfa43148fc8ecc87e7f679f156.png","ascent":8,"type":"bitmap","chars":["傀"]},{"height":8,"file":"minecraft:font/d6781ef1c2ad4d4b973b9a622a4dbd9e/25c2a0c12f4f413f98661efd291f2b74.png","ascent":8,"type":"bitmap","chars":["傁"]},{"height":8,"file":"minecraft:font/9f5b1b5cffeb48df9f82c28ba142cfa6/602d1cc0c7244686a3b0de0dfd7b99e8.png","ascent":8,"type":"bitmap","chars":["傂"]},{"height":8,"file":"minecraft:font/89a7aa80c95d4910a4442edd3277eca8/1bad962e4b1644e4b752719d746c71ff.png","ascent":8,"type":"bitmap","chars":["傃"]},{"height":8,"file":"minecraft:font/ae72b0bd332049ea85ff62815564db92/9b619ba9c5ae4a17a746e650b5e1a588.png","ascent":8,"type":"bitmap","chars":["傄"]},{"height":8,"file":"minecraft:font/c973f0ac60664e74a78f7e2193e0ce8b/ce33ddb6ec594d1895400af69d727900.png","ascent":8,"type":"bitmap","chars":["傅"]},{"height":8,"file":"minecraft:font/a58b8f0647354a6da7ab0a5a011c791c/bcf00f99b06f42ed86acdb7038020dec.png","ascent":8,"type":"bitmap","chars":["傆"]},{"height":8,"file":"minecraft:font/f140a138bbdc42d8ab8d36adfde70c86/9e150d89d139445aa59090376f0ce02b.png","ascent":8,"type":"bitmap","chars":["傇"]},{"height":8,"file":"minecraft:font/01708a73d86e4067859959e496236231/95d92d5190bf4ae08eb99b6c18e867f7.png","ascent":8,"type":"bitmap","chars":["傈"]},{"height":8,"file":"minecraft:font/ab852efdfd8048c9983e605fb7f549df/a2add67f44994b6aa3f46fdb82f6ac3e.png","ascent":8,"type":"bitmap","chars":["傉"]},{"height":8,"file":"minecraft:font/e1e470461a174b68b0ee48400e2edbbc/8da3a40686114580a4694ff95e121e0e.png","ascent":8,"type":"bitmap","chars":["傊"]},{"height":8,"file":"minecraft:font/453382a7b5c3447da97f37aaa7f597fb/ab9acdba532140bd84fadfbc3e69f90c.png","ascent":8,"type":"bitmap","chars":["傋"]},{"height":8,"file":"minecraft:font/3f04d27fbf7f467db321f7b129249652/177f2b2efc8949bba0536d7c3f06733c.png","ascent":8,"type":"bitmap","chars":["傌"]},{"height":8,"file":"minecraft:font/fa92d13c6fa74e248d52f636ac31cfb9/37f6ff80a6174a0fbf9f2a369b86639b.png","ascent":8,"type":"bitmap","chars":["垃"]},{"height":8,"file":"minecraft:font/7947bf85a1064fe9ab3830a9365946da/063388f3727f426e93fe6c0399921d2f.png","ascent":8,"type":"bitmap","chars":["垄"]},{"height":8,"file":"minecraft:font/8808772f4daa454ca804b312d0d3c8a3/f2ca56541e1b42e8ba0cea218aadc9c4.png","ascent":8,"type":"bitmap","chars":["垅"]},{"height":8,"file":"minecraft:font/704c7b6a5e61444abc05cefb78e2ac24/ee975ad1ade5452193abded5cdb9f512.png","ascent":8,"type":"bitmap","chars":["垆"]},{"height":8,"file":"minecraft:font/d5b3bb0ddcdd4ac4b7258144fa3ae0b8/50ef6749820a4cb68d1a72809786bb30.png","ascent":8,"type":"bitmap","chars":["垇"]},{"height":8,"file":"minecraft:font/ac0eb5dd76d44016901e32a051ba2211/61a6baf7e2a047c796a0ce21dd6d292d.png","ascent":8,"type":"bitmap","chars":["垈"]},{"height":8,"file":"minecraft:font/1eed09f801224deb9475c5e11c240342/70d6a5746717416f97490c075e681298.png","ascent":8,"type":"bitmap","chars":["垉"]},{"height":8,"file":"minecraft:font/2ce35861b8164efe8179f51ca62907df/5466b2762ce64c8484b1277224fa4e7e.png","ascent":8,"type":"bitmap","chars":["垊"]},{"height":8,"file":"minecraft:font/36f66980ee3e4d5d874a609ef8cfb808/eb68852868494e3bbe504763529e9428.png","ascent":8,"type":"bitmap","chars":["型"]},{"height":8,"file":"minecraft:font/66a25acfed534ef7b94a5c385675ba66/e3aa9b0c3a864f07905888b305155785.png","ascent":8,"type":"bitmap","chars":["垌"]},{"height":8,"file":"minecraft:font/6f5d1eedeac04cd5897b157ad92cd5a8/91838853b3eb472d8f74e633e8d7dbb0.png","ascent":8,"type":"bitmap","chars":["垍"]},{"height":8,"file":"minecraft:font/c9f73ac412da423097acf81d679c5e87/f72111a7d9d945c0887a2b4ecc9d526f.png","ascent":8,"type":"bitmap","chars":["垎"]},{"height":8,"file":"minecraft:font/964df4e81a814664a025f9decf65f053/89380e38310244acbf67273967dc2555.png","ascent":8,"type":"bitmap","chars":["垏"]},{"height":8,"file":"minecraft:font/a2913a7fe1b349f8a3295d6cebb419f9/6c729c68eac44c7cb787c97040cabcd7.png","ascent":8,"type":"bitmap","chars":["垐"]},{"height":8,"file":"minecraft:font/35554c2c71e74e368e576603066c3291/b3b39902b883432ca9bf5905cb89bb40.png","ascent":8,"type":"bitmap","chars":["垑"]},{"height":8,"file":"minecraft:font/c4fde99394b64d28a98823bae7f75d47/885a1c68fd2a4c4ba946f3898b8d798d.png","ascent":8,"type":"bitmap","chars":["垒"]},{"height":8,"file":"minecraft:font/13b903efe54943db90b4cbd50e7a98c6/d931be6f0d0b432ea12a3efc3eb57f6e.png","ascent":8,"type":"bitmap","chars":["垓"]},{"height":8,"file":"minecraft:font/e99cecc9a65e4088b70d6552b10e6756/092a3cd3050a4921ac1dce95add3313a.png","ascent":8,"type":"bitmap","chars":["垔"]},{"height":8,"file":"minecraft:font/c4811db174354516a1715759988406c4/1113396307eb434b907f298136d213c4.png","ascent":8,"type":"bitmap","chars":["垕"]},{"height":8,"file":"minecraft:font/738c317ea8354818bfd028b6903d0151/0837ef3908184e758152e28434e05158.png","ascent":8,"type":"bitmap","chars":["垖"]},{"type":"bitmap","file":"font/pixel.png","ascent":-1000,"height":-2,"chars":["ᨓ"]},{"type":"bitmap","file":"font/pixel.png","ascent":-10000,"height":1,"chars":["ᨒ"]},{"type":"bitmap","file":"font/pixel.png","ascent":-10000,"height":-2,"chars":["⻙"]}]}