{"providers":[{"height":8,"file":"minecraft:font/6c4d98d904c241ed9811c0e64c8303d8/19f3f42ca91a4b2abf183e06956a0b93.png","ascent":8,"type":"bitmap","chars":["垚"]},{"height":16,"file":"minecraft:font/0708a08b0b3f44049047b51bf3cc95cb/44789d7da788407f89ea1334a9d7399e.png","ascent":16,"type":"bitmap","chars":["一"]},{"height":8,"file":"minecraft:font/1621fbd2d2724106bb1ae9eb7536951b/0cddcbcf865546d991fc805ebe85d7c5.png","ascent":8,"type":"bitmap","chars":["丁"]},{"height":8,"file":"minecraft:font/6e9e68bcbaa84090829a666f7f40dee1/c97a7061761d41aba083808f90c157bc.png","ascent":8,"type":"bitmap","chars":["垛"]},{"height":8,"file":"minecraft:font/eb860af9b8c94b8787a7119d21173a62/04bb5c9543a943bb9c3a7661bbe16b2e.png","ascent":8,"type":"bitmap","chars":["丂"]},{"height":8,"file":"minecraft:font/3d005d3794944fcc8f7acbe17691b9d4/831125dba51a495dbc59a06c26d14530.png","ascent":8,"type":"bitmap","chars":["七"]},{"height":8,"file":"minecraft:font/2d8b1b59677c4731b0832a8bb1968d68/7e63cef42ac14feab06ceab485a73447.png","ascent":8,"type":"bitmap","chars":["丄"]},{"height":8,"file":"minecraft:font/a4068173a48f4f80ad9729010e7ef99e/84d6b5a8d632409baa9d61864ca0359c.png","ascent":8,"type":"bitmap","chars":["丅"]},{"height":8,"file":"minecraft:font/d7d70c7e5e7f42f0a2817285d0f7946b/7b5e0048d4d5477ea930b8a43dba1c7e.png","ascent":8,"type":"bitmap","chars":["丆"]},{"height":8,"file":"minecraft:font/3795c461e30f40b99ad43242318e40ac/9a3cd7d9e5d04dd99b33e2b862b723b7.png","ascent":8,"type":"bitmap","chars":["万"]},{"height":8,"file":"minecraft:font/7234fc10f9884d92b3c9c71ef44b090e/9aba03978aac4ce2b333166adfaf11c3.png","ascent":8,"type":"bitmap","chars":["丈"]},{"height":8,"file":"minecraft:font/776fce491c5345488879bca051df0cf0/b80e8ba700a44f5eab44134add05f05c.png","ascent":8,"type":"bitmap","chars":["三"]},{"height":8,"file":"minecraft:font/d0ddad8f74da442288dd74462b87b470/f6c409f1c51d40ed9affa6a20171cc87.png","ascent":8,"type":"bitmap","chars":["上"]},{"height":8,"file":"minecraft:font/b706b5d6120046c884e76dd950164e48/fe1f571d90434df086e5f96a10899657.png","ascent":8,"type":"bitmap","chars":["下"]},{"height":8,"file":"minecraft:font/e7ad4b3f566f4151a22b31cc3069a6a8/f1558bbfeeb049a2a61d3ee45e4b262d.png","ascent":8,"type":"bitmap","chars":["丌"]},{"height":8,"file":"minecraft:font/81c754ebb5a54f70978b37b04effc3fb/dfbee6eab47949b7b307349f9f79bc69.png","ascent":8,"type":"bitmap","chars":["不"]},{"height":8,"file":"minecraft:font/55bce607dee14730a0ea58ef3a599ea7/abe0483de85c425db99e24484d668c8a.png","ascent":8,"type":"bitmap","chars":["与"]},{"height":8,"file":"minecraft:font/3b774c7cfa5d46cfa1024f6b7af28f14/eb5e2ec8f01143e7988df3cc201a3d71.png","ascent":8,"type":"bitmap","chars":["丏"]},{"height":8,"file":"minecraft:font/d51b83e217fd4b299b20d311cc0621fd/62fe7ac38830483d810881ba4a9b3aaa.png","ascent":8,"type":"bitmap","chars":["丐"]},{"height":8,"file":"minecraft:font/0202f1fef73e4472b611c293b2a3c592/0afc47a8d3d4458094b9969781aede7b.png","ascent":8,"type":"bitmap","chars":["丑"]},{"height":8,"file":"minecraft:font/a9dcb3ee09994f15bdbe5d148e09a662/92a72d1d31594c1db9221e586165bf7e.png","ascent":8,"type":"bitmap","chars":["丒"]},{"height":8,"file":"minecraft:font/5aca54b10342458480b87b54667eecc2/535f6f9e39944e99b487a04251702656.png","ascent":8,"type":"bitmap","chars":["专"]},{"height":8,"file":"minecraft:font/b1e6f6574dd24c5aa25f946721559413/f786f4d49e8448cfa81fd96ace7777ac.png","ascent":8,"type":"bitmap","chars":["且"]},{"height":8,"file":"minecraft:font/c9309faabcf045a69100c14be2824b50/f92c632b1b69467e9bda06a051950e20.png","ascent":8,"type":"bitmap","chars":["丕"]},{"height":8,"file":"minecraft:font/60eddea36ab743bb80b93a6ace82a646/114c0481e105488f8511714b9b1b5cc6.png","ascent":8,"type":"bitmap","chars":["世"]},{"height":8,"file":"minecraft:font/85ed80ff7e0f416d941e520ae1d226e3/e95118cff9c8428f9f25dba80dfdb9d1.png","ascent":8,"type":"bitmap","chars":["丗"]},{"height":8,"file":"minecraft:font/89b19427cc374ac5a66aba6b452ea84d/0643725a3e5846d581dc6e3777acd5e3.png","ascent":8,"type":"bitmap","chars":["丘"]},{"height":8,"file":"minecraft:font/21dad68362d443fd8c9ef95f050b412e/097e259f15ea4bcb985494ebfd429233.png","ascent":8,"type":"bitmap","chars":["丙"]},{"height":8,"file":"minecraft:font/c80db990563a4d19962075ec9e04a9d5/4ff96e99b00e4704981f659feb8c3699.png","ascent":8,"type":"bitmap","chars":["业"]},{"height":8,"file":"minecraft:font/c0e7de3a3b804ab3b9fb2b0bda114893/4fa8ffc92ad344c1a460a9ee509c1abe.png","ascent":8,"type":"bitmap","chars":["丛"]},{"height":8,"file":"minecraft:font/34ff8abf9b204a288150b5bc29b62bfa/56f9eb0169674d57a61f193433d113e6.png","ascent":8,"type":"bitmap","chars":["东"]},{"height":8,"file":"minecraft:font/b15b5b0dad644d65b29e0dcce35e433c/35e25c478a104a26a00f0df11de9a5e1.png","ascent":8,"type":"bitmap","chars":["丝"]},{"height":8,"file":"minecraft:font/457c160b6f9142099088f59604939c9d/d881cd0d94484c0888afbf586a133a29.png","ascent":8,"type":"bitmap","chars":["丞"]},{"height":8,"file":"minecraft:font/25f416c6ecf34d1c89612f057c9c60bc/533606d105df468b9cef1235c7cfa887.png","ascent":8,"type":"bitmap","chars":["丟"]},{"height":8,"file":"minecraft:font/6d06836016294ec494e41d3f9108d525/36eae2f1dace42f4b0f77470c63e0330.png","ascent":8,"type":"bitmap","chars":["丠"]},{"height":8,"file":"minecraft:font/4d1c7289cb5743f09f61aef35202ecba/fcf15328674749a9a562ecc9cebfec5c.png","ascent":8,"type":"bitmap","chars":["両"]},{"height":8,"file":"minecraft:font/5130f41eb5494727a6000c6dff422ef0/10af7e6432544da2857cd95a13cb17fb.png","ascent":8,"type":"bitmap","chars":["丢"]},{"height":8,"file":"minecraft:font/87fe5c8a73884e72a03b9951d40bcf08/f96ea69371d24302b500835a39577b97.png","ascent":8,"type":"bitmap","chars":["丣"]},{"height":8,"file":"minecraft:font/577d39be29814e1cb1873da69fef7f5e/9bf1b6bcd8aa4b73b053f13eca635380.png","ascent":8,"type":"bitmap","chars":["两"]},{"height":8,"file":"minecraft:font/6c8b9de0e189441594226cbf04bb08c0/49a880dca6494a36867d721b9453c1ce.png","ascent":8,"type":"bitmap","chars":["严"]},{"height":8,"file":"minecraft:font/92f33f80932a4da6aff09b4b3f9bcd4a/6e6f4203526e460098c70fb06d19901b.png","ascent":8,"type":"bitmap","chars":["並"]},{"height":8,"file":"minecraft:font/19b95c7a7ce84187afdc0f7262511453/f703541ef63a40d280dd55f57dbc7682.png","ascent":8,"type":"bitmap","chars":["丧"]},{"height":8,"file":"minecraft:font/ec4c0ba805794a6ebbc204bce6e7fbdd/197574fb86e549d591d49f3ffd18f53b.png","ascent":8,"type":"bitmap","chars":["丨"]},{"height":8,"file":"minecraft:font/4833640229c1422c8c26db4d3de7efe1/6e19cc718941458591a2cdc852546714.png","ascent":8,"type":"bitmap","chars":["丩"]},{"height":8,"file":"minecraft:font/47de549abff342bfa8545a5b103c40eb/9b498a336042463bb993e84018e6e919.png","ascent":8,"type":"bitmap","chars":["个"]},{"height":8,"file":"minecraft:font/7b683ac0379e4241a5b2facabb51735a/064b0ed9f1e84980b685edd6382191a0.png","ascent":8,"type":"bitmap","chars":["丫"]},{"height":8,"file":"minecraft:font/e000a968acc347bc9891b9281a22a34d/4ebbdd5c2e8445ad9723ba27f8dcf82f.png","ascent":8,"type":"bitmap","chars":["丬"]},{"height":8,"file":"minecraft:font/a04ed19ca2df4a739bed12bb2f49406e/e0435eb4f11e4b719c91164b814ce476.png","ascent":8,"type":"bitmap","chars":["中"]},{"height":8,"file":"minecraft:font/90d1cd2468a04c8887d7ffdef5efe51e/88102145293949f98f7befa714c8a896.png","ascent":8,"type":"bitmap","chars":["丮"]},{"height":8,"file":"minecraft:font/beafbed5bbb64b118b3fe15ec40de814/34353b02a5744ba493eda3ce98e63a95.png","ascent":8,"type":"bitmap","chars":["丯"]},{"height":8,"file":"minecraft:font/6cdad727f23947b4b98036f405f02d0e/9098da725b3e4c13970d183fde7b6371.png","ascent":8,"type":"bitmap","chars":["丰"]},{"height":8,"file":"minecraft:font/1611c43985fe406ea506b8d403e04c0d/14f5de6abe984085aff9f4d3b241c9e6.png","ascent":8,"type":"bitmap","chars":["丱"]},{"height":8,"file":"minecraft:font/5d7870c3916e42e796f80b31357dab2d/2b995e175154455997bdd7b77e16f0e0.png","ascent":8,"type":"bitmap","chars":["串"]},{"height":8,"file":"minecraft:font/7cb75b6f6a0343fb93fc0a437f00d047/546f2cd7d3c0412e88851205eb3cf546.png","ascent":8,"type":"bitmap","chars":["丳"]},{"height":16000,"file":"minecraft:font/7e566c39b92a434f921e15e793c59c74/0a594b70815d4bf5b81911288e6f4ab6.png","ascent":16000,"type":"bitmap","chars":["垙"]},{"height":8,"file":"minecraft:font/cf2dc4efa94c46c99edf17be6a02fa5d/b46b7322409a41caaddf383e2c32203b.png","ascent":8,"type":"bitmap","chars":["亖"]},{"height":8,"file":"minecraft:font/602882cf6b2a4f648347e2c0a65d7760/bc3675d381ce4f22bae64ac0c1397cfd.png","ascent":8,"type":"bitmap","chars":["亗"]},{"height":8,"file":"minecraft:font/67a1ff27f8524020bf96ef0a1c918a29/181cfdaa845f4442ab9f8e0a33db7667.png","ascent":8,"type":"bitmap","chars":["亘"]},{"height":8,"file":"minecraft:font/eeccd6e3e4924e3d947813a207ca8e3e/19d2713ef5234e0da1073e819c24055e.png","ascent":8,"type":"bitmap","chars":["亙"]},{"height":8,"file":"minecraft:font/bb351daf01964c11b193d77fbc2c7bd0/b32e7c1865094000b1dad11da3a206fa.png","ascent":8,"type":"bitmap","chars":["亚"]},{"height":8,"file":"minecraft:font/563758d144924cc4ab4f14f8b2f424af/bf16dd9917034130ac84ab80238c620c.png","ascent":8,"type":"bitmap","chars":["些"]},{"height":8,"file":"minecraft:font/ce6950d6b4984553a1927498965771ce/78c65db263d3437a86075cfbf1360bfd.png","ascent":8,"type":"bitmap","chars":["亜"]},{"height":8,"file":"minecraft:font/3316c0af59484d74b3dcda1aea3a9f6c/877ace49307d47a98d7eadd9796e957f.png","ascent":8,"type":"bitmap","chars":["亝"]},{"height":8,"file":"minecraft:font/d3c0c43282b743ee9c7e17b98c4403fd/2aa6572af03b480ba8873a2f6ebc5514.png","ascent":8,"type":"bitmap","chars":["亞"]},{"height":8,"file":"minecraft:font/3c90c24bc16648b7b462df74a1d0e5fc/2469c90fcfdf4c45887e6d7ce865f896.png","ascent":8,"type":"bitmap","chars":["亟"]},{"height":8,"file":"minecraft:font/51e8be30213d43ab84b8c850fed52a16/cbdbeab5806742cb8a90421b9d17418a.png","ascent":8,"type":"bitmap","chars":["亠"]},{"height":8,"file":"minecraft:font/c66179ab5033445fa337521d1723c6cc/1e85dbda73154c5aa760a76973e44a40.png","ascent":8,"type":"bitmap","chars":["亡"]},{"height":8,"file":"minecraft:font/a13b5d204a7e4cd5aec6882ebf063425/9425b3d296a0405e9eea5b0642ac8d89.png","ascent":8,"type":"bitmap","chars":["亢"]},{"height":8,"file":"minecraft:font/a177d31a55a84fd7b5efc19e54ef1099/1e9a50c08d714a958daf553e1cdac6ce.png","ascent":8,"type":"bitmap","chars":["亣"]},{"height":8,"file":"minecraft:font/48374618953d4ee184bc7aa45578e78c/ec31862c4b10434bb17154d5b157cb77.png","ascent":8,"type":"bitmap","chars":["交"]},{"height":8,"file":"minecraft:font/e14106cc0fda413ca38eaecedecca1a3/3e0cfefe03cd46e7a045ed367cdb9edf.png","ascent":8,"type":"bitmap","chars":["亥"]},{"height":8,"file":"minecraft:font/8db7cee6ead64dffb7751f001fe118dd/512bc48ff4834a5db3a902975c2114cf.png","ascent":8,"type":"bitmap","chars":["亦"]},{"height":8,"file":"minecraft:font/50fe903827334054a7a98e66e3f0952c/99705d421ecc4d2c86d22ac852a2dad4.png","ascent":8,"type":"bitmap","chars":["产"]},{"height":8,"file":"minecraft:font/90ff71d44dbd47b9a49fe296464e48d5/ea10b48b37e24b65845cbdacfe30cd0b.png","ascent":8,"type":"bitmap","chars":["亨"]},{"height":8,"file":"minecraft:font/598c85e0502e44e495f0d2bd976c41f2/c78d48f2a1a64389869743f99a6fa08d.png","ascent":8,"type":"bitmap","chars":["亩"]},{"height":8,"file":"minecraft:font/18b4bd36f5c84567bd218be9cd909fe7/36351b145195492997599aa7b5b668a9.png","ascent":8,"type":"bitmap","chars":["亪"]},{"height":8,"file":"minecraft:font/2e5930a9c5994f529f573b6c4e5c3564/966a8a0190de40aba4ea9a5ca942f8ed.png","ascent":8,"type":"bitmap","chars":["享"]},{"height":8,"file":"minecraft:font/5ffcd1bc91a8447e90e7316105d3a17a/a37a7b200b2c464d91a8569bb47eee48.png","ascent":8,"type":"bitmap","chars":["京"]},{"height":8,"file":"minecraft:font/573591f97b3e4d97aa60bda3eba4c557/5eced3fbc40649f38dbbf1da742e8768.png","ascent":8,"type":"bitmap","chars":["亭"]},{"height":8,"file":"minecraft:font/15df67f43f3a4a6b91ee8b669c161ee1/fc6ca3ca1b9c4252baadb4598c10e38f.png","ascent":8,"type":"bitmap","chars":["亮"]},{"height":8,"file":"minecraft:font/2f634a39b96b4b64980596d362b79749/0b85273ab1d24b098f2fbf6c467e6407.png","ascent":8,"type":"bitmap","chars":["亯"]},{"height":8,"file":"minecraft:font/d5a1b92a03654f62973f379caa8ac438/4a6e363a725548f886f266681f4be1a5.png","ascent":8,"type":"bitmap","chars":["亰"]},{"height":8,"file":"minecraft:font/abe27e9ecf5d4ab0b2c037002e74c54f/80d6a846e4cb4ae498949b73f8328d77.png","ascent":8,"type":"bitmap","chars":["亱"]},{"height":8,"file":"minecraft:font/59fbbfca56d643feb0abb494f7b7c2f5/af4184a9d30b4521b7b5ca8a6f31546e.png","ascent":8,"type":"bitmap","chars":["亲"]},{"height":8,"file":"minecraft:font/7ae4a167648d4a63837965a5964fedbe/66398d02797e4074b4613ab9120aad92.png","ascent":8,"type":"bitmap","chars":["亳"]},{"height":8,"file":"minecraft:font/1f06492cd8d0418f8a8efa2a0bd1e0f5/ff5e7089f4cb4560a9c886a16862a62f.png","ascent":8,"type":"bitmap","chars":["亴"]},{"height":8,"file":"minecraft:font/e6e29b53cc8d44f8ac71ae621539a93d/ab7a777f86a94e9faabdc242f33e6337.png","ascent":8,"type":"bitmap","chars":["亵"]},{"height":8,"file":"minecraft:font/3b9afb11c6ed4c90938492fa97638be9/55a5ee69497046429cf0cf27ed70fac5.png","ascent":8,"type":"bitmap","chars":["亶"]},{"height":8,"file":"minecraft:font/3ea0f3d3bbf449d98cdac3fc86837f88/06911a67c6cf44a7aa32fca8c089ecc2.png","ascent":8,"type":"bitmap","chars":["亷"]},{"height":8,"file":"minecraft:font/4703cdef5b6447788d3039e256a72dbd/b4bf2a34ae69464589d924faa6b9e9b0.png","ascent":8,"type":"bitmap","chars":["亸"]},{"height":8,"file":"minecraft:font/2dba1ecd4c1e46bca78419fa0a4a3cf0/a9104760fe4744a18d94f490e5561eaa.png","ascent":8,"type":"bitmap","chars":["亹"]},{"height":8,"file":"minecraft:font/f97005970b8746b4bce5bf2e1343c7c3/90b518095aca425ea5801ff6c3924f51.png","ascent":8,"type":"bitmap","chars":["人"]},{"height":8,"file":"minecraft:font/a370eeff2a2b4903907e67ed6d1dad1e/15e5d3cbc2454654b5d7f7d93f05db8d.png","ascent":8,"type":"bitmap","chars":["亻"]},{"height":8,"file":"minecraft:font/1d8849bd4c5d4c3b95605ec6b3c2cec1/8b9aff415d2446c1bb0b7652680c0f21.png","ascent":8,"type":"bitmap","chars":["亼"]},{"height":8,"file":"minecraft:font/b63301899467418d87d8d0d016f7841e/6fb8208a593a4e5d96a0262dd4324849.png","ascent":8,"type":"bitmap","chars":["亽"]},{"height":8,"file":"minecraft:font/cabc7849530a4f858161808cb8d63fd9/b002cfc35043443bab8d2cc96ea3df80.png","ascent":8,"type":"bitmap","chars":["亾"]},{"height":8,"file":"minecraft:font/870cd638cf26404fa9f5a0a4a08464d2/6d4cc453b5494d28bedbbbf0d58456e3.png","ascent":8,"type":"bitmap","chars":["亿"]},{"height":8,"file":"minecraft:font/2817d0883d684c22acae2459c1a2c9fd/8274ee18ed314787b396528ffb1ebb07.png","ascent":8,"type":"bitmap","chars":["什"]},{"height":8,"file":"minecraft:font/d039171978f34bda939f2bf29214749c/42174a55db254e7a891be678387e9e91.png","ascent":8,"type":"bitmap","chars":["仁"]},{"height":8,"file":"minecraft:font/1245b309ea154af695bca58082991223/f37ddc16a60e4255a5bc59094101b155.png","ascent":8,"type":"bitmap","chars":["仂"]},{"height":8,"file":"minecraft:font/8778c50cf0314743ba0537deffe7c6c5/c3a0c002d1d44638a49c996b9ce1e1d2.png","ascent":8,"type":"bitmap","chars":["仃"]},{"height":8,"file":"minecraft:font/ce75fc6563304dd8ad2c8fa156267f13/f41c0c706ef24cfbb047440fd8195256.png","ascent":8,"type":"bitmap","chars":["仄"]},{"height":8,"file":"minecraft:font/1decaedaaf1745bd937fbe6694093c93/2e907586ce5f44b8a4f67c5c333e1636.png","ascent":8,"type":"bitmap","chars":["仅"]},{"height":8,"file":"minecraft:font/e446e6e2df534b379274bc11347f51b2/f68ff5f8afb1433dbd1938869d3f5884.png","ascent":8,"type":"bitmap","chars":["仆"]},{"height":8,"file":"minecraft:font/cc9165ae5d374f54a78b46478e519167/33ba7419eca049819066f06955385712.png","ascent":8,"type":"bitmap","chars":["仇"]},{"height":8,"file":"minecraft:font/bebbd829846642718831d5d23e8a8ffb/46a749e94a36456f969357388113a400.png","ascent":8,"type":"bitmap","chars":["仈"]},{"height":8,"file":"minecraft:font/483c0adac5fb4ecf9cb9c1c42c7a29dd/d25a34f2073844afbfdd5448c410d18b.png","ascent":8,"type":"bitmap","chars":["仉"]},{"height":8,"file":"minecraft:font/88d1c57bbb5f42dda16cec9d1e6dda3b/0631dc66bbe840c8a319388561f0b922.png","ascent":8,"type":"bitmap","chars":["今"]},{"height":8,"file":"minecraft:font/709918dcb19944d9a8383a553386e325/a9a2a8abf63145448216f3bb5e97caba.png","ascent":8,"type":"bitmap","chars":["介"]},{"height":8,"file":"minecraft:font/09158f2dffd54f2f9c9f883e5e8cc480/331b03fe61fd48019c440e3ef2609e3f.png","ascent":8,"type":"bitmap","chars":["仌"]},{"height":8,"file":"minecraft:font/e4f4b3469e32487ebdf09e6f9a8f7090/2d9e8e6fb792472eba9649c2419d31c0.png","ascent":8,"type":"bitmap","chars":["仍"]},{"height":8,"file":"minecraft:font/7d60068a6b3140369bb63bb0c5ec6fd8/341d335b1f3d4244801a77ff17a4f108.png","ascent":8,"type":"bitmap","chars":["从"]},{"height":8,"file":"minecraft:font/dc9c19a7d3fb413bbfc5de95ba201993/58884c4baf99438da10ad2c4a32e6ee5.png","ascent":8,"type":"bitmap","chars":["仏"]},{"height":8,"file":"minecraft:font/8941a57cc08247f3864b4ce1c51113ac/c1f1fc58ed9a414b81d9db4d1ba8207a.png","ascent":8,"type":"bitmap","chars":["仐"]},{"height":8,"file":"minecraft:font/b71d7994dd3d4f5899e2d083515763f7/cb7f9ad76e254db7bb0859397475a5f2.png","ascent":8,"type":"bitmap","chars":["仑"]},{"height":8,"file":"minecraft:font/9435510eda1f48e48c5867950457c6ca/7ac29a6697574672b70875ecd52d3cb0.png","ascent":8,"type":"bitmap","chars":["仒"]},{"height":8,"file":"minecraft:font/f1cdde5194154b17972749a77044028f/8be3876c6a034871a074a9c3def84a61.png","ascent":8,"type":"bitmap","chars":["仓"]},{"height":8,"file":"minecraft:font/975193d4210f45b9b51f404a472f5d46/7d591ba1071941e98aadbcb7e07e5de2.png","ascent":8,"type":"bitmap","chars":["仔"]},{"height":8,"file":"minecraft:font/2ec5ee04ba4c4358a4bde4176a1e1bc5/0ddfea0ad04845888066864815ccdf8b.png","ascent":8,"type":"bitmap","chars":["仕"]},{"height":8,"file":"minecraft:font/8272c9145cc74ebdbfb339cbd580d526/9688c75e9d724b0298fc5c50cb646fc7.png","ascent":8,"type":"bitmap","chars":["他"]},{"height":8,"file":"minecraft:font/147dd4b5fed946ebb67ea786e90ad2e1/fcb95cda0dc9484cb796d9b5b0889e57.png","ascent":8,"type":"bitmap","chars":["仗"]},{"height":8,"file":"minecraft:font/d85795a8fd074bcd9eeae6b0292e417a/85e5fa2784c549eea5bb3ec3637b4187.png","ascent":8,"type":"bitmap","chars":["付"]},{"height":8,"file":"minecraft:font/d43143fed80849439bf3bcead082d865/d7b15586bad44b86971a170f0c5901a1.png","ascent":8,"type":"bitmap","chars":["仙"]},{"height":8,"file":"minecraft:font/65d562f5904f42659ad725271790e530/c6e65c701bac454283d44363e58ae97e.png","ascent":8,"type":"bitmap","chars":["仚"]},{"height":8,"file":"minecraft:font/f7943fd8865c44788b5e71eaafb632ba/15a9c9e077e14cf3b68e663d6ce652d2.png","ascent":8,"type":"bitmap","chars":["仛"]},{"height":8,"file":"minecraft:font/2a171cce10ab4931881904352cb86dac/97ce51e8f4f2494394bf79e187511924.png","ascent":8,"type":"bitmap","chars":["仜"]},{"height":8,"file":"minecraft:font/76086252252b470eb896f09a7879e907/37f1dca39afc46b986ae111492fd8190.png","ascent":8,"type":"bitmap","chars":["仝"]},{"height":8,"file":"minecraft:font/ae8f8da92e564fc49b3e9a8b27d6d831/c22986e4b55743e1bbe66046536e0639.png","ascent":8,"type":"bitmap","chars":["仞"]},{"height":8,"file":"minecraft:font/32a4ae83e3624885a484dc492fb3ca31/008453986dc74307806798fc943c1aff.png","ascent":8,"type":"bitmap","chars":["仟"]},{"height":8,"file":"minecraft:font/f180541036a14658b2141f37c156555f/01ad93dbe0eb432fa63787616f0ca034.png","ascent":8,"type":"bitmap","chars":["仠"]},{"height":8,"file":"minecraft:font/5c902ab0c7eb4e428ceebba2aa15aece/584d4d46adfc4129b63cb5f823785326.png","ascent":8,"type":"bitmap","chars":["仡"]},{"height":8,"file":"minecraft:font/02a93a3376bc4b29a6a06e873f7ad7b9/e03cada3ec2d4434a54f5d1e54c1d72c.png","ascent":8,"type":"bitmap","chars":["仢"]},{"height":8,"file":"minecraft:font/2c862c8dc30f4466b97105bad071b770/4587ad91ec574e69844a9c1352e7fd94.png","ascent":8,"type":"bitmap","chars":["代"]},{"height":8,"file":"minecraft:font/d8f51b6ab4bc4d439a546b46cc836bee/2445af6c3ada4c01a75e7d4dfaf3229d.png","ascent":8,"type":"bitmap","chars":["令"]},{"height":8,"file":"minecraft:font/8f56cbcd9c0c470bbf19e22c53d3d365/f05ea0d670da4507ab94141f11873c99.png","ascent":8,"type":"bitmap","chars":["以"]},{"height":8,"file":"minecraft:font/a12449029d6a4b6b91e5fca083a2c55b/f4ee2ab14f4645f99732417c18af2f48.png","ascent":8,"type":"bitmap","chars":["仦"]},{"height":8,"file":"minecraft:font/18048ee3b3d34f4484bee27e24965da3/9c1cf6cdc4a347a78ea333792221ca63.png","ascent":8,"type":"bitmap","chars":["仧"]},{"height":8,"file":"minecraft:font/fccd7ba281654621a2656cfa639ad40b/a5eb22ecd62a468ebc90bafba1743ad9.png","ascent":8,"type":"bitmap","chars":["仨"]},{"height":8,"file":"minecraft:font/7acb1450512e430a84b66783b5fbde9e/8fca17305cf843a7895debaa64eaacb1.png","ascent":8,"type":"bitmap","chars":["仩"]},{"height":8,"file":"minecraft:font/81e4d23d8a724dd5812859aa0c812f5e/3e5217dcf6b44e8e8f800edc825b9bb5.png","ascent":8,"type":"bitmap","chars":["仪"]},{"height":8,"file":"minecraft:font/57df7a5db955450994637b687a956c90/849d22b25da24ac4ae1db5197b1e0d52.png","ascent":8,"type":"bitmap","chars":["仫"]},{"height":8,"file":"minecraft:font/4a63e291d79f4db999fe34a5a35a51d8/90ed0a5913f649a3b1e10c6a47fe4133.png","ascent":8,"type":"bitmap","chars":["们"]},{"height":8,"file":"minecraft:font/856c84c4c1d247019b66378ca107fb1c/ba467155741e4728b019f2e879799fee.png","ascent":8,"type":"bitmap","chars":["仭"]},{"height":8,"file":"minecraft:font/16c9c0cfa53a493b8a71594739f013a0/fe8e6f8b5e134d548ae2aad27f915267.png","ascent":8,"type":"bitmap","chars":["仮"]},{"height":8,"file":"minecraft:font/42fc8a7a371e49cbbb777f2d8436c478/59c6572d63dd4fe99e0daedf002fb3b1.png","ascent":8,"type":"bitmap","chars":["仯"]},{"height":8,"file":"minecraft:font/f7d1a27bd8ca4c81a6d9d33720d954da/48bfb0d3c0e24821b68c4383b63c13a9.png","ascent":8,"type":"bitmap","chars":["仰"]},{"height":8,"file":"minecraft:font/6a21479272f2407dbc307f51e394af91/bc2e5718d0e1451fbf2fdeeddf88f5d2.png","ascent":8,"type":"bitmap","chars":["仱"]},{"height":8,"file":"minecraft:font/89b782f02b1d4e56b3d8c67810e0b69d/499d6c3a9b46464aa2cd875e0a8886c2.png","ascent":8,"type":"bitmap","chars":["仲"]},{"height":8,"file":"minecraft:font/a494571c8a014f568ef9b632d043cd33/911f5095a1564cbbb7482540fb52b2cc.png","ascent":8,"type":"bitmap","chars":["临"]},{"height":8,"file":"minecraft:font/bbbe067e1a6b499985739536fe0dc0aa/ced7f57f442648be99ee65647c479243.png","ascent":8,"type":"bitmap","chars":["丵"]},{"height":8,"file":"minecraft:font/0e7e65318a63429793e9e21251401aaf/7eb7daf5a3fd4eba9944ebbba6a90fd9.png","ascent":8,"type":"bitmap","chars":["丶"]},{"height":8,"file":"minecraft:font/b5bb1a796a2b48528c8eab20d70cf653/c3e8eafd93f44376ac3280f2bdd052f4.png","ascent":8,"type":"bitmap","chars":["丷"]},{"height":8,"file":"minecraft:font/ebd22d0d51a94b8699fc63195a1f98c8/5c0206d8fe0a44588dc7563ef20cf733.png","ascent":8,"type":"bitmap","chars":["丸"]},{"height":8,"file":"minecraft:font/0b56e78a532d407d89a7740de84a5622/45a3f41f6d724b23b93103f7c838d793.png","ascent":8,"type":"bitmap","chars":["丹"]},{"height":8,"file":"minecraft:font/4aa32efd50164133abac639950983489/d0c2bb8e2902410782bca9f67ad8f2ce.png","ascent":8,"type":"bitmap","chars":["为"]},{"height":8,"file":"minecraft:font/9d6279d4bdd645fd9c60531898c4543c/ff3d6a9c3df0448a8e7da2e04f00a985.png","ascent":8,"type":"bitmap","chars":["主"]},{"height":8,"file":"minecraft:font/a7d46a4c2f0a4f63ba2f20d71ca24f34/dc16246951cc475aa9e6163fc5c63773.png","ascent":8,"type":"bitmap","chars":["丼"]},{"height":8,"file":"minecraft:font/e9d421c6c9834b93a39cc63204e2891b/775c19016c4143a8804f866e1df48f94.png","ascent":8,"type":"bitmap","chars":["丽"]},{"height":8,"file":"minecraft:font/729d5fd96f0f4f59b54c2420114195a1/6ec2fcf268774be4be952881d6fb3938.png","ascent":8,"type":"bitmap","chars":["举"]},{"height":8,"file":"minecraft:font/c631309129ad48dda019ff4d7cf974ff/5457bac75f1148b3bfacd90fed9d28eb.png","ascent":8,"type":"bitmap","chars":["丿"]},{"height":8,"file":"minecraft:font/f1027a20a5ef4ab48b7bc7b59f5300db/66a9610f19f94cf2a4058797b1982a44.png","ascent":8,"type":"bitmap","chars":["乀"]},{"height":8,"file":"minecraft:font/3256d2f7ef6c4852836830274a927bd7/f92cab152c8f42f7be3cf9127f1ddedb.png","ascent":8,"type":"bitmap","chars":["乁"]},{"height":8,"file":"minecraft:font/c5750c5a85b24cd080a05564d4b24d45/4b4a977903114473b160ae1a24bde220.png","ascent":8,"type":"bitmap","chars":["乂"]},{"height":8,"file":"minecraft:font/bb65ac736608448d9c318f4719219b03/e43d7c3c0ad54f538b4d52f5bb932729.png","ascent":8,"type":"bitmap","chars":["乃"]},{"height":8,"file":"minecraft:font/ced4e7bfdac74e958186d38f801c38ca/88629779fc6e46dda38784fc93a17a70.png","ascent":8,"type":"bitmap","chars":["乄"]},{"height":8,"file":"minecraft:font/2f6f3e05896c4fa98e850c8348865330/3b50238b8c2a4bd587f501260a40832e.png","ascent":8,"type":"bitmap","chars":["久"]},{"height":8,"file":"minecraft:font/c710dd1e61644164b2be24021d056ced/4ea307eea5554382a4dd011bd1b6af5c.png","ascent":8,"type":"bitmap","chars":["乆"]},{"height":8,"file":"minecraft:font/a1567859c9204ea29bca15423227331d/165890d2b2654b4d96f0f73cafd78795.png","ascent":8,"type":"bitmap","chars":["乇"]},{"height":8,"file":"minecraft:font/f648f1d17ed541e28e2c7385197d3dea/a50d26de05c7462aa9a03aa3059c9814.png","ascent":8,"type":"bitmap","chars":["么"]},{"height":8,"file":"minecraft:font/a41b921a14b44524b14fd888a1280a79/d03c47a8c69b4493ac27714bf4d27469.png","ascent":8,"type":"bitmap","chars":["义"]},{"height":8,"file":"minecraft:font/8ffbd94d4cf54d1d9ece1877c8b8a661/84eee8245e4b4aa39065e2f2092c851c.png","ascent":8,"type":"bitmap","chars":["乊"]},{"height":8,"file":"minecraft:font/20d345b501a34bf4b52d4654866e524d/95f36f26ea344684a25fa7516dcabc61.png","ascent":8,"type":"bitmap","chars":["之"]},{"height":8,"file":"minecraft:font/98c51735a5a949a2ae47e61f2afc65b7/7a54b505982e4789b862efb72ea62ffa.png","ascent":8,"type":"bitmap","chars":["乌"]},{"height":8,"file":"minecraft:font/7830521a9ba8451498fe2f9b3d77c5e0/742dfe88b7944c1e8d255b4aa3c90428.png","ascent":8,"type":"bitmap","chars":["乍"]},{"height":8,"file":"minecraft:font/17a25920218141ddbd12f4d9a2694f3c/d43bd6db164c48b2a27108d53cebc853.png","ascent":8,"type":"bitmap","chars":["乎"]},{"height":8,"file":"minecraft:font/3168889a6aed43b98dd80ffee06f0c1a/9c1ee740ecd34df6816494a8877630b4.png","ascent":8,"type":"bitmap","chars":["乏"]},{"height":8,"file":"minecraft:font/c9758bb7691f470a8daa68fe90df3f86/eee6082baee145d484680c5706497d81.png","ascent":8,"type":"bitmap","chars":["乐"]},{"height":8,"file":"minecraft:font/15bb02016f754030909d578d665d742c/e5da0bc1547a44e79cc5bb2b348b36ae.png","ascent":8,"type":"bitmap","chars":["乑"]},{"height":8,"file":"minecraft:font/aa924973b6164ff7866715f05029c2e1/1daaa9b862b646a79dc9b67afa710719.png","ascent":8,"type":"bitmap","chars":["乒"]},{"height":8,"file":"minecraft:font/b1bd7687246b4105a7c51a72badf7fbb/846935ffbad64369820e73395588d414.png","ascent":8,"type":"bitmap","chars":["乓"]},{"height":8,"file":"minecraft:font/0386a85698934466b7289fbcdbfedabb/c09c3a07cb9b472d8c7df9e39d87c14c.png","ascent":8,"type":"bitmap","chars":["乔"]},{"height":8,"file":"minecraft:font/89c66870e560461485cf3b270c910b2f/b9ff3ab73fb542e59919c06299199487.png","ascent":8,"type":"bitmap","chars":["乕"]},{"height":8,"file":"minecraft:font/f6675fe10d8442b4bf8b62120517c38f/0ec883f8cf4946d3b55b0ea49d25cba1.png","ascent":8,"type":"bitmap","chars":["乖"]},{"height":8,"file":"minecraft:font/6c99a9c24aa54f5fa4a4750a0f49907a/5698118ad16948e98b3d719282be90ce.png","ascent":8,"type":"bitmap","chars":["乗"]},{"height":8,"file":"minecraft:font/85beb927a8c24a95a617e99aba5f3aa0/bbccb6419fe3445db86f1c528ee8f7db.png","ascent":8,"type":"bitmap","chars":["乘"]},{"height":8,"file":"minecraft:font/59956132ef8b4db79e35141254b660d9/a0f100835d1c4cf884aff7a98c805e01.png","ascent":8,"type":"bitmap","chars":["乙"]},{"height":8,"file":"minecraft:font/2012cced569c4c6ba0ec372acb22be73/a81cba8d56bf4a9aa69fca0fc5f15fbf.png","ascent":8,"type":"bitmap","chars":["乚"]},{"height":8,"file":"minecraft:font/1c7cbc78fff0491d97f107ee9a88e9f7/aeaf2ea3c52247e59c8f55073a69eb27.png","ascent":8,"type":"bitmap","chars":["乛"]},{"height":8,"file":"minecraft:font/e76782b94e494133820eed22009c96a8/c49193f4caad43f2a552a22b94c9183b.png","ascent":8,"type":"bitmap","chars":["乜"]},{"height":8,"file":"minecraft:font/7745374e42114d10b8b2b055ce4f524a/78fb8d752ad344f4b297f2af90e86b8f.png","ascent":8,"type":"bitmap","chars":["九"]},{"height":8,"file":"minecraft:font/b245624235db4f3abbab3e5ef45aa0e6/05bdf73dc1f047799603ff515f3343bb.png","ascent":8,"type":"bitmap","chars":["乞"]},{"height":8,"file":"minecraft:font/447079902c2a4b7ba0079716244bb494/ded7f8002e654b83a3e72ce7aaadb790.png","ascent":8,"type":"bitmap","chars":["也"]},{"height":8,"file":"minecraft:font/2492c3f4a0b749639b5ac487e06fd9a4/517546fae31c4c7986372f4a8086f3e0.png","ascent":8,"type":"bitmap","chars":["习"]},{"height":8,"file":"minecraft:font/f4bd0ebde73b422183eb5d50a9ca7534/1d7f50ad242240da815e09f8b853d691.png","ascent":8,"type":"bitmap","chars":["乡"]},{"height":8,"file":"minecraft:font/d40d9b2bc17348eebc41e9dc5bf72962/1ee248525be84698aa570e9bc612d1a7.png","ascent":8,"type":"bitmap","chars":["乢"]},{"height":8,"file":"minecraft:font/2ff13cdd79a944cfbf730fd33fd1c6d2/964d6fa625c648d3891bda5e6099a9c0.png","ascent":8,"type":"bitmap","chars":["乣"]},{"height":8,"file":"minecraft:font/1a7093132f1e4e12811ac41f263ec6ff/3635c6c9db164d1b9327c05fe4695be1.png","ascent":8,"type":"bitmap","chars":["乤"]},{"height":8,"file":"minecraft:font/8e71d339ca97460da382d4684dd37fb4/bf94e5bb641144a0b81801a3925d16b3.png","ascent":8,"type":"bitmap","chars":["乥"]},{"height":8,"file":"minecraft:font/252fed0f7d6f446fab701bc8fc680d74/dc7cafd8400a46989ab02c1423af5921.png","ascent":8,"type":"bitmap","chars":["书"]},{"height":8,"file":"minecraft:font/92985714201c4f9faf5f06f5aac06b78/f35172c586524b758d9fb0b29a3c9f44.png","ascent":8,"type":"bitmap","chars":["乧"]},{"height":8,"file":"minecraft:font/db900bcd9d454050880192475ecc7961/fa683bbbeb154512aa3ccb8cc531bf79.png","ascent":8,"type":"bitmap","chars":["乨"]},{"height":8,"file":"minecraft:font/971215ff83ad4baeaf0a630ef5d87851/bc177281d61340b9bd10852fa2b58d4b.png","ascent":8,"type":"bitmap","chars":["乩"]},{"height":8,"file":"minecraft:font/6a3fd1afba194b0fa92840214ff7ce25/ef3b05abae2a415c9769b006e64ff83a.png","ascent":8,"type":"bitmap","chars":["乪"]},{"height":8,"file":"minecraft:font/ef1786474d8d4be5a1c8cabbad446187/9b5fc694334a4fc8a9a70bf7dd82e679.png","ascent":8,"type":"bitmap","chars":["乫"]},{"height":8,"file":"minecraft:font/5ad6e82dd74040cebc3ba2311baeaa9f/9d527b498ae14747a590699d5d6f56ef.png","ascent":8,"type":"bitmap","chars":["乬"]},{"height":8,"file":"minecraft:font/11f7bec60e6347588007396f87dc366a/4172384947d34ae8a3976e31ac725acd.png","ascent":8,"type":"bitmap","chars":["乭"]},{"height":8,"file":"minecraft:font/13313f1754934be2834660a79435e009/f63ce38f13f848b696589c5299b00e3f.png","ascent":8,"type":"bitmap","chars":["乮"]},{"height":8,"file":"minecraft:font/e07dd01233cc4e269822e25a7d564f5c/c4e8b61bf68040ac8d12cdbcb6f9587f.png","ascent":8,"type":"bitmap","chars":["乯"]},{"height":8,"file":"minecraft:font/001c09709b794f4b8cf8459f0952f2dc/d39aeda857b24d949795900d0a134090.png","ascent":8,"type":"bitmap","chars":["买"]},{"height":8,"file":"minecraft:font/d2838bb3f0c945cbb3d3ab45c177bae7/f7a0fbf7961d4a3d9f51f64f8751bd29.png","ascent":8,"type":"bitmap","chars":["乱"]},{"height":8,"file":"minecraft:font/773e2b87c1bc49198cbbbef6576dc8cd/b62359daf168470d9455443839d7aa57.png","ascent":8,"type":"bitmap","chars":["乲"]},{"height":8,"file":"minecraft:font/6b67d422180a427283e09ac88c02e009/05318b368caf4b42bc68432fc6a9a11f.png","ascent":8,"type":"bitmap","chars":["乳"]},{"height":8,"file":"minecraft:font/05954c02f53c4336a36254313d20bcaa/f4f5901d5a9444058939659cb3cf06a6.png","ascent":8,"type":"bitmap","chars":["乴"]},{"height":8,"file":"minecraft:font/ffc6aa10f5484dd88134b925378333ef/f09b7cfb518c4afba7e8712727db1708.png","ascent":8,"type":"bitmap","chars":["乵"]},{"height":8,"file":"minecraft:font/a2f24e9c85a34a27978b99ef3f221849/92d1db241a574ba598cb1b96a68510af.png","ascent":8,"type":"bitmap","chars":["乶"]},{"height":8,"file":"minecraft:font/6e9257c7648a496abfb8a758e976530a/2dd875f7f5784f91a8f5971a69cf88f0.png","ascent":8,"type":"bitmap","chars":["乷"]},{"height":8,"file":"minecraft:font/fc6cf7b33ca0407c9be0e9175f2dcc82/70db5cb8ff6f4a30a823429db6aeab77.png","ascent":8,"type":"bitmap","chars":["乸"]},{"height":8,"file":"minecraft:font/57ea479849ae47ce99931fbba4133b32/29ce7f32bf3c471da8758baac7251878.png","ascent":8,"type":"bitmap","chars":["乹"]},{"height":8,"file":"minecraft:font/e6ad82e8fff242c2b5c8225b64c56ec3/3cdf7e6e3ce8443c89f1655c4377fbcb.png","ascent":8,"type":"bitmap","chars":["乺"]},{"height":8,"file":"minecraft:font/60e2b3b2e3f246a29a7351f5630eb0dd/d3ddb98110da4482b76c53cbf2aadd01.png","ascent":8,"type":"bitmap","chars":["乻"]},{"height":8,"file":"minecraft:font/161ca806b1a943c58917a5f6162bcc61/c65d572c7ffb4cb2ad863029db8221b3.png","ascent":8,"type":"bitmap","chars":["乼"]},{"height":8,"file":"minecraft:font/a3ad2ba7fc43459d88c11e6187c67c32/5a17a441e3f740d8b83738bfad1e6a48.png","ascent":8,"type":"bitmap","chars":["乽"]},{"height":8,"file":"minecraft:font/3ff2f2eeeb414261af11daa5b3115cf9/73ab131c7e3e440db990c74fb8066b96.png","ascent":8,"type":"bitmap","chars":["乾"]},{"height":8,"file":"minecraft:font/f1975c9c1649470e8d18c5f59b94d968/88d7d1810db041a09b4603f68f1f34f9.png","ascent":8,"type":"bitmap","chars":["乿"]},{"height":8,"file":"minecraft:font/beab27def9374690b061fc688dba813a/a7176b15b7d94ac187787abdb024d8e7.png","ascent":8,"type":"bitmap","chars":["亀"]},{"height":8,"file":"minecraft:font/ae523f8a1e1143e1a6bffbcfddf0f351/f634a53ab6124240bf613b1734831f44.png","ascent":8,"type":"bitmap","chars":["亁"]},{"height":8,"file":"minecraft:font/329105de9120463c9187050233d40ce1/2811e7f7b60b464eaa9b4c29a14a0f32.png","ascent":8,"type":"bitmap","chars":["亂"]},{"height":8,"file":"minecraft:font/0b9cec5edd4e404985ab066b984085c4/97b606b7cee14ff1b9078952c7e1f77d.png","ascent":8,"type":"bitmap","chars":["亃"]},{"height":8,"file":"minecraft:font/22728fb97a1446d8a0516088b80b00fd/e4f95eeb76c04159ade47cb960dac6f2.png","ascent":8,"type":"bitmap","chars":["亄"]},{"height":8,"file":"minecraft:font/2d8c85f782a2419ea16b98f824712127/ad612790887b4b838646edf862024bab.png","ascent":8,"type":"bitmap","chars":["亅"]},{"height":8,"file":"minecraft:font/c9975d8283c34c4e9b0e767c9d42776d/8d6481c4e01d4bcabac9639027bc669c.png","ascent":8,"type":"bitmap","chars":["了"]},{"height":8,"file":"minecraft:font/df92099b5fcb486e8588508cdcc1524f/3728fec464b344d392c1d8b7a894def0.png","ascent":8,"type":"bitmap","chars":["亇"]},{"height":8,"file":"minecraft:font/3678c89ce3984af0a325ad5ca7d619b0/00a900996b2d492e94a91ae2a40a1134.png","ascent":8,"type":"bitmap","chars":["予"]},{"height":8,"file":"minecraft:font/27b1655342fd4362bd0321931067ae20/340ac0ac352243ef874b0f5e6ac1c64a.png","ascent":8,"type":"bitmap","chars":["争"]},{"height":8,"file":"minecraft:font/b579460f30974058a79320c00fd30328/c64a6c063efc4595b4da9a1e538bcdb1.png","ascent":8,"type":"bitmap","chars":["亊"]},{"height":8,"file":"minecraft:font/5a8affc845d84dd98f0b5bf70037c42d/61fe48fbabe5451e846f1289824cad4c.png","ascent":8,"type":"bitmap","chars":["事"]},{"height":8,"file":"minecraft:font/14010314797a4d608305bd71c2c5ea63/2189db3c23fc4b37bc9e649b140ae618.png","ascent":8,"type":"bitmap","chars":["二"]},{"height":8,"file":"minecraft:font/efb7bd395daa4990a8e265777206c7e6/be41f759c19040fea60b745a2db95fc1.png","ascent":8,"type":"bitmap","chars":["亍"]},{"height":8,"file":"minecraft:font/0fb32f39eb51442f976e27bf1b344928/0638a354a33b41cc8d56b561d0f81d00.png","ascent":8,"type":"bitmap","chars":["于"]},{"height":8,"file":"minecraft:font/2504a4e0befa4b43886384044c3132b1/489c6caf1f9648d789fce118c30f6e5f.png","ascent":8,"type":"bitmap","chars":["亏"]},{"height":8,"file":"minecraft:font/2793ecc429184c8bbc386d1e3ff2a793/0286a4f8a396404384c4a66ddb58d184.png","ascent":8,"type":"bitmap","chars":["亐"]},{"height":8,"file":"minecraft:font/bbe3c14581624a98b2cb00d2141de812/a2185c8c6e9f434e9fd445554f2543f1.png","ascent":8,"type":"bitmap","chars":["云"]},{"height":8,"file":"minecraft:font/8fcf575346184ef382e711227e0f9b39/7868a4cb0ec44caa96081f0a8b85913a.png","ascent":8,"type":"bitmap","chars":["互"]},{"height":8,"file":"minecraft:font/daa4cd0e7c9943f6a223655811d6df7c/6d7035286f0d4a689dc182e083b78c73.png","ascent":8,"type":"bitmap","chars":["亓"]},{"height":8,"file":"minecraft:font/b37750f57c6e4970b559bb5159ef6404/db7d0bbff7ae49478957afcdb785a886.png","ascent":8,"type":"bitmap","chars":["五"]},{"height":8,"file":"minecraft:font/c614a68ff3d44d71a9e4be6a53a5df0c/f4b0cc0563494e84bd110e85f12fac27.png","ascent":8,"type":"bitmap","chars":["井"]},{"height":8,"file":"minecraft:font/4218d4eb5a2a45d78ab09b9236495a67/ae432a1b22a64acb80862a5286a34934.png","ascent":8,"type":"bitmap","chars":["亖"]},{"height":8,"file":"minecraft:font/e0f118a8db5640d0839352801b6ac319/1e6acd2b3a9a488a9619271c780edf31.png","ascent":8,"type":"bitmap","chars":["亗"]},{"height":8,"file":"minecraft:font/408747edfbeb40aa91bbe7aeb69a6271/4da8599b7a214c30a5ff3ead5f30bbd0.png","ascent":8,"type":"bitmap","chars":["亘"]},{"height":8,"file":"minecraft:font/2ef0856082f445a2814300724875f747/9fe0846d354d4e97bc25af87702731b8.png","ascent":8,"type":"bitmap","chars":["亙"]},{"height":8,"file":"minecraft:font/440d1ed34bba41d7bdb8d793278a71d1/33676120ccf54ace9968a3f1b19b92b8.png","ascent":8,"type":"bitmap","chars":["亚"]},{"height":8,"file":"minecraft:font/6cb0361bf6b94667b7d56c04331c2ed5/bc87e11c3e5c40028f1d6368b1220eed.png","ascent":8,"type":"bitmap","chars":["些"]},{"height":8,"file":"minecraft:font/b6978b85e9ee423984ebceb651e0265b/213491abc49d4986b763d7fa4f209bb6.png","ascent":8,"type":"bitmap","chars":["亜"]},{"height":8,"file":"minecraft:font/7c300d3454f14ebaa98baac173044ae4/ddd6801d131d482bb894d65bca4ddc46.png","ascent":8,"type":"bitmap","chars":["亝"]},{"height":8,"file":"minecraft:font/debad1f293504e2690cf23805b7b8a75/d63fac80f2154bb4bb20345ef5215e19.png","ascent":8,"type":"bitmap","chars":["亞"]},{"height":8,"file":"minecraft:font/a1abc0723bc642158cdee572a5afc92b/6f9ff397cec141589b15d5920c97fe07.png","ascent":8,"type":"bitmap","chars":["亟"]},{"height":8,"file":"minecraft:font/c30c0ae894d2435587e73718336b869f/81463d774a6d4e768320be0d0a40cbd7.png","ascent":8,"type":"bitmap","chars":["亠"]},{"height":8,"file":"minecraft:font/79d9a14de86d48e5a6a1c64716016b5f/6b74a8b470694052a0fa6e8b8aeafd3c.png","ascent":8,"type":"bitmap","chars":["亡"]},{"height":8,"file":"minecraft:font/80a2f653d90c42d6906acf63200995dc/6ecd1aa5382046b7aa337cee6474bea5.png","ascent":8,"type":"bitmap","chars":["亢"]},{"height":8,"file":"minecraft:font/6e134e09047c4550bbd98ceff5e61bae/4c5ad32cf710403ebc049a6d8f391cc2.png","ascent":8,"type":"bitmap","chars":["亣"]},{"height":8,"file":"minecraft:font/073f21f64cfd47c488122a4e2f0642b2/a0bb16a7c19d4007adc5019b80b5d3f7.png","ascent":8,"type":"bitmap","chars":["交"]},{"height":8,"file":"minecraft:font/68db172f9f4e48d3b61f386c90774a49/7c0eb1eb26884a9180c6702b9306b085.png","ascent":8,"type":"bitmap","chars":["亥"]},{"height":8,"file":"minecraft:font/3872b01981e74f229be09e6597b0530b/a33864c886524a838d1a2e50bb57df53.png","ascent":8,"type":"bitmap","chars":["亦"]},{"height":8,"file":"minecraft:font/44deb90687264fe491ab77b9e236b43e/61d1540cbfda4f268029c4696051ba6a.png","ascent":8,"type":"bitmap","chars":["产"]},{"height":8,"file":"minecraft:font/2330fbe3fe324471bd518918fd02299f/37094fe69fe7420ba5e2a9649ce9f6a6.png","ascent":8,"type":"bitmap","chars":["亨"]},{"height":8,"file":"minecraft:font/81757db0cc1143c6b88ffa208abf2ade/cff2512130204834a161c34b7ef42d8d.png","ascent":8,"type":"bitmap","chars":["亩"]},{"height":8,"file":"minecraft:font/3f70e06b54514038bc947c5c41cf80d7/3ff682eb3d6c46f8a6dfd6724dfd9cd4.png","ascent":8,"type":"bitmap","chars":["亪"]},{"height":8,"file":"minecraft:font/cccce5631f63465c9bc465bee88323d7/1b7779f3608b4e25ae44a900894fbe28.png","ascent":8,"type":"bitmap","chars":["享"]},{"height":8,"file":"minecraft:font/811061ed64bb4c0190afc36f6b88f3a6/d6d2e5f7195c457f9bc90198cb1ed506.png","ascent":8,"type":"bitmap","chars":["京"]},{"height":8,"file":"minecraft:font/7cb7c11f94a0446995a5966f7440051b/cd0e164286834d1e975171f803bf9ca3.png","ascent":8,"type":"bitmap","chars":["亭"]},{"height":8,"file":"minecraft:font/b8be8acd1b184cd2929c3a9709ce99f7/ac2471841bef40069ba79b28e58df365.png","ascent":8,"type":"bitmap","chars":["亮"]},{"height":8,"file":"minecraft:font/6e2ab1e18cbd4235bd78f15f423606ff/b33d08abdbf24e7e942c7eb63b437769.png","ascent":8,"type":"bitmap","chars":["亯"]},{"height":8,"file":"minecraft:font/23c91c76a50e470d8ee234afcf82fc8d/6052fd8fd31b4b20861d3e7870970acb.png","ascent":8,"type":"bitmap","chars":["亰"]},{"height":8,"file":"minecraft:font/10156778dc4849ca84637eb1ca13e995/5464fc3a166541d09402b18edac2cd80.png","ascent":8,"type":"bitmap","chars":["亱"]},{"height":8,"file":"minecraft:font/23d9f6ba3b274ce9ba21d185490a67a8/60bb455b727c411181c72c4f335b0a75.png","ascent":8,"type":"bitmap","chars":["亲"]},{"height":8,"file":"minecraft:font/6b6f3dc9f2b249d2a370023b1807f5b5/ec00a401c65e474a8273ec6c3fea2c95.png","ascent":8,"type":"bitmap","chars":["亳"]},{"height":8,"file":"minecraft:font/861afae5c22645b9a871a54ab8f84da0/f66eddb2553543f0be38dceed5e16f74.png","ascent":8,"type":"bitmap","chars":["亴"]},{"height":8,"file":"minecraft:font/b045752334e54d05bf289edc75a4f2fd/802d97e4c64c488fb17408e7b2c09bb0.png","ascent":8,"type":"bitmap","chars":["亵"]},{"height":8,"file":"minecraft:font/ac147d344ebb4de78c684fcf3b600d5d/b83b03af07d94492ab555e07feb70227.png","ascent":8,"type":"bitmap","chars":["亶"]},{"height":8,"file":"minecraft:font/152f32b5d6984208964e2679f9785e76/739a494b7e3944c9bca36460bbb9968e.png","ascent":8,"type":"bitmap","chars":["亷"]},{"height":8,"file":"minecraft:font/90b0d115c31742699f561ae6a7ff9253/96bc7d7120f142478a20b4bcdeb289c0.png","ascent":8,"type":"bitmap","chars":["亸"]},{"height":8,"file":"minecraft:font/81cba0baf2b2439c9f1bd8efc088f45a/dddea93c6fbb428aad683a818872c56e.png","ascent":8,"type":"bitmap","chars":["亹"]},{"height":8,"file":"minecraft:font/ec0023b66cd54954932d3e94e253fa4e/1173099584ea4daea37cf371020fcc9e.png","ascent":8,"type":"bitmap","chars":["人"]},{"height":8,"file":"minecraft:font/4fdcfdba8e9f4175aa33415ce8ae8c43/26adf6d182324d7ab38e11b51a8cdc2f.png","ascent":8,"type":"bitmap","chars":["亻"]},{"height":8,"file":"minecraft:font/4a4a323943324b5d96d800c0c419b9a7/049162d126c84c679b55d58cb224b143.png","ascent":8,"type":"bitmap","chars":["亼"]},{"height":8,"file":"minecraft:font/17de846a6a8a4769889188c04546bb26/225d341af46d43f59d0492b91cdc495b.png","ascent":8,"type":"bitmap","chars":["亽"]},{"height":8,"file":"minecraft:font/da01e8b9487b48aca46904f5cdbb55ab/eda62418cee246d1af6f2d6776dce04f.png","ascent":8,"type":"bitmap","chars":["亾"]},{"height":8,"file":"minecraft:font/8f00e2bb897041058006cd4514555ae1/ea785d851c7f496bb5ff224a27a92bf4.png","ascent":8,"type":"bitmap","chars":["亿"]},{"height":8,"file":"minecraft:font/4c984a4fe63246ee91fd9881ad0811c3/fae82fe2c2ac44f4aebfb69f4428bce4.png","ascent":8,"type":"bitmap","chars":["什"]},{"height":8,"file":"minecraft:font/d7609131ff5e47fdb037278793d3dc27/37639f459a4a48d6b0ecff0f7fef952a.png","ascent":8,"type":"bitmap","chars":["仁"]},{"height":8,"file":"minecraft:font/a4d55514874846e9bb21af5f59c81e19/1431b50baeb844779b959121b12f35ad.png","ascent":8,"type":"bitmap","chars":["仂"]},{"height":8,"file":"minecraft:font/a3b6826eb4df4069b98bc4c2c78533a1/f1c624b20a984f78b940a6129944f969.png","ascent":8,"type":"bitmap","chars":["仃"]},{"height":8,"file":"minecraft:font/f451f0cca3a64e0985b4bef195091f76/04d3dcf61f694ab48c6b12eb575fa7af.png","ascent":8,"type":"bitmap","chars":["仄"]},{"height":8,"file":"minecraft:font/8b09e27a30e2429d9e208dbb3a843157/0c866043dea249979777ffcad2ce6c74.png","ascent":8,"type":"bitmap","chars":["仅"]},{"height":8,"file":"minecraft:font/d7c2aaee6dc3408c9c1a0337b6805ab9/59e403d8f6034eb2bf7ffb4ecb6b990a.png","ascent":8,"type":"bitmap","chars":["仆"]},{"height":8,"file":"minecraft:font/1340d37509674b3e98954de32fcd41f1/0fbf3496d51f42e9b9c98b1d71f0b1f5.png","ascent":8,"type":"bitmap","chars":["仇"]},{"height":8,"file":"minecraft:font/cb342e7d70344efca3548d76b75e235f/208bbbd461d24754915da887a15f65ed.png","ascent":8,"type":"bitmap","chars":["仈"]},{"height":8,"file":"minecraft:font/cb2db06385774a899414a0ff90de62cd/1f9f615aa2ac4977bc31eec5ce9a3f07.png","ascent":8,"type":"bitmap","chars":["仉"]},{"height":8,"file":"minecraft:font/569354f44fc541cba6aac841d831ceae/0564197550b64e949159e4c57be39352.png","ascent":8,"type":"bitmap","chars":["今"]},{"height":8,"file":"minecraft:font/db32ef26e71443bc9a2e4098e06dd93d/e901167d309c4e8090af5b8c7030454b.png","ascent":8,"type":"bitmap","chars":["介"]},{"height":8,"file":"minecraft:font/9854ff1331bd4af297c72c618c6e7d28/c53dbe079b4947e7938d184e13e5b566.png","ascent":8,"type":"bitmap","chars":["仌"]},{"height":8,"file":"minecraft:font/d51e637ad6c049f1b65a524fde0ed402/b749ea3bed434a90ac5bb286e3bac044.png","ascent":8,"type":"bitmap","chars":["仍"]},{"height":8,"file":"minecraft:font/ff4f0fb02f03413ba984099a28972039/6814f42e92884541b1905d8c063705d2.png","ascent":8,"type":"bitmap","chars":["从"]},{"height":8,"file":"minecraft:font/d200bdb04bac460da3239220b1f53a10/551f83acea7f495090693d7eefb5f936.png","ascent":8,"type":"bitmap","chars":["仏"]},{"height":8,"file":"minecraft:font/09a83f186d6f4d4b8967d7ecef90f7ad/bac90a8074c240fe89c7b4f86b005499.png","ascent":8,"type":"bitmap","chars":["仐"]},{"height":8,"file":"minecraft:font/2949afdd10e1499186d162cc7c80845d/3ce54315648b4e33a500b34c218578f4.png","ascent":8,"type":"bitmap","chars":["仑"]},{"height":8,"file":"minecraft:font/1febf46641f14ffabb45d19cb7a51ec8/8b98faa3836f4d29a2e556226245a598.png","ascent":8,"type":"bitmap","chars":["仒"]},{"height":8,"file":"minecraft:font/6e1b74212e294658ba403b354fd7362d/b4484751fa0946499c17eb331b6f0901.png","ascent":8,"type":"bitmap","chars":["仓"]},{"height":8,"file":"minecraft:font/65cd25049a12463d841ca0469d97b58c/373460e083e140848a4db7b405570a3d.png","ascent":8,"type":"bitmap","chars":["仔"]},{"height":8,"file":"minecraft:font/9befdc6e3b2b4849ad33fa24c3b12882/902f2f49ffbd4f6a9359b40266ecadc3.png","ascent":8,"type":"bitmap","chars":["仕"]},{"height":8,"file":"minecraft:font/5cafe6b82ebf43fd812767bb871b31ed/42f133891a3f408c8a35f29140fbe102.png","ascent":8,"type":"bitmap","chars":["他"]},{"height":8,"file":"minecraft:font/814b1f2740c14c879b5526d9acc15fb2/4dd4032bce5143688fc427ba5d0ad5a7.png","ascent":8,"type":"bitmap","chars":["仗"]},{"height":8,"file":"minecraft:font/083eb586ff8144468b63ec4e39586d92/44c29584923d43eb85ab88c1425a697c.png","ascent":8,"type":"bitmap","chars":["付"]},{"height":8,"file":"minecraft:font/7da38107a1654086810411e5a6b5a50a/3830c9c8bca246e58bd59501f35f6665.png","ascent":8,"type":"bitmap","chars":["仙"]},{"height":8,"file":"minecraft:font/d68f77b1f62a4fc19a2c9e88468f60f0/6b723aef04ba4536a35a14ccfcc39ffe.png","ascent":8,"type":"bitmap","chars":["仚"]},{"height":8,"file":"minecraft:font/b8b99e2b8c1647b382c019f03ef56692/4f2013fde7d64451a3be898bcc97e167.png","ascent":8,"type":"bitmap","chars":["仛"]},{"height":8,"file":"minecraft:font/29588e3d6d3643e59ee69e2b46fec172/fb6d9363b62a4baa917f3ee28d0cac8d.png","ascent":8,"type":"bitmap","chars":["仜"]},{"height":8,"file":"minecraft:font/3f0a90eb496d4e48aac694448e497451/a26283f7ed43461fb7cbc8b49c677a50.png","ascent":8,"type":"bitmap","chars":["仝"]},{"height":8,"file":"minecraft:font/ab2412963f264df6968f0cde6ff67adf/9e0edff474c94217b46f87a3db162b96.png","ascent":8,"type":"bitmap","chars":["仞"]},{"height":8,"file":"minecraft:font/40f885a2169d4116ab0d0a260b62ef60/a934963254444165bb0e3a8f8de6817a.png","ascent":8,"type":"bitmap","chars":["仟"]},{"height":8,"file":"minecraft:font/2aeec215cca646e8bfb51be280bbf98c/c82e271cd7cb4f748afa943f79249529.png","ascent":8,"type":"bitmap","chars":["仠"]},{"height":8,"file":"minecraft:font/02d72f2571894e58a22e0e66cf3ae4ad/17f564e6d8ae44c3a09abb185b9a58e0.png","ascent":8,"type":"bitmap","chars":["仡"]},{"height":8,"file":"minecraft:font/8d4b4d35f6b44d199e4e4524156ef552/52f6c94bf8694f1c94547edffaed113b.png","ascent":8,"type":"bitmap","chars":["仢"]},{"height":8,"file":"minecraft:font/cf7d51b717e64186878cc7b9e9e64288/d7f0591378a340eebb259ee944eea7a4.png","ascent":8,"type":"bitmap","chars":["代"]},{"height":8,"file":"minecraft:font/fd8ff3598e83469789d66fe5b0287a17/6f6456a77b21463889c57b0781a2ed25.png","ascent":8,"type":"bitmap","chars":["令"]},{"height":8,"file":"minecraft:font/0dc3a19f401f4353a1af3c7fbb5b6ff3/93155769c7ae46f8869d60be2f5dd7b6.png","ascent":8,"type":"bitmap","chars":["以"]},{"height":8,"file":"minecraft:font/18bbbdb123b149ebb54a50b2edf587a4/177ab957253e4797885b162b823eb021.png","ascent":8,"type":"bitmap","chars":["仦"]},{"height":8,"file":"minecraft:font/ba7556e21350493e87fcc09fe1710400/6f5a0311ed454328a35914e811582df1.png","ascent":8,"type":"bitmap","chars":["仧"]},{"height":8,"file":"minecraft:font/b624cba494a347c9b9d413305ab95eeb/a63d9bb5975248549355d9ac038b8a2c.png","ascent":8,"type":"bitmap","chars":["仨"]},{"height":8,"file":"minecraft:font/ef7d9ea4367f47f7ba080022b59edab0/cb14f63050e141239803efcdd7009f1e.png","ascent":8,"type":"bitmap","chars":["仩"]},{"height":8,"file":"minecraft:font/e61df3c40fc64696a366f1ce731d534c/f67d3fe765ca483dbca0321e93ff9614.png","ascent":8,"type":"bitmap","chars":["仪"]},{"height":8,"file":"minecraft:font/66cc8d12aaf5492183942540e6d4f51c/b6e724b4e8714f638e32a5d3c41e2831.png","ascent":8,"type":"bitmap","chars":["仫"]},{"height":8,"file":"minecraft:font/88713426308f4ffd9094a301648c848d/d3605160c781492fbe96b7573f8aa1a6.png","ascent":8,"type":"bitmap","chars":["们"]},{"height":8,"file":"minecraft:font/fdcaf04367d34e4f8600727b745ab06f/44bf2de5a658477f9fc7ba2cb8865497.png","ascent":8,"type":"bitmap","chars":["仭"]},{"height":8,"file":"minecraft:font/43da3b2583a44b16a6f5308c25e99d97/81b48534f2674440bc34accbeb915a6f.png","ascent":8,"type":"bitmap","chars":["仮"]},{"height":8,"file":"minecraft:font/d628736e6af546ac8941f78cffd95a92/4e3c5736fdcc484fa86d31dbd5a354f5.png","ascent":8,"type":"bitmap","chars":["仯"]},{"height":8,"file":"minecraft:font/678d9565426f48e286101b40d3d85f70/a32aad63a88f43919c42e75bd45e892b.png","ascent":8,"type":"bitmap","chars":["仰"]},{"height":8,"file":"minecraft:font/88ac244811cf4d459053d12a0a8e0118/27e734d922c24ab29cef4215569858e8.png","ascent":8,"type":"bitmap","chars":["仱"]},{"height":8,"file":"minecraft:font/37130fe58dab4ab09a7c43c439b83377/648ee5ad0d9547be83de24c5f5395785.png","ascent":8,"type":"bitmap","chars":["仲"]},{"height":8,"file":"minecraft:font/18ea386427274d52a3a54c9913349a3b/f76ba3b3395e410da9083082525f5a29.png","ascent":8,"type":"bitmap","chars":["垗"]},{"height":8,"file":"minecraft:font/0d8ce079b52c49e78f8edc7257e8cd1d/d83c6fae88b149dc80905d963fc7761e.png","ascent":8,"type":"bitmap","chars":["仳"]},{"height":8,"file":"minecraft:font/2f1099e742ae4b2f9877dd35a81df454/773778530f0a4b6abf1da2427e400790.png","ascent":8,"type":"bitmap","chars":["仴"]},{"height":8,"file":"minecraft:font/3df3a42f50f94be3a5259172ae36b0b3/0681feb908224ff884faaa84ff000b76.png","ascent":8,"type":"bitmap","chars":["仵"]},{"height":8,"file":"minecraft:font/11bbe3f2a9d74f268a94a175fc570dde/96194244564544dead92cd00c25b9d62.png","ascent":8,"type":"bitmap","chars":["件"]},{"height":8,"file":"minecraft:font/cded11cf596047a6967950c36e37b5f8/1da66cd811ae4d82abdbf4a334440c8a.png","ascent":8,"type":"bitmap","chars":["价"]},{"height":8,"file":"minecraft:font/40f15eccbd5246a0a05782e7cc77a332/e22e7cb70b634309bdfc4450ef3616ed.png","ascent":8,"type":"bitmap","chars":["仸"]},{"height":8,"file":"minecraft:font/2a5082ed37ab44a18c770eb29b6ecaf0/48e8deb5feab4c838a4a31c9513c161a.png","ascent":8,"type":"bitmap","chars":["仹"]},{"height":8,"file":"minecraft:font/99eed8e55017425685652d0b8f1b3fd6/dd71548b0bee4c1290ccbac2c8fda3cf.png","ascent":8,"type":"bitmap","chars":["仺"]},{"height":8,"file":"minecraft:font/a67cc4a006e140ac9c6e5d8263685ec0/497bf7ab66414b7699b0a4ba74b9c846.png","ascent":8,"type":"bitmap","chars":["任"]},{"height":8,"file":"minecraft:font/4fe1a1f6cacd4523b6955cdfd7043d3e/a79e82ffbc2c4ae1b0fb7f2764845a4c.png","ascent":8,"type":"bitmap","chars":["仼"]},{"height":8,"file":"minecraft:font/83fecfbb02d54507afe4df3c88e217fc/ba48fc79d84a4e36b832960f63e8fc75.png","ascent":8,"type":"bitmap","chars":["份"]},{"height":8,"file":"minecraft:font/0c9a8d1f8242496b9d25c8f53cb5788f/d63cb08da2a94f75b2272deac8508c2a.png","ascent":8,"type":"bitmap","chars":["仾"]},{"height":8,"file":"minecraft:font/014f5af672274f70b04df33b7c714518/13f0f061d47c4d2899488da00d7bb2de.png","ascent":8,"type":"bitmap","chars":["仿"]},{"height":8,"file":"minecraft:font/17fb4ab08f77473b8f5221a52dfbbc28/9a1b551991a0402aaeeb8f9f4b7ab782.png","ascent":8,"type":"bitmap","chars":["伀"]},{"height":8,"file":"minecraft:font/50acaf23d07b4e78a00fb4bd761c8dac/6d860b83e87147f5a29a700353dd766f.png","ascent":8,"type":"bitmap","chars":["企"]},{"height":8,"file":"minecraft:font/98aa30be5e124404b459ca0f813f41ff/9aeb5b6ae6e949c48a8e6e8d2a046d48.png","ascent":8,"type":"bitmap","chars":["伂"]},{"height":8,"file":"minecraft:font/645195d2b2334233acdfb626e609056e/3b71bbaf28d44276adf72e14e0810e00.png","ascent":8,"type":"bitmap","chars":["伃"]},{"height":8,"file":"minecraft:font/9e8fbeb5a24c49e788787fbcf6152c4e/90c3c46301444085aa937116a8243465.png","ascent":8,"type":"bitmap","chars":["伄"]},{"height":8,"file":"minecraft:font/2cdb1326c9174af6a641174b0fd1c577/5ce53563dc6a4587a014370ba3c7a0d2.png","ascent":8,"type":"bitmap","chars":["伅"]},{"height":8,"file":"minecraft:font/deb8d636c9f04e778b189cc6f7782f3a/250a71ea56fb43e68a35bbdf66b5a006.png","ascent":8,"type":"bitmap","chars":["伆"]},{"height":8,"file":"minecraft:font/9e8dcd475d7d4807ab6b046ce362f08a/01996ce776a5472fa9d07b39af8a2cd2.png","ascent":8,"type":"bitmap","chars":["伇"]},{"height":8,"file":"minecraft:font/9fd99755d92349e289865c78f67929ce/594c9939c50043cd83913d6aa9a7349c.png","ascent":8,"type":"bitmap","chars":["伈"]},{"height":8,"file":"minecraft:font/492f2f4079fa4693ae8044db146f4a5e/a382d30401f941d5b8636b192f03d96a.png","ascent":8,"type":"bitmap","chars":["伉"]},{"height":8,"file":"minecraft:font/748ec90ffa394346b5163bcbefcf126d/ae918f3950d34b40b6db63ac014bf56d.png","ascent":8,"type":"bitmap","chars":["伊"]},{"height":8,"file":"minecraft:font/dcf3968bc482420196ab4c0a4631cca2/565f8d14ad3e470486f4037fb7556fd9.png","ascent":8,"type":"bitmap","chars":["伋"]},{"height":8,"file":"minecraft:font/bf8d96828cad4d378b3eb2545006f0e1/7457f611508b4790bcebbaf02533db98.png","ascent":8,"type":"bitmap","chars":["伌"]},{"height":8,"file":"minecraft:font/9854be11999043e2bc50dce374b0824a/22135f8c3b454536860bb29491ffa623.png","ascent":8,"type":"bitmap","chars":["伍"]},{"height":8,"file":"minecraft:font/7b0ab94610794372ab837cba18ccfa2f/095040af3ce0424dbfebdb5d9937d2c4.png","ascent":8,"type":"bitmap","chars":["伎"]},{"height":8,"file":"minecraft:font/103a33e35c0c4df68456c01863902d13/60c9523cf4e34349a748bfb609e17ce5.png","ascent":8,"type":"bitmap","chars":["伏"]},{"height":8,"file":"minecraft:font/297ea2898ccf4ad88c8fa572fc72aeb6/31e7861a6fa8430998e3e70749a44f2f.png","ascent":8,"type":"bitmap","chars":["伐"]},{"height":8,"file":"minecraft:font/8c1311e349b442f399631ab3786dff52/d4d3a0c3553146559d11917de61eace5.png","ascent":8,"type":"bitmap","chars":["休"]},{"height":8,"file":"minecraft:font/9478ee37a511439d973083d950513b57/d5e276429a374aa29364123a0efb53c4.png","ascent":8,"type":"bitmap","chars":["伒"]},{"height":8,"file":"minecraft:font/6382b2d610cd4121a2f2f0d295944c11/c58bd947fd9040788c49fcce2837d038.png","ascent":8,"type":"bitmap","chars":["伓"]},{"height":8,"file":"minecraft:font/a3a640ddd93c41029bca86bcfcc82d6e/f82c6f3fd8bd4204ac3a1fda5653cedd.png","ascent":8,"type":"bitmap","chars":["伔"]},{"height":8,"file":"minecraft:font/3de58c678b114453aa1f6ac88a27a286/c77dc3f9528f4feb8e4031ed982508d7.png","ascent":8,"type":"bitmap","chars":["伕"]},{"height":8,"file":"minecraft:font/c5fd118c87c3462eaba0dd881c65f479/e7bbb88d772c4e51bc8ad3fb96c36fa0.png","ascent":8,"type":"bitmap","chars":["伖"]},{"height":8,"file":"minecraft:font/ad17428cd2b640f88f4231620a64e2c8/3154c3a53eb8431aa513de0dc85eacac.png","ascent":8,"type":"bitmap","chars":["众"]},{"height":8,"file":"minecraft:font/a9e3173e651041b39cc8d5c8267657e9/e8eb7c6e3f8e42e5bc912ff642ba11c1.png","ascent":8,"type":"bitmap","chars":["优"]},{"height":8,"file":"minecraft:font/eaa5a4dc89104e1e893f8fe9d6625380/8b30427bd6c64edfa174ec235782f453.png","ascent":8,"type":"bitmap","chars":["伙"]},{"height":8,"file":"minecraft:font/b4a73359af3d404a8dcfdb480c68c8cf/393e426364ab43ed84183f822e9c3137.png","ascent":8,"type":"bitmap","chars":["会"]},{"height":8,"file":"minecraft:font/d940f741d3604946a5d66a2e52b5d41d/597f57ec532e4b338c01a1bec6f1aae9.png","ascent":8,"type":"bitmap","chars":["偹"]},{"height":8,"file":"minecraft:font/3427df08f3ff4ef2857a161ebd7cdd32/2a11c3250227408a96e7ad9ba9cad513.png","ascent":8,"type":"bitmap","chars":["偺"]},{"height":8,"file":"minecraft:font/200c2172b5b542989809925528e296d6/adbbdafa52744e1e8d96d732bd0125f8.png","ascent":8,"type":"bitmap","chars":["偻"]},{"height":8,"file":"minecraft:font/0dc4e2be3cb34c37ac1525b1f7368c3a/8aba12fa498c438f90522dc73a5afbda.png","ascent":8,"type":"bitmap","chars":["偼"]},{"height":8,"file":"minecraft:font/ab73c5bf4c5343b1b77220598d49b70c/57233482bafe44ddad66f38922c6c818.png","ascent":8,"type":"bitmap","chars":["偽"]},{"height":8,"file":"minecraft:font/3b48cf4882644151877648ad1ff2ba32/ead005d18c7b48eabe317ead5c584c57.png","ascent":8,"type":"bitmap","chars":["偾"]},{"height":8,"file":"minecraft:font/0e79fc6d05d04d33b5d2c6c819f0d55a/b203b01a9c7d4e25b54a6370b36efcfb.png","ascent":8,"type":"bitmap","chars":["偿"]},{"height":8,"file":"minecraft:font/f68ffd23d7ef41eebf14d3115bdff556/6ba0cc5dbffe4416a3927acb14bc2af0.png","ascent":8,"type":"bitmap","chars":["傀"]},{"height":8,"file":"minecraft:font/606009a205e145ec88002de903a0052f/40fd2df1f3654d9f86875b7ce4eccfbf.png","ascent":8,"type":"bitmap","chars":["傁"]},{"height":8,"file":"minecraft:font/8fb481222ac04f7ba957c604e866eb77/8af22ecbd1b34b71b38332e225c3a1c9.png","ascent":8,"type":"bitmap","chars":["傂"]},{"height":8,"file":"minecraft:font/303e0d6c5768467ba6a8e190068c502d/e6554d60ebbb4495bbbdf8fd14d0fbff.png","ascent":8,"type":"bitmap","chars":["傃"]},{"height":8,"file":"minecraft:font/506393da4848452e9179bfc27c4e5795/d444fdbfa6e04c94a1cc788eb48996af.png","ascent":8,"type":"bitmap","chars":["傄"]},{"height":8,"file":"minecraft:font/13e08199a87d4ff08bb1cfa9bba4eeee/866e9833ca13420793a1f8feec1db2b6.png","ascent":8,"type":"bitmap","chars":["傅"]},{"height":8,"file":"minecraft:font/5b72dfcc90634a0688b85dd6b9ccfcce/777e1d0f382348ec958e4ef127504be0.png","ascent":8,"type":"bitmap","chars":["傆"]},{"height":8,"file":"minecraft:font/d10b8a954a9241daa8d72ccc876c8356/79d24f04fd7f43ad9fd9745cfe738511.png","ascent":8,"type":"bitmap","chars":["傇"]},{"height":8,"file":"minecraft:font/27163ffbc5834d2eac85797e81d4252c/85e96466dcf142c2b693afdc6d15ec5f.png","ascent":8,"type":"bitmap","chars":["傈"]},{"height":8,"file":"minecraft:font/73c633b54a7e425fbd4f94e50720192a/904ee27300a342aeada8ae1b04bcf140.png","ascent":8,"type":"bitmap","chars":["傉"]},{"height":8,"file":"minecraft:font/edff0516b30d4501bb2d8be8c4a63362/fe8975fc9a254e47a6ddf8f3bdc4fbca.png","ascent":8,"type":"bitmap","chars":["傊"]},{"height":8,"file":"minecraft:font/9d6c870f805445f382a8c3c36a889c1a/2c550884058e428a9930c9c026c0b07f.png","ascent":8,"type":"bitmap","chars":["傋"]},{"height":8,"file":"minecraft:font/b2c594c46489470db5476f755fa0d514/15089f489d6548c292d30d43d9e308de.png","ascent":8,"type":"bitmap","chars":["傌"]},{"height":8,"file":"minecraft:font/561d38ae690c4b3b95c29a1a0d5beef7/36a7fd5a0c70459e9f458dbf66dcae0c.png","ascent":8,"type":"bitmap","chars":["垃"]},{"height":8,"file":"minecraft:font/5bf5b8775aad4ec49196edf66c85700c/66b7fa57f66649e7b1c4930d55476115.png","ascent":8,"type":"bitmap","chars":["垄"]},{"height":8,"file":"minecraft:font/dfeff0c255a94582985010bb054fc852/39cfb09f3acf4c058fd8d1a58012659e.png","ascent":8,"type":"bitmap","chars":["垅"]},{"height":8,"file":"minecraft:font/125e9761c99841abadf23ba3d7addc9a/49bbb901f0c345588b62fa3a8144f9ac.png","ascent":8,"type":"bitmap","chars":["垆"]},{"height":8,"file":"minecraft:font/55f09f63ca4d4d5d98ae9a9eb7b30136/930b906906f04e62ab47af2889420b42.png","ascent":8,"type":"bitmap","chars":["垇"]},{"height":8,"file":"minecraft:font/f135b3e027bf4bccaba6307616a8eca5/a8cbb0acddc64724a1bfe4b3a6f5c91f.png","ascent":8,"type":"bitmap","chars":["垈"]},{"height":8,"file":"minecraft:font/3882e80574d9473d95d0cccd5b3b045a/cb1aea998f4b4d46a9bdde275ee816e9.png","ascent":8,"type":"bitmap","chars":["垉"]},{"height":8,"file":"minecraft:font/3d684ce2696d4e15bdb1e254a9a836f7/9354e61d5cd64d2f93689da86a91f11a.png","ascent":8,"type":"bitmap","chars":["垊"]},{"height":8,"file":"minecraft:font/c665db25ef31473d93e4843826743161/bea2e30392b44def8f6e065e3da11d4d.png","ascent":8,"type":"bitmap","chars":["型"]},{"height":8,"file":"minecraft:font/021ee74697634b2993464ec722af985a/bb89cea146ba4ef4a5320479ee089b7f.png","ascent":8,"type":"bitmap","chars":["垌"]},{"height":8,"file":"minecraft:font/04543ed7aa80401da1469ce07719d62e/b679839a26f14f0097c96c6bc880cfe8.png","ascent":8,"type":"bitmap","chars":["垍"]},{"height":8,"file":"minecraft:font/96ce0b29b31348f496b559dd0d230d03/d39060f61d9d43029841f7488f237485.png","ascent":8,"type":"bitmap","chars":["垎"]},{"height":8,"file":"minecraft:font/e6eea333f99a4adba95a12c3680e3796/6fcbb2311a4444f1bf31a101df2dc3b7.png","ascent":8,"type":"bitmap","chars":["垏"]},{"height":8,"file":"minecraft:font/abd35122ad4b422db7951f3ea3a6df9f/65d5af1355694250915d97997e601841.png","ascent":8,"type":"bitmap","chars":["垐"]},{"height":8,"file":"minecraft:font/77a39d617f074152ae8add031538fa80/e2f1ad032e8b4342bbb41283dff260d3.png","ascent":8,"type":"bitmap","chars":["垑"]},{"height":8,"file":"minecraft:font/44930086d89a41a0bf81df8382832428/43b1ce4e68d748679d3033a353285101.png","ascent":8,"type":"bitmap","chars":["垒"]},{"height":8,"file":"minecraft:font/57c0b5dc3e0d43e0a274edff3fe9b94d/4ee0874bf0364bd58fdab1ce779c34e1.png","ascent":8,"type":"bitmap","chars":["垓"]},{"height":8,"file":"minecraft:font/ed0497fbde9f45de9ddbc6b8757871ba/dd6ec7168fd241ab886b455a2d09123f.png","ascent":8,"type":"bitmap","chars":["垔"]},{"height":8,"file":"minecraft:font/845dc267c8814d8b9fdec3c38f635150/cb2e225cc1974df1a6a076d2d56056de.png","ascent":8,"type":"bitmap","chars":["垕"]},{"height":8,"file":"minecraft:font/c3c4540f57fe414991712e599a13dcbf/234011cf7ce44d4d950a19b6acee6c6c.png","ascent":8,"type":"bitmap","chars":["垖"]},{"type":"bitmap","file":"font/pixel.png","ascent":-1000,"height":-2,"chars":["ᨓ"]},{"type":"bitmap","file":"font/pixel.png","ascent":-10000,"height":1,"chars":["ᨒ"]},{"type":"bitmap","file":"font/pixel.png","ascent":-10000,"height":-2,"chars":["⻙"]}]}