{"providers":[{"file":"minecraft:font/f138303e6f8c417aae976d5e56af5677/74ee2d8c48fd4017b11265cb798a6674.png","ascent":16,"type":"bitmap","chars":["垜"],"height":16},{"file":"minecraft:font/dd8bdd23eae54c01be92ab40d92afb38/f0fe3f49b5354b0d93f4cd19bbd9064b.png","ascent":16,"type":"bitmap","chars":["一"],"height":16},{"file":"minecraft:font/d56e209613e84b65af1e8236a0ad3afc/51225926b5154feab5341e16e887eeeb.png","ascent":8,"type":"bitmap","chars":["丁"],"height":8},{"file":"minecraft:font/08ee967cf6144303a5035c46de2f1eb1/f846d4fb506e4aff9ee51e9e6333b1d8.png","ascent":8,"type":"bitmap","chars":["垞"],"height":8},{"file":"minecraft:font/7213fea1c9434b99b77db8b078195e5b/303d50403c664d4b8d22d055eac51ce3.png","ascent":8,"type":"bitmap","chars":["丂"],"height":8},{"file":"minecraft:font/f8cbda9d1d9a46e0b7594ca8c27fc50f/5f767a15dc744d78b2066a403b1d934d.png","ascent":8,"type":"bitmap","chars":["七"],"height":8},{"file":"minecraft:font/207f0051ae3f4039b9d5addf45859e0c/90f323a25ab045678e41d19804c42338.png","ascent":8,"type":"bitmap","chars":["丄"],"height":8},{"file":"minecraft:font/83f2e36373a240ea986f67f3021fb5d1/af510bb94e2e4647a972a67fb671e6d7.png","ascent":8,"type":"bitmap","chars":["丅"],"height":8},{"file":"minecraft:font/f3ab624fd33845e2a7b2117a977ff734/78197e8609d84408b7bbb03fcb7aa690.png","ascent":8,"type":"bitmap","chars":["丆"],"height":8},{"file":"minecraft:font/ef4bce19353a4a9fabe8323a9ffbb007/3198a7e2abf64b8cb99e8b5033106a2d.png","ascent":8,"type":"bitmap","chars":["万"],"height":8},{"file":"minecraft:font/36bb9de467fd4fa5899c106dfc57859f/818934de05f2420f805ed31d91f80957.png","ascent":8,"type":"bitmap","chars":["丈"],"height":8},{"file":"minecraft:font/db60096726e2470ab3818e590a0f7e77/e19927b05a854fe2a01049809d24916c.png","ascent":8,"type":"bitmap","chars":["三"],"height":8},{"file":"minecraft:font/ce34002287e743d5ab022737608c9910/7100b4edb2144591ab9e75abe4f017d5.png","ascent":8,"type":"bitmap","chars":["上"],"height":8},{"file":"minecraft:font/5a3aa1c0104c493c9c155cbb77d935c7/ef578c451db144bbafa75c3c05b9a171.png","ascent":8,"type":"bitmap","chars":["下"],"height":8},{"file":"minecraft:font/ca7a6583687041a2ab6dd08d1671e4e4/0b90b90782384a53a2e82f7226757397.png","ascent":8,"type":"bitmap","chars":["丌"],"height":8},{"file":"minecraft:font/e450a1041fbe44eb98810db7f235b0da/642d816eef3a4e0e9b80214df30efdf5.png","ascent":8,"type":"bitmap","chars":["不"],"height":8},{"file":"minecraft:font/0174e8387fbd41159daf2eabf8b64fc3/75a426d8f7044deabc77d62ac1a4a10c.png","ascent":8,"type":"bitmap","chars":["与"],"height":8},{"file":"minecraft:font/bab370efa97941d69c6edc4c2db9f317/85451fe1f57544ed86b598209259cdc3.png","ascent":8,"type":"bitmap","chars":["丏"],"height":8},{"file":"minecraft:font/f6ae0692f59343a1a2bfe8fb66ab84d1/a3220853e37b4ca3b323170da7f64799.png","ascent":8,"type":"bitmap","chars":["丐"],"height":8},{"file":"minecraft:font/91401ff010484c7dbf40632d9357d37b/8f5d757fc7d14117a5c6dc3da1389e42.png","ascent":8,"type":"bitmap","chars":["丑"],"height":8},{"file":"minecraft:font/460e063c91894a019833d5a974b9bf11/01f7a298e63641d09348259e06215466.png","ascent":8,"type":"bitmap","chars":["丒"],"height":8},{"file":"minecraft:font/95b29d06870e4f899a107715525f5350/5e5f997472d5437eac1fe475a5f3912b.png","ascent":8,"type":"bitmap","chars":["专"],"height":8},{"file":"minecraft:font/64dc1c797df1495d8facabe84f975f4e/4ab8c3816dbe45e88463db09884f4879.png","ascent":8,"type":"bitmap","chars":["且"],"height":8},{"file":"minecraft:font/a02e5ee30b874d8f989f136c6bcf5e30/0771e236560246fd8edff2011aa87268.png","ascent":8,"type":"bitmap","chars":["丕"],"height":8},{"file":"minecraft:font/8fd9a44d82d9484a8de0adc302a8993e/a76ab6d1f61b4f2da52368e6057c0604.png","ascent":8,"type":"bitmap","chars":["世"],"height":8},{"file":"minecraft:font/1d28f1f1a29a4c9aa6624dd3b530a192/f68b90a4e670401cac08d5d76009fcb4.png","ascent":8,"type":"bitmap","chars":["丗"],"height":8},{"file":"minecraft:font/ce4ba3274f0245b8ae9f13e795b2a193/ff14abd4b0e746f78ee9b24eb400365a.png","ascent":8,"type":"bitmap","chars":["丘"],"height":8},{"file":"minecraft:font/55221e09f1954167b4442e188897e758/8ea6208e1ca34491bad3488e714c06aa.png","ascent":8,"type":"bitmap","chars":["丙"],"height":8},{"file":"minecraft:font/e66db4c2902740b6b05dc2bef00f8182/303c23d8d6f64fec97643b842870f9b6.png","ascent":8,"type":"bitmap","chars":["业"],"height":8},{"file":"minecraft:font/7b731f23346a4a46afdcca8b9e5a3098/0cfcafa19a0b47b0ad065d80dcce8658.png","ascent":8,"type":"bitmap","chars":["丛"],"height":8},{"file":"minecraft:font/7ee00e2774774edcb9f6989806b05094/9693f071cfd34d458e1aa3035b9e9005.png","ascent":8,"type":"bitmap","chars":["东"],"height":8},{"file":"minecraft:font/3f6cd5e1dcdb45d994779717426c53a2/d158f42c1bfb4d8ca7ad86e8e4167579.png","ascent":8,"type":"bitmap","chars":["丝"],"height":8},{"file":"minecraft:font/fd89b003dbd44a768dc4fb6a5a013795/4676b5b2f3a94d458c3aaf15e84fe00f.png","ascent":8,"type":"bitmap","chars":["丞"],"height":8},{"file":"minecraft:font/1dab0738c9514de685600495e6513c19/b89fbb44e0664a02aae479529bad1b45.png","ascent":8,"type":"bitmap","chars":["丟"],"height":8},{"file":"minecraft:font/dd82cded54674b5f8b1057b1d150f8b3/ae1e4093f7b1473d85c73469acb62767.png","ascent":8,"type":"bitmap","chars":["丠"],"height":8},{"file":"minecraft:font/fbd265f7dda548f7ba2e6cb262757337/136ed2db337a42a5a28c634012658105.png","ascent":8,"type":"bitmap","chars":["両"],"height":8},{"file":"minecraft:font/1616c4a7081c4046a6197fe111c05c39/9a047a0aa56d4a7ea7afc3ac515aa367.png","ascent":8,"type":"bitmap","chars":["丢"],"height":8},{"file":"minecraft:font/4f3471b34377431bb210c77fe2773eac/fbd65594c8ae4544a57242cbfd7d33dc.png","ascent":8,"type":"bitmap","chars":["丣"],"height":8},{"file":"minecraft:font/8e0ae33283c94778bf6bb34a2d16b200/2762eaa885084bf596d6f73894dce73a.png","ascent":8,"type":"bitmap","chars":["两"],"height":8},{"file":"minecraft:font/b081d93c42694232813469699ed4fdff/a24c2a76d2ad4489a01944955022a24f.png","ascent":8,"type":"bitmap","chars":["严"],"height":8},{"file":"minecraft:font/3be80c00f8c745c4a62993b4b126a2ee/e28638b4c23e4ff1b0ea34233d1f3c9e.png","ascent":8,"type":"bitmap","chars":["並"],"height":8},{"file":"minecraft:font/21933c280f1d426ebe792dc08934c965/3aafdb35fa3a44e9a92f81a64cc73c35.png","ascent":8,"type":"bitmap","chars":["丧"],"height":8},{"file":"minecraft:font/399ae42b6bda4f1da9aee2b5fd7e0c85/4ac4a91607514b08870d2cae06cd02a0.png","ascent":8,"type":"bitmap","chars":["丨"],"height":8},{"file":"minecraft:font/83af802bee464ffb8917c561bf1bac53/ec95b8d4b2524103921925380472c051.png","ascent":8,"type":"bitmap","chars":["丩"],"height":8},{"file":"minecraft:font/213be4cee88549dab741b2c72299cc3e/0a1ecd20b7354cd9991001f3ef11b23a.png","ascent":8,"type":"bitmap","chars":["个"],"height":8},{"file":"minecraft:font/5cc7bea4edcf4a109fe4c7b08eac1c42/d0afc0ec79234e419d3f1d3d29345862.png","ascent":8,"type":"bitmap","chars":["丫"],"height":8},{"file":"minecraft:font/20ef4399cca94765b8492dc4b31464b0/31856f671d4c47f7830f43d635fd24f7.png","ascent":8,"type":"bitmap","chars":["丬"],"height":8},{"file":"minecraft:font/e93538bf8d9743fc9d8b7ee15235b56d/65946d6210c240a296e497c1003d557f.png","ascent":8,"type":"bitmap","chars":["中"],"height":8},{"file":"minecraft:font/3ecf527f54bd4564bb348775bd694912/af8987dd4dd547b1aa96441e133a34ff.png","ascent":8,"type":"bitmap","chars":["丮"],"height":8},{"file":"minecraft:font/7a26c6d403a24dd6afad725b18ff2483/99c5216933c14c11972987b13b28ccc7.png","ascent":8,"type":"bitmap","chars":["丯"],"height":8},{"file":"minecraft:font/f03cf35cf69e4190add43b5ec4b834e1/49bb18d18204465c866be22689006808.png","ascent":8,"type":"bitmap","chars":["丰"],"height":8},{"file":"minecraft:font/f7f3e300a49f43f9bb265679b4dbe6b3/4f51835d66144987a1db23db27ffa019.png","ascent":8,"type":"bitmap","chars":["丱"],"height":8},{"file":"minecraft:font/802b8be446b043f98b8712001f044886/c38f7b55183940a4980155523bcfb36d.png","ascent":8,"type":"bitmap","chars":["串"],"height":8},{"file":"minecraft:font/32c22c2dcde04724b53ff4220b682eca/afaff171c97841109d7b4b61219edd1b.png","ascent":8,"type":"bitmap","chars":["丳"],"height":8},{"file":"minecraft:font/062f6b6eb6c2460f8f6e4f3161409e85/55644e95916b4e688552324750162d25.png","ascent":16000,"type":"bitmap","chars":["垙"],"height":16000},{"file":"minecraft:font/7a856251e8e84ee5b62aa37cc582a326/f8958c9354af466ca5a1f03f6dd0bd49.png","ascent":8,"type":"bitmap","chars":["亖"],"height":8},{"file":"minecraft:font/8f083e857038450eae3cabfc8da47658/64a7cc3a54484403b037ea3b6eb0d225.png","ascent":8,"type":"bitmap","chars":["亗"],"height":8},{"file":"minecraft:font/f92402ae23ca4919b54fe80068e92882/286fb15940b54a6391179ff0e1dd3794.png","ascent":8,"type":"bitmap","chars":["亘"],"height":8},{"file":"minecraft:font/26564476e3d84bb99f98ebe08d07c9da/af5b7640488d45a1a91558b499a7234d.png","ascent":8,"type":"bitmap","chars":["亙"],"height":8},{"file":"minecraft:font/2b68ee6df9f741abbc05ad48e29ecdfb/e3e8de1b33fd4831b57b1bc74af7e679.png","ascent":8,"type":"bitmap","chars":["亚"],"height":8},{"file":"minecraft:font/9be2013083f2476192a1af390105d330/f2ad87b6bd854da186a01f4a7786b46a.png","ascent":8,"type":"bitmap","chars":["些"],"height":8},{"file":"minecraft:font/66515b34164b466987f0f2cc47b87289/4d146f2664a540cc80a3f64012f2cf86.png","ascent":8,"type":"bitmap","chars":["亜"],"height":8},{"file":"minecraft:font/47f010b6cad5492b917d5ba524b78296/aecf3fd19282469e805a23927040eed6.png","ascent":8,"type":"bitmap","chars":["亝"],"height":8},{"file":"minecraft:font/4e82593b00f943db9f7ef5f47a131d40/bffd42de69f54a6f968786724e839e26.png","ascent":8,"type":"bitmap","chars":["亞"],"height":8},{"file":"minecraft:font/eeeca32dd36c41f488c88dbfd01a85cf/22386e686c96473cb9e98a14388be234.png","ascent":8,"type":"bitmap","chars":["亟"],"height":8},{"file":"minecraft:font/243377d5b14b4061bd2e1d0464f49a21/85502a9c564249df903bc0afcef36b85.png","ascent":8,"type":"bitmap","chars":["亠"],"height":8},{"file":"minecraft:font/80560d2d2a0747da843c7f352a9639ae/ecc3040377e046738c8cc26b9b011444.png","ascent":8,"type":"bitmap","chars":["亡"],"height":8},{"file":"minecraft:font/04c897a0d5b34f9fae95c8081954815a/d22e3b85cf574e2ea57024b442c79452.png","ascent":8,"type":"bitmap","chars":["亢"],"height":8},{"file":"minecraft:font/f977fe7a3455485abaaa81d527bf4f50/55b96a2fd9d24b2c86a83a27e06dc9ed.png","ascent":8,"type":"bitmap","chars":["亣"],"height":8},{"file":"minecraft:font/72f57740f1ca4118bb2a618563e072d1/68b9c6b217f547bbb66d69ace751b4e6.png","ascent":8,"type":"bitmap","chars":["交"],"height":8},{"file":"minecraft:font/7daf151eb52e4214a7326c7226b8678f/f126a69b0e4444d8ab710a3a816bd51e.png","ascent":8,"type":"bitmap","chars":["亥"],"height":8},{"file":"minecraft:font/611ad29d011e42f0afd1ee86ae168ba1/0f9aee56cb084fa8951f84d20b1e8079.png","ascent":8,"type":"bitmap","chars":["亦"],"height":8},{"file":"minecraft:font/1f0941fb82984d6393c0045833fccaac/6147e5ce142e4fe1a1d34676bba378c5.png","ascent":8,"type":"bitmap","chars":["产"],"height":8},{"file":"minecraft:font/1a557ecddbf143d99655b493b4506fdd/659fd59b5c0446afb8148dc4070a98f0.png","ascent":8,"type":"bitmap","chars":["亨"],"height":8},{"file":"minecraft:font/031983d57fe2488bbd5feffdc5ce061d/1e880e0574184ca18efed094978b47f3.png","ascent":8,"type":"bitmap","chars":["亩"],"height":8},{"file":"minecraft:font/8bb864bcf5874f7fadeda37c94e801b5/6bb54b14574344dea4458baca9174d58.png","ascent":8,"type":"bitmap","chars":["亪"],"height":8},{"file":"minecraft:font/c250c71401dd46e08dcc0a7265a99692/4666491338c3490f8876f81dd05455bc.png","ascent":8,"type":"bitmap","chars":["享"],"height":8},{"file":"minecraft:font/ceb6d116ae7047bb8e255d63c4c57d63/58d8eee5cde24824956b7327c62a818d.png","ascent":8,"type":"bitmap","chars":["京"],"height":8},{"file":"minecraft:font/53b6035251094b918a36d3e8e7d91198/d44b025d64e8406a96d7a6eb694c59b6.png","ascent":8,"type":"bitmap","chars":["亭"],"height":8},{"file":"minecraft:font/de9a83911bcf4eda8d2eeeb5f0995bb9/2aae61d4260b423aab5327f8d82f76aa.png","ascent":8,"type":"bitmap","chars":["亮"],"height":8},{"file":"minecraft:font/f51de0862645476c90ce9ab59c8fa172/a9c68c78bae6409dbe0a060290e2bc73.png","ascent":8,"type":"bitmap","chars":["亯"],"height":8},{"file":"minecraft:font/43262368b3484e148247f8bb8e95760d/0aced1c658864fedbcd9a40b50f69a3a.png","ascent":8,"type":"bitmap","chars":["亰"],"height":8},{"file":"minecraft:font/cf69e4817bc141ce841719d71a87776e/01b4ff07c5794f3297616c7ae61e906c.png","ascent":8,"type":"bitmap","chars":["亱"],"height":8},{"file":"minecraft:font/3a5f8201ac61468bb5754265f1e740a7/a40764ce6da84b9883f482d7b9d05d44.png","ascent":8,"type":"bitmap","chars":["亲"],"height":8},{"file":"minecraft:font/91e5ea7b11524bef91604f75e80161ba/15a732377b924c4aa485b3ab8ec9f8bc.png","ascent":8,"type":"bitmap","chars":["亳"],"height":8},{"file":"minecraft:font/bafdd9f02f4b4cca84e60def4f714867/8837fb6dbdec44f59600db37296eae91.png","ascent":8,"type":"bitmap","chars":["亴"],"height":8},{"file":"minecraft:font/7905d9a9c5484c61a473e8d4f857dc7f/4d09d7f3b7434f5b913844d7c33b7e00.png","ascent":8,"type":"bitmap","chars":["亵"],"height":8},{"file":"minecraft:font/44d64a0707154081a2ff4c8b9c21df7c/ded281fe11164ef19ac2fefd4a64f079.png","ascent":8,"type":"bitmap","chars":["亶"],"height":8},{"file":"minecraft:font/5b126a44735f40b1a4d1fe1457cf0667/f66ae965b42c4524aeeedbe16ad6c37b.png","ascent":8,"type":"bitmap","chars":["亷"],"height":8},{"file":"minecraft:font/64011d39cae74a1fb82e105817ccb83e/9d52ac52f4d1455e81603359d308d0c3.png","ascent":8,"type":"bitmap","chars":["亸"],"height":8},{"file":"minecraft:font/69c5d6f62dc649dfaecd579d2cb9bc41/c7994e77a8e3404899161934fa54157f.png","ascent":8,"type":"bitmap","chars":["亹"],"height":8},{"file":"minecraft:font/da9a1808ba4644c2942694af9bd6e73c/a516d165e82b407bb2245302fb3d5204.png","ascent":8,"type":"bitmap","chars":["人"],"height":8},{"file":"minecraft:font/f915b126d199438b909d41b16d8e1952/3dcebc363ea148358b7138d486ce62ee.png","ascent":8,"type":"bitmap","chars":["亻"],"height":8},{"file":"minecraft:font/13c2601c51a043919295aabaf62e3b6b/1f48451803eb48008fe33cc3f7da797d.png","ascent":8,"type":"bitmap","chars":["亼"],"height":8},{"file":"minecraft:font/b059902d7ea64471a16f9106813d2723/da9cfe96b78348358e123577c389d55b.png","ascent":8,"type":"bitmap","chars":["亽"],"height":8},{"file":"minecraft:font/691e99656e59404db44180c7f8277d4b/3b395cda43174b4794804d77fda5a50c.png","ascent":8,"type":"bitmap","chars":["亾"],"height":8},{"file":"minecraft:font/614a198146124faeb058ca69fa9fcd35/96c94819803f4b81bf060e4115152d3e.png","ascent":8,"type":"bitmap","chars":["亿"],"height":8},{"file":"minecraft:font/c527108f71b14d388b459aa807794cc5/89ffa65f7cb24edd92ad8d890fe7437d.png","ascent":8,"type":"bitmap","chars":["什"],"height":8},{"file":"minecraft:font/deffc5d9f41c45a086aa9f0a86235398/dc270e1d92a9463f902551a2e014fcd0.png","ascent":8,"type":"bitmap","chars":["仁"],"height":8},{"file":"minecraft:font/d9220148be724fb1acae813a2868bbf4/5fb88f9f24e94a5f9deab16f30aa3a9a.png","ascent":8,"type":"bitmap","chars":["仂"],"height":8},{"file":"minecraft:font/78c19c207fa245409d833b345298113d/99f9befe748c4f87b2346a5cb4df75d3.png","ascent":8,"type":"bitmap","chars":["仃"],"height":8},{"file":"minecraft:font/619646cf894a4c9fa412ee0a2c8a33aa/e0d353216ab54c8f939442a188ce18cf.png","ascent":8,"type":"bitmap","chars":["仄"],"height":8},{"file":"minecraft:font/8d030c40d55f4ecf8a4a38b4b0c1bb0c/171eab5f0ca847f2a336dd253758381d.png","ascent":8,"type":"bitmap","chars":["仅"],"height":8},{"file":"minecraft:font/0abbfc341e4c4e8dab877315fee8439b/88d1e39bdafa43d998ac10c5ae784bc9.png","ascent":8,"type":"bitmap","chars":["仆"],"height":8},{"file":"minecraft:font/f293ac9d471444089479eb5a0b12d6e3/e0965f3c98f94db0a563af16c2d95275.png","ascent":8,"type":"bitmap","chars":["仇"],"height":8},{"file":"minecraft:font/4ed6404e7716454cb9f9d817b714be02/288e503070304e7cb4eb353dda6733d6.png","ascent":8,"type":"bitmap","chars":["仈"],"height":8},{"file":"minecraft:font/eac6f45b65a04d339e728841a0a1e4dd/954a3e74d7264ed6a2eb577ddf4dbfbc.png","ascent":8,"type":"bitmap","chars":["仉"],"height":8},{"file":"minecraft:font/4a36a7376d904575908436a7b81f01aa/6d58fe3641d544999d7e8085f8512b55.png","ascent":8,"type":"bitmap","chars":["今"],"height":8},{"file":"minecraft:font/6b38e6a5896f49cc9ccc2ded6d0559ff/88300db6bf344654b8692f496abab816.png","ascent":8,"type":"bitmap","chars":["介"],"height":8},{"file":"minecraft:font/3d7d154e0f554366aaa443ebce7730a2/4d6cd915730f4b3ca665290ddae857fa.png","ascent":8,"type":"bitmap","chars":["仌"],"height":8},{"file":"minecraft:font/46c65091d40f4db6a3bb5bfc2124bdb3/b9d7980776b34f62aff18e83dfc3f96c.png","ascent":8,"type":"bitmap","chars":["仍"],"height":8},{"file":"minecraft:font/a1c539a63e424ab5860b449f7c261f43/0cf5fe0e71f340f488fa578e4676bbdc.png","ascent":8,"type":"bitmap","chars":["从"],"height":8},{"file":"minecraft:font/fe06fa81d9e04831a97ab74f5f8e2738/bcaa8acebacb44bdbb7f166372589680.png","ascent":8,"type":"bitmap","chars":["仏"],"height":8},{"file":"minecraft:font/4f11dbdc901c4414bf4ebe75b133b2f5/fe146da22a914d2ebdf815c08e93c4f1.png","ascent":8,"type":"bitmap","chars":["仐"],"height":8},{"file":"minecraft:font/29425284147441bb9404925fdb383f74/3afbe33f42834db19208c8eb447a29cc.png","ascent":8,"type":"bitmap","chars":["仑"],"height":8},{"file":"minecraft:font/e86c039bd94f420bbbac863df02325cc/95ecc3cc38664ac8ac4c402c9ce95543.png","ascent":8,"type":"bitmap","chars":["仒"],"height":8},{"file":"minecraft:font/95773c5be27e42f88d651eb26dbf5bd1/9f6f378ad00a400cbcf7628c14d1b860.png","ascent":8,"type":"bitmap","chars":["仓"],"height":8},{"file":"minecraft:font/1ee4353734114aa682d9b4bcd5745533/5a4c1cb40a404d56b06201e5f3a30015.png","ascent":8,"type":"bitmap","chars":["仔"],"height":8},{"file":"minecraft:font/6c29b197f24740848a953e41feae4c58/a367368d6afd4d4e9f128bca88261901.png","ascent":8,"type":"bitmap","chars":["仕"],"height":8},{"file":"minecraft:font/a599be0e07f1445880f70bbf6d7a141f/d09a319b2955429a8cc1c8ac1493d83f.png","ascent":8,"type":"bitmap","chars":["他"],"height":8},{"file":"minecraft:font/716b790a9b5f4a0cb9a7c51842b516c5/fbf0c0d0d4f64860acff297c3e8d751f.png","ascent":8,"type":"bitmap","chars":["仗"],"height":8},{"file":"minecraft:font/f6cb94544bdd4c2e9d82f122771acde6/2c5ad947cc4248748119577f7a74e344.png","ascent":8,"type":"bitmap","chars":["付"],"height":8},{"file":"minecraft:font/eec13ca052f0419897f232189701c9a5/5603e7b0305e4d8388f8ab1b47ed0392.png","ascent":8,"type":"bitmap","chars":["仙"],"height":8},{"file":"minecraft:font/cbe778c0f3f54318b2c16aa30b5039da/f8157ed81ed940da9c65686885032408.png","ascent":8,"type":"bitmap","chars":["仚"],"height":8},{"file":"minecraft:font/1b4f14d12b8e469496d6390f2582e59d/bf6896080e744926b36f251d74e869c1.png","ascent":8,"type":"bitmap","chars":["仛"],"height":8},{"file":"minecraft:font/3168bf1cb5e947b99150d8655c9dff85/7631c946171149d59d6cbe2556fafb44.png","ascent":8,"type":"bitmap","chars":["仜"],"height":8},{"file":"minecraft:font/9fde71f40cb74d9183fde2dac5082b09/8d857a604b99444f8c9716dca11a6824.png","ascent":8,"type":"bitmap","chars":["仝"],"height":8},{"file":"minecraft:font/fdd957ebc6f5423f9c427e4b59a3fb23/f8107fdf8d0043119daeca2e14d45384.png","ascent":8,"type":"bitmap","chars":["仞"],"height":8},{"file":"minecraft:font/57c490f16d3f428da42d7a37e25e1074/7d9e78e53e734a57aa05c3f9c4dc2856.png","ascent":8,"type":"bitmap","chars":["仟"],"height":8},{"file":"minecraft:font/1cc64601d0da4592ac171be6baf92fb8/4c8ea652b54c4cf885c16b3fa827f58c.png","ascent":8,"type":"bitmap","chars":["仠"],"height":8},{"file":"minecraft:font/5ab03b1db4444c089fbf31c7161041b2/aebc70ef35ae46c6be1196da16bdba23.png","ascent":8,"type":"bitmap","chars":["仡"],"height":8},{"file":"minecraft:font/5683fdd4e50d47b58222f41021fe7109/646485a62e0f4f9fb2d169a2e443f6d8.png","ascent":8,"type":"bitmap","chars":["仢"],"height":8},{"file":"minecraft:font/2226b9df1d5c4527b4bb9d9b43aae73b/dcad168e159149428dede77b12c07850.png","ascent":8,"type":"bitmap","chars":["代"],"height":8},{"file":"minecraft:font/4282d428fdb34b4cb0226f3069618132/603963a38c2c468b96bb0ebcc8bcb694.png","ascent":8,"type":"bitmap","chars":["令"],"height":8},{"file":"minecraft:font/7d2a52dbec11458698f291814581a6ef/5f1931fd51c848f6a276f21264c7e71f.png","ascent":8,"type":"bitmap","chars":["以"],"height":8},{"file":"minecraft:font/e6a918bca57e46fc958e168987007973/422358efbdc54711aababbfbd88af293.png","ascent":8,"type":"bitmap","chars":["仦"],"height":8},{"file":"minecraft:font/e6ac37f9d6cd45e4b80913e3427f5ddb/aa96d749d776476aaaef76f88ea53c00.png","ascent":8,"type":"bitmap","chars":["仧"],"height":8},{"file":"minecraft:font/0d30f6eb972a445f92972cd15a596d98/c5df7e69732746939ce7159192228dc3.png","ascent":8,"type":"bitmap","chars":["仨"],"height":8},{"file":"minecraft:font/904c7ce2175f4acdb874708db9f6b5ae/4a3eb704e0e74616913c4213cf63ae07.png","ascent":8,"type":"bitmap","chars":["仩"],"height":8},{"file":"minecraft:font/d76b7e99702b4a158d909248a9ed95f9/a5e4391144684645b9deb8aa2b5ea319.png","ascent":8,"type":"bitmap","chars":["仪"],"height":8},{"file":"minecraft:font/f0ed19ce647a44d19bbbcdc2cd698568/32a93d5191e9438e962464612035245b.png","ascent":8,"type":"bitmap","chars":["仫"],"height":8},{"file":"minecraft:font/79a6de7bfb4d40da88ee77bd5ac79800/974b12cd4fd940a8b48e759a9b6d279a.png","ascent":8,"type":"bitmap","chars":["们"],"height":8},{"file":"minecraft:font/a96949a61e864f47b1ea859952aa817d/039eb487d45644a1b435ce11ff462801.png","ascent":8,"type":"bitmap","chars":["仭"],"height":8},{"file":"minecraft:font/50ed72a383ac4c7fba7a40e13f08e96a/98a0c231ea9e4884a3db8261c76b8924.png","ascent":8,"type":"bitmap","chars":["仮"],"height":8},{"file":"minecraft:font/1b6f2d6a95fd47e687c0f6169c07e9a7/d9af9b2bb6664dfe9d36d2c9c1ea1584.png","ascent":8,"type":"bitmap","chars":["仯"],"height":8},{"file":"minecraft:font/930c266e7d634aab80dedb2eeaed4d3a/273f99681ec243058c3b43e5685b7abd.png","ascent":8,"type":"bitmap","chars":["仰"],"height":8},{"file":"minecraft:font/0f66760ac0ec4d93a35a87cd423bcb76/62bbd711f2c54abebed9bfcdc2f5a9a5.png","ascent":8,"type":"bitmap","chars":["仱"],"height":8},{"file":"minecraft:font/2137cd99072a490eb2523033b4569cc6/a326ccd7f68c4f70b88d51302ea054f8.png","ascent":8,"type":"bitmap","chars":["仲"],"height":8},{"file":"minecraft:font/bd62b5bad27246ccb67fd7074a4c2833/a5577264618f4b91aca84ff3a7eaab94.png","ascent":8,"type":"bitmap","chars":["临"],"height":8},{"file":"minecraft:font/f69d1a91f8ea4a6b9fe21bf9c88d34e8/65aca1ac29704da9871f4a492bf7a52e.png","ascent":8,"type":"bitmap","chars":["丵"],"height":8},{"file":"minecraft:font/cadee29757f349d9b2c02c1f83b82a94/e061fac00f65442c849658c3e42484ea.png","ascent":8,"type":"bitmap","chars":["丶"],"height":8},{"file":"minecraft:font/d0eea31e0f9844d7a320501902143fca/abcacaac71fe4ea9be54be5dc7ebc1f4.png","ascent":8,"type":"bitmap","chars":["丷"],"height":8},{"file":"minecraft:font/25ab5de289a8421d99368531b51f4874/36eb2310987045dc99a8050049ee5711.png","ascent":8,"type":"bitmap","chars":["丸"],"height":8},{"file":"minecraft:font/c2161a282bcb44f29de22a0a74dedc24/716a41c2d8704ad8ad609f62ec8fc827.png","ascent":8,"type":"bitmap","chars":["丹"],"height":8},{"file":"minecraft:font/0a97ce4d0982440a88b4989136282629/6f425a88b00b414087d528b45996b3ee.png","ascent":8,"type":"bitmap","chars":["为"],"height":8},{"file":"minecraft:font/ae945dbad4474812a1659e27fc0a6ffc/5d0b88554b104b21830baf4170f53b48.png","ascent":8,"type":"bitmap","chars":["主"],"height":8},{"file":"minecraft:font/6423ce1dd835470190aa238f5bc783b1/3f453e6257f94f8eacee51da00e6e762.png","ascent":8,"type":"bitmap","chars":["丼"],"height":8},{"file":"minecraft:font/6bbb5c68aa864366ac802a918136e29b/02697a8125d3472c913716224405949b.png","ascent":8,"type":"bitmap","chars":["丽"],"height":8},{"file":"minecraft:font/4b8b9a9210c24d59a28ef87fb294d914/913378607449469291baa4d21b4fe9bc.png","ascent":8,"type":"bitmap","chars":["举"],"height":8},{"file":"minecraft:font/46ae91a3929e4bb0bd92d5d50c7c5f67/ee2709a67e8245298f9d39e3630c8f48.png","ascent":8,"type":"bitmap","chars":["丿"],"height":8},{"file":"minecraft:font/bb4604be5ff74a04bb6d22e7edf91082/ec5cf07687984dbbbe57ef54bf37da62.png","ascent":8,"type":"bitmap","chars":["乀"],"height":8},{"file":"minecraft:font/f4a2c5a2cb654b2d8d88c628dc078643/80960d843bc94ea4ac0f3c8741811c7f.png","ascent":8,"type":"bitmap","chars":["乁"],"height":8},{"file":"minecraft:font/6f0eee6f193f44c68cd6ada3bf27fed9/36e3b742c6ea4b5e864f0f07d2f3bb88.png","ascent":8,"type":"bitmap","chars":["乂"],"height":8},{"file":"minecraft:font/cce8629518b74ed5bfc9e23c4fd78ed6/3524e8a814c146bcbaf3150ad5a19945.png","ascent":8,"type":"bitmap","chars":["乃"],"height":8},{"file":"minecraft:font/f37184887de0473493ebc9cfee31a06e/3878c84307934f2da0de935b84dfcdf1.png","ascent":8,"type":"bitmap","chars":["乄"],"height":8},{"file":"minecraft:font/89bf3b58c6254af8913e09dc87bf35e5/24dedc07a1464babac699a091385dd6d.png","ascent":8,"type":"bitmap","chars":["久"],"height":8},{"file":"minecraft:font/d2a758fc57ac46db95b5d7b840683544/e719da6b1da24b629c120962e4bc909c.png","ascent":8,"type":"bitmap","chars":["乆"],"height":8},{"file":"minecraft:font/e67a47b23d87420b9fa4d9bee53ddc2a/6b04c9a850594a7882d6ada4299996b4.png","ascent":8,"type":"bitmap","chars":["乇"],"height":8},{"file":"minecraft:font/626cdfb6d0314dea87845169fa76d453/27c0d39d9d834091b200a566cfabaa6d.png","ascent":8,"type":"bitmap","chars":["么"],"height":8},{"file":"minecraft:font/92ce21bf33174b478ddd397a4794ed9e/a10efda0b22b47608bb53b266b6ce5bc.png","ascent":8,"type":"bitmap","chars":["义"],"height":8},{"file":"minecraft:font/c6ea2dfe018b45ec91fc87fd5ee7f28b/cc085ced0a0c4b6faadc2542fac947a0.png","ascent":8,"type":"bitmap","chars":["乊"],"height":8},{"file":"minecraft:font/a94af3ddf22949afa37df58b16eed083/b59d44d06089447380c69af1299ee425.png","ascent":8,"type":"bitmap","chars":["之"],"height":8},{"file":"minecraft:font/1434a3c10beb4d169698f447fdb29af4/e069b401a5bc414ab3639f0a9c39ae5d.png","ascent":8,"type":"bitmap","chars":["乌"],"height":8},{"file":"minecraft:font/37cce727f03e4a8b80e722badd684c18/aadce5ecff944174abb327d0d61ef7df.png","ascent":8,"type":"bitmap","chars":["乍"],"height":8},{"file":"minecraft:font/dbda18628e864a54ac6eb7bda3af07c4/109e9e435a8945b9acf04c4954d9d374.png","ascent":8,"type":"bitmap","chars":["乎"],"height":8},{"file":"minecraft:font/ecb6b3e24a984afbb11249b22f8d98f2/3c49f1c33ed2495db4f4f6e0da8926b6.png","ascent":8,"type":"bitmap","chars":["乏"],"height":8},{"file":"minecraft:font/f841b7391af047cdb224de768b28fc0a/efc5784f4f8a4a2a9547e91e9a00fd9e.png","ascent":8,"type":"bitmap","chars":["乐"],"height":8},{"file":"minecraft:font/90e6326808e149f885e78de61015d8b7/72889a3cde534236bcff08770955e660.png","ascent":8,"type":"bitmap","chars":["乑"],"height":8},{"file":"minecraft:font/f8e1af5ad6c940209cb168b3e5cbc67d/080990c0c40c4a7684fedaabad2bd46f.png","ascent":8,"type":"bitmap","chars":["乒"],"height":8},{"file":"minecraft:font/a4a696268d4b43e3b6711587ccf214a7/ccc989a0c90248ddaf39a17e2ce1b2fc.png","ascent":8,"type":"bitmap","chars":["乓"],"height":8},{"file":"minecraft:font/9a56167f60124a258a500fee7b0504de/eb241673d62045cd8701755c76178275.png","ascent":8,"type":"bitmap","chars":["乔"],"height":8},{"file":"minecraft:font/704a74e3ccab4b8bab53a4392f414cbc/c16a14571a514d33af98f523dd95c794.png","ascent":8,"type":"bitmap","chars":["乕"],"height":8},{"file":"minecraft:font/deb1f515f55841e486dcd00d42515841/eb4e4b6e16c743bb9fb1c1de8bc8a8ff.png","ascent":8,"type":"bitmap","chars":["乖"],"height":8},{"file":"minecraft:font/9df5f18185314728a517aa53218c3214/87e9387a0cb44d828ff594b76c93740b.png","ascent":8,"type":"bitmap","chars":["乗"],"height":8},{"file":"minecraft:font/77186644c86f4d94b421220c08dd3298/81bbc852e6bd4331a31be477cb27e39d.png","ascent":8,"type":"bitmap","chars":["乘"],"height":8},{"file":"minecraft:font/f8784184795e462a91f9db94e2e14269/ad1212c1af0449c59dbc74ca20294782.png","ascent":8,"type":"bitmap","chars":["乙"],"height":8},{"file":"minecraft:font/524c1cd6818e449c9ab0d78612d3e23b/4a00d52875304936a4ce810ed1769c49.png","ascent":8,"type":"bitmap","chars":["乚"],"height":8},{"file":"minecraft:font/03659181e61b489b962f9d9ac3379d20/a4174e808c874f6eb5c01727e8161057.png","ascent":8,"type":"bitmap","chars":["乛"],"height":8},{"file":"minecraft:font/59919f5ea3ec4d8d98cb8cc6b2142fd4/1ae0d601555540deb1139dcd90ba9e00.png","ascent":8,"type":"bitmap","chars":["乜"],"height":8},{"file":"minecraft:font/4b682fe3c0014b35aa6681d37e71dea0/693960acedbc4e85bdd6b78c270a20e7.png","ascent":8,"type":"bitmap","chars":["九"],"height":8},{"file":"minecraft:font/7ee2aadec9164f299756e0a9eb70dff1/ec2cb0cee6674e8b8f5c1a0b1c660378.png","ascent":8,"type":"bitmap","chars":["乞"],"height":8},{"file":"minecraft:font/07287f541d1a4df7a2e4a60eb94208d7/9971580bc6b4481ba35b07ff898e5350.png","ascent":8,"type":"bitmap","chars":["也"],"height":8},{"file":"minecraft:font/637983cb88bb41ea8251dce702abe693/f83b2794593344e8a7da0f87c88aa70e.png","ascent":8,"type":"bitmap","chars":["习"],"height":8},{"file":"minecraft:font/a87ea383d83848779b5dc814ea2d796a/02c2a5d239724c02afe1320989b53b8d.png","ascent":8,"type":"bitmap","chars":["乡"],"height":8},{"file":"minecraft:font/9254e3413e844c3787a513ffb48181d8/9118da8cda15467d8836df098f22577e.png","ascent":8,"type":"bitmap","chars":["乢"],"height":8},{"file":"minecraft:font/0cfcac16fef6441f802244d6f488385e/1af15569dbdd4c9aab8a8e45f668a434.png","ascent":8,"type":"bitmap","chars":["乣"],"height":8},{"file":"minecraft:font/ce18693fd70d47759d2b5d987ce5b70f/13293558a9ce49c283e8ae398489b90c.png","ascent":8,"type":"bitmap","chars":["乤"],"height":8},{"file":"minecraft:font/4710dddd9d7341c5a4fdba1512bd4a99/58ee7f2fee42488ba2874a91a71d5b84.png","ascent":8,"type":"bitmap","chars":["乥"],"height":8},{"file":"minecraft:font/28f1937ea2df47fcb874c5abe17d48ec/7688c3e0b3394762a6ab1f14601e9f1f.png","ascent":8,"type":"bitmap","chars":["书"],"height":8},{"file":"minecraft:font/f9f6dd107c474f1aad85e5cde6001aa0/e61fdc80269e4441915c0b055ee7e7a3.png","ascent":8,"type":"bitmap","chars":["乧"],"height":8},{"file":"minecraft:font/7745fe50313741a4ac3da5af68996c26/448b28fe694646f2b8194c565fe51f08.png","ascent":8,"type":"bitmap","chars":["乨"],"height":8},{"file":"minecraft:font/316ac11cef2d408abf42380afa00d0c1/dd0909fbf3264164a233c21252f9b082.png","ascent":8,"type":"bitmap","chars":["乩"],"height":8},{"file":"minecraft:font/d5f3498f76df419da88f2b622063b3a9/17d10e5577d54fa0b2ce3d5ff5837bb6.png","ascent":8,"type":"bitmap","chars":["乪"],"height":8},{"file":"minecraft:font/1044b92ec92944b183365a36538cf73a/534d90203d8641fbb7bbd44cba595aee.png","ascent":8,"type":"bitmap","chars":["乫"],"height":8},{"file":"minecraft:font/d3e48d3000734cc6b0095c8468a92f97/d1c1a99fd37d4dcfa7120a4948a909eb.png","ascent":8,"type":"bitmap","chars":["乬"],"height":8},{"file":"minecraft:font/c4d6b9e04e8f4c96a85779b6cccf9f8b/52544595cf8f47d2bc7b8fdce5d70b50.png","ascent":8,"type":"bitmap","chars":["乭"],"height":8},{"file":"minecraft:font/1f057e2f2b2c4bb78a4a2b078ceaf2fc/788de1025c1e4c78a59f78d3e87b73df.png","ascent":8,"type":"bitmap","chars":["乮"],"height":8},{"file":"minecraft:font/e959b61ee9044d78ab425020c35d9f41/4b9a00a69bc644309e5dcc2b9cbf0aba.png","ascent":8,"type":"bitmap","chars":["乯"],"height":8},{"file":"minecraft:font/ad76ec1589824782af3645f94832cd6a/e6def8237a2f48e18635789a256d604a.png","ascent":8,"type":"bitmap","chars":["买"],"height":8},{"file":"minecraft:font/4f6d9417b63a40988ce112c9f44291b7/a98fcf0bf0b6408cafcd36e5da7b7b55.png","ascent":8,"type":"bitmap","chars":["乱"],"height":8},{"file":"minecraft:font/71e4088a7f744dfd851b8468942d899b/73d8772909b74d018086e0483f88a52a.png","ascent":8,"type":"bitmap","chars":["乲"],"height":8},{"file":"minecraft:font/d138365f30c54c4d86dfb847877a0195/674cb4724ee54121bbf8c0f383d50552.png","ascent":8,"type":"bitmap","chars":["乳"],"height":8},{"file":"minecraft:font/46a9517e0c214fb4b1117d4bb591fee4/92985245e8e44b67ad10b410246360ad.png","ascent":8,"type":"bitmap","chars":["乴"],"height":8},{"file":"minecraft:font/906dab567c00473eb19383a28a4baced/3daf4839a7ff49d8a3d30b8020fc434e.png","ascent":8,"type":"bitmap","chars":["乵"],"height":8},{"file":"minecraft:font/86b19e03e7eb481ba5458d9453cca768/3d0be80aaf67488d9daa16efc13e436c.png","ascent":8,"type":"bitmap","chars":["乶"],"height":8},{"file":"minecraft:font/a28d149f615646e6996c2c53e5ee8ddb/63552042c6e24bf59c12f31d457aa2c6.png","ascent":8,"type":"bitmap","chars":["乷"],"height":8},{"file":"minecraft:font/7cc41a1991c245ecbf2d15c0c9d51701/b7aa7fc02e3c4370a313750df83abc8e.png","ascent":8,"type":"bitmap","chars":["乸"],"height":8},{"file":"minecraft:font/b700c305addc4fe2b03f047bcb46ffda/177bfe3be9734218b5b0e4dbf68a030e.png","ascent":8,"type":"bitmap","chars":["乹"],"height":8},{"file":"minecraft:font/21bacb4f801843a2b97b34bfa222141f/3b533ff914054a8e8e48d84222f8a72a.png","ascent":8,"type":"bitmap","chars":["乺"],"height":8},{"file":"minecraft:font/ce8cdb4634b64c9eb757b4fa59b14df5/a91850fbe6fa4db8bd3cdbb1646d1118.png","ascent":8,"type":"bitmap","chars":["乻"],"height":8},{"file":"minecraft:font/500ad462c6ea45b4974b9f017f4b6d48/b78f199787224978b8aa308cbeaed455.png","ascent":8,"type":"bitmap","chars":["乼"],"height":8},{"file":"minecraft:font/a03a391077b94482839f81813c8bd2a7/e9cb0b5c6a3e462299c200c42a0e78ac.png","ascent":8,"type":"bitmap","chars":["乽"],"height":8},{"file":"minecraft:font/2f0d6587196e42e58d87391108f53f18/22171e7497074357acfd9837a1df78cc.png","ascent":8,"type":"bitmap","chars":["乾"],"height":8},{"file":"minecraft:font/6a1c5d6cbbf6429bbb2f42f026ab6d94/67912fd89be440209057a760f81fdfd7.png","ascent":8,"type":"bitmap","chars":["乿"],"height":8},{"file":"minecraft:font/a6425b915dbc4695a4825d6462dcde2e/725703b56a4b409bad8031d55a4fdb11.png","ascent":8,"type":"bitmap","chars":["亀"],"height":8},{"file":"minecraft:font/93d3eaca5b394040a32ebb1333e6d609/b35e422233be4602a5cfb2b23d4e67f4.png","ascent":8,"type":"bitmap","chars":["亁"],"height":8},{"file":"minecraft:font/decc1f1f8a2b4d7992ef201d0c76f942/a8607ac3385d4e478e2b35b1ccf4bd62.png","ascent":8,"type":"bitmap","chars":["亂"],"height":8},{"file":"minecraft:font/1ed8d1ef94834c9bb9aab860be6f64de/d9ff197f36ed4ad1b60c07191aadeef2.png","ascent":8,"type":"bitmap","chars":["亃"],"height":8},{"file":"minecraft:font/35aa918b21ab4a11872ed07d11a30512/b4e6ffc4d8ac46f889c794cf66f18348.png","ascent":8,"type":"bitmap","chars":["亄"],"height":8},{"file":"minecraft:font/73380b940c8b4a03992b2ddc86ab75fb/a13f72ff6696480baa63fcc485a37ddf.png","ascent":8,"type":"bitmap","chars":["亅"],"height":8},{"file":"minecraft:font/c64033522bf74480a6262efd51cb4387/70185a1ce68a401bafdf2446a3399553.png","ascent":8,"type":"bitmap","chars":["了"],"height":8},{"file":"minecraft:font/aad98ddf02f845ef9ad82411cdc203ca/3f6d13c9ddf54991ac8a21ee10ffc1cb.png","ascent":8,"type":"bitmap","chars":["亇"],"height":8},{"file":"minecraft:font/eae269fb57c04a449a785310bc94f5bf/553b4582ed96488da9b45cc5f395f017.png","ascent":8,"type":"bitmap","chars":["予"],"height":8},{"file":"minecraft:font/5f8d7882d24144cf8bd2da3cc0603762/fb1a973432ba46e9a6b07f3766890409.png","ascent":8,"type":"bitmap","chars":["争"],"height":8},{"file":"minecraft:font/7b19b19c3d634f94a75f314313023376/38fe946874ed4194949029dbc28ce3dd.png","ascent":8,"type":"bitmap","chars":["亊"],"height":8},{"file":"minecraft:font/d4796316aa95417eb0662f3feae6a89f/106ae73274c34b078d712e4abcdf76b2.png","ascent":8,"type":"bitmap","chars":["事"],"height":8},{"file":"minecraft:font/301de3dd2d894739a2158cb519b45ee9/61e57217587d4f4abd1fa6a481a42f5e.png","ascent":8,"type":"bitmap","chars":["二"],"height":8},{"file":"minecraft:font/b409feffac4049a4906bb9039a296760/44abfafdc0c24dc6a18ce8395539f0d3.png","ascent":8,"type":"bitmap","chars":["亍"],"height":8},{"file":"minecraft:font/aaff5b58ee194ad198a337c7ed3df8e7/4007d94a57f54870bd87c90297a46627.png","ascent":8,"type":"bitmap","chars":["于"],"height":8},{"file":"minecraft:font/39c1296ff52a4ffa9ed02d8fceff7a83/57c12d3864164af0b21451a34086cf59.png","ascent":8,"type":"bitmap","chars":["亏"],"height":8},{"file":"minecraft:font/6c7a108c4c16406495c643321549e399/3af55c7363cb4b7e85144c1f567aa871.png","ascent":8,"type":"bitmap","chars":["亐"],"height":8},{"file":"minecraft:font/ba17fb9a1c724976bed0c0322e1f5854/5a1c4dc0835f4a96afd94702980f8c45.png","ascent":8,"type":"bitmap","chars":["云"],"height":8},{"file":"minecraft:font/2e8c25e78fa84a718da8f9b012aa94c2/c19f2435085c47f7992f1618b7a9db55.png","ascent":8,"type":"bitmap","chars":["互"],"height":8},{"file":"minecraft:font/6dbe1a5b523540b8b75a873114e442ef/4e195eed5d23491fb1a5ad82db1f6272.png","ascent":8,"type":"bitmap","chars":["亓"],"height":8},{"file":"minecraft:font/a74b1eb05f524d789ed7a68288ab87b7/3c48631687d242b681f7e04a70ca1b91.png","ascent":8,"type":"bitmap","chars":["五"],"height":8},{"file":"minecraft:font/02fac03e5dc042e5a24863893e2c8fd9/73e6a042d7c34048b6e4d4a2136079b6.png","ascent":8,"type":"bitmap","chars":["井"],"height":8},{"file":"minecraft:font/05dd428faa9841fda689490f99ae9b70/fe61a32c65344d8f9bae1c5604ae549e.png","ascent":8,"type":"bitmap","chars":["亖"],"height":8},{"file":"minecraft:font/4635b9268fcb48a392a2198b14be973b/2523c1fcd6d84cefae57ae29dd7ed6d5.png","ascent":8,"type":"bitmap","chars":["亗"],"height":8},{"file":"minecraft:font/87706d51074a4893b65beefba194971c/e29344108c694d41b589f42c731b52e9.png","ascent":8,"type":"bitmap","chars":["亘"],"height":8},{"file":"minecraft:font/c29f0e6fbfbf40ffaa3e7e5c8ddc843f/c7d8c4b71fb049f3a627af4ca8d46a15.png","ascent":8,"type":"bitmap","chars":["亙"],"height":8},{"file":"minecraft:font/e35b529a51434ea094c22238b2f6b597/3935089f04274b3a9a39f892c280b6c6.png","ascent":8,"type":"bitmap","chars":["亚"],"height":8},{"file":"minecraft:font/967f2a871b944145b0728051894ccca3/f7b68e688a494576a3f764e2d8a533ca.png","ascent":8,"type":"bitmap","chars":["些"],"height":8},{"file":"minecraft:font/a3c601486c9c40d093794a621d7ef382/f9cd449a2f5e4853b3f664b7493f9127.png","ascent":8,"type":"bitmap","chars":["亜"],"height":8},{"file":"minecraft:font/5e064bfef79f47bb865e0ccb06330999/06f1d8446aee4d2e853b201e80e2cc5d.png","ascent":8,"type":"bitmap","chars":["亝"],"height":8},{"file":"minecraft:font/07e902d9da45401fb8ebbf6e946fb8ac/54a9eb5edef04e88a6a6466e74aee16e.png","ascent":8,"type":"bitmap","chars":["亞"],"height":8},{"file":"minecraft:font/2030381a36a44d9b988c849483d67d9e/7ee5b0859899474ebe64e4932aabf30a.png","ascent":8,"type":"bitmap","chars":["亟"],"height":8},{"file":"minecraft:font/8645a5f178d245c6a879d06ef16d64b1/c103f13de3164391963db8f2050e3456.png","ascent":8,"type":"bitmap","chars":["亠"],"height":8},{"file":"minecraft:font/47a06658f650478697ca0acde1ce3036/37010c135fb74428865b332c47f1117a.png","ascent":8,"type":"bitmap","chars":["亡"],"height":8},{"file":"minecraft:font/921f4983b18c4dabbc24d3e60cf88cfd/fc7a2bf3aa514dc096a366db19bde479.png","ascent":8,"type":"bitmap","chars":["亢"],"height":8},{"file":"minecraft:font/dbe4e7af2f434b989b2cf90df77e2535/c4e8b4395ec848efafda3eb3564a74d6.png","ascent":8,"type":"bitmap","chars":["亣"],"height":8},{"file":"minecraft:font/4659dd04f7144095beb3c3afef705295/b9c7d34f1f7f4228b1a14620a4042665.png","ascent":8,"type":"bitmap","chars":["交"],"height":8},{"file":"minecraft:font/0c938cc178de47b081f773afd6c0cb5a/748d9cee85fe455085fe0ea16b92af1a.png","ascent":8,"type":"bitmap","chars":["亥"],"height":8},{"file":"minecraft:font/fa13162da0b14abf9a04e342f4b69142/ed82f1b53350472eaf084413c8faf749.png","ascent":8,"type":"bitmap","chars":["亦"],"height":8},{"file":"minecraft:font/646daba25be54bdb999c0a40140eeb4f/2216b5b238ed4403890265e9d8c907b8.png","ascent":8,"type":"bitmap","chars":["产"],"height":8},{"file":"minecraft:font/4e9c834f212c4038b3aef83ffe8460db/3eb00efefafa4235992352eef4080e3c.png","ascent":8,"type":"bitmap","chars":["亨"],"height":8},{"file":"minecraft:font/9992996d3a274259b42486780fb24c26/5d03a5256db74c51b63852b6e10f0e4a.png","ascent":8,"type":"bitmap","chars":["亩"],"height":8},{"file":"minecraft:font/bdd6851b7ec7447dbf091b1fc825f09b/8deac9b487ce4605a530d1b80a14c522.png","ascent":8,"type":"bitmap","chars":["亪"],"height":8},{"file":"minecraft:font/bd236f5cc146440f92385db99fb75537/2555bfe4a9a94c30b07a009e781297fc.png","ascent":8,"type":"bitmap","chars":["享"],"height":8},{"file":"minecraft:font/3c6619daa9c34618ae4d604b56687895/2baf7496413047aeae7dcc4ceac17850.png","ascent":8,"type":"bitmap","chars":["京"],"height":8},{"file":"minecraft:font/31b9fe4cdedf4b43aa22c9be6c191408/91df015278974182a1c5703807042a38.png","ascent":8,"type":"bitmap","chars":["亭"],"height":8},{"file":"minecraft:font/63f68b4c546b4d05ab2e3a0d3e685315/e51ab2e47025492f981d0b478462788d.png","ascent":8,"type":"bitmap","chars":["亮"],"height":8},{"file":"minecraft:font/d2139002a5804b0687fc6c8ba2409a6f/8071867539a0465ca2bf9612150ec8db.png","ascent":8,"type":"bitmap","chars":["亯"],"height":8},{"file":"minecraft:font/700b2503f1d94b46b025d71e63abd9e2/cab9fffaf13f4fd2b92311d4cb2eae34.png","ascent":8,"type":"bitmap","chars":["亰"],"height":8},{"file":"minecraft:font/5d28f5933c36494b872723d5c37381cb/434abc39f95f4a8684107d0c6f48ce95.png","ascent":8,"type":"bitmap","chars":["亱"],"height":8},{"file":"minecraft:font/5548dd5ec3c74610b150937ed3d31523/28bb8d7f74554623814cba4c7b61a436.png","ascent":8,"type":"bitmap","chars":["亲"],"height":8},{"file":"minecraft:font/b80f7979d321490a9cd680b94b2b9d5e/1b3efa2f9d214b2780b1aee25cd2e263.png","ascent":8,"type":"bitmap","chars":["亳"],"height":8},{"file":"minecraft:font/e39941cd4a01492a962022d015b40808/506682708e0940ef8f7e4271e2681d0c.png","ascent":8,"type":"bitmap","chars":["亴"],"height":8},{"file":"minecraft:font/40ef21d9bb454c84881efe17585d3789/6e6585acf05542cc99b0bfc2a1e5496c.png","ascent":8,"type":"bitmap","chars":["亵"],"height":8},{"file":"minecraft:font/cb0480ea859645ce97e45cf5e39d8970/d1252158e1094c31b8f62873f83ac71e.png","ascent":8,"type":"bitmap","chars":["亶"],"height":8},{"file":"minecraft:font/16b28e8cb8674984b51e6b6c75b6ed20/b727f69a6b6b4f83948ce96f7a0a8a41.png","ascent":8,"type":"bitmap","chars":["亷"],"height":8},{"file":"minecraft:font/d7fb3d7a156c483ab63248174401708d/310976cca0dd43f69e5f7c392cb7b33c.png","ascent":8,"type":"bitmap","chars":["亸"],"height":8},{"file":"minecraft:font/a29a061b5fb54a1caf9a918248baa783/212bf5a0776d4805a84713a9049d09c4.png","ascent":8,"type":"bitmap","chars":["亹"],"height":8},{"file":"minecraft:font/19602e76dd3b4565b1bca40a4785bfc6/dfc566281e13430990078be5b8ead668.png","ascent":8,"type":"bitmap","chars":["人"],"height":8},{"file":"minecraft:font/d66c948e087c43c7aa23bc3db3cd740e/de1c8a486c2d457e92c6b44972b99b47.png","ascent":8,"type":"bitmap","chars":["亻"],"height":8},{"file":"minecraft:font/67e7f5b2397c43c2bbc2b50f34e7cb11/c85c6ab2d8464471bf5165b3d6e37657.png","ascent":8,"type":"bitmap","chars":["亼"],"height":8},{"file":"minecraft:font/e816fe8581ac402fbf03efa62447b345/ec115f98fa7440cc8ff6a968e67e8c8f.png","ascent":8,"type":"bitmap","chars":["亽"],"height":8},{"file":"minecraft:font/950fd0f6b52e4ae6924ab2bbe44a6532/78690ad8f3fe4197bb654227cb8d9b84.png","ascent":8,"type":"bitmap","chars":["亾"],"height":8},{"file":"minecraft:font/27f55f8e9fab4b129ce4cf938fff5e38/cdbebb43e1de40b8acbdaac94e0f9108.png","ascent":8,"type":"bitmap","chars":["亿"],"height":8},{"file":"minecraft:font/a8f9542cf6d44b0fa59bc516a303c57c/686e204522f6480a93c4fe3693b6578a.png","ascent":8,"type":"bitmap","chars":["什"],"height":8},{"file":"minecraft:font/a1d24a8d0d8c4e318e58d7611d5f55f2/1fa12820c732424eb42800d20d4efb82.png","ascent":8,"type":"bitmap","chars":["仁"],"height":8},{"file":"minecraft:font/63f9a07f3ad8464ab4ad0001b226f888/d3b066d3f15f4b81bc595db9a5e4a504.png","ascent":8,"type":"bitmap","chars":["仂"],"height":8},{"file":"minecraft:font/a19d19a40b9349a1a1969ea6bb3884b2/4efc5c5efec9441a9d63fe6aac57f815.png","ascent":8,"type":"bitmap","chars":["仃"],"height":8},{"file":"minecraft:font/e397e2c2369d4320acbb7a3515b6b0ec/e7f8a06acf0f4d0381bab50856be9cc7.png","ascent":8,"type":"bitmap","chars":["仄"],"height":8},{"file":"minecraft:font/10dfc1811ad84d92b857938b47f65dc7/1b8d5bd1803247bd9c7114418dd0a76f.png","ascent":8,"type":"bitmap","chars":["仅"],"height":8},{"file":"minecraft:font/2b2446c99d1c4a8199364d3d3152a68d/a25a46afe42e4d4ebdb1186e13fc011a.png","ascent":8,"type":"bitmap","chars":["仆"],"height":8},{"file":"minecraft:font/0ca4b9c30a1045c2994d0978b7c7030e/8deae94e19c04da1b3553e930aa2e247.png","ascent":8,"type":"bitmap","chars":["仇"],"height":8},{"file":"minecraft:font/bbcda68d5e734eed982218252207b507/be503aea853744848e7e0a99aaf74051.png","ascent":8,"type":"bitmap","chars":["仈"],"height":8},{"file":"minecraft:font/caeab802ad1e4a5e84b60417febfd0e7/031e25e523c342cfa477ef0c7ca90df2.png","ascent":8,"type":"bitmap","chars":["仉"],"height":8},{"file":"minecraft:font/6937a1f464ea4a0996dd2be416d39921/feacf46de8194a4d80d91fb1b6b94ae0.png","ascent":8,"type":"bitmap","chars":["今"],"height":8},{"file":"minecraft:font/6ad4e223a96c4f3ab4ea7cbef9f901c7/365d861763a44fe5bb415212711cdb75.png","ascent":8,"type":"bitmap","chars":["介"],"height":8},{"file":"minecraft:font/d0870861f3b2492ca9fd8608d3de1506/cbbb1288767d4f73bae4b623a4eddf67.png","ascent":8,"type":"bitmap","chars":["仌"],"height":8},{"file":"minecraft:font/83b68f1b96d64d358bcf7259fc4ab213/ba903e87eb7e402d8bb4710375194fc2.png","ascent":8,"type":"bitmap","chars":["仍"],"height":8},{"file":"minecraft:font/e1e45b0d2f6d45318b4c94369d411f08/111ef91e48cf4264b934e28b57bc0f22.png","ascent":8,"type":"bitmap","chars":["从"],"height":8},{"file":"minecraft:font/b66412d9f9ce4400a7e7c6a84ef59cf3/4e1714e2ddc4487e855d7c22d7ae8f46.png","ascent":8,"type":"bitmap","chars":["仏"],"height":8},{"file":"minecraft:font/52536e22c88c4980a31df0f4e0502c3d/f841119ef517497389d724539c1609ac.png","ascent":8,"type":"bitmap","chars":["仐"],"height":8},{"file":"minecraft:font/5fb8e9c9f8cf4fa88b2c183e97ad5210/30f6d8d6f64d424486fc6f9f15c20857.png","ascent":8,"type":"bitmap","chars":["仑"],"height":8},{"file":"minecraft:font/2c6d8e53ef654b96ac4c23de961608e9/450fd0dab98e46898fea1a5fc45dc2ca.png","ascent":8,"type":"bitmap","chars":["仒"],"height":8},{"file":"minecraft:font/ad2b076058f6488da1fb6a79207b8930/caa641c1bc254610b812f3b514b3dbf7.png","ascent":8,"type":"bitmap","chars":["仓"],"height":8},{"file":"minecraft:font/a25bcbbb9aeb4d4d940eb4dfc2a9823f/8fccd44cbd7c48aab518424e1323d180.png","ascent":8,"type":"bitmap","chars":["仔"],"height":8},{"file":"minecraft:font/4fbe2dbac4d041f98f9dfccde2653456/bd86f14cf3a743a58311c8a8baea33a5.png","ascent":8,"type":"bitmap","chars":["仕"],"height":8},{"file":"minecraft:font/f1a5108de76649ef846f11755816bf75/43db2f6684e241ddac279bfc109e7600.png","ascent":8,"type":"bitmap","chars":["他"],"height":8},{"file":"minecraft:font/14d9a75914c4413fb8039a19843aa3a1/d040389d15764b4fa03f93e622c31dd8.png","ascent":8,"type":"bitmap","chars":["仗"],"height":8},{"file":"minecraft:font/e99e72ca1f00470ebaf1d9c38daa6ec1/451c50bc8c1949289a20822f71f95693.png","ascent":8,"type":"bitmap","chars":["付"],"height":8},{"file":"minecraft:font/ea31c0b924534690aeeb63f2f382130e/ae25d522b18e49fb89e0e704de763dd3.png","ascent":8,"type":"bitmap","chars":["仙"],"height":8},{"file":"minecraft:font/cac60c6619da4df29502beb7ed7e6a6e/b94b2ee577014e5099ed7d6126d407ae.png","ascent":8,"type":"bitmap","chars":["仚"],"height":8},{"file":"minecraft:font/c8607fecba51468aad1257bd849f5311/0af877d23b2448f59a19c0ca628b108c.png","ascent":8,"type":"bitmap","chars":["仛"],"height":8},{"file":"minecraft:font/c8a5db3580aa4107adc1a28ef4a63c31/8637bd9d7116439abd4a7d391af1878b.png","ascent":8,"type":"bitmap","chars":["仜"],"height":8},{"file":"minecraft:font/3f4e8975f9c6407a9daa5d26f7e61025/8f84f38f3b744d6a994747127365e0c0.png","ascent":8,"type":"bitmap","chars":["仝"],"height":8},{"file":"minecraft:font/06e1062c6af4489f9c7bd4aee4ba6c24/ade1039ef8b9427b874189caf99f7b69.png","ascent":8,"type":"bitmap","chars":["仞"],"height":8},{"file":"minecraft:font/11f7c2100426419cb504688a572f1297/0e69fea7a2c246e9bd474d75bad6de52.png","ascent":8,"type":"bitmap","chars":["仟"],"height":8},{"file":"minecraft:font/8ecadc72fc17425bb9b55417e8c89a52/43a520d665734ce1a56816e17e742626.png","ascent":8,"type":"bitmap","chars":["仠"],"height":8},{"file":"minecraft:font/4e291bcfb1f84ab5aafa47b2ef9e0d15/41b72d79d3a64891b12d14f526efb277.png","ascent":8,"type":"bitmap","chars":["仡"],"height":8},{"file":"minecraft:font/d6b1cbb979f9479cb22dbec8b28e3967/fca295d4b042445cac0dee1933b84202.png","ascent":8,"type":"bitmap","chars":["仢"],"height":8},{"file":"minecraft:font/ac580635bea641439a5e7b2ae6f262e7/6e0c890c7ab443e586a027faf4c9e9fe.png","ascent":8,"type":"bitmap","chars":["代"],"height":8},{"file":"minecraft:font/195fbfe2002a4e7c91b82ca587283f69/e829af70e92a4bb89d9eed7d95c90f7f.png","ascent":8,"type":"bitmap","chars":["令"],"height":8},{"file":"minecraft:font/3929d19a63934dd7ac7483621474687b/2df9a2f31794453a86a8b3e0c7cf44b5.png","ascent":8,"type":"bitmap","chars":["以"],"height":8},{"file":"minecraft:font/d820f31371ee4a7db52fb18971148e33/5041930ea35d4605af2a190e322d3ce8.png","ascent":8,"type":"bitmap","chars":["仦"],"height":8},{"file":"minecraft:font/ac33597712a94cb5b38a4789361600ea/3ed50cfe21074e91be34143232555c19.png","ascent":8,"type":"bitmap","chars":["仧"],"height":8},{"file":"minecraft:font/ef2c6d4ff91240b9b8739a049afdcbdb/7c75f0b35cbf4cedb674c9fd58f108be.png","ascent":8,"type":"bitmap","chars":["仨"],"height":8},{"file":"minecraft:font/b1415ced65944b20b134d0b66dc3b31c/f04e640503fc415e9bf96afc6061a15f.png","ascent":8,"type":"bitmap","chars":["仩"],"height":8},{"file":"minecraft:font/2c2c72eb068149a186ebfa7058ce51aa/25ce12405d924339a5c9c2ef1a5b91f9.png","ascent":8,"type":"bitmap","chars":["仪"],"height":8},{"file":"minecraft:font/f123cb219f9e41e6a5a03d13459793b7/f1bb5558f1fc420280b019d8eb6da517.png","ascent":8,"type":"bitmap","chars":["仫"],"height":8},{"file":"minecraft:font/9f1b422d1c7644758a56ae4d9e0590df/926a788f5f304775ac8d3ae31ab31bfe.png","ascent":8,"type":"bitmap","chars":["们"],"height":8},{"file":"minecraft:font/331498f2d37c4c489393d06a84fb4cc5/fe2c7ee2762b40729d08cfb3b41a79a0.png","ascent":8,"type":"bitmap","chars":["仭"],"height":8},{"file":"minecraft:font/31b63477ac944333b7aeb7be43ab6bf6/bf374338a0374ba7bde375c5e012d56a.png","ascent":8,"type":"bitmap","chars":["仮"],"height":8},{"file":"minecraft:font/329920021430472ba695e9fea6717cfc/189441817d9e435eb563b2d272584732.png","ascent":8,"type":"bitmap","chars":["仯"],"height":8},{"file":"minecraft:font/6894ba2190bf4c4e91ec1000225b9354/3d4b4e6570cc46edb7b4358db667b6a5.png","ascent":8,"type":"bitmap","chars":["仰"],"height":8},{"file":"minecraft:font/df10ccb85fc9405dba1fa5737446ecb2/d89718ff13bc42fab14db0e4960883a5.png","ascent":8,"type":"bitmap","chars":["仱"],"height":8},{"file":"minecraft:font/792ebc109cc5406c9e06a0af1cc9d0e4/915be704754c4480bd57578de2c35ef0.png","ascent":8,"type":"bitmap","chars":["仲"],"height":8},{"file":"minecraft:font/5131d8682fc84aaeba4b461020bc3350/536cbc2531eb48148568f21c3535b834.png","ascent":8,"type":"bitmap","chars":["垗"],"height":8},{"file":"minecraft:font/53a21723b2614b518b24758ce2d752d8/908667eccca744d0bc4983df651de4ae.png","ascent":8,"type":"bitmap","chars":["仳"],"height":8},{"file":"minecraft:font/f083cd77a3734fc5bb123f8be0cb5460/7f36a2fe6f92486bb802df633883fe44.png","ascent":8,"type":"bitmap","chars":["仴"],"height":8},{"file":"minecraft:font/6d84329c8e3b405194840f2849819e29/ee82cdfbbbe3474c8ed6157ca917fa13.png","ascent":8,"type":"bitmap","chars":["仵"],"height":8},{"file":"minecraft:font/4bd4f90e0c2745168ae55394ae471435/6530567c1c6746dca1a9d5fbb7c7f4c1.png","ascent":8,"type":"bitmap","chars":["件"],"height":8},{"file":"minecraft:font/1d75c5c4b86443fc9a297965af5a1d28/8484fa934dcd4d3d98ef380a0adb25e5.png","ascent":8,"type":"bitmap","chars":["价"],"height":8},{"file":"minecraft:font/88b634d6403643b8b446a18bbec65934/3cb23e55ede247509394fd0dc23f8d28.png","ascent":8,"type":"bitmap","chars":["仸"],"height":8},{"file":"minecraft:font/7411a30b87b7463f9d2d622106bff60e/5f754e7936be4f39aa8bd01058163391.png","ascent":8,"type":"bitmap","chars":["仹"],"height":8},{"file":"minecraft:font/ff3ed1ce98734a218279f6e7149c335c/610421ea379b413ca042e6393b8dafca.png","ascent":8,"type":"bitmap","chars":["仺"],"height":8},{"file":"minecraft:font/de69e7f295f34bed9d46647195d3ff07/1a364808347747028e9071151ca191d1.png","ascent":8,"type":"bitmap","chars":["任"],"height":8},{"file":"minecraft:font/7cde10bdc60941aca36258ce998993ea/cda4a5ea6e4f4d89a298ab20e8d338bf.png","ascent":8,"type":"bitmap","chars":["仼"],"height":8},{"file":"minecraft:font/5bf250ec26d8406aa886f001604170e4/d35af12b5b7548bcb7077921571d4415.png","ascent":8,"type":"bitmap","chars":["份"],"height":8},{"file":"minecraft:font/c1e151651bcf4fe784567b7b442d2660/847d449e7e6a413aad28c34dbdd36a28.png","ascent":8,"type":"bitmap","chars":["仾"],"height":8},{"file":"minecraft:font/1585a70402184cf88b025f6569107a4e/c0087292fd6742a6809ddd0fed70b7e0.png","ascent":8,"type":"bitmap","chars":["仿"],"height":8},{"file":"minecraft:font/71d40b22c3ee4a2db7b788c32ed79917/80849cfe4cd6497084fcd69f22da426f.png","ascent":8,"type":"bitmap","chars":["伀"],"height":8},{"file":"minecraft:font/0e67700798da40a9bb0dfa3f84ef9807/4767ef9cd9834ca981548d5927020f1e.png","ascent":8,"type":"bitmap","chars":["企"],"height":8},{"file":"minecraft:font/225d6bff98684953a2000d4b0f8462f8/7fbc9c7d8de54547ba67dccc46415c92.png","ascent":8,"type":"bitmap","chars":["伂"],"height":8},{"file":"minecraft:font/87e44089ae8e417e8e616dbea729a699/87040fefacc04bd4a0733143afb78a54.png","ascent":8,"type":"bitmap","chars":["伃"],"height":8},{"file":"minecraft:font/22a26aba224c4de3b625535927e84a4b/515712d95add47e29db5f7ecc9405207.png","ascent":8,"type":"bitmap","chars":["伄"],"height":8},{"file":"minecraft:font/4944e0a196994affb9f0217046faab81/09a664acc5af4209b257423a24f7b413.png","ascent":8,"type":"bitmap","chars":["伅"],"height":8},{"file":"minecraft:font/39fab3f2458f4e20bc23be426b08e7eb/5d99965356464a6c9e14f937411c2c84.png","ascent":8,"type":"bitmap","chars":["伆"],"height":8},{"file":"minecraft:font/16951afd0f7b4de789538e9cdfaa10e7/dae820be37f2447ea5057d4618144f85.png","ascent":8,"type":"bitmap","chars":["伇"],"height":8},{"file":"minecraft:font/0eb8b5b21d97433f8fc3f0eb8cdfb5e8/cac741cf95b840aab7e51cd042f1da2a.png","ascent":8,"type":"bitmap","chars":["伈"],"height":8},{"file":"minecraft:font/7612c17cb1a94023896cd64db4ad87cd/23ff038c9540485685084ec4dbe468bd.png","ascent":8,"type":"bitmap","chars":["伉"],"height":8},{"file":"minecraft:font/2489dcd1e1e943faabe1699b678b1abb/6713fe89746e4d6dbe9605498b99f0af.png","ascent":8,"type":"bitmap","chars":["伊"],"height":8},{"file":"minecraft:font/98b4434e0d494c7f9bbef65a80cbbe28/206453b015764bdc9583619ac163cf46.png","ascent":8,"type":"bitmap","chars":["伋"],"height":8},{"file":"minecraft:font/77cacbbcf7404aba8634b3a7e72976c9/430a5b63082f4facb336301d92c602a7.png","ascent":8,"type":"bitmap","chars":["伌"],"height":8},{"file":"minecraft:font/83b6d666644440e19736fc5c3f3c8c62/5193175cabd64c5c93636032b0d2bd8f.png","ascent":8,"type":"bitmap","chars":["伍"],"height":8},{"file":"minecraft:font/1e3d0b61745e4fa498b46346614647dc/88a1900f2f0d4037bc3da33a342fff26.png","ascent":8,"type":"bitmap","chars":["伎"],"height":8},{"file":"minecraft:font/2ab443c078e74184a8cc5b260a2322f7/9e2a85213b8c490e94276eab2b68445c.png","ascent":8,"type":"bitmap","chars":["伏"],"height":8},{"file":"minecraft:font/551291ba08ac4fd2b75d03148f2ca0f4/7f5c0c2b646c41408cb1d325d54694ad.png","ascent":8,"type":"bitmap","chars":["伐"],"height":8},{"file":"minecraft:font/89ebecba1a2047e388448342aa68ed77/db05896548034465b1ac247f935917e9.png","ascent":8,"type":"bitmap","chars":["休"],"height":8},{"file":"minecraft:font/b86435fb193446518ebf00652b030e38/136cf255ed00456086cac4d655b285df.png","ascent":8,"type":"bitmap","chars":["伒"],"height":8},{"file":"minecraft:font/a27a69a018514b97b5d9fcd7d4f223f3/ee56a24c64bf4485ba924ae134bbe964.png","ascent":8,"type":"bitmap","chars":["伓"],"height":8},{"file":"minecraft:font/ee407567ccb745768246f9e8c7cca4fa/cb8d70366678430d80c87ecaf7174571.png","ascent":8,"type":"bitmap","chars":["伔"],"height":8},{"file":"minecraft:font/91951f5939c94cc48b0fe55fa6e407b4/a604ce8685774b59baa14252602e66e3.png","ascent":8,"type":"bitmap","chars":["伕"],"height":8},{"file":"minecraft:font/0c5fd813422c40eda8e619f19bd1dde9/4916040108aa464c8e374a5b49591ffc.png","ascent":8,"type":"bitmap","chars":["伖"],"height":8},{"file":"minecraft:font/3bd7b9e7dbf44cf58c5cd9e93ffd216a/c0840ff544084849b359a1517ad3237f.png","ascent":8,"type":"bitmap","chars":["众"],"height":8},{"file":"minecraft:font/d63da452066e4ed9b435718e46deaf94/7f29d59c367741f698af49627a1c6075.png","ascent":8,"type":"bitmap","chars":["优"],"height":8},{"file":"minecraft:font/478415721a134c21830b5db257a86a43/b1837d81cb5a4afa81749020144ab679.png","ascent":8,"type":"bitmap","chars":["伙"],"height":8},{"file":"minecraft:font/96ae2cebb44b4478a9050f12ba2f53f8/0f8b2f61492a437e8e585e3d28753698.png","ascent":8,"type":"bitmap","chars":["会"],"height":8},{"file":"minecraft:font/59d57d95753f4bd4aa785495f3849f37/bc9fec7d5955481cb9bdec142ef25388.png","ascent":8,"type":"bitmap","chars":["偹"],"height":8},{"file":"minecraft:font/41141ede9aa54a899184799db402c52f/a4d46db485c34f1bb376a560671d52b3.png","ascent":8,"type":"bitmap","chars":["偺"],"height":8},{"file":"minecraft:font/45e0bdfa00ca4a6bb1414bce54e67abe/fb72a80e31ba4c5d955fe223c6d08196.png","ascent":8,"type":"bitmap","chars":["偻"],"height":8},{"file":"minecraft:font/edeb66695872455ab18b24c71dc46d4b/8fa701924ef148a4a7b742565a1f732a.png","ascent":8,"type":"bitmap","chars":["偼"],"height":8},{"file":"minecraft:font/98d7ae6d0b5144e5ad0ae1483990739b/c4aea7622c5e4eaeab0adfa1c663bfe7.png","ascent":8,"type":"bitmap","chars":["偽"],"height":8},{"file":"minecraft:font/6e5349fe7e684a37bcefc649ba916f70/b931c29388324275b1cd527deef4f916.png","ascent":8,"type":"bitmap","chars":["偾"],"height":8},{"file":"minecraft:font/adc297e6e2134d7cadf90457edd1fee1/84d2c471edde4e568c088838e1d04591.png","ascent":8,"type":"bitmap","chars":["偿"],"height":8},{"file":"minecraft:font/017e9e3aec1f474c86308fba3bde2c66/b1b5b2a1066247ffa9143fec3df612da.png","ascent":8,"type":"bitmap","chars":["傀"],"height":8},{"file":"minecraft:font/dcdf2700d07f410e8a6c4d450f7a3f07/c5bd497a15a34676b7027f013014bd65.png","ascent":8,"type":"bitmap","chars":["傁"],"height":8},{"file":"minecraft:font/d761342040b24ae19146b8b0c059a67b/edbe2c89a43f4b1eb7c39e4459a794c2.png","ascent":8,"type":"bitmap","chars":["傂"],"height":8},{"file":"minecraft:font/37406278bc674e018cd3846d714dc0ee/1358a685c5ec4cf48a6e3f42ecb278c2.png","ascent":8,"type":"bitmap","chars":["傃"],"height":8},{"file":"minecraft:font/d7d7ad2caa07406ca595d88e6ce53f19/d2554fc201be4d35b85bc8fe8fc0c9e2.png","ascent":8,"type":"bitmap","chars":["傄"],"height":8},{"file":"minecraft:font/5638995b1e9e461296008179fd8150b4/f45cab8638b545eba5f76ba9c032c0d0.png","ascent":8,"type":"bitmap","chars":["傅"],"height":8},{"file":"minecraft:font/0e27319d4e98434fa4d90f45a0072186/89dd4d4a391845d099a76edd315cc74b.png","ascent":8,"type":"bitmap","chars":["傆"],"height":8},{"file":"minecraft:font/bf2c286b0a54434fa4a087dcdd8369e4/dc11513a194f40fea03c4728d90fe713.png","ascent":8,"type":"bitmap","chars":["傇"],"height":8},{"file":"minecraft:font/1f1f0f3d53cb462da8d0a7c241c7e955/c63e780e64fa439eaf53d19d3736a292.png","ascent":8,"type":"bitmap","chars":["傈"],"height":8},{"file":"minecraft:font/51224ab45bb941669dccbddcdde9a06c/cb0aefb92ad74f218cfcba85ed791647.png","ascent":8,"type":"bitmap","chars":["傉"],"height":8},{"file":"minecraft:font/32461714bf87445ba0b901eab4a7f8b6/10132789c5c14c679ecb8580e0b585e6.png","ascent":8,"type":"bitmap","chars":["傊"],"height":8},{"file":"minecraft:font/e71000f3c2da49c0be5c3b9a06d8b8e6/4513e48548974aefb14525b7ca6fcddf.png","ascent":8,"type":"bitmap","chars":["傋"],"height":8},{"file":"minecraft:font/a2c6e8a2f4ff41c2a10ad334d1028787/161b02bbb2c64f35bcf0e579236494ec.png","ascent":8,"type":"bitmap","chars":["傌"],"height":8},{"file":"minecraft:font/06d43b1a9d4646f18835bdb9a730dab4/2d292c65e212491c9cc65524d427e899.png","ascent":8,"type":"bitmap","chars":["垃"],"height":8},{"file":"minecraft:font/1658b41e3e784222bc5779b4254206d4/80de30fdbdc04564a728c5aa3e9c4029.png","ascent":8,"type":"bitmap","chars":["垄"],"height":8},{"file":"minecraft:font/373ed8109c9640598ead994d87582ad9/3783b16bdf8441f6b738171c2d8179eb.png","ascent":8,"type":"bitmap","chars":["垅"],"height":8},{"file":"minecraft:font/3aa55a9680964888bb2de278bba50c0d/47132c11684748c7926dd32e8012de32.png","ascent":8,"type":"bitmap","chars":["垆"],"height":8},{"file":"minecraft:font/aed16ed2aa9f45118b818e66d2c44d4d/4fb93ff7d7fa4083b5a0db1e624ea2a4.png","ascent":8,"type":"bitmap","chars":["垇"],"height":8},{"file":"minecraft:font/9f06108de4b242f9b9828e45e5e7e172/f7d7a9ae164e4203a857bade48d3d290.png","ascent":8,"type":"bitmap","chars":["垈"],"height":8},{"file":"minecraft:font/9d4f6db8000f47c0a714c5b8cd677ddb/8bcb59728b0a4c9d9a44e2b4262bfb6f.png","ascent":8,"type":"bitmap","chars":["垉"],"height":8},{"file":"minecraft:font/f0e5c233a37c44bbb8a7810a44ed9725/6c3d6fa336474cb795628e9862ba2a90.png","ascent":8,"type":"bitmap","chars":["垊"],"height":8},{"file":"minecraft:font/14409881228a489bab27e6571db63ea6/2ba778cbe40a4092b8b926d8dc15553b.png","ascent":8,"type":"bitmap","chars":["型"],"height":8},{"file":"minecraft:font/ce63a5f21f894ab28fb8dfed9dd7c6b0/1ba797d8d7c448589c77d8766402c7c7.png","ascent":8,"type":"bitmap","chars":["垌"],"height":8},{"file":"minecraft:font/f427d31bb0f6434680efa3160d6b7dec/4116e22ee50d4431a4eb10e4972852fc.png","ascent":8,"type":"bitmap","chars":["垍"],"height":8},{"file":"minecraft:font/ec3771bd492c4fe2af591886edfbc6ea/8ee989fc33914a3ca8664be531416f3d.png","ascent":8,"type":"bitmap","chars":["垎"],"height":8},{"file":"minecraft:font/994fe760a52046a08f8c49531a368f4f/0c5c28e378b6425f9c2b3965fe7ed153.png","ascent":8,"type":"bitmap","chars":["垏"],"height":8},{"file":"minecraft:font/eafc85cb1c364b08b7f1d2f6ae3e947a/40e39319dff34aa585ed0d5eb1d620dc.png","ascent":8,"type":"bitmap","chars":["垐"],"height":8},{"file":"minecraft:font/a1d7379bf13f45c09b2e9d446d963b83/eb1274751ef349ec95c45a1eeb94f7b7.png","ascent":8,"type":"bitmap","chars":["垑"],"height":8},{"file":"minecraft:font/36b1c1c294d941519787aa33bca57b63/8f8f0e56e1ef4838960b7d535d3b2183.png","ascent":8,"type":"bitmap","chars":["垒"],"height":8},{"file":"minecraft:font/b29d931ed164450492a6b8645e4693f5/2142b3aaf6f3483385f1b27d9615c985.png","ascent":8,"type":"bitmap","chars":["垓"],"height":8},{"file":"minecraft:font/ceac96afda8e431a83487249786f3bdf/e0d6ce4fa1cf40cea76326ad8cc36029.png","ascent":8,"type":"bitmap","chars":["垔"],"height":8},{"file":"minecraft:font/23aa02a786a8446eb68f7fdbc7baa539/734d91989262452e92f00f875906a93d.png","ascent":8,"type":"bitmap","chars":["垕"],"height":8},{"file":"minecraft:font/a3f9cdb41cf34e71b7505956a1bcf3ed/11b97c80d6bb4ed2bb74b4a6e357c32f.png","ascent":8,"type":"bitmap","chars":["垖"],"height":8},{"type":"bitmap","file":"font/pixel.png","ascent":-1000,"height":-2,"chars":["ᨓ"]},{"type":"bitmap","file":"font/pixel.png","ascent":-10000,"height":1,"chars":["ᨒ"]},{"type":"bitmap","file":"font/pixel.png","ascent":-10000,"height":-2,"chars":["⻙"]}]}