{"providers":[{"file":"minecraft:font/7217639c189f43a398e2ac3e458c80b2/3ca36141acc74df6af36ae22bb868801.png","height":16,"chars":["垜"],"type":"bitmap","ascent":16},{"file":"minecraft:font/994c7251cf1d4b2fa78e69476c3acdc4/cdcc021568a8456889141f6119e4364f.png","height":16,"chars":["一"],"type":"bitmap","ascent":16},{"file":"minecraft:font/395103dea38348d0a8fdba3800690d92/9aea31808d074cacbbd7dbe4f285458d.png","height":8,"chars":["丁"],"type":"bitmap","ascent":8},{"file":"minecraft:font/1b2b73006c3d4776989eebbe7a611131/889b942dc95c496ebe3772405cf78d5b.png","height":8,"chars":["垞"],"type":"bitmap","ascent":8},{"file":"minecraft:font/abd4906fbf0243b9844ab8d9e9827ae6/7a247a9803b643658224e1d8169664c5.png","height":8,"chars":["丂"],"type":"bitmap","ascent":8},{"file":"minecraft:font/c6a3c09fab644223930aadfaf3cdef17/05937541ffb64123b94e48e8c5241783.png","height":8,"chars":["七"],"type":"bitmap","ascent":8},{"file":"minecraft:font/06688c6785b24b04b50908db68a588d1/04bb28f4ab634ee1953360d54d310723.png","height":8,"chars":["丄"],"type":"bitmap","ascent":8},{"file":"minecraft:font/69854fb2937444dca3efab791213a66a/4f2fd9ca144c48d18bdb4beb92d75852.png","height":8,"chars":["丅"],"type":"bitmap","ascent":8},{"file":"minecraft:font/94652f03545b4e43ae207e05da8c5f26/934ac59c31d940a896fc2184dbb59949.png","height":8,"chars":["丆"],"type":"bitmap","ascent":8},{"file":"minecraft:font/b3734e79d7dd459ba687a7940aedb593/ce6bf32e4e6a4f8ebcc81e8628d2bea5.png","height":8,"chars":["万"],"type":"bitmap","ascent":8},{"file":"minecraft:font/91b8121a5f394f18b442c9bef2bae93e/e1d17295ac4244c3b8f8b04018a8d069.png","height":8,"chars":["丈"],"type":"bitmap","ascent":8},{"file":"minecraft:font/e7d6ad9c49c34cec88e18b3cd1d9300b/17fb800d52754db79897ae56b039f3d9.png","height":8,"chars":["三"],"type":"bitmap","ascent":8},{"file":"minecraft:font/c39b6da2f56c4b82a31d21bfdaeb0977/afc5d5d33b924d78be7e19d3cb029af1.png","height":8,"chars":["上"],"type":"bitmap","ascent":8},{"file":"minecraft:font/38299240c36e4cf0af1dae0ef5e79ed6/1bba9b1c54ae407fbf2964d86ae903d9.png","height":8,"chars":["下"],"type":"bitmap","ascent":8},{"file":"minecraft:font/4853ca9171c94217803e70e01fde9079/c78e70704985455a8b10271eb10c83a0.png","height":8,"chars":["丌"],"type":"bitmap","ascent":8},{"file":"minecraft:font/a6225d084c2a42e0a1ac3a206b50e0fc/d549d14d13e944dfab04aecb6bb944d4.png","height":8,"chars":["不"],"type":"bitmap","ascent":8},{"file":"minecraft:font/d80d2571a65a4851b2e9e700047520bc/2cf11958873f48e586cec50d934074b3.png","height":8,"chars":["与"],"type":"bitmap","ascent":8},{"file":"minecraft:font/56f7d0fb7f5e4f87a0b05ef03bb2ca42/a5e52c8c9b5f4d7f8c639fa17bd504ac.png","height":8,"chars":["丏"],"type":"bitmap","ascent":8},{"file":"minecraft:font/9478af8f82cb45cda40fd3b46f2b8596/bc071455d61c4cd9ad593d6cacc81b43.png","height":8,"chars":["丐"],"type":"bitmap","ascent":8},{"file":"minecraft:font/41b009848a2b43f3a32d77ef985f6a38/313b8feb4e82448dad135093c527dcb3.png","height":8,"chars":["丑"],"type":"bitmap","ascent":8},{"file":"minecraft:font/98cf720f36ef4242bea13afc6b52ac52/8ea1400913d94dd7a2c45a2a4a354936.png","height":8,"chars":["丒"],"type":"bitmap","ascent":8},{"file":"minecraft:font/9b020c57bc404c18ac15c405ae9234d4/8c6c3bfdd0064aa1a544bb763c5fed05.png","height":8,"chars":["专"],"type":"bitmap","ascent":8},{"file":"minecraft:font/4f1126c527a3431a8e52ba9b4ec8e590/74478f014bb74105b7b2161aaca652e5.png","height":8,"chars":["且"],"type":"bitmap","ascent":8},{"file":"minecraft:font/ab03470a706a45ee9d642cdcd127e0b5/0d800d48632e4efca16b8fa3b36406a8.png","height":8,"chars":["丕"],"type":"bitmap","ascent":8},{"file":"minecraft:font/3d497ea0ba5d4680a704a574d7b84b19/802561d2cff3460dbbd03707274cb1ee.png","height":8,"chars":["世"],"type":"bitmap","ascent":8},{"file":"minecraft:font/484fc054dbbb4a13b406263148a24696/e84473d0cd8d4846be476e25d2b19d19.png","height":8,"chars":["丗"],"type":"bitmap","ascent":8},{"file":"minecraft:font/80e6dd46f0ed45a0acbecb0cc28933bd/fc3bca9bf67a42feb356ce4eb8469a0d.png","height":8,"chars":["丘"],"type":"bitmap","ascent":8},{"file":"minecraft:font/465d2c777f76427fbec2373e3e7165b3/1b6050ae4f3e433ab5b4140f516064a9.png","height":8,"chars":["丙"],"type":"bitmap","ascent":8},{"file":"minecraft:font/42d2062098414af9bb135e1cc2ea2588/fb1939007e7f466298e4f33153f0d50e.png","height":8,"chars":["业"],"type":"bitmap","ascent":8},{"file":"minecraft:font/36150e966a9e426793be4baf15ad04d0/8b5c831db86d49d2ab2284cd12a6b274.png","height":8,"chars":["丛"],"type":"bitmap","ascent":8},{"file":"minecraft:font/d58c531006f7465bbfcec773615d7e5e/bb00210820d649548d9644cd95e439bb.png","height":8,"chars":["东"],"type":"bitmap","ascent":8},{"file":"minecraft:font/3dd06380d46844e695561cfe1edf9b7d/374992e822314a8187348003cf4431f7.png","height":8,"chars":["丝"],"type":"bitmap","ascent":8},{"file":"minecraft:font/7180878fe3ba418184bc185568680bb3/38f12f6a4cce47989eaaf1fffb51daa9.png","height":8,"chars":["丞"],"type":"bitmap","ascent":8},{"file":"minecraft:font/89599c72b3ac44848511df803762f3b4/9d588cf529734003b702c6c9ddc4c0ca.png","height":8,"chars":["丟"],"type":"bitmap","ascent":8},{"file":"minecraft:font/a7a6ec58127745b19895a6d96936b2ae/7cc13b021dee44c48d32e832372d35f5.png","height":8,"chars":["丠"],"type":"bitmap","ascent":8},{"file":"minecraft:font/c5c88b39a6be4e338cc09122f3edbb41/fd0cb13ff6b6424485cde082153be427.png","height":8,"chars":["両"],"type":"bitmap","ascent":8},{"file":"minecraft:font/571dd6cfa59641d2a2cf2772b50cbc4a/54cd8884609843c7a22d92d8a4c9dedc.png","height":8,"chars":["丢"],"type":"bitmap","ascent":8},{"file":"minecraft:font/862296491bd74f0c9d94539de9d1a49b/d565801fe30743ae8905f3ba98ed4d68.png","height":8,"chars":["丣"],"type":"bitmap","ascent":8},{"file":"minecraft:font/b5a620d274d441039a2ba199317b6600/fea0ad7546594cbd92d8e7e540bdb9bb.png","height":8,"chars":["两"],"type":"bitmap","ascent":8},{"file":"minecraft:font/a0f466d2949d4481b07e2686a21cd96d/8e3983ee7a904275843957e014025397.png","height":8,"chars":["严"],"type":"bitmap","ascent":8},{"file":"minecraft:font/648c22d23af248bd9205673eef65442c/0ca5097fc92c4ecabe9cfc655904bc94.png","height":8,"chars":["並"],"type":"bitmap","ascent":8},{"file":"minecraft:font/90a976aeb37e4ceeaeed5b288539ef48/74917c31e6fd435f879e12cb948554d3.png","height":8,"chars":["丧"],"type":"bitmap","ascent":8},{"file":"minecraft:font/569adb8214c140a38dfd3156410c015d/26e5d77c79fd41f5984dfe871849df12.png","height":8,"chars":["丨"],"type":"bitmap","ascent":8},{"file":"minecraft:font/f32e41ad32fe4b1f8fd82104bd62a5ef/6e70130fc51b4d9ea8b4e06d922f422b.png","height":8,"chars":["丩"],"type":"bitmap","ascent":8},{"file":"minecraft:font/31f8d400396644ab827efc83edb8667b/5b859fab16624ed8b28a4f2471435dbe.png","height":8,"chars":["个"],"type":"bitmap","ascent":8},{"file":"minecraft:font/54da18dbc2c94638a537b6199622232d/f345e06a247441f29417994a84f26fd4.png","height":8,"chars":["丫"],"type":"bitmap","ascent":8},{"file":"minecraft:font/699d773107da4c8f9a4d9f92cd0880b8/930a46d33bf84aac9732206c599a1c4c.png","height":8,"chars":["丬"],"type":"bitmap","ascent":8},{"file":"minecraft:font/ca9cdc53e0af441c90e09bf41ece4e69/aa2e3517adb740b089c71ced0d3c6ffb.png","height":8,"chars":["中"],"type":"bitmap","ascent":8},{"file":"minecraft:font/6f4742e07a444cf28aac7c164b731408/eafa9e82e1a64999924cab1c0b6986d9.png","height":8,"chars":["丮"],"type":"bitmap","ascent":8},{"file":"minecraft:font/3df3ca0561e9402fa4a55c65b5d38956/4dd71352da1e4f63bbff7c62d41a3650.png","height":8,"chars":["丯"],"type":"bitmap","ascent":8},{"file":"minecraft:font/012f073b26cb4d62a9d06a826c208833/78f44f16e918421186122373a105f8eb.png","height":8,"chars":["丰"],"type":"bitmap","ascent":8},{"file":"minecraft:font/89fe7c85ea8a4ae0a7f1d66983972887/8bb7565867d84c95b23a2e206bb12b0a.png","height":8,"chars":["丱"],"type":"bitmap","ascent":8},{"file":"minecraft:font/91904b7a3ec2423a96011dd1812dbd8a/92c4d658f3204c94bfcdcaf11d1bbcd8.png","height":8,"chars":["串"],"type":"bitmap","ascent":8},{"file":"minecraft:font/d7b7fa7f37184b7d97c937b0c439ae8c/af40ec7c25214acd91f27fd09a1cb03c.png","height":8,"chars":["丳"],"type":"bitmap","ascent":8},{"file":"minecraft:font/28579083341e41e8925e3a45a0761cb0/09bdb183d98d4ca88b657964cd3c2797.png","height":16000,"chars":["垙"],"type":"bitmap","ascent":16000},{"file":"minecraft:font/1f4147e43ca54c2db99174e2ca93d06e/e2cfdadb60874dbfb9508bf97f440409.png","height":8,"chars":["亖"],"type":"bitmap","ascent":8},{"file":"minecraft:font/eb7877844e244ad49d4b4fa2372abfd0/7eb18a85ec3240e98a5f55e9b1d24202.png","height":8,"chars":["亗"],"type":"bitmap","ascent":8},{"file":"minecraft:font/150cd4e6bf404fd7a69085643dd0a398/51cd9770b8b74a8cbcb0ab7c06589c0f.png","height":8,"chars":["亘"],"type":"bitmap","ascent":8},{"file":"minecraft:font/347ef19e2f354ae8bb0af243f716ddd3/29b62ba9c87549bc9f53c9ff27559844.png","height":8,"chars":["亙"],"type":"bitmap","ascent":8},{"file":"minecraft:font/65017e89bd85459aa36ec9bc79304b21/9400934bfcef4f2fb5acc980de8f2f97.png","height":8,"chars":["亚"],"type":"bitmap","ascent":8},{"file":"minecraft:font/df789a67180048819a0967889703622e/947228fd236a4514a79054aaff315338.png","height":8,"chars":["些"],"type":"bitmap","ascent":8},{"file":"minecraft:font/6fd8e59ccfd6468187ce50b9e29f1c31/7b722481e99d48d6ab9387e7c3e4d9fb.png","height":8,"chars":["亜"],"type":"bitmap","ascent":8},{"file":"minecraft:font/73c1c973120043219b8dd8a54b49b687/84824e82d7a240088b5ea3dda33968a4.png","height":8,"chars":["亝"],"type":"bitmap","ascent":8},{"file":"minecraft:font/c0251092caea48dea102165ed85fdc35/8cd6327eb15e416c971e4014e21d5b85.png","height":8,"chars":["亞"],"type":"bitmap","ascent":8},{"file":"minecraft:font/295aa1d82038423e81c73a41443c8ee7/f2b399131fb447bb8f6336680be6cddf.png","height":8,"chars":["亟"],"type":"bitmap","ascent":8},{"file":"minecraft:font/aae97f33bcae44c99a0c022027154f48/17deea538ee74e728e4c35c86edad99e.png","height":8,"chars":["亠"],"type":"bitmap","ascent":8},{"file":"minecraft:font/d3f4f82a19c24109b01934db5d0e8662/274d62f16f3442e6859c5e3c339e3507.png","height":8,"chars":["亡"],"type":"bitmap","ascent":8},{"file":"minecraft:font/ed2058c9f160400aa120d33c801b0158/6c3711349c504613a750a1c351da3f33.png","height":8,"chars":["亢"],"type":"bitmap","ascent":8},{"file":"minecraft:font/2957294668aa44faaf0f033fda35028a/4cc888eddba44c17823c6f8b29aca048.png","height":8,"chars":["亣"],"type":"bitmap","ascent":8},{"file":"minecraft:font/8ced33d968204d089d64e12f54cbcd92/6f6de8b43e884743b3f2b1e6fd48a69c.png","height":8,"chars":["交"],"type":"bitmap","ascent":8},{"file":"minecraft:font/40c12487b9754dbf966c0973b5eb98e7/1b580505a961467993bcfcb53e4660e6.png","height":8,"chars":["亥"],"type":"bitmap","ascent":8},{"file":"minecraft:font/c792523f00184869bc07e051b69eb5c3/0b25819469fa40319e6890373b6c8832.png","height":8,"chars":["亦"],"type":"bitmap","ascent":8},{"file":"minecraft:font/90538ab6978149ceb78038089ca91e31/b086b09cc3a84782989dd0fbe24adc59.png","height":8,"chars":["产"],"type":"bitmap","ascent":8},{"file":"minecraft:font/dc2fbc099b4344db83b108fb04c2edcf/1b2ce88c614b43d0a765ab50e363eb4f.png","height":8,"chars":["亨"],"type":"bitmap","ascent":8},{"file":"minecraft:font/9bb88e768c704bb4971ffcedc003ab7c/c65bc503a25649278b0c13036e56dde6.png","height":8,"chars":["亩"],"type":"bitmap","ascent":8},{"file":"minecraft:font/a905c6b0a32848aa89665ba29d04a95d/5112420720694437ba8f83f3e68099bf.png","height":8,"chars":["亪"],"type":"bitmap","ascent":8},{"file":"minecraft:font/9a3e037e247e4dfaa221ea2ab6e55464/6529ac44448c418a8984686e6597b977.png","height":8,"chars":["享"],"type":"bitmap","ascent":8},{"file":"minecraft:font/1213199aaeb344daa1a2376fac13a5f6/005a7f25b1e7495fad865d4f0d698477.png","height":8,"chars":["京"],"type":"bitmap","ascent":8},{"file":"minecraft:font/e4b3b86a028644ab95d2ea9caed9b5c5/991b9318d2c7460db426b1deaf096bd1.png","height":8,"chars":["亭"],"type":"bitmap","ascent":8},{"file":"minecraft:font/b0cbe74e1cc34981938ef2b131e56260/dbef6b22317d438396817c5bcbdc969c.png","height":8,"chars":["亮"],"type":"bitmap","ascent":8},{"file":"minecraft:font/35dfa9f13bd143c397b2ed95171b902d/5d62f51535cd41faa0f8c7b93fec67d6.png","height":8,"chars":["亯"],"type":"bitmap","ascent":8},{"file":"minecraft:font/e5ae429a64704ef2b5e3962e09e68414/0ef390447bfa4ef9aca9d43c716ca885.png","height":8,"chars":["亰"],"type":"bitmap","ascent":8},{"file":"minecraft:font/332dbdbd5c01430e9e4cc9b84ff95e01/298665cd79f9437a886424be5af6f069.png","height":8,"chars":["亱"],"type":"bitmap","ascent":8},{"file":"minecraft:font/d89384862fbc4fdab52fcea3fcdbbe10/a8e58208f3a6423db88a7950231856b1.png","height":8,"chars":["亲"],"type":"bitmap","ascent":8},{"file":"minecraft:font/f38dd970d767428ca9919bbad80ecb97/1b9d235bc03c43de9b7e59b0c06144ff.png","height":8,"chars":["亳"],"type":"bitmap","ascent":8},{"file":"minecraft:font/3b4768dd2cc14b2c85fcf5cfeedee051/35547d006bdc48a488396fa101b1ddc7.png","height":8,"chars":["亴"],"type":"bitmap","ascent":8},{"file":"minecraft:font/8979e336871a45f289078d6adb6defbf/a096c926bb014d3bbac7011356dcf4d2.png","height":8,"chars":["亵"],"type":"bitmap","ascent":8},{"file":"minecraft:font/662af5f31f4e49e28f3eac4a922d6524/2701699a656942a1aab21cea1711adf9.png","height":8,"chars":["亶"],"type":"bitmap","ascent":8},{"file":"minecraft:font/e7b209df0664423ab432ec0ed5b48384/cc6db58463a345cc91985353d2105437.png","height":8,"chars":["亷"],"type":"bitmap","ascent":8},{"file":"minecraft:font/23eca55bd5834d199d53c0b46a048b3a/1c561a93399540ffa19d5a17fe78be57.png","height":8,"chars":["亸"],"type":"bitmap","ascent":8},{"file":"minecraft:font/554d8ab06a97414894c5d6f7785544df/8134975c0e324085a223e157ff801049.png","height":8,"chars":["亹"],"type":"bitmap","ascent":8},{"file":"minecraft:font/42a385ca5938499a9114b563f69f1f68/78061b86d9124685b5ee9319e47c4cc5.png","height":8,"chars":["人"],"type":"bitmap","ascent":8},{"file":"minecraft:font/4cbb981f8c584ea99d6a62071f28ea21/3a6b57f4acd14b0dbd495e84a8c2c0e7.png","height":8,"chars":["亻"],"type":"bitmap","ascent":8},{"file":"minecraft:font/695ad9951bcd4a6ebee5c005338bc96c/df8e828dd9624de68e519562d37f139e.png","height":8,"chars":["亼"],"type":"bitmap","ascent":8},{"file":"minecraft:font/0075f8cbf92348f6a228a432fc26dcb5/46570c38ed364a17b587dc00812845ad.png","height":8,"chars":["亽"],"type":"bitmap","ascent":8},{"file":"minecraft:font/83fbf3290ace4489bb00cdfb11edb68e/4ce579e8616941d0962b750ae80015f9.png","height":8,"chars":["亾"],"type":"bitmap","ascent":8},{"file":"minecraft:font/5a1a151f3e564a82a5fd9327b740d97d/c81c4ccbeca84f739c3048d98fe13b50.png","height":8,"chars":["亿"],"type":"bitmap","ascent":8},{"file":"minecraft:font/cf893c327e4a4f6080ea0a3f648f9556/3695a514e2244ba2b69155473b8d7f6f.png","height":8,"chars":["什"],"type":"bitmap","ascent":8},{"file":"minecraft:font/8c7b6e563a034992bd55bbaa4a4cc382/6e1b332e01b64ba3a0ee70d8850a2ff5.png","height":8,"chars":["仁"],"type":"bitmap","ascent":8},{"file":"minecraft:font/547d5614f4c8426a9dfd464c0dd191e5/a94753c4fabc4ab7bfeb6e63454c8677.png","height":8,"chars":["仂"],"type":"bitmap","ascent":8},{"file":"minecraft:font/3c43d7a76789404f818855df44f3ef22/547b95ad57f34ae8b4d2352ecbd09133.png","height":8,"chars":["仃"],"type":"bitmap","ascent":8},{"file":"minecraft:font/24bb890986f449dbb98f0a5e676e1db8/c7194b6f53c34f91b47c83af4d9f2302.png","height":8,"chars":["仄"],"type":"bitmap","ascent":8},{"file":"minecraft:font/4cc6faab3178430a930e60f2e27e3c81/b36b5a0d156e4a88811353ae850ecbd5.png","height":8,"chars":["仅"],"type":"bitmap","ascent":8},{"file":"minecraft:font/d36e98d92e4f46c7b946ed1c0a48f682/aa50fe015c554af188359ed47cab06e8.png","height":8,"chars":["仆"],"type":"bitmap","ascent":8},{"file":"minecraft:font/b864a5b61ca54ed9927fb1b578812b37/77dab51edb664044a5f0a026eec3ba2f.png","height":8,"chars":["仇"],"type":"bitmap","ascent":8},{"file":"minecraft:font/7bdd7af85ab04cf6ba0057c692388139/7bac1a0ef2454a049626f4e64ed88188.png","height":8,"chars":["仈"],"type":"bitmap","ascent":8},{"file":"minecraft:font/27b25a29a6bb4dff8b478da1dd8ed777/72408644d9874d429d81ac7d991d3ff2.png","height":8,"chars":["仉"],"type":"bitmap","ascent":8},{"file":"minecraft:font/2236c8372c9f48759257476ae7884ffd/b0348b3fd6b34059a26868ba5849a55b.png","height":8,"chars":["今"],"type":"bitmap","ascent":8},{"file":"minecraft:font/788ba29864a44ed4839a999496413f2b/2f703aa3dc13434e9bec6e8f9f9fa857.png","height":8,"chars":["介"],"type":"bitmap","ascent":8},{"file":"minecraft:font/ee285fc7129c4ccb909252a14224f03d/9ec4dbea5a2b466b8d28e1dc812db72a.png","height":8,"chars":["仌"],"type":"bitmap","ascent":8},{"file":"minecraft:font/f0ed3cf69d6642f091209ee89e6b9357/91f3972f5dab4b9d93005b11497df435.png","height":8,"chars":["仍"],"type":"bitmap","ascent":8},{"file":"minecraft:font/14b6a7653abc404483ba0b163937d89d/a09022691b7b43f29e3aa183a4200a37.png","height":8,"chars":["从"],"type":"bitmap","ascent":8},{"file":"minecraft:font/5de3fad495ec487c90e4f59e4b90b153/7cbbd5b853124eaaaad24060bba2b889.png","height":8,"chars":["仏"],"type":"bitmap","ascent":8},{"file":"minecraft:font/8b98c9582cf54e1b80e3ca1b9d81b069/637b28fde7d84b629a69e51a8a1e566b.png","height":8,"chars":["仐"],"type":"bitmap","ascent":8},{"file":"minecraft:font/55acf4ba721543ef8dd3e542f88b152b/44b4cb87fb374a4f95c68db889454492.png","height":8,"chars":["仑"],"type":"bitmap","ascent":8},{"file":"minecraft:font/b83df1fb32d34e0dbd230fd8ab9d861b/ba63d6bd5d6d40bb8fabd8e41270dc51.png","height":8,"chars":["仒"],"type":"bitmap","ascent":8},{"file":"minecraft:font/60008bda6a71416d92c51a1d451c7ba2/d415c2af77e647ab95d369be8a779906.png","height":8,"chars":["仓"],"type":"bitmap","ascent":8},{"file":"minecraft:font/8329c95c875c43c78b7568ae0b1268ba/169598219d1f44f8a614dead01ab364d.png","height":8,"chars":["仔"],"type":"bitmap","ascent":8},{"file":"minecraft:font/da40cd35b95c4cc8bc546f3300cecc10/4ddb8ad164304d9281ed339f322b76d8.png","height":8,"chars":["仕"],"type":"bitmap","ascent":8},{"file":"minecraft:font/5e7682c24bad4c799f31612f8e99b775/35392349a3844ea6ae87df4aa42c15fe.png","height":8,"chars":["他"],"type":"bitmap","ascent":8},{"file":"minecraft:font/fa8cf7ea66b548d994069a4abb428362/bd07e156b8b241cb936ffc89310cb4ba.png","height":8,"chars":["仗"],"type":"bitmap","ascent":8},{"file":"minecraft:font/3e89759cb5da438690af4d6b811e515d/0869f9f1514e4fcaa5dd7f88844ca047.png","height":8,"chars":["付"],"type":"bitmap","ascent":8},{"file":"minecraft:font/ded752ab1ce241618cc6e71af98c9eb2/5eda07f6500e41089d54ae2896e49c5c.png","height":8,"chars":["仙"],"type":"bitmap","ascent":8},{"file":"minecraft:font/daf3fab3165e4baeada63a2ceab465ec/5712468844d144a3a849532b305a512e.png","height":8,"chars":["仚"],"type":"bitmap","ascent":8},{"file":"minecraft:font/c6fdca2f9a8f4743bffc517ba2c3afde/fa4793def8b44e8c91d96905f2cc4544.png","height":8,"chars":["仛"],"type":"bitmap","ascent":8},{"file":"minecraft:font/ca5ec2f2b2bb40438252a2798ae30b26/e7f40166deae4861a694fca9b87e04d3.png","height":8,"chars":["仜"],"type":"bitmap","ascent":8},{"file":"minecraft:font/b10f358196ff4ec5abe38b197746e4dd/3784e950b56d438b8eff1f3f960518a6.png","height":8,"chars":["仝"],"type":"bitmap","ascent":8},{"file":"minecraft:font/7aa0bb88d7f84ea395b5cde8a60d3d4c/4a37062741a24414afb9869f8e69b437.png","height":8,"chars":["仞"],"type":"bitmap","ascent":8},{"file":"minecraft:font/5cd7435e8460438ebe698872e496f575/a9597095873d4f78bddd514acd8ea774.png","height":8,"chars":["仟"],"type":"bitmap","ascent":8},{"file":"minecraft:font/0844de320f574414965a7453a48264f7/cf8c2c49526f4d948b7769779fc7c2d5.png","height":8,"chars":["仠"],"type":"bitmap","ascent":8},{"file":"minecraft:font/68cc046060e3480da8c3442904e2ca53/22c41eb79ea04e27b0828f4336bcd171.png","height":8,"chars":["仡"],"type":"bitmap","ascent":8},{"file":"minecraft:font/59d2d5419d634b758d78bb3545b9032a/c9f340929fa04d76b31ba6427398ec5b.png","height":8,"chars":["仢"],"type":"bitmap","ascent":8},{"file":"minecraft:font/c266ecd069bd402b92d43fbd734822cf/03e64dbefb7740b2b5514d14269d915f.png","height":8,"chars":["代"],"type":"bitmap","ascent":8},{"file":"minecraft:font/351f3563c8b149d4a505b4f98c668857/fe64aa1ab71d465a9bbe00b0f414eda3.png","height":8,"chars":["令"],"type":"bitmap","ascent":8},{"file":"minecraft:font/e26230c45ac145b8ae794a94d7010a22/f5e0db48d4e1400fbeabe009f7f8aae2.png","height":8,"chars":["以"],"type":"bitmap","ascent":8},{"file":"minecraft:font/83defdee8373498ea6790ff7004f0802/732fd98a7e2a4521a724dcdc6f363652.png","height":8,"chars":["仦"],"type":"bitmap","ascent":8},{"file":"minecraft:font/c0c9f209e08243efb5f005537c35507e/bcffe335eb564e1fba828f1c7be206e4.png","height":8,"chars":["仧"],"type":"bitmap","ascent":8},{"file":"minecraft:font/eac32c8e48534db7802c7ecdc07ba442/2ec45292aba642118ff14fa907681988.png","height":8,"chars":["仨"],"type":"bitmap","ascent":8},{"file":"minecraft:font/d8cf5bdcff0e43f5ac9ee332edb6bf75/e4f7a8f8b1cf42d284abe1869c859ae1.png","height":8,"chars":["仩"],"type":"bitmap","ascent":8},{"file":"minecraft:font/535c7f244a7a41f3b09f712eb3cfd7f8/e259b59c10a6417d878920d5a48ce009.png","height":8,"chars":["仪"],"type":"bitmap","ascent":8},{"file":"minecraft:font/bda9e8363cb645c1afff2de7965ad835/598228825af742fdb2f867638a8712b5.png","height":8,"chars":["仫"],"type":"bitmap","ascent":8},{"file":"minecraft:font/6e1b1b8a2e404d9da106661ee8e2a501/82f3c68d547b4df88115667873671520.png","height":8,"chars":["们"],"type":"bitmap","ascent":8},{"file":"minecraft:font/66e2f2b895a34d1295e7c23384dd6e69/ad10517c5372406ca0fc9afd295033fb.png","height":8,"chars":["仭"],"type":"bitmap","ascent":8},{"file":"minecraft:font/a3238369641d4cf0b10ac0ab66c9b452/c0df8c2ff782455f9a302a07412a86f1.png","height":8,"chars":["仮"],"type":"bitmap","ascent":8},{"file":"minecraft:font/fbe759b27ced4473b94f265975303543/10d18bdd2b70485ab95fcda03cfab848.png","height":8,"chars":["仯"],"type":"bitmap","ascent":8},{"file":"minecraft:font/c475a3df876e4b399986148a4e90d31a/12a6a346f3e74ee7971700c316c48dda.png","height":8,"chars":["仰"],"type":"bitmap","ascent":8},{"file":"minecraft:font/0f7311da242c4812bb63c10173f3d79c/95cf5e3a17bf4d46a49409c86f21a45c.png","height":8,"chars":["仱"],"type":"bitmap","ascent":8},{"file":"minecraft:font/aa06329bae2a4335bd29d98db1827ad5/ecedd87775ac47efb24c420cb34dc7c2.png","height":8,"chars":["仲"],"type":"bitmap","ascent":8},{"file":"minecraft:font/35414b8b4b0c4521814abe4f990a2299/adfb632ecc6246e099fcbaee97aa2e6a.png","height":8,"chars":["临"],"type":"bitmap","ascent":8},{"file":"minecraft:font/0f37201b6cba4b9d9f17c0b47ade8d2d/c48bcb6fe99042d8954b864cccd825b4.png","height":8,"chars":["丵"],"type":"bitmap","ascent":8},{"file":"minecraft:font/399641895d9e4c45aa56926eeabe68dd/b0cbb91efba34f8da7375ba4bffcec72.png","height":8,"chars":["丶"],"type":"bitmap","ascent":8},{"file":"minecraft:font/bdd1a28bdbdd40f39fa1f0a8208e0cc4/17a76dc0e2824690afc9243a281397d0.png","height":8,"chars":["丷"],"type":"bitmap","ascent":8},{"file":"minecraft:font/8d9273d0e4344e098373adc17e976dbe/b52758bf0b8b4ab1923897b1b9988c1d.png","height":8,"chars":["丸"],"type":"bitmap","ascent":8},{"file":"minecraft:font/5eb1e876660348f3b87dfa3304d4a14d/9a7a886384ff474980e1878ebf147965.png","height":8,"chars":["丹"],"type":"bitmap","ascent":8},{"file":"minecraft:font/a9c3531a169444218c536ff1bfd53bb5/fe5a5e910b924530be93d4366b7afb10.png","height":8,"chars":["为"],"type":"bitmap","ascent":8},{"file":"minecraft:font/88bfdccf82f3499fae496e7d60f639f8/1abbcbb03cac466b985ba0743366faaa.png","height":8,"chars":["主"],"type":"bitmap","ascent":8},{"file":"minecraft:font/da8e94377a784b508558847a01050b3d/fb0dd26c1ccf4d5787a9d3deaa072ecf.png","height":8,"chars":["丼"],"type":"bitmap","ascent":8},{"file":"minecraft:font/23be841c5b844879a948dde4233bcfca/247044addc0241989153327be4591027.png","height":8,"chars":["丽"],"type":"bitmap","ascent":8},{"file":"minecraft:font/a9a427957a0b468691bc037d2f5e814a/ce7d233bb66348538679bc53aab44602.png","height":8,"chars":["举"],"type":"bitmap","ascent":8},{"file":"minecraft:font/c1c0db2276664e85b52eafce9ac1d75e/81c3cd8c4a414c84966544218adb39cc.png","height":8,"chars":["丿"],"type":"bitmap","ascent":8},{"file":"minecraft:font/61f9b72b04fb45d894f0cfd5e2c48e00/6fa45c59a25d4d23a3f74845a7cef450.png","height":8,"chars":["乀"],"type":"bitmap","ascent":8},{"file":"minecraft:font/7f70b2d272bd468fba742ed9bcb64e06/8584c0fff596483885d676b5bb352116.png","height":8,"chars":["乁"],"type":"bitmap","ascent":8},{"file":"minecraft:font/8c4acea54b304206b2d59c1bd18c503c/0bfbbb2646b8444499301dbf2e8d7928.png","height":8,"chars":["乂"],"type":"bitmap","ascent":8},{"file":"minecraft:font/c43eb4c68cde47f598f57e394f1e8421/fd0040f7110148b59d4c34464d1c753b.png","height":8,"chars":["乃"],"type":"bitmap","ascent":8},{"file":"minecraft:font/94b79a3cffa941f88626202bfd386280/292d96be1c6247e48bd98d51465faa19.png","height":8,"chars":["乄"],"type":"bitmap","ascent":8},{"file":"minecraft:font/c1ab119c97b1435fb897e00a8109314e/572a54de89384e1ab984676ed85f8d7a.png","height":8,"chars":["久"],"type":"bitmap","ascent":8},{"file":"minecraft:font/f64a5123df59426b8ddf01e9a09d459e/d65b06c4febf4674b451b7012a4f59f2.png","height":8,"chars":["乆"],"type":"bitmap","ascent":8},{"file":"minecraft:font/2e1368b1741a49548dec5da11a1eb37b/05e05f8739e14fcda5ced9502b956f39.png","height":8,"chars":["乇"],"type":"bitmap","ascent":8},{"file":"minecraft:font/8ac9601e1d4c455e8720d43f50a7e38d/9b549a884d2546a29baf1c091cb4dace.png","height":8,"chars":["么"],"type":"bitmap","ascent":8},{"file":"minecraft:font/9ed08de8ef2340aeab7fc0c0d94099cf/f715525b88b64f06b26c8cf3ef9112cf.png","height":8,"chars":["义"],"type":"bitmap","ascent":8},{"file":"minecraft:font/36d37ff653434bc3b82db0cfd4e2d7e0/ffc204e9fc7a4fcea01c17967e94828e.png","height":8,"chars":["乊"],"type":"bitmap","ascent":8},{"file":"minecraft:font/57fcbba517594ebf9895f6643311397c/60d2300db48844e99f97def59d118836.png","height":8,"chars":["之"],"type":"bitmap","ascent":8},{"file":"minecraft:font/61c74f4b6f0343d48d858cf28bab9efc/690661f53acf410898931c67926f277c.png","height":8,"chars":["乌"],"type":"bitmap","ascent":8},{"file":"minecraft:font/55af15803123412c9232f17a7ea966f3/3c6900f8733f4f2eaa0e9809fe09b021.png","height":8,"chars":["乍"],"type":"bitmap","ascent":8},{"file":"minecraft:font/d799ea5c8f2b429e982375b1f9aef8ec/85cbb5d7c6d346df92fc5ef7a53560ad.png","height":8,"chars":["乎"],"type":"bitmap","ascent":8},{"file":"minecraft:font/38ca7aea393a48189f6524fe2c59cbc8/eb452af895d8452bbb07f71ca45c5572.png","height":8,"chars":["乏"],"type":"bitmap","ascent":8},{"file":"minecraft:font/1669ddce1cb5454e85098deb3cb542a3/0e1c5187cc2d46ddadfa795eb2cb7e80.png","height":8,"chars":["乐"],"type":"bitmap","ascent":8},{"file":"minecraft:font/816ab392cfc14dfbb7f063afa55017f4/bd6711ff96d045d38bd94aa734e7b821.png","height":8,"chars":["乑"],"type":"bitmap","ascent":8},{"file":"minecraft:font/1c7024e570da48bdaa13187b365c761a/093c5ae0f2de4cb7a042384a49018bc9.png","height":8,"chars":["乒"],"type":"bitmap","ascent":8},{"file":"minecraft:font/b486d079cd85464285517e2f52690bf3/e6559c76d52045ec8fa51cf12b70c7dd.png","height":8,"chars":["乓"],"type":"bitmap","ascent":8},{"file":"minecraft:font/e80c8466e8444bfcbff46c7c25cc5d09/06daf8248dcd4208b60f756cd546b863.png","height":8,"chars":["乔"],"type":"bitmap","ascent":8},{"file":"minecraft:font/076a2e8c95e949b488a94243a71bf72d/ebae6143f26b456593c5835685239c96.png","height":8,"chars":["乕"],"type":"bitmap","ascent":8},{"file":"minecraft:font/42594f0f5fe94c3faa87ae907fdc315f/9db6aebbfaef45afa80adacd31970896.png","height":8,"chars":["乖"],"type":"bitmap","ascent":8},{"file":"minecraft:font/1eb642adbf4a476498cdc92611221530/1d9151304f3f44b68ce612bd39063f0b.png","height":8,"chars":["乗"],"type":"bitmap","ascent":8},{"file":"minecraft:font/f629e71b0c844bf3bbe0207c4dc7130a/b931075a8ebd4226ae086f9d748d5023.png","height":8,"chars":["乘"],"type":"bitmap","ascent":8},{"file":"minecraft:font/2be838a9e69d42fc9d86c2d3604b37fd/4de3fea1fe1f400487c117111d6714e1.png","height":8,"chars":["乙"],"type":"bitmap","ascent":8},{"file":"minecraft:font/4ad025d8ece64666a370ea336f573ef8/6dc1da3cb0ac4dbc8f227ed16ca851db.png","height":8,"chars":["乚"],"type":"bitmap","ascent":8},{"file":"minecraft:font/941664d036fb49aa85e5d9e0038367ac/c7c9fc407f9944ad8029185a14afd913.png","height":8,"chars":["乛"],"type":"bitmap","ascent":8},{"file":"minecraft:font/d0265e8347c9415e816a7b35f7c6bbcc/afc1d1b4b2654c8fa8ea3e43bef527e5.png","height":8,"chars":["乜"],"type":"bitmap","ascent":8},{"file":"minecraft:font/bee9677a9fab4f1fbd488e3dd8eb968d/24b45e3a5e93466f990f5fff1359bb9f.png","height":8,"chars":["九"],"type":"bitmap","ascent":8},{"file":"minecraft:font/5e4af1d4e30e4623bdfa7840231f9afd/f5ad877b64f7450dbf9d9e0ce5a92318.png","height":8,"chars":["乞"],"type":"bitmap","ascent":8},{"file":"minecraft:font/677b42f9ed884ab7a13f1bcbcd78bf65/1a2595d056b04af09ae707863b8f525f.png","height":8,"chars":["也"],"type":"bitmap","ascent":8},{"file":"minecraft:font/5eff2a1e92ed4e66a45036bdac5a677a/4faa5449f734480492052d3e9f44e3ba.png","height":8,"chars":["习"],"type":"bitmap","ascent":8},{"file":"minecraft:font/c569f77fc12a449bb4ef81306d708dd5/da1b1b7ccc5e4c7e911e7de19393dde4.png","height":8,"chars":["乡"],"type":"bitmap","ascent":8},{"file":"minecraft:font/0dfe16531bcf4d4ba01bc964ebe01455/c94282484e3a4a01b9ab78fef7cc3228.png","height":8,"chars":["乢"],"type":"bitmap","ascent":8},{"file":"minecraft:font/3970cb3e6da044a6b89888a35a9e3ac6/1c52342f6f504a58b7bc7d893823dc1d.png","height":8,"chars":["乣"],"type":"bitmap","ascent":8},{"file":"minecraft:font/4bb5e95f8a0e4a57bf3f1e0016cf4f03/8bc80a0fd9d948369d4f16c8f992b84d.png","height":8,"chars":["乤"],"type":"bitmap","ascent":8},{"file":"minecraft:font/b7cd42fecff0494c8893945228c6fc90/f2b14b12c90b4c3d8c50a0f23704fa34.png","height":8,"chars":["乥"],"type":"bitmap","ascent":8},{"file":"minecraft:font/b3ee0c0300f64ac28219715efa2d8801/e43d31a81e2e49fda38354ba45369ecf.png","height":8,"chars":["书"],"type":"bitmap","ascent":8},{"file":"minecraft:font/f27330fd57c842759fd40e4c12efaa36/7cb098a4127948eb9c61e6598b025cc3.png","height":8,"chars":["乧"],"type":"bitmap","ascent":8},{"file":"minecraft:font/a94cc51ce77549af84b8b02bb85f2266/9c645fc1138248ba9b6b01b550782d36.png","height":8,"chars":["乨"],"type":"bitmap","ascent":8},{"file":"minecraft:font/6aee039a1e7243179202f64ac52bbdbe/fdb759f88b2d49d4959da9973c4c1cb5.png","height":8,"chars":["乩"],"type":"bitmap","ascent":8},{"file":"minecraft:font/86f72a8261ef4ce78ffb4b6ed1c78b76/f70404fad737431d8e3df39d21e8a8b6.png","height":8,"chars":["乪"],"type":"bitmap","ascent":8},{"file":"minecraft:font/92b690bb45f4431882d588426c8fd65c/17aa634efe9e4e76a0ed4b0e2395bbd3.png","height":8,"chars":["乫"],"type":"bitmap","ascent":8},{"file":"minecraft:font/47057893a3e94e8cbb41d29698cb172f/6734100e957341a5820634d52600d24f.png","height":8,"chars":["乬"],"type":"bitmap","ascent":8},{"file":"minecraft:font/b0417c0b2a6b47c5a427735a363b32dc/439a2a0915c94cad83e81c989db76e8c.png","height":8,"chars":["乭"],"type":"bitmap","ascent":8},{"file":"minecraft:font/535ab2c63e294276a599ebd1327874fb/dbd301bb13474983b25eb33fb9d27656.png","height":8,"chars":["乮"],"type":"bitmap","ascent":8},{"file":"minecraft:font/b918e47549394b18acdc46beff947c08/4e15eeffab834bfab03ea17e59cfbfe6.png","height":8,"chars":["乯"],"type":"bitmap","ascent":8},{"file":"minecraft:font/284dbc306beb438e8d43cc6eccce3d12/0291d91b3b0a40d993365f928926c146.png","height":8,"chars":["买"],"type":"bitmap","ascent":8},{"file":"minecraft:font/bc4e65fa9e2c4a3b90d9a5b47b64bae3/5b09abd61c2048f8b95a45dea62b658d.png","height":8,"chars":["乱"],"type":"bitmap","ascent":8},{"file":"minecraft:font/b65a7e91755c4b01b5cab388148f4d93/94a03a4768194243b8ea76ff032cde4d.png","height":8,"chars":["乲"],"type":"bitmap","ascent":8},{"file":"minecraft:font/18a9ab22460840a288f1ee1857794b00/220ee801252b4ef6849a63911985b7be.png","height":8,"chars":["乳"],"type":"bitmap","ascent":8},{"file":"minecraft:font/50aa2f081e1c4b198e201af1f9285ec1/8ddf6bd93131488caa1a287b95d53455.png","height":8,"chars":["乴"],"type":"bitmap","ascent":8},{"file":"minecraft:font/2929dd1c8eeb48e793a6d0f001e2ad60/ab1804eaf1614ff0bb4e021a54c7ca89.png","height":8,"chars":["乵"],"type":"bitmap","ascent":8},{"file":"minecraft:font/05dbfb5c907245518129c5fbf70a8e9b/b101440ba5964fad97e9b21a3ecd1164.png","height":8,"chars":["乶"],"type":"bitmap","ascent":8},{"file":"minecraft:font/9a5e45952f964dd3931477e61448d44f/8490c3b66e4c4c5497dc0a213a93450d.png","height":8,"chars":["乷"],"type":"bitmap","ascent":8},{"file":"minecraft:font/f4caff3c1d254e889237c264c3dee79e/1e672f35ec894d80924ddfcf62a57088.png","height":8,"chars":["乸"],"type":"bitmap","ascent":8},{"file":"minecraft:font/978a14c8473f44c0a8a28f6fda235c59/b86a0b2f5f014ccd9250e96e21a52120.png","height":8,"chars":["乹"],"type":"bitmap","ascent":8},{"file":"minecraft:font/6e47c6d5220348a8ac1ee444ccf093d2/b6584acd0caa4a3aab69754e588c2ab6.png","height":8,"chars":["乺"],"type":"bitmap","ascent":8},{"file":"minecraft:font/996100752f0d4ef58d2f9d8c52499443/227c11dcf1314f29a8db442600cd4e94.png","height":8,"chars":["乻"],"type":"bitmap","ascent":8},{"file":"minecraft:font/2573843681f942bdaf23798eea84d9ec/e45496f3ebc4432ba3d6de6b4b9d32eb.png","height":8,"chars":["乼"],"type":"bitmap","ascent":8},{"file":"minecraft:font/81f78d6cdff14e81914fb1c1e4421b04/ad69b0174ade409d91f9dd4fc250fad7.png","height":8,"chars":["乽"],"type":"bitmap","ascent":8},{"file":"minecraft:font/7558cfeee6aa4080829ad56226f1ce3f/77def69cfe9a40ccadd4a16a1af8022a.png","height":8,"chars":["乾"],"type":"bitmap","ascent":8},{"file":"minecraft:font/4fc98648aec142f7aeed3d650d4dec3a/aeed5886eb2243d8830c0a9ebc2d6e88.png","height":8,"chars":["乿"],"type":"bitmap","ascent":8},{"file":"minecraft:font/e55d6a445ba5443ca6a5413eef12e1b1/17d8a5b3e9de44909f849ee1496a568e.png","height":8,"chars":["亀"],"type":"bitmap","ascent":8},{"file":"minecraft:font/db1c6a6e22f74fbf8c5a548fde14e8fb/8747b6e9f0cb4b29a4e35f58cccee586.png","height":8,"chars":["亁"],"type":"bitmap","ascent":8},{"file":"minecraft:font/583168e0640e481e836c8a8fbcb38dbf/186053fa000a4a3cb0fdecc6b51bf111.png","height":8,"chars":["亂"],"type":"bitmap","ascent":8},{"file":"minecraft:font/da4e7f262d4b4eb2a5a1598c95aa82db/90a5ba4cd0d84b789fd89e0ce8152385.png","height":8,"chars":["亃"],"type":"bitmap","ascent":8},{"file":"minecraft:font/768beb31ad884df8913cc8cfa3d24283/92b6ec5605d04bfa8c3c8bf058667384.png","height":8,"chars":["亄"],"type":"bitmap","ascent":8},{"file":"minecraft:font/ad80ea494af44e71bf22ff8b3bfdc4cf/411ea9b511f54fbe95bb832afb04a2be.png","height":8,"chars":["亅"],"type":"bitmap","ascent":8},{"file":"minecraft:font/601d9794219742d6a1856b9f8f5dcf01/0e0f4a89785b47eda71820db53b293fa.png","height":8,"chars":["了"],"type":"bitmap","ascent":8},{"file":"minecraft:font/4ea3e5496c004705b0a54e9ef852bba3/67f6eb9436ae4dcd97272822bb742524.png","height":8,"chars":["亇"],"type":"bitmap","ascent":8},{"file":"minecraft:font/f2f8dd9232b549019f896a36226ac8fa/6c94c1650cd341bf9d1203de0b98f799.png","height":8,"chars":["予"],"type":"bitmap","ascent":8},{"file":"minecraft:font/d6c5555251fa4e2689211af8a9603c44/d2345b227a2c449aa9fb1439692f9351.png","height":8,"chars":["争"],"type":"bitmap","ascent":8},{"file":"minecraft:font/c02e4cc46aed4a759047dd31e4384764/4758ca34bd18417387df70f7afe0c507.png","height":8,"chars":["亊"],"type":"bitmap","ascent":8},{"file":"minecraft:font/2544c28b4fc74f6b8b3d19af583c634c/7ba317e73f0946d7a29727cd0d18575b.png","height":8,"chars":["事"],"type":"bitmap","ascent":8},{"file":"minecraft:font/f38270330f8d4bc78c3f5a79d8ae0e20/5e19229a7ca448bca1eb5f97c4033e63.png","height":8,"chars":["二"],"type":"bitmap","ascent":8},{"file":"minecraft:font/b084583ca88c4902967077c72b8f32db/af9e72a149a14f31b20da03d16956985.png","height":8,"chars":["亍"],"type":"bitmap","ascent":8},{"file":"minecraft:font/b856d09297a64cc0bb2c4daaf16f2c94/721c43b8a24547cab290eebbddab452c.png","height":8,"chars":["于"],"type":"bitmap","ascent":8},{"file":"minecraft:font/651267a9e9c843369616177c5d8f2976/ad75eb68669d430e81faa11c567c11b3.png","height":8,"chars":["亏"],"type":"bitmap","ascent":8},{"file":"minecraft:font/25be8eed8b4f42e986be262fbb62b081/4b789eb1c9b8448aba4d38ed83539ff4.png","height":8,"chars":["亐"],"type":"bitmap","ascent":8},{"file":"minecraft:font/c990d2460fca4a179b319beca7de9798/0672c67781cc43f7a18b1bb68351482c.png","height":8,"chars":["云"],"type":"bitmap","ascent":8},{"file":"minecraft:font/3b720355c1da40b987d5bbbf47a6add2/6ee51f94a95c40879d5a99e49e90767a.png","height":8,"chars":["互"],"type":"bitmap","ascent":8},{"file":"minecraft:font/433265d729444092b6d122a499db58c1/d817aac593dd40989bd40372cc78d933.png","height":8,"chars":["亓"],"type":"bitmap","ascent":8},{"file":"minecraft:font/dcaf55decc894025bb5f75902a5d89c3/5466b13e311046e9a8c93dbef246bdad.png","height":8,"chars":["五"],"type":"bitmap","ascent":8},{"file":"minecraft:font/7a2ce8b578fe4bfe91f5f8d08eccd830/fce47ec85ddd44df83133cb82e09fc63.png","height":8,"chars":["井"],"type":"bitmap","ascent":8},{"file":"minecraft:font/d41f642c5dc140739170ef597e7d30ab/07210e69eaa149bf817b542d7df2af90.png","height":8,"chars":["亖"],"type":"bitmap","ascent":8},{"file":"minecraft:font/6ee3f7e9c52f406c991d4e664aeab333/b4fc9d44f20d4e139db5c8e683d45ee6.png","height":8,"chars":["亗"],"type":"bitmap","ascent":8},{"file":"minecraft:font/29850347493443fead43920d167220ee/0e1fd01f36274f03ad0e8e33450dc89a.png","height":8,"chars":["亘"],"type":"bitmap","ascent":8},{"file":"minecraft:font/685e5204efce4619b571f1dd0dd55ef7/54037e162d3044ee9768b1df88bdd661.png","height":8,"chars":["亙"],"type":"bitmap","ascent":8},{"file":"minecraft:font/7ebce32d133e4dc2a17b81659d618c01/5e6ef2c96aa74ae2914659523155828b.png","height":8,"chars":["亚"],"type":"bitmap","ascent":8},{"file":"minecraft:font/b34a34accf2b4d69a47fcaf74b6cc10c/c4e5a1f430824b8694d33db7ed2054b5.png","height":8,"chars":["些"],"type":"bitmap","ascent":8},{"file":"minecraft:font/ed342e471b454275af4725bdb426cd7a/b56448b88f4d4a0b805f10b3e7f624c4.png","height":8,"chars":["亜"],"type":"bitmap","ascent":8},{"file":"minecraft:font/f868e149344b4436b64e09793ce755a9/02eb0f970d6d4b299a8f519d8b9c93b8.png","height":8,"chars":["亝"],"type":"bitmap","ascent":8},{"file":"minecraft:font/2a97821507ae45258017f6fe20496100/a36be798f6234e8c9aaf12c9f1fc615c.png","height":8,"chars":["亞"],"type":"bitmap","ascent":8},{"file":"minecraft:font/5611a2a9a975494a8cca72dbb7469e54/818032b074024396a3ef3add380e7527.png","height":8,"chars":["亟"],"type":"bitmap","ascent":8},{"file":"minecraft:font/ebaf0fc2c082446c8fc7235b8a0aa658/917a610526bb442fb5e504e38b868f6b.png","height":8,"chars":["亠"],"type":"bitmap","ascent":8},{"file":"minecraft:font/393d9e1fd4ed408d80835b8fc85c1b68/e293e2e421714c88a8d2accd3d8af185.png","height":8,"chars":["亡"],"type":"bitmap","ascent":8},{"file":"minecraft:font/6149f1611bc048fc8e500d50262c4815/3278c5da863d4077a221f4f83e87afe6.png","height":8,"chars":["亢"],"type":"bitmap","ascent":8},{"file":"minecraft:font/29ad5799f6b24e5c8bec47e1c46b938d/46e2072b12814f778af83b664246bf46.png","height":8,"chars":["亣"],"type":"bitmap","ascent":8},{"file":"minecraft:font/9353b764d5b34987bf338f50dcc21e1b/bb3d9be005ef4c4f9403e0ff07fc39c7.png","height":8,"chars":["交"],"type":"bitmap","ascent":8},{"file":"minecraft:font/98876cfeeb4943be829809adf12feecb/a5a46817530e4448a5794fbf3779eeb4.png","height":8,"chars":["亥"],"type":"bitmap","ascent":8},{"file":"minecraft:font/43730beff98547ca99f5d7c91a535523/e48266f8df314816802a50075d653f46.png","height":8,"chars":["亦"],"type":"bitmap","ascent":8},{"file":"minecraft:font/470a846e020f4550b67a8fa38e83df58/6bfc4d8a2221414b9acb904e0f807102.png","height":8,"chars":["产"],"type":"bitmap","ascent":8},{"file":"minecraft:font/3ccdf915df5c4b5aaf8cf8b3f9d9851b/f5cb94f792604188ace43b55a291150d.png","height":8,"chars":["亨"],"type":"bitmap","ascent":8},{"file":"minecraft:font/f190718fb8e64d1db71a3405c3ea4a81/42e1ac09b9af4adaac404b8257313e30.png","height":8,"chars":["亩"],"type":"bitmap","ascent":8},{"file":"minecraft:font/16832df9fe31492fb99612f72861f228/f999f8cd5bbd4b5a9645a4b8eb467fb0.png","height":8,"chars":["亪"],"type":"bitmap","ascent":8},{"file":"minecraft:font/35ab9e727bab4e43a1b19c2858741980/e0b58ea78198433bb3c7762909ba5728.png","height":8,"chars":["享"],"type":"bitmap","ascent":8},{"file":"minecraft:font/9aa44aa9f247473a8c2452cf4d32f8b2/f42a178188e049fab78810943036b825.png","height":8,"chars":["京"],"type":"bitmap","ascent":8},{"file":"minecraft:font/71c90be635f94614b24fe92bd3d30212/1ac2287e2bb64e67a27e36420b117087.png","height":8,"chars":["亭"],"type":"bitmap","ascent":8},{"file":"minecraft:font/2a64a812df5e43209be1ee394870200c/f79cf6bcdb3c4a779c5b9efd5440af19.png","height":8,"chars":["亮"],"type":"bitmap","ascent":8},{"file":"minecraft:font/46abdf63151f4e48b5f0248f13fe2231/131673b5b45b4d96bb3f06a157f96521.png","height":8,"chars":["亯"],"type":"bitmap","ascent":8},{"file":"minecraft:font/c134d597cd1f4fa4bfb9616c949971b8/51de4ba2377847d5a0d7b079cf49acb8.png","height":8,"chars":["亰"],"type":"bitmap","ascent":8},{"file":"minecraft:font/44b4a256bfef462e962481a20e768f89/eaea8e6643ee4d39b92ac1002c03c6d8.png","height":8,"chars":["亱"],"type":"bitmap","ascent":8},{"file":"minecraft:font/f596f8a332b14e75a9a3fa726984b939/5acb61c7542149e2b1a352a2cd1470cd.png","height":8,"chars":["亲"],"type":"bitmap","ascent":8},{"file":"minecraft:font/515efc66e84b4bc6b85ed4ca58c9bee4/43b2505726cb4235a3f75608e14bc9f6.png","height":8,"chars":["亳"],"type":"bitmap","ascent":8},{"file":"minecraft:font/5d07fe0c93e44e1dbd540e5fe5b919e0/1a2510771a9a456eb5e25bf85a029e2b.png","height":8,"chars":["亴"],"type":"bitmap","ascent":8},{"file":"minecraft:font/75eae4b8a63f4c3784afa1c50280aabb/f5c9574e4ad1482b91d45c04e55a7326.png","height":8,"chars":["亵"],"type":"bitmap","ascent":8},{"file":"minecraft:font/bc0e9bbbc49044ffa59080e63c911e31/9f6d6aa9575143189e94f0c3a9abca02.png","height":8,"chars":["亶"],"type":"bitmap","ascent":8},{"file":"minecraft:font/a2b35cac62d741099cd1a2fb3f06f31e/5d50a1a3ebd643418e284320e018a039.png","height":8,"chars":["亷"],"type":"bitmap","ascent":8},{"file":"minecraft:font/1d6c45fc438a481484bfc86b0d97adc6/6eabe75b19cf460aba67363d75033b05.png","height":8,"chars":["亸"],"type":"bitmap","ascent":8},{"file":"minecraft:font/6c72d88f152b406ea39368cea695c9de/e8b1dcabba6f417d829f1e1b21c145a8.png","height":8,"chars":["亹"],"type":"bitmap","ascent":8},{"file":"minecraft:font/3c0703d800844b29897bf2e9c86e4963/dd905ca6cc514727ab0a4ff466bfb3ea.png","height":8,"chars":["人"],"type":"bitmap","ascent":8},{"file":"minecraft:font/b6d6733b658946c38b8ac568938b9d6c/107480c5f10c41e292f8d9a678051fcf.png","height":8,"chars":["亻"],"type":"bitmap","ascent":8},{"file":"minecraft:font/9ce487d35f2c4e7bb1b87e05093188eb/7164d72a53b54e42a64cf4993a17a9ad.png","height":8,"chars":["亼"],"type":"bitmap","ascent":8},{"file":"minecraft:font/8f8c51e385094bd1bf694e07f18ae576/71d543176e344552beaedea403ca1050.png","height":8,"chars":["亽"],"type":"bitmap","ascent":8},{"file":"minecraft:font/b5ce3c65228f4d509c8719daad3441db/9583eb5692e94e598d1e03613a866e24.png","height":8,"chars":["亾"],"type":"bitmap","ascent":8},{"file":"minecraft:font/ebd65354496c426cbc361636bf760057/c11dd92328014304964e5e4cf800ffe7.png","height":8,"chars":["亿"],"type":"bitmap","ascent":8},{"file":"minecraft:font/42e94fd874714750bd22f125f108e66a/2f88eaf7b32e420d978e6d245aadfbae.png","height":8,"chars":["什"],"type":"bitmap","ascent":8},{"file":"minecraft:font/c931cc05be414077b17a567dde4dd568/e930aba29fdd48b79204ca4e58368be3.png","height":8,"chars":["仁"],"type":"bitmap","ascent":8},{"file":"minecraft:font/a9a9b78e5e03459cb47145ae82654929/9ed9354be48141fc816977fe4d8c950b.png","height":8,"chars":["仂"],"type":"bitmap","ascent":8},{"file":"minecraft:font/00c3d386c63141efbc69fa65eee891b1/850ed8c2d26d44e882640303ab525d42.png","height":8,"chars":["仃"],"type":"bitmap","ascent":8},{"file":"minecraft:font/28caada207f74726aea0ccce0a4d0848/2d4d4a30f424430db86ae00d265c79a9.png","height":8,"chars":["仄"],"type":"bitmap","ascent":8},{"file":"minecraft:font/801adf0b6d584baba4ddaa6efd689a78/ae5a8fa339d943198827b7079db74646.png","height":8,"chars":["仅"],"type":"bitmap","ascent":8},{"file":"minecraft:font/db2b636a48884a9193a00b6f84ddc504/e03828e9f66e4b78a6d42bf8fb4a7838.png","height":8,"chars":["仆"],"type":"bitmap","ascent":8},{"file":"minecraft:font/af1b093a4996479983f52d062c989fe6/26e3b1c5176048d09d3745529bb8049b.png","height":8,"chars":["仇"],"type":"bitmap","ascent":8},{"file":"minecraft:font/d7c316b0ed634ecda27a1da0f49317a8/5d104c40d1a84c838e58368f14db70ce.png","height":8,"chars":["仈"],"type":"bitmap","ascent":8},{"file":"minecraft:font/cdc5f23a3c7f48f69dfdecc78a6cf714/b2f77ae515954ce69a83dcb8a16b6220.png","height":8,"chars":["仉"],"type":"bitmap","ascent":8},{"file":"minecraft:font/1b8d0174d9274762a297dd3967ed10cf/f26e1b8cb9854175a73c858480995a29.png","height":8,"chars":["今"],"type":"bitmap","ascent":8},{"file":"minecraft:font/8e2dbada3a434bab8465201cf245946c/cb0255f375bf415da97e29dc6456260d.png","height":8,"chars":["介"],"type":"bitmap","ascent":8},{"file":"minecraft:font/c08d59aef428440bb2adcbb27bdde26a/e66e97bd066d453bbc61e4f7f2b8d637.png","height":8,"chars":["仌"],"type":"bitmap","ascent":8},{"file":"minecraft:font/ba8e25c6bca24fbda4f35d90de4eea20/73eafee089d44a6f9dd03fa05a399f07.png","height":8,"chars":["仍"],"type":"bitmap","ascent":8},{"file":"minecraft:font/d17b8e606fb8499a93a5b442fb6095d5/0f1dfb6422964207b8d09d557f88eaea.png","height":8,"chars":["从"],"type":"bitmap","ascent":8},{"file":"minecraft:font/0e93ecbe69f6494da417e661add29fc1/6df43916d32240489c2b2fd8303edb83.png","height":8,"chars":["仏"],"type":"bitmap","ascent":8},{"file":"minecraft:font/5f0314917ce0489180e0a33d3802a037/ae18e1649b1547febd3ee47bffc42b88.png","height":8,"chars":["仐"],"type":"bitmap","ascent":8},{"file":"minecraft:font/22b60731945b43518a73758341788348/d8dbfea3675f4fecb2bd632af6c76fcc.png","height":8,"chars":["仑"],"type":"bitmap","ascent":8},{"file":"minecraft:font/453477a0134c4ef2997b6d2b079053c8/e4a489f55506484aa4e86f20b540f8f0.png","height":8,"chars":["仒"],"type":"bitmap","ascent":8},{"file":"minecraft:font/1f56db740d434349a9ffc1f9d0887b98/85055c6c31c84a21aa61988a34b4e3fa.png","height":8,"chars":["仓"],"type":"bitmap","ascent":8},{"file":"minecraft:font/be178328b68e4479b05094a2e8ba55e0/16104aedbec24cef9085c0b1eeb8dd1e.png","height":8,"chars":["仔"],"type":"bitmap","ascent":8},{"file":"minecraft:font/5580d26b54e8478c9447c261ec32e093/1eb65a795c154f4b8542861ff23a2c49.png","height":8,"chars":["仕"],"type":"bitmap","ascent":8},{"file":"minecraft:font/71b4f90573a64f8abe2f19ae9a4d16a4/45d3a6d2a27d4443894b0edc8372ec32.png","height":8,"chars":["他"],"type":"bitmap","ascent":8},{"file":"minecraft:font/ea41937b88464da2a9b70c5a0eb14318/4777dbee6fb54065b5b67a7ad05f1daf.png","height":8,"chars":["仗"],"type":"bitmap","ascent":8},{"file":"minecraft:font/7fe9c16380b94e7e8e4540398286a1ac/09b2cd3148084b10ac8dc5bf47b7c51e.png","height":8,"chars":["付"],"type":"bitmap","ascent":8},{"file":"minecraft:font/b0ca0b0432ca41e193505e55de265098/10c01b3caa134ee4803729e3b8512746.png","height":8,"chars":["仙"],"type":"bitmap","ascent":8},{"file":"minecraft:font/e19b6872f98c446485fd0baf17d429ce/44bc9c6404824e3693d01d8b920b1555.png","height":8,"chars":["仚"],"type":"bitmap","ascent":8},{"file":"minecraft:font/1dcb565b575541c89b94c66d85861a66/753a342d86be4b3bb1deb952ddbc2730.png","height":8,"chars":["仛"],"type":"bitmap","ascent":8},{"file":"minecraft:font/fa64b26c72dd4be6aebc35efb83e1e55/d58e7c2be0ec486caf8eb5c598afcb2a.png","height":8,"chars":["仜"],"type":"bitmap","ascent":8},{"file":"minecraft:font/cd378a6c2fd540bab381af3b1d23d4a1/3883f2a28b8c42a5aa9dd604c1d9c97d.png","height":8,"chars":["仝"],"type":"bitmap","ascent":8},{"file":"minecraft:font/2c660108eaa7467b9872a02c3e6dd93a/e42c6946f1c041ada2465509609a5745.png","height":8,"chars":["仞"],"type":"bitmap","ascent":8},{"file":"minecraft:font/82f25e8bc1ab4c3fbb3f7e6051c0a5a4/e2c6a28a840d49e6be551f5b8157deb5.png","height":8,"chars":["仟"],"type":"bitmap","ascent":8},{"file":"minecraft:font/a146e0185ecb4f4fa8a773d81f45ab57/0c8bb0ad96964a6fbc523792b5295f2c.png","height":8,"chars":["仠"],"type":"bitmap","ascent":8},{"file":"minecraft:font/232e430667d740fca0ad0d645d70dbcb/837157570ea946fb9789525c55abc117.png","height":8,"chars":["仡"],"type":"bitmap","ascent":8},{"file":"minecraft:font/8c0480fbf0a2448298fa305e96b7ee7f/fac3874e29e841adbf22832c5c3fc0e2.png","height":8,"chars":["仢"],"type":"bitmap","ascent":8},{"file":"minecraft:font/56b672ad6bdc4fe9a9764e176a01f892/772bc67be58546c5904497611abdce23.png","height":8,"chars":["代"],"type":"bitmap","ascent":8},{"file":"minecraft:font/9ecebc79fc3f4b6681ae0772fca6d619/8d6806b738fd49fdbb754f4ec26364db.png","height":8,"chars":["令"],"type":"bitmap","ascent":8},{"file":"minecraft:font/17721b67adf04e3fbc015a73e081b514/8a789a20ba334bc9979a2970e78bcb09.png","height":8,"chars":["以"],"type":"bitmap","ascent":8},{"file":"minecraft:font/7da0e988953e4e9b9953b3fafa0aea60/6e5353af0a12437c8efecf57a30fc705.png","height":8,"chars":["仦"],"type":"bitmap","ascent":8},{"file":"minecraft:font/e09598c1897343bb82b7be0c947acf6b/5f0b755efaf846cfb74c621e6cd41bc7.png","height":8,"chars":["仧"],"type":"bitmap","ascent":8},{"file":"minecraft:font/f6b46a4f01214ebf8f86ac7693bef64e/87087164fddd492ca240c6f8cd110a4f.png","height":8,"chars":["仨"],"type":"bitmap","ascent":8},{"file":"minecraft:font/4cc8e50af2fb4be6bbb5722ab43836d0/c28160bbb9ef42cca9ced246993724d9.png","height":8,"chars":["仩"],"type":"bitmap","ascent":8},{"file":"minecraft:font/be5a0676c92f47c4b2a4b164367fafda/e87d805b0d6e4e25883037ad2cb002b9.png","height":8,"chars":["仪"],"type":"bitmap","ascent":8},{"file":"minecraft:font/1a6efdb015f647b9b7c8d6153b28d1de/16da19f5525b4062a3531580629f69cd.png","height":8,"chars":["仫"],"type":"bitmap","ascent":8},{"file":"minecraft:font/cb69ff2b451b4907aa2a95ecd83c9409/b4d162b31828427f83f6423a93906a6d.png","height":8,"chars":["们"],"type":"bitmap","ascent":8},{"file":"minecraft:font/a5ae9cb7c27a438cbef23f6f83d4e663/e9f6aeb9a1e94791bb67213f4ee186d2.png","height":8,"chars":["仭"],"type":"bitmap","ascent":8},{"file":"minecraft:font/95739f53d99946b7a1405b65ad5a9817/906c418bc0b445c4a85b60172e541fca.png","height":8,"chars":["仮"],"type":"bitmap","ascent":8},{"file":"minecraft:font/53255dfaf4a34c2e961f5aa0ec7dcea6/e7f499346d664ea38b54798852dd7ca5.png","height":8,"chars":["仯"],"type":"bitmap","ascent":8},{"file":"minecraft:font/1f11ec396a5b4ce09b9dff3893ec168f/5f06859e4dde40999b6cd59c37774c3e.png","height":8,"chars":["仰"],"type":"bitmap","ascent":8},{"file":"minecraft:font/22864d830dcb42389240f9e5ed34dcc3/dc5acdc35337425ab85b7f29f8cd3051.png","height":8,"chars":["仱"],"type":"bitmap","ascent":8},{"file":"minecraft:font/c015e09fc79945349449d4acfeba25fa/66514b3e384643da9b70fe082466eedb.png","height":8,"chars":["仲"],"type":"bitmap","ascent":8},{"file":"minecraft:font/0975aa9963224e32b398da83dbf5188c/ac8596bb610f49ffb205cec8b814cf6f.png","height":8,"chars":["垗"],"type":"bitmap","ascent":8},{"file":"minecraft:font/d9fb4a888f86418f870859a5f04a2a28/658e3175c0fd420e8153d50be76e0e51.png","height":8,"chars":["仳"],"type":"bitmap","ascent":8},{"file":"minecraft:font/a9e9b14bb2b74b9a99f78193055bb765/8429bac13710427c9f10b82d844fd117.png","height":8,"chars":["仴"],"type":"bitmap","ascent":8},{"file":"minecraft:font/fc3b9c576a4e442cb5e7b11d13cc74f3/039c63cbbbe4425ba4d0f73fa5d1c59b.png","height":8,"chars":["仵"],"type":"bitmap","ascent":8},{"file":"minecraft:font/cda334f188444eafa4eae62e0595af24/1d9ae284ee494cdea702abb6da8f5c07.png","height":8,"chars":["件"],"type":"bitmap","ascent":8},{"file":"minecraft:font/939608906e794526a9ec421161e417cf/7386dc066a404aa0af857bd19bb57674.png","height":8,"chars":["价"],"type":"bitmap","ascent":8},{"file":"minecraft:font/d08a3d54f6164bb2a1e2dcd6a1e8720a/dc7a85616d3a4927bc6919aa450dee58.png","height":8,"chars":["仸"],"type":"bitmap","ascent":8},{"file":"minecraft:font/7a790472ffc24cbcbcbc5fe8f4b75138/e9e9350bd20749f3a7a348231b397f45.png","height":8,"chars":["仹"],"type":"bitmap","ascent":8},{"file":"minecraft:font/7fa3d0b2e1f541bc81eafc3d501d991a/98567afdd1da4e7bab17a18f2f691ac8.png","height":8,"chars":["仺"],"type":"bitmap","ascent":8},{"file":"minecraft:font/e82aeef32a954084ba64676eabdf020a/f2821eeeb89d43bca5c1c01b749480aa.png","height":8,"chars":["任"],"type":"bitmap","ascent":8},{"file":"minecraft:font/466caa1893264b4690d2f73447afcdcb/fba05f9abe2646e5bbe4d9eb2b13a446.png","height":8,"chars":["仼"],"type":"bitmap","ascent":8},{"file":"minecraft:font/5032a8b78a6c4c67a56d17bea192b338/4849b1a78b6241bfbb1d01b85d3ce08c.png","height":8,"chars":["份"],"type":"bitmap","ascent":8},{"file":"minecraft:font/bdfa53fda2c7464e84269be7f7f4e7f5/f8f8e3c21ece4afabb25310d64fd8f7b.png","height":8,"chars":["仾"],"type":"bitmap","ascent":8},{"file":"minecraft:font/318b955ae06449b1bea07f4f9ef3004c/7c432600214546ddad7f368182490388.png","height":8,"chars":["仿"],"type":"bitmap","ascent":8},{"file":"minecraft:font/5e3915e680ef4c13b63c7ee4125f6821/a575fe3dd4f14044a044ec585aebaf02.png","height":8,"chars":["伀"],"type":"bitmap","ascent":8},{"file":"minecraft:font/35c6f8f4c8e4493b8e171b6768a049c3/747e6dd578a94674bf655f8a3c228406.png","height":8,"chars":["企"],"type":"bitmap","ascent":8},{"file":"minecraft:font/3bcdffce64c54239b5309fb941603bd2/09a2f083b09644719bc7b929e43ba951.png","height":8,"chars":["伂"],"type":"bitmap","ascent":8},{"file":"minecraft:font/c792b1c157724ecbbb304f3c895d7c0e/a608c7c280dc448691baa65c8b2ac31d.png","height":8,"chars":["伃"],"type":"bitmap","ascent":8},{"file":"minecraft:font/fa5f0ac0023a428bae006aa9000f766c/58e177bdc7584affb50ca4cec7eda2ec.png","height":8,"chars":["伄"],"type":"bitmap","ascent":8},{"file":"minecraft:font/74546794fc624e96a5f738142b01b57e/7745ebaa7b634234bd74443566e92660.png","height":8,"chars":["伅"],"type":"bitmap","ascent":8},{"file":"minecraft:font/11111980e01345aaa1dfbed85b24aa4c/0d28148abf81434b870f71a537db73b8.png","height":8,"chars":["伆"],"type":"bitmap","ascent":8},{"file":"minecraft:font/44b95e50907846d3ac0934123c770ec0/ce9fb1489f8249f796f083dba3359141.png","height":8,"chars":["伇"],"type":"bitmap","ascent":8},{"file":"minecraft:font/72358c6afb4b43c5aec715f17606c0b1/b331c10c98e74bc192ed1690cea0206d.png","height":8,"chars":["伈"],"type":"bitmap","ascent":8},{"file":"minecraft:font/40a28449465d4b65902e1986fdcdbb13/3c1fe6cc18474cdeaa71fc40369a3ae6.png","height":8,"chars":["伉"],"type":"bitmap","ascent":8},{"file":"minecraft:font/4928b12b4384451a860108bc97042d24/7edaa0de1d98400b82272a929f5179d5.png","height":8,"chars":["伊"],"type":"bitmap","ascent":8},{"file":"minecraft:font/011f595b0bd94f9ba8b057c6971e7a57/59e4dc545f5146328dfddd66046ca16e.png","height":8,"chars":["伋"],"type":"bitmap","ascent":8},{"file":"minecraft:font/33469afd2ed84a1b845a462b8c3907dd/cc83c9d2b538429398338f32429c441b.png","height":8,"chars":["伌"],"type":"bitmap","ascent":8},{"file":"minecraft:font/6f8530c2ed4f49d1a7ad9642540ad38a/4c63d9856a434e96a28f2b70c4d57d76.png","height":8,"chars":["伍"],"type":"bitmap","ascent":8},{"file":"minecraft:font/1e20f6effd40430a94720acb3e0fa45e/9888266bd7214b968246aa8da15f8248.png","height":8,"chars":["伎"],"type":"bitmap","ascent":8},{"file":"minecraft:font/704bb4f84c0b4212a2f80e0a13655340/bfadecc41fc0481a85490e32161c2966.png","height":8,"chars":["伏"],"type":"bitmap","ascent":8},{"file":"minecraft:font/eab187056f8540e5a35ca2ca12a470e8/a1e19986b12b4e3f854f4096a7887356.png","height":8,"chars":["伐"],"type":"bitmap","ascent":8},{"file":"minecraft:font/e7c65d0abf6a4abebf8e2b9a2801fb4e/ca4d162e8ba7451b8c1d331159066679.png","height":8,"chars":["休"],"type":"bitmap","ascent":8},{"file":"minecraft:font/e782f4b26f3643b996dc21d9c5492e5f/2629bf1e2eda4691bd4101013c3a2e50.png","height":8,"chars":["伒"],"type":"bitmap","ascent":8},{"file":"minecraft:font/d71c81a57b2649e9a855d0d9c63074f8/30d00586041849bf8ed1cca62f8c6f9c.png","height":8,"chars":["伓"],"type":"bitmap","ascent":8},{"file":"minecraft:font/e9913fdec69f48c8bf772b1c6fcb6604/523dcd684eea49e1b5b145f9d2b112ac.png","height":8,"chars":["伔"],"type":"bitmap","ascent":8},{"file":"minecraft:font/c5fa0d4cbf214f518fff1a102dd6cd0e/906aac959f3243a58a758cef57312389.png","height":8,"chars":["伕"],"type":"bitmap","ascent":8},{"file":"minecraft:font/b8785a30cbed4c9d856feda77ed9321e/b0b494868d284b3482412422b936628e.png","height":8,"chars":["伖"],"type":"bitmap","ascent":8},{"file":"minecraft:font/a9ff48a151c94e53ab2012a3b13484a2/075dc6084c704dd3b83ea28a1a606737.png","height":8,"chars":["众"],"type":"bitmap","ascent":8},{"file":"minecraft:font/3d8ea32f62184111bca85329c63d1a20/459e645bc85041d4abbad851da3f13b0.png","height":8,"chars":["优"],"type":"bitmap","ascent":8},{"file":"minecraft:font/b4d8ab1350114874bdac9060aca3bd47/761c6afb620f41bb8f8ed296bbd4f217.png","height":8,"chars":["伙"],"type":"bitmap","ascent":8},{"file":"minecraft:font/4448f44a4ce84408ac1b743d11cd8bc2/c8120f7360e94c6ca2f94f4bdb874210.png","height":8,"chars":["会"],"type":"bitmap","ascent":8},{"file":"minecraft:font/e4087520b2764f6b8c17800e71d84a64/dc03d44db3104b0db8fd2cb9dc6460c0.png","height":8,"chars":["偹"],"type":"bitmap","ascent":8},{"file":"minecraft:font/f9a8b0d088924badbef985481885bb12/99ef6bf8ee6343d4b724429eeef6b6d8.png","height":8,"chars":["偺"],"type":"bitmap","ascent":8},{"file":"minecraft:font/192309e123424649b4921ecada9f696f/5f234d38847746cd85e512c7da6bccb4.png","height":8,"chars":["偻"],"type":"bitmap","ascent":8},{"file":"minecraft:font/c40c630ddbe74e73873b50a779cff813/a8b9970a77b8496b887d921abc8af992.png","height":8,"chars":["偼"],"type":"bitmap","ascent":8},{"file":"minecraft:font/516db6b8d36c4d37a32f3230a5956101/11ad991087f44a66856b6e3ced5b0ef2.png","height":8,"chars":["偽"],"type":"bitmap","ascent":8},{"file":"minecraft:font/27003044d8124a38a9121dc3073e31c3/6356410c9106416fb7a6067dd927ec65.png","height":8,"chars":["偾"],"type":"bitmap","ascent":8},{"file":"minecraft:font/f49838081dbc405d9e24cfbf0be8ca3e/fac91ebca7c149408a0b72add61a2fa5.png","height":8,"chars":["偿"],"type":"bitmap","ascent":8},{"file":"minecraft:font/4f2e7caa446648c0be1f81489575fd1b/701f97dd71484cf2a71bb2bb7d290f65.png","height":8,"chars":["傀"],"type":"bitmap","ascent":8},{"file":"minecraft:font/ace54adc6b494188b5c7f40c4b57da44/6497b53782cf4eca8b3481536205a4d0.png","height":8,"chars":["傁"],"type":"bitmap","ascent":8},{"file":"minecraft:font/d9a75834eb6b486ab1e636e01b1d968f/19f990929ee94eb9ab158bd8dd6cde33.png","height":8,"chars":["傂"],"type":"bitmap","ascent":8},{"file":"minecraft:font/50e1b747e23849ba8e5261cafb4981a3/bec807f76e01450ead5ba2acf5fe9b5d.png","height":8,"chars":["傃"],"type":"bitmap","ascent":8},{"file":"minecraft:font/dfb8156a25004669b783195a2439f651/8c6b360b0d244fa79fadc3cc61045fb2.png","height":8,"chars":["傄"],"type":"bitmap","ascent":8},{"file":"minecraft:font/b56ff9bbe7854e6c854cfad33c10caea/d1cf293a0ca74a4ea07bcd9fd3c7327c.png","height":8,"chars":["傅"],"type":"bitmap","ascent":8},{"file":"minecraft:font/b19ec812f76e4b4fb829fe8c0dfb2551/54e283418c6a4491b516672efe81884c.png","height":8,"chars":["傆"],"type":"bitmap","ascent":8},{"file":"minecraft:font/1cb4cc422eff4b4884cc89294e9077d5/38894608912149d69e7ff068192eab2a.png","height":8,"chars":["傇"],"type":"bitmap","ascent":8},{"file":"minecraft:font/de2b889b397640afa3ecbb5d2b02c0c3/3f99e79aa84240a383b74108cfdfa4c7.png","height":8,"chars":["傈"],"type":"bitmap","ascent":8},{"file":"minecraft:font/cbb032962ec9408e817da7527f92745c/78c8b49343d449589e0a8ca88d03d364.png","height":8,"chars":["傉"],"type":"bitmap","ascent":8},{"file":"minecraft:font/ecd6fa70a61342fc92d0e48220f6e655/a720a5512b554f4f87405adca02c31a3.png","height":8,"chars":["傊"],"type":"bitmap","ascent":8},{"file":"minecraft:font/d7c32529a10e46b098badde946dc33c0/657eb13a9e2745fdad6df29a6ec1178b.png","height":8,"chars":["傋"],"type":"bitmap","ascent":8},{"file":"minecraft:font/92b661a85c414bb58dfeb014326956a5/371121f512ca4b82ba03ae999dc4117a.png","height":8,"chars":["傌"],"type":"bitmap","ascent":8},{"file":"minecraft:font/00d02d4df9c2442ebd8ec905351c9a02/0f9225c731e642968357e688dafd5116.png","height":8,"chars":["垃"],"type":"bitmap","ascent":8},{"file":"minecraft:font/b48b9e4d3e23447ea317b9f5183eaf8d/59c06ab47bc1472282b35b0a259e04ea.png","height":8,"chars":["垄"],"type":"bitmap","ascent":8},{"file":"minecraft:font/520a19e7fbc94c5da90b3f393d189e9b/893448e725e44c77b925eae76615e2d0.png","height":8,"chars":["垅"],"type":"bitmap","ascent":8},{"file":"minecraft:font/8df5168aa9ae4627b2af9c7d740bf61f/61984242c67c4ab3a3dea7d10fe0b0c5.png","height":8,"chars":["垆"],"type":"bitmap","ascent":8},{"file":"minecraft:font/aa348f7d577445d39f78338220e11053/dbb4787d4e894fbb82c62cbc1a4d843e.png","height":8,"chars":["垇"],"type":"bitmap","ascent":8},{"file":"minecraft:font/bb9a162b78fe47098accef0a80c0231d/dcdc4aea395a4d1ab376fbddf9c2377a.png","height":8,"chars":["垈"],"type":"bitmap","ascent":8},{"file":"minecraft:font/3e6d4fc6e3284a7c84463711b2308868/e904cb8281444d709ae18f469ffd364c.png","height":8,"chars":["垉"],"type":"bitmap","ascent":8},{"file":"minecraft:font/ddbc79cbd4f346609da36d0af1606179/2fca969846a246ce87265b8373aa17f1.png","height":8,"chars":["垊"],"type":"bitmap","ascent":8},{"file":"minecraft:font/8a62f96b776a4277bf19c3a35790bf8d/d8aaaddf2e6b4392ac9a4bb0a96f139b.png","height":8,"chars":["型"],"type":"bitmap","ascent":8},{"file":"minecraft:font/4e350eaefc534aa3a2a789d1ec62b99f/bc224aa159c34706a016524e7b9c8b4a.png","height":8,"chars":["垌"],"type":"bitmap","ascent":8},{"file":"minecraft:font/921f80c1d6984b419b40e5167aca3e90/c746f17ccafc4501b0bf3e7989307d0e.png","height":8,"chars":["垍"],"type":"bitmap","ascent":8},{"file":"minecraft:font/f2416b199d0c438b9a917c80d43278ee/aae7fd24cd5140baa8a5804e0448b904.png","height":8,"chars":["垎"],"type":"bitmap","ascent":8},{"file":"minecraft:font/4e053aca6c1341409ad22b1d9e3d8273/7b7e3a9c4d434356b2f35371c0607596.png","height":8,"chars":["垏"],"type":"bitmap","ascent":8},{"file":"minecraft:font/9e7bdca3a37642dab8f5c5ff60b2e589/e8ddf5a507aa4427aa174ba9d0cf843d.png","height":8,"chars":["垐"],"type":"bitmap","ascent":8},{"file":"minecraft:font/b1c9e259b6a64fa1aefb94a9a5bcc47b/c1d69f0230864180a58f94d18ce4216b.png","height":8,"chars":["垑"],"type":"bitmap","ascent":8},{"file":"minecraft:font/442a8eaee4994ef1a228fea67f43ccad/5a2a4ec4a069444b93c56bb8b9bf16eb.png","height":8,"chars":["垒"],"type":"bitmap","ascent":8},{"file":"minecraft:font/1fa5e4abbad441a18ac70439d73a5a1f/c52e324651e9477bbe4b3ccbe1807f41.png","height":8,"chars":["垓"],"type":"bitmap","ascent":8},{"file":"minecraft:font/c800e1f9214442e5ae0eb02c5914dc0b/c54014cd0d454f2fb3b8d17545ff5c01.png","height":8,"chars":["垔"],"type":"bitmap","ascent":8},{"file":"minecraft:font/ddff04f8f1734634a0a12c6c4bb337c0/4f03a45151864b3fb6eda584d4b4a761.png","height":8,"chars":["垕"],"type":"bitmap","ascent":8},{"file":"minecraft:font/09e8fc05a53a495893fd00f753f77b06/c60ba8653b10409d9a0e72f83fe18e30.png","height":8,"chars":["垖"],"type":"bitmap","ascent":8},{"type":"bitmap","file":"font/pixel.png","ascent":-1000,"height":-2,"chars":["ᨓ"]},{"type":"bitmap","file":"font/pixel.png","ascent":-10000,"height":1,"chars":["ᨒ"]},{"type":"bitmap","file":"font/pixel.png","ascent":-10000,"height":-2,"chars":["⻙"]}]}