{"providers":[{"file":"minecraft:font/f157d0a7d7fd4561842abbe5d75c3ddf/c811ab03643942bc81e8df56765868b2.png","height":16,"chars":["一"],"type":"bitmap","ascent":16},{"file":"minecraft:font/a955aec908af435cae9d8c12498c4a74/9fe20d4a5d6d4db19852fd747e6bfcc7.png","height":8,"chars":["丁"],"type":"bitmap","ascent":8},{"file":"minecraft:font/c80103aaeb8344b5b32ebf969983cd2b/c520aea2c87142649517b8aeb7f64e0f.png","height":8,"chars":["丂"],"type":"bitmap","ascent":8},{"file":"minecraft:font/243839ec08084e00aba30c74a0e9d3e3/753bf6c8db2f448ba592ea4501a2cc94.png","height":8,"chars":["七"],"type":"bitmap","ascent":8},{"file":"minecraft:font/fdb257f6333041e9997f5f1c7f99419b/3e0b4f8a285a489b9a8537de2db49fb5.png","height":8,"chars":["丄"],"type":"bitmap","ascent":8},{"file":"minecraft:font/d7c28d5846df4c43a5867d7978f73841/348faee5bb6747ea92f75522d8a2c0b8.png","height":8,"chars":["丅"],"type":"bitmap","ascent":8},{"file":"minecraft:font/dba27743e590438d9e27b918ebff9ce1/d91f0fa8343d4608b9b2cdb82fa1d954.png","height":8,"chars":["丆"],"type":"bitmap","ascent":8},{"file":"minecraft:font/807292940d844a3f993dfe2250517b41/6630c0ab470c4e70b62e8a304d83b81d.png","height":8,"chars":["万"],"type":"bitmap","ascent":8},{"file":"minecraft:font/cc206934a8b14ef79e8555457e25dbb7/db40396889d84f4b84c03c832d182c06.png","height":8,"chars":["丈"],"type":"bitmap","ascent":8},{"file":"minecraft:font/615a00638e9e47b2b0362fb5699c9b95/7bd8c8ac0f4e4d0e820b3b4b3e193e24.png","height":8,"chars":["三"],"type":"bitmap","ascent":8},{"file":"minecraft:font/36013e62b6cb443da0ce116c49d8ffbd/55e20170a9804e8b860beb81bc15f8a3.png","height":8,"chars":["上"],"type":"bitmap","ascent":8},{"file":"minecraft:font/cc3ca20b2d6b4f4085ed4db7c73e8e36/31a0498fd3214370b02b4297f19ba45a.png","height":8,"chars":["下"],"type":"bitmap","ascent":8},{"file":"minecraft:font/86f8ed7ce4e543c99778a8148c5bdae2/6ae7539b6b81442399fccb5f983eb813.png","height":8,"chars":["丌"],"type":"bitmap","ascent":8},{"file":"minecraft:font/784b5daa4e9a46cdb43c8d8f962b95d6/674a4e001696470b91787cd33e9b63ab.png","height":8,"chars":["不"],"type":"bitmap","ascent":8},{"file":"minecraft:font/d980489e065345d9b35e5eba67406aa2/bed3ff772fab463ab7de3706d4307c70.png","height":8,"chars":["与"],"type":"bitmap","ascent":8},{"file":"minecraft:font/4fd4fc57bf5246abaf34819c78fbcd8e/7e147a3860e94aa4aaed65daccf61e17.png","height":8,"chars":["丏"],"type":"bitmap","ascent":8},{"file":"minecraft:font/abac2ac5cb0545c39b17f1cd15cff16d/ef05fad3b0eb4283ba4785b537041bbb.png","height":8,"chars":["丐"],"type":"bitmap","ascent":8},{"file":"minecraft:font/5b47ce936f2e4cc6b6e087bbffb6976c/bcd1b82e5abc457886ea99a562a6f766.png","height":8,"chars":["丑"],"type":"bitmap","ascent":8},{"file":"minecraft:font/f8f5dd1c33454a9faa4dad55fbd88757/00d0fbbc0c8a460b92846f1ed845c266.png","height":8,"chars":["丒"],"type":"bitmap","ascent":8},{"file":"minecraft:font/b0b5490023274eb59cff3caaf80b9ca7/6747408479fe40228d768c8fcfe65fa6.png","height":8,"chars":["专"],"type":"bitmap","ascent":8},{"file":"minecraft:font/24634b11668743289b283ceb89e90e1a/2c74df23d5994a5bbe590655fc370601.png","height":8,"chars":["且"],"type":"bitmap","ascent":8},{"file":"minecraft:font/e2a75454254e446b8eaba14ee7ce23b1/2828f7b845af4e358c24e4c598475b0b.png","height":8,"chars":["丕"],"type":"bitmap","ascent":8},{"file":"minecraft:font/703998dcf88f41d9b52dffd9174d8d8a/47ca96dea74d48ca86788b3135fc968d.png","height":8,"chars":["世"],"type":"bitmap","ascent":8},{"file":"minecraft:font/bf7ea4df53fe4962950717a460a619b9/679cf3789ec14c2988356b7a71876035.png","height":8,"chars":["丗"],"type":"bitmap","ascent":8},{"file":"minecraft:font/fc40614b3fd548a2899d540e26eeddcf/2f8b5bdca48b4bf5a9353f52e30e4094.png","height":8,"chars":["丘"],"type":"bitmap","ascent":8},{"file":"minecraft:font/7309fbdba94548979fe26b9f7e81bdec/8ea9f8da4c444408a7570f4a885d0d16.png","height":8,"chars":["丙"],"type":"bitmap","ascent":8},{"file":"minecraft:font/0db38d4b6c3c42c0bf58d99e8b32f1ae/73d4834bcc11432e853d26fd5b574b4d.png","height":8,"chars":["业"],"type":"bitmap","ascent":8},{"file":"minecraft:font/b8c668dde0b343d88272bf53f5b8ed62/987c1f17d621412f99542e73c0addd0c.png","height":8,"chars":["丛"],"type":"bitmap","ascent":8},{"file":"minecraft:font/a4ac063b2aed4b149f3df279d5161624/d8235d9472684a8f8f929e99fa08ef74.png","height":8,"chars":["东"],"type":"bitmap","ascent":8},{"file":"minecraft:font/3e4713d878c54f0d97e10ec3cd5135cd/f0b11c2e42c04078a3c7822662717649.png","height":8,"chars":["丝"],"type":"bitmap","ascent":8},{"file":"minecraft:font/b95f290e5e6a4378abff61a52e6de7e6/a6a82518922040f09f035e1e122fa6ff.png","height":8,"chars":["丞"],"type":"bitmap","ascent":8},{"file":"minecraft:font/08d7fded52ee4724b2a34037d6a87cb8/0a31fb9ba66e4319b0c66c9c1801e996.png","height":8,"chars":["丟"],"type":"bitmap","ascent":8},{"file":"minecraft:font/5376434ab9134b93882337a66e65f5b9/148137a1f9bc4fbd9112f397e0d93909.png","height":8,"chars":["丠"],"type":"bitmap","ascent":8},{"file":"minecraft:font/b135dbeef9e646df87d4313ee3bfbbdf/27aeb2cdb20c4caca4d7f48e318bd6ce.png","height":8,"chars":["両"],"type":"bitmap","ascent":8},{"file":"minecraft:font/9f7e9c7aa3894975889bc72082ceeb7c/b200ac6d76e1489dbcb678a38c7c3b95.png","height":8,"chars":["丢"],"type":"bitmap","ascent":8},{"file":"minecraft:font/f8bc41331b8c41258bdc36ce537587d3/fc8660178d404da4837cbabf710d8e17.png","height":8,"chars":["丣"],"type":"bitmap","ascent":8},{"file":"minecraft:font/12c7031875f94f34b859120978699698/29899f77689b4be1bbba04046c520cee.png","height":8,"chars":["两"],"type":"bitmap","ascent":8},{"file":"minecraft:font/a8a5616ff2bb4696807d5be7bbf978a7/fd2e557b53c646148dd6b2e2b5250a21.png","height":8,"chars":["严"],"type":"bitmap","ascent":8},{"file":"minecraft:font/57e7a3dad1d944fa88e6b767b7f63439/830104327f124285a0d3dc16c3d300a0.png","height":8,"chars":["並"],"type":"bitmap","ascent":8},{"file":"minecraft:font/df64f6548e384b018fd4aade55afcb2b/83156b72f3d34a059554256b4f4cf660.png","height":8,"chars":["丧"],"type":"bitmap","ascent":8},{"file":"minecraft:font/11f082924ce8482399f2586f5e10b466/12dff8098bbd4be9becf81dc58fa15ed.png","height":8,"chars":["丨"],"type":"bitmap","ascent":8},{"file":"minecraft:font/19b040f6d93c4e1ea468a19b281c5204/cc16a7c791b9454199eccbe02a4e5115.png","height":8,"chars":["丩"],"type":"bitmap","ascent":8},{"file":"minecraft:font/6ed6c97fd1bc4efab3ce4589e0cf103c/f406854972784ec7aaf030243977c20c.png","height":8,"chars":["个"],"type":"bitmap","ascent":8},{"file":"minecraft:font/4bbad5f30f3b42ad837059ffbabfa61c/87ac15cb527448e8b8c48cad0124a802.png","height":8,"chars":["丫"],"type":"bitmap","ascent":8},{"file":"minecraft:font/f948aa32bf614664926408c5c0e00b7a/bfc5454e4f1d480eb332a6de86a2cbad.png","height":8,"chars":["丬"],"type":"bitmap","ascent":8},{"file":"minecraft:font/7683a76dacd7472a951f7d25823b248b/196b2e69fd344b688c1914c80e6985ed.png","height":8,"chars":["中"],"type":"bitmap","ascent":8},{"file":"minecraft:font/1ab766fea7f744468b60af9f03951f7e/2560ff52ce714c0da10529945e4959ea.png","height":8,"chars":["丮"],"type":"bitmap","ascent":8},{"file":"minecraft:font/8ad5b5a5c5c840e8bac9d57d9d215a5e/9509d5a1c724407496345fbbdd5b8064.png","height":8,"chars":["丯"],"type":"bitmap","ascent":8},{"file":"minecraft:font/40c3ad42fae94d55843ebcd8bc79db89/d4fa5d33241d41b8964422c9c0433db3.png","height":8,"chars":["丰"],"type":"bitmap","ascent":8},{"file":"minecraft:font/f49ba80290184f54990245f4b141d1d6/76b21427fc5c4434ba2395c9d75bfbe9.png","height":8,"chars":["丱"],"type":"bitmap","ascent":8},{"file":"minecraft:font/d40894a597c0401692b757a134ad2796/8ac5fb6b132c4925aa5644d947529735.png","height":8,"chars":["串"],"type":"bitmap","ascent":8},{"file":"minecraft:font/10899656dd804f66b5ebf242d6b9acd3/ced240730c2846e18d9755fe280f8334.png","height":8,"chars":["丳"],"type":"bitmap","ascent":8},{"file":"minecraft:font/9f24c603295d453aaf773546111533e5/3aceaff3975b41169a8ca3f8f4e17a5a.png","height":16000,"chars":["垙"],"type":"bitmap","ascent":16000},{"file":"minecraft:font/9b1a74c7b8a141c8b99c923ac51c2ab9/c3a9373eec844cbe850dff4918a062a4.png","height":8,"chars":["亖"],"type":"bitmap","ascent":8},{"file":"minecraft:font/dce11b1097434f33b9d9ddf6ad701ff6/14fb4abd23fb4017a85190d926aea96e.png","height":8,"chars":["亗"],"type":"bitmap","ascent":8},{"file":"minecraft:font/2cb9b46163a9403b86ba560bac7eedf8/b87dad63bc394a9980d5b815563b6883.png","height":8,"chars":["亘"],"type":"bitmap","ascent":8},{"file":"minecraft:font/e6bbd02d835c462cab8b6e72ed236274/b761e5f2a9d54dde8a11b71c5d1362e3.png","height":8,"chars":["亙"],"type":"bitmap","ascent":8},{"file":"minecraft:font/cf51ff56060644ee82d5df8287f89e1c/cf5f23fc79454247b740ed23546eaf96.png","height":8,"chars":["亚"],"type":"bitmap","ascent":8},{"file":"minecraft:font/a7a1adf130264443943529ba979d2184/1b3cd277fa364bd0bfbb4c6f10cc84a1.png","height":8,"chars":["些"],"type":"bitmap","ascent":8},{"file":"minecraft:font/c1bec3848d184a0d8fafe3f3ac1fa544/8660976f476940d9990f2efb13884fd6.png","height":8,"chars":["亜"],"type":"bitmap","ascent":8},{"file":"minecraft:font/e89bad5cfc8c4c05b12ca217b7d01188/dc068afcbe5f4e5d80befdf23bbb626f.png","height":8,"chars":["亝"],"type":"bitmap","ascent":8},{"file":"minecraft:font/cfe63d3edc344892a13232144c5f8f7f/a0ee10bce4f4472698b1fdd863c2cd26.png","height":8,"chars":["亞"],"type":"bitmap","ascent":8},{"file":"minecraft:font/9b134c85c8f34d81ae267837ca6ea95c/4ed2744d501946fc966c9cfc9fd10533.png","height":8,"chars":["亟"],"type":"bitmap","ascent":8},{"file":"minecraft:font/2b9e77eb04ce4248a2a2aad35cd7b372/8e513838b397486dba4f706244926792.png","height":8,"chars":["亠"],"type":"bitmap","ascent":8},{"file":"minecraft:font/87d7c8d2df2e4190a032899a561451ea/44254c74b7d14ec59453beb34c12bf77.png","height":8,"chars":["亡"],"type":"bitmap","ascent":8},{"file":"minecraft:font/e3ac1f4dc17c49bdb8953797215675aa/b1ab6cb73ac948be8e4ca42ef81453be.png","height":8,"chars":["亢"],"type":"bitmap","ascent":8},{"file":"minecraft:font/e664033cd78c45dc90244e44d39cd674/56175de2ecd541f993cde80625cd9d5c.png","height":8,"chars":["亣"],"type":"bitmap","ascent":8},{"file":"minecraft:font/d4ad8326ebd147ae8bbc6f93fc32e43f/dc92a4e9152f4ac39d8d1827e9796cbf.png","height":8,"chars":["交"],"type":"bitmap","ascent":8},{"file":"minecraft:font/3c138f7a0d0d4bb99e3a497514da0655/bd53ccedcdd044ce85afe652d9711869.png","height":8,"chars":["亥"],"type":"bitmap","ascent":8},{"file":"minecraft:font/2e191b7368d54e9da76b6c13dca31ee0/d0ddaafc28c743f0a5a575e71014226f.png","height":8,"chars":["亦"],"type":"bitmap","ascent":8},{"file":"minecraft:font/998ee96ddc104abaa4edc41a23f0d44b/2801159777a346c686c9102501532dcc.png","height":8,"chars":["产"],"type":"bitmap","ascent":8},{"file":"minecraft:font/a7707ed45e7048ed9a665a66695d8dbc/312b6c153c0f424dbe36a9ef1b31fb7e.png","height":8,"chars":["亨"],"type":"bitmap","ascent":8},{"file":"minecraft:font/624a2e0b556b4c1e9739ffbb97546133/64ed73f4889b48e5af339355ee18e49e.png","height":8,"chars":["亩"],"type":"bitmap","ascent":8},{"file":"minecraft:font/6e4b34b7c21c4e0daddc1301328d2cfa/793751d9b6d744008e7b49348303dada.png","height":8,"chars":["亪"],"type":"bitmap","ascent":8},{"file":"minecraft:font/839fca665be84c16a3cc521b1d094537/52aa6f863fe04ebfac526ae402d97f1b.png","height":8,"chars":["享"],"type":"bitmap","ascent":8},{"file":"minecraft:font/67944f3d909347b489804063f1756085/3d348c454b0247cf83ad2f8a0a784c22.png","height":8,"chars":["京"],"type":"bitmap","ascent":8},{"file":"minecraft:font/778c56b6ff0641a3bb8ffaa5cb6e67f2/ea93575e4ead4a0da8355d67cfc2448c.png","height":8,"chars":["亭"],"type":"bitmap","ascent":8},{"file":"minecraft:font/61af2712bec44b4a907b582aaaf14f33/70c708d790f94e8d8f3edc643d222cdd.png","height":8,"chars":["亮"],"type":"bitmap","ascent":8},{"file":"minecraft:font/2ed558496b164855961d98f05783488b/7b12907fb47b404e80627003c5ade773.png","height":8,"chars":["亯"],"type":"bitmap","ascent":8},{"file":"minecraft:font/068ff797f12a45778fad90e88ee0f878/2ad7ec52687744b2822b62c7b61c3bec.png","height":8,"chars":["亰"],"type":"bitmap","ascent":8},{"file":"minecraft:font/baf1f8582f024412973bf0689dae52cc/d0eb690ba0b64a38ba6eef94894fa116.png","height":8,"chars":["亱"],"type":"bitmap","ascent":8},{"file":"minecraft:font/97e7a6ad4c5043d7831b5610db85ade7/9f41576b800c4122aca4f454f7d3142b.png","height":8,"chars":["亲"],"type":"bitmap","ascent":8},{"file":"minecraft:font/ee0517b745e048cab21a34d22cf28553/8a87ad5390ac48f58ed95567c7edf3fb.png","height":8,"chars":["亳"],"type":"bitmap","ascent":8},{"file":"minecraft:font/13b4ab782bbb4b30bf639677fbd8a7de/8dcb5e8d8aaf490ea5cede9171b6811d.png","height":8,"chars":["亴"],"type":"bitmap","ascent":8},{"file":"minecraft:font/03d1a7fb954440bb916528afb9b6060c/06a0a11f6d5746bd8cb1448887a3acd9.png","height":8,"chars":["亵"],"type":"bitmap","ascent":8},{"file":"minecraft:font/613eba6c190d445aa4cbdb2c73800382/baa89ee0f6ed441693cb0fdf7f56b475.png","height":8,"chars":["亶"],"type":"bitmap","ascent":8},{"file":"minecraft:font/20cde5231b4143adbc85cbcd6391f71e/e33315e0fd24413c91c03e462714ec3d.png","height":8,"chars":["亷"],"type":"bitmap","ascent":8},{"file":"minecraft:font/7a697f2297c0454cbd0310677cabbd61/684689af12e842bd90209b289207633a.png","height":8,"chars":["亸"],"type":"bitmap","ascent":8},{"file":"minecraft:font/887208b78ea04887bc6cff8580063cd8/82af388633774c1bb72ffc91bfe1cf74.png","height":8,"chars":["亹"],"type":"bitmap","ascent":8},{"file":"minecraft:font/60192adb04bf4aacb5bae9e31b83ae19/153fc0ff9a494d4ab26e362c24b5fa9c.png","height":8,"chars":["人"],"type":"bitmap","ascent":8},{"file":"minecraft:font/856effcd78b240f28426df2c1d88c5fb/69dbdde8de9d4316b15a5c2d8ad67bf8.png","height":8,"chars":["亻"],"type":"bitmap","ascent":8},{"file":"minecraft:font/ce59ff2a270f497da1feca17426bb13a/b55314410e2a4d4185becb06ae2d65b1.png","height":8,"chars":["亼"],"type":"bitmap","ascent":8},{"file":"minecraft:font/875b4f0f1bd545fab44b4f656164fe16/c3234fb1a3bd4922a9044af801e12042.png","height":8,"chars":["亽"],"type":"bitmap","ascent":8},{"file":"minecraft:font/60b5821d70ea46cda050f9606a06e2bc/35a419ac4cfb4e948d86dfe886ee129a.png","height":8,"chars":["亾"],"type":"bitmap","ascent":8},{"file":"minecraft:font/bd60dd7573484ee7896ff872c150029f/d1f8f2c125f544c3aaa952da63f5ae7a.png","height":8,"chars":["亿"],"type":"bitmap","ascent":8},{"file":"minecraft:font/0ce1377e97af43eeb8fe96843900dbb4/a76c3b27edf9424aaff26a3ce9777931.png","height":8,"chars":["什"],"type":"bitmap","ascent":8},{"file":"minecraft:font/ca9976de8b1449849c274f9c0b29500c/141237b7883a4ee78d30d3d679f2afe1.png","height":8,"chars":["仁"],"type":"bitmap","ascent":8},{"file":"minecraft:font/5bd5e0957a0343448a97d93d3a801646/ab5779979ab14ff492ef4fb4091f67eb.png","height":8,"chars":["仂"],"type":"bitmap","ascent":8},{"file":"minecraft:font/3be4002933f44b008b30ff7ea6a9fdd5/fa7d53721efc40319651f89207c7e925.png","height":8,"chars":["仃"],"type":"bitmap","ascent":8},{"file":"minecraft:font/3a9d8ef75edc40ea880a166289f8c778/a1d02265932442af957622a98846c90f.png","height":8,"chars":["仄"],"type":"bitmap","ascent":8},{"file":"minecraft:font/835ef8de30f64180970b7dff4ff3d77d/88a1e7bc18484b64ae961b69dd8799e1.png","height":8,"chars":["仅"],"type":"bitmap","ascent":8},{"file":"minecraft:font/98dd1b03082b4af3a95d080ca418dd44/9cae2d203c924037b1ebcbb476db2de7.png","height":8,"chars":["仆"],"type":"bitmap","ascent":8},{"file":"minecraft:font/a3cf5a2f980c4a3895a314b1f76e9feb/ff3e66d4ba004fd182564f573de467d0.png","height":8,"chars":["仇"],"type":"bitmap","ascent":8},{"file":"minecraft:font/c76eee5bb088430ea08a30b461dce0d5/0d44b3af37e24b10bfb3c9e80203384f.png","height":8,"chars":["仈"],"type":"bitmap","ascent":8},{"file":"minecraft:font/f61695d32e9d4aa69a53b037346d117c/4cfd86d7eeb043ae8fc90f52a925913a.png","height":8,"chars":["仉"],"type":"bitmap","ascent":8},{"file":"minecraft:font/ea630e90bb494aa2bb32c2d2e6e725fe/9f63a888ff1b403fa2a701227d1e81b0.png","height":8,"chars":["今"],"type":"bitmap","ascent":8},{"file":"minecraft:font/d3aa26d89d9140c0b761846ecbc7b6e8/5140dd37727a4314a896f1396e8b5a28.png","height":8,"chars":["介"],"type":"bitmap","ascent":8},{"file":"minecraft:font/92aa35d93d764194a68568c96daf8fb0/2c802e4e0f884846babb8eaed16d66ca.png","height":8,"chars":["仌"],"type":"bitmap","ascent":8},{"file":"minecraft:font/fb01477229bf43d29ceda746faddf78e/a77c95528ed9476dacaed0fe2d5ac486.png","height":8,"chars":["仍"],"type":"bitmap","ascent":8},{"file":"minecraft:font/034d7e770a104d6dabd1689d230a86ed/4ea1fcb943f2457281ddedf04ba4e1e8.png","height":8,"chars":["从"],"type":"bitmap","ascent":8},{"file":"minecraft:font/3f431b9100db409eb9b542ec48c9f3aa/c8d4ef24c4444336acd931c6a4b4b66b.png","height":8,"chars":["仏"],"type":"bitmap","ascent":8},{"file":"minecraft:font/532c9c191cbb43ce9249283081a66bb4/be7e4062e41e444e8b548dcea3c5ce99.png","height":8,"chars":["仐"],"type":"bitmap","ascent":8},{"file":"minecraft:font/b2df5a6ad27c4f1b9b12da53f2a23226/bb3a61e9348a4cfa817ff1624f90d893.png","height":8,"chars":["仑"],"type":"bitmap","ascent":8},{"file":"minecraft:font/1f90c75d83af4d5a81e96dee39b27778/09c56257662c4818bade8fea70048552.png","height":8,"chars":["仒"],"type":"bitmap","ascent":8},{"file":"minecraft:font/02d0a3198d584745baadf87160c98c60/3a5cdb2bab1b469d96749d1988348fef.png","height":8,"chars":["仓"],"type":"bitmap","ascent":8},{"file":"minecraft:font/4befc38893444aca8c3f7dd7aebf626a/021ebfea0c0b42c3ae630c0068db1796.png","height":8,"chars":["仔"],"type":"bitmap","ascent":8},{"file":"minecraft:font/c95bcd84665f4706b04d55a45ec213bf/14bb616d45ae4a54bc00fdff797abf2b.png","height":8,"chars":["仕"],"type":"bitmap","ascent":8},{"file":"minecraft:font/59d5f1cf56c84dbb90f84775331ee12d/e33234bf300b492383a5f3a355573a0b.png","height":8,"chars":["他"],"type":"bitmap","ascent":8},{"file":"minecraft:font/45e4eb668cdd4f67b8482dc85c13314b/3ac9ad261ed640b1b0bb710bdece96dd.png","height":8,"chars":["仗"],"type":"bitmap","ascent":8},{"file":"minecraft:font/391b14e789a3475faaa3bcd82e7da7eb/653e3d0db3ce4628baa429fb37d2b312.png","height":8,"chars":["付"],"type":"bitmap","ascent":8},{"file":"minecraft:font/56ae318fba854fd08127421806d87a3a/05eeb42c027048f39b3ffb625979cfad.png","height":8,"chars":["仙"],"type":"bitmap","ascent":8},{"file":"minecraft:font/1f14074cc5ab4264aa7b2d54aefaee47/c7b663e3fb994c6185097a493973e6bf.png","height":8,"chars":["仚"],"type":"bitmap","ascent":8},{"file":"minecraft:font/789f2acd89ff4101a33a1955e91f9a0c/51c2fc2ee04747889389e9687bb873ac.png","height":8,"chars":["仛"],"type":"bitmap","ascent":8},{"file":"minecraft:font/4d138fe7250e45439b1971b4b269ea70/08d310b4c39f40e6b343f8508cde6278.png","height":8,"chars":["仜"],"type":"bitmap","ascent":8},{"file":"minecraft:font/4f888cbc82ef40c481e4ad7256f04bc4/548ac2e9d2474d59b2b29a65f9789a39.png","height":8,"chars":["仝"],"type":"bitmap","ascent":8},{"file":"minecraft:font/b79c759ab7ea462c81a523a98e7a123b/5db0b6bd882d4494bb481639949266bd.png","height":8,"chars":["仞"],"type":"bitmap","ascent":8},{"file":"minecraft:font/60c1a350fb8a441d89d93844af07c37d/94bcd1f34a3d47c99eea7fb26ce9ac0c.png","height":8,"chars":["仟"],"type":"bitmap","ascent":8},{"file":"minecraft:font/3ccd83a4aac14ddcbc83ecc5aa92c4cb/d7ba5ad9b6f54e2a938fe227a9afdac5.png","height":8,"chars":["仠"],"type":"bitmap","ascent":8},{"file":"minecraft:font/80cca7ceea30409d85cd01521bf8ff3e/e2797cbd078f4cfc9d20934867a92430.png","height":8,"chars":["仡"],"type":"bitmap","ascent":8},{"file":"minecraft:font/e1b99e3988274221985087a28ee25249/92829da8b030409cb5d03cd84925f006.png","height":8,"chars":["仢"],"type":"bitmap","ascent":8},{"file":"minecraft:font/5a2b0aaa7a14422893901a268971b778/64b5e841f579413bb42dc370a133b6d4.png","height":8,"chars":["代"],"type":"bitmap","ascent":8},{"file":"minecraft:font/bf7c648b7a4a49e3aac9e76e69e0b383/25c9cd7d8dec4a92b9d5433d81d3a877.png","height":8,"chars":["令"],"type":"bitmap","ascent":8},{"file":"minecraft:font/1a32984ad9864dd796633c100f576d2a/4868af12c0ff4138a77708a4c7e9cda4.png","height":8,"chars":["以"],"type":"bitmap","ascent":8},{"file":"minecraft:font/9cd446d1b1a24b0a97ca72f5a7df7d72/b7075f09b191499fb220712076eabb4a.png","height":8,"chars":["仦"],"type":"bitmap","ascent":8},{"file":"minecraft:font/bdf7c12d14de4d8aa536fb5bdf2bec6e/3201474585134b6db3ae9e95ab6d72d1.png","height":8,"chars":["仧"],"type":"bitmap","ascent":8},{"file":"minecraft:font/46a9ca80a7d345b2ae369ba8dffd0dea/b8269b265cdb479295a93f45688a5a5a.png","height":8,"chars":["仨"],"type":"bitmap","ascent":8},{"file":"minecraft:font/d96a9ac79a6343a4b821eeedd08bdebb/080df327d288482da2c2f73c55669146.png","height":8,"chars":["仩"],"type":"bitmap","ascent":8},{"file":"minecraft:font/ec6df3229a4b43f09501abbc3f7eded9/fcdb66f8d68d4740933cbe5959f1bd19.png","height":8,"chars":["仪"],"type":"bitmap","ascent":8},{"file":"minecraft:font/6a05be495ec442fa8e3450889979c15b/e00888602b1046ba8712a36dfbbb36da.png","height":8,"chars":["仫"],"type":"bitmap","ascent":8},{"file":"minecraft:font/8edb25ef176c45a0a265d815f742f64b/d9befa71c94d4e4dbc06a64fe973523a.png","height":8,"chars":["们"],"type":"bitmap","ascent":8},{"file":"minecraft:font/94d0fb9331a94216adba06ad33f52e27/a6f08bd78e7c4d37bc20c9fba0576098.png","height":8,"chars":["仭"],"type":"bitmap","ascent":8},{"file":"minecraft:font/85eee43a5d0f4ea6abcdb2b05e815cec/643d2370d27640498e35f29ec419676b.png","height":8,"chars":["仮"],"type":"bitmap","ascent":8},{"file":"minecraft:font/409c91244e5f4b0ea0a09b2f4d39a123/1fdc4516e6894c5ba462d7cc6f0be47f.png","height":8,"chars":["仯"],"type":"bitmap","ascent":8},{"file":"minecraft:font/c937922f7f4548ea9a90da8d31f992b6/4458e23331484f0daef8a7c7a7c7a40a.png","height":8,"chars":["仰"],"type":"bitmap","ascent":8},{"file":"minecraft:font/9aa13983acd14f37b18b1e9bd85a4dda/b9943c3fb3df4583a334d41d5dd049a2.png","height":8,"chars":["仱"],"type":"bitmap","ascent":8},{"file":"minecraft:font/91a2b71a36bd495f8f1ad5e2f074bffc/88b7f02b733e4769aefc2c44fec3ab93.png","height":8,"chars":["仲"],"type":"bitmap","ascent":8},{"file":"minecraft:font/fcc607497d084deb8fab9d0edf8565a2/bba438ec2875485e964ef236d5cad745.png","height":8,"chars":["临"],"type":"bitmap","ascent":8},{"file":"minecraft:font/34ba7edd7fc8424eaf4a517a5ca4d992/f787f8704a634a8982329e270c89ea4b.png","height":8,"chars":["丵"],"type":"bitmap","ascent":8},{"file":"minecraft:font/fd0192ee640b4d79b4434f697875fc44/71f24eda1d364044a499843ca9b7f0b7.png","height":8,"chars":["丶"],"type":"bitmap","ascent":8},{"file":"minecraft:font/1c8497e889fc4d1590aefe148e394ade/2a586588baa24c36b6cd88c207f89226.png","height":8,"chars":["丷"],"type":"bitmap","ascent":8},{"file":"minecraft:font/6b04b677befa42ab8592eb887a77a340/4a2e7eac997040e78a8a0f9703b87abe.png","height":8,"chars":["丸"],"type":"bitmap","ascent":8},{"file":"minecraft:font/40d2ae63d4c846ef847f6082ad49a0ca/09c34b151bbc49ee8165419ede779854.png","height":8,"chars":["丹"],"type":"bitmap","ascent":8},{"file":"minecraft:font/d2976245f4db4e688b81c5127391e7e0/5e9173d6df684899b6464e0002fabc25.png","height":8,"chars":["为"],"type":"bitmap","ascent":8},{"file":"minecraft:font/be9375f821864607bcc9ed78bc956b89/bce3d86b9c3a4a1dad069419771e3626.png","height":8,"chars":["主"],"type":"bitmap","ascent":8},{"file":"minecraft:font/8526a6c59a274355886e779a190b625d/37917c8ab4d548a997d3449d548dab18.png","height":8,"chars":["丼"],"type":"bitmap","ascent":8},{"file":"minecraft:font/ffbc4f11721840ab9aeac9f4e5976156/26f3c798e9cf45f991157ec719524f4c.png","height":8,"chars":["丽"],"type":"bitmap","ascent":8},{"file":"minecraft:font/2ad6bf18ee064ea5bed0163d29d047dd/30c1c80083ff42f09e90a4ad4168f103.png","height":8,"chars":["举"],"type":"bitmap","ascent":8},{"file":"minecraft:font/69d35f1534ed453d8234c31c1ea12e76/9ab521525a8f4c0eb227ee19b1cecf3e.png","height":8,"chars":["丿"],"type":"bitmap","ascent":8},{"file":"minecraft:font/08596052f8f140ee903ba9f4ac69e4a7/330fe64649064ff5a7a44d34fe471dfd.png","height":8,"chars":["乀"],"type":"bitmap","ascent":8},{"file":"minecraft:font/9f5eace2ba024849ac008445afa57399/da9bc82380d347fa87cefc6640f6ba1e.png","height":8,"chars":["乁"],"type":"bitmap","ascent":8},{"file":"minecraft:font/d34e89a0b19c40828e8ba91bfd7c54f6/aba5e54e542a401083008b31aa54eaa7.png","height":8,"chars":["乂"],"type":"bitmap","ascent":8},{"file":"minecraft:font/a384b7b55edf44bea6b275ebcb42e97e/e01f23a083004e79b2f0e48f64699c35.png","height":8,"chars":["乃"],"type":"bitmap","ascent":8},{"file":"minecraft:font/abb134fcb4644d1086e8236413a14c13/667da383ea0a4dbaa805515a210c441f.png","height":8,"chars":["乄"],"type":"bitmap","ascent":8},{"file":"minecraft:font/20a98506056741e58d7a89a16bffc475/5af06e330d4344a1b35b6f819be31d01.png","height":8,"chars":["久"],"type":"bitmap","ascent":8},{"file":"minecraft:font/153b281b43e642388b75ad5215442bdf/4ad8166a0891475d9bd5c4fbab8b6d82.png","height":8,"chars":["乆"],"type":"bitmap","ascent":8},{"file":"minecraft:font/88b22e65e4244766afbd52c279a54e48/e3618b84c6714e96beca56493f1cb2af.png","height":8,"chars":["乇"],"type":"bitmap","ascent":8},{"file":"minecraft:font/16fe49fe41444a81a5a2807ad18274d1/19cb68418bba4013930bb691a8a52dea.png","height":8,"chars":["么"],"type":"bitmap","ascent":8},{"file":"minecraft:font/7170883b85804f73aa7dfcc45fd9bb0d/f29dd3fd9f5a4480a7231342975fee03.png","height":8,"chars":["义"],"type":"bitmap","ascent":8},{"file":"minecraft:font/4566b937214a4c35b409b3448364808c/1232f21d54d9430786f0a9d2ce3754f7.png","height":8,"chars":["乊"],"type":"bitmap","ascent":8},{"file":"minecraft:font/91e13b3502fe47da81957b3ad9e0cbc1/1f18053913dc4889a31ca85252b16b04.png","height":8,"chars":["之"],"type":"bitmap","ascent":8},{"file":"minecraft:font/e3db8fa82c9949c8860d8efdbafc36be/56abe93492294e3bae97615bbcbe7c44.png","height":8,"chars":["乌"],"type":"bitmap","ascent":8},{"file":"minecraft:font/5686a5b94f1147f9b974b25838de2f05/fdd748e91c8c458d857e04bb95f12de7.png","height":8,"chars":["乍"],"type":"bitmap","ascent":8},{"file":"minecraft:font/76ee7593b51f4dd5b5ae9fcc0d8019cc/77e3677d161f43a3b8c10f5442859977.png","height":8,"chars":["乎"],"type":"bitmap","ascent":8},{"file":"minecraft:font/7e610183488740a49d0e9c5bdb742f3f/5f1a30cb553345b488fa4b3f2c2990ff.png","height":8,"chars":["乏"],"type":"bitmap","ascent":8},{"file":"minecraft:font/dd3d1978739c42dea7b66b287b574e3c/8e2c5fceb4844ecca202523f2df940d2.png","height":8,"chars":["乐"],"type":"bitmap","ascent":8},{"file":"minecraft:font/98491c946d7a41bdaa759ad0f2b80e68/909b377cbe3840e1ba9e4c6238e46738.png","height":8,"chars":["乑"],"type":"bitmap","ascent":8},{"file":"minecraft:font/575a22b5bf434fe6a851fc3d9190b6fc/963cf028c6d04ea8a6ef9a4c15470caa.png","height":8,"chars":["乒"],"type":"bitmap","ascent":8},{"file":"minecraft:font/454b153ac0e749b4aee6c87ceaa28bce/0e88a44810f14f88833b5198439e486a.png","height":8,"chars":["乓"],"type":"bitmap","ascent":8},{"file":"minecraft:font/d01ec029d8fd48cf8a6d3dae33678c95/779128cd9fa74866a4f19cf2cd269ac5.png","height":8,"chars":["乔"],"type":"bitmap","ascent":8},{"file":"minecraft:font/a49788b71237474eb6ead38717d3bda5/5c2253914a45488f8e3c186c30747cfe.png","height":8,"chars":["乕"],"type":"bitmap","ascent":8},{"file":"minecraft:font/12fa2fc3246e485988742b7e95dc2259/1b46572565164d5996d69bb0f013b654.png","height":8,"chars":["乖"],"type":"bitmap","ascent":8},{"file":"minecraft:font/acf88684aca7434aae89a058e7a84bbf/609f68cddd6e467191b0d43d86d3e403.png","height":8,"chars":["乗"],"type":"bitmap","ascent":8},{"file":"minecraft:font/a3b7c8b92e3d41a3bdb2a8a1cb48ed65/5ba0fc54134c4b7793515dd74bff7a5b.png","height":8,"chars":["乘"],"type":"bitmap","ascent":8},{"file":"minecraft:font/40e2389d9703417a8396eeb3bdc21ecd/7c598094c5144ee7b41f8a5ddb3a080f.png","height":8,"chars":["乙"],"type":"bitmap","ascent":8},{"file":"minecraft:font/56f627f133dd4d5fa21c707853faa86d/31e60b68c0804b68953366d590952dc7.png","height":8,"chars":["乚"],"type":"bitmap","ascent":8},{"file":"minecraft:font/b6f89749f0b84c7b8fdda39ec97fc8ad/7b7202663e8a46259601381f7443ecb7.png","height":8,"chars":["乛"],"type":"bitmap","ascent":8},{"file":"minecraft:font/b151fb95c8d64e5ab0ca754acc7bccba/cd03c4835d4f477b8760d6c9afa8b5e2.png","height":8,"chars":["乜"],"type":"bitmap","ascent":8},{"file":"minecraft:font/b74ba66bd847422190c8236f81cbf7ca/dc3b9cc0bf484fa697c41e53e30fd903.png","height":8,"chars":["九"],"type":"bitmap","ascent":8},{"file":"minecraft:font/576f86616a07403d8e346a84ce1fde72/8944b77a58d94498abfbdf7f7182e809.png","height":8,"chars":["乞"],"type":"bitmap","ascent":8},{"file":"minecraft:font/8ce9a438e8e6492fbf3cbca15e51ff93/6fb3af32ef6249499a05d7d976d912b5.png","height":8,"chars":["也"],"type":"bitmap","ascent":8},{"file":"minecraft:font/b7bf1db4627344868aa11fc8effd42a9/25f7c06dc6a4420a987f44490ce87b61.png","height":8,"chars":["习"],"type":"bitmap","ascent":8},{"file":"minecraft:font/d2a36d4aaff54ad082a09c80cc99e9b2/08c8926b8b96449aaa4598c5cfd2b1f6.png","height":8,"chars":["乡"],"type":"bitmap","ascent":8},{"file":"minecraft:font/a545d6bbc1934e1e80980e2e81c29625/a8d98df1630c4b1783e4db1a9302acde.png","height":8,"chars":["乢"],"type":"bitmap","ascent":8},{"file":"minecraft:font/99516d90c7e748f9a7995fcaef6433b6/33844d48183143fe9504b265e760a531.png","height":8,"chars":["乣"],"type":"bitmap","ascent":8},{"file":"minecraft:font/eb068264ab174558be6e4048e6250407/43899c6062a24f7c9e1dc6c88886c922.png","height":8,"chars":["乤"],"type":"bitmap","ascent":8},{"file":"minecraft:font/dd87bbf065c14343a1cbb47f870d0404/c20508568a424c228a0dfb4e27b9e33e.png","height":8,"chars":["乥"],"type":"bitmap","ascent":8},{"file":"minecraft:font/c9b472032bde414d98d5d9059bc4047e/09a3e653615b4b2aadd724fe0345a6fc.png","height":8,"chars":["书"],"type":"bitmap","ascent":8},{"file":"minecraft:font/072e0dbb1e01494d973b7e8163bbd439/393800dd20d047d4ad6b8b1ccdb42015.png","height":8,"chars":["乧"],"type":"bitmap","ascent":8},{"file":"minecraft:font/8963f0b31cc24eff8fd66108dcc1cf7e/10a719fb47b64cb2a83966c396934b2f.png","height":8,"chars":["乨"],"type":"bitmap","ascent":8},{"file":"minecraft:font/8d53df51a56e4940a98359bdfed85846/270625ddf1744f2c8ea97e0fd5410cbb.png","height":8,"chars":["乩"],"type":"bitmap","ascent":8},{"file":"minecraft:font/8b49f98b6d9840f9ad73e00032d4a1a4/8f0725cfe61049de80d1d90b4a2b5c5d.png","height":8,"chars":["乪"],"type":"bitmap","ascent":8},{"file":"minecraft:font/d5a0cbd216f947668b8ea9dd612c1c6e/4d5f11bcf3ed4591a157cbb179bb9e6f.png","height":8,"chars":["乫"],"type":"bitmap","ascent":8},{"file":"minecraft:font/d1c24a56ad664f56a20154220888bc2f/077557cfcbcf4410a58d0d91d904ffcb.png","height":8,"chars":["乬"],"type":"bitmap","ascent":8},{"file":"minecraft:font/99466334b5064956a93192e7dcfb9a4c/75bc46ed9faf460583a4ccc233b7a92f.png","height":8,"chars":["乭"],"type":"bitmap","ascent":8},{"file":"minecraft:font/2ab31ddf3167478aacfdd49f0bc6b302/8fa25979852b47fba4cf3ae6c2792c85.png","height":8,"chars":["乮"],"type":"bitmap","ascent":8},{"file":"minecraft:font/e3606680b1a84a93bf897cbe137e6d40/a906aa43c99d43a6b17338a712210532.png","height":8,"chars":["乯"],"type":"bitmap","ascent":8},{"file":"minecraft:font/0c9cc6f024824b609c37447c7d840a99/8b1207b79a064d419ae992f1dc8968c3.png","height":8,"chars":["买"],"type":"bitmap","ascent":8},{"file":"minecraft:font/6e5ec2c9a1f64cf99dcba391f7343b10/4cb3e2debec143e49526a0dfea1fbfea.png","height":8,"chars":["乱"],"type":"bitmap","ascent":8},{"file":"minecraft:font/ba2d10efdd8840e38582bf84514e999d/b1cccbff77654b3bbb8008cf02c056d5.png","height":8,"chars":["乲"],"type":"bitmap","ascent":8},{"file":"minecraft:font/8437eca0ae114228a6615246b8c4b40d/ffac659e230940baa6a04a2bb2e1d265.png","height":8,"chars":["乳"],"type":"bitmap","ascent":8},{"file":"minecraft:font/3fe3452b4dab4088a834730b52f13f74/434e8c0fa51a409aad48167f8fb26dad.png","height":8,"chars":["乴"],"type":"bitmap","ascent":8},{"file":"minecraft:font/d19912a8faff4f34accb27845a824580/8d619bd011274cc2b112008b885c2ea8.png","height":8,"chars":["乵"],"type":"bitmap","ascent":8},{"file":"minecraft:font/c9061bc3f238475aa8d10c0796a9967c/5b6d397fe57e4b688348fb9b8c7309ee.png","height":8,"chars":["乶"],"type":"bitmap","ascent":8},{"file":"minecraft:font/9d1fb42c58814cb2bf6a4ff797fd95a6/64becd77d49e4072be83d90bf50f9ca9.png","height":8,"chars":["乷"],"type":"bitmap","ascent":8},{"file":"minecraft:font/fdab5c365f714a0198e5b466fde4acb6/d58f43fdfa8c40a690e67379a2e3ba84.png","height":8,"chars":["乸"],"type":"bitmap","ascent":8},{"file":"minecraft:font/7283971f95724b89af04a3a87bf1d763/d8d86607efec4dc78869b1120ae18827.png","height":8,"chars":["乹"],"type":"bitmap","ascent":8},{"file":"minecraft:font/62edcbdd20e144bca6ad00e8ba3fd4dd/b5a33a4f918e44bcb9d7688b04b52709.png","height":8,"chars":["乺"],"type":"bitmap","ascent":8},{"file":"minecraft:font/3336a159c436452c8883a4ee0a56ddf9/5f951ff1195c449e870775a54634746f.png","height":8,"chars":["乻"],"type":"bitmap","ascent":8},{"file":"minecraft:font/a8b44796351d4c77a63d280dab7f889f/0af0790ba883454b840a619621eb4182.png","height":8,"chars":["乼"],"type":"bitmap","ascent":8},{"file":"minecraft:font/6b26c6e9dc964282a76ef79920ab99dc/eef8d4e305f1406a9673cf1a8b8559fc.png","height":8,"chars":["乽"],"type":"bitmap","ascent":8},{"file":"minecraft:font/261b12aef2fd4ac4bdd379034d14f740/058b190217df48a28588ace318da1d9f.png","height":8,"chars":["乾"],"type":"bitmap","ascent":8},{"file":"minecraft:font/732810b4005444d7b9361cf6e6f94034/42cddfd4e4c94d5e8296b9a77bc5cce3.png","height":8,"chars":["乿"],"type":"bitmap","ascent":8},{"file":"minecraft:font/a0704b258dfb4b158f4968793f4815e9/d62e5ffc553a429ab52a3e7d77d4e43f.png","height":8,"chars":["亀"],"type":"bitmap","ascent":8},{"file":"minecraft:font/0beef6e8b04e459aba4aa1d08d813e21/53e15362728e41e6af137c0b655b4e8e.png","height":8,"chars":["亁"],"type":"bitmap","ascent":8},{"file":"minecraft:font/02f6d8cbeb0048959046b8db2c6f6eb5/fb33ea280c524f1e991c897c2fb0f554.png","height":8,"chars":["亂"],"type":"bitmap","ascent":8},{"file":"minecraft:font/5cf56d5d5ea249a08b98c4e257496510/eaefb083f5ff4e71a6e4c8ab475dbfb6.png","height":8,"chars":["亃"],"type":"bitmap","ascent":8},{"file":"minecraft:font/035210fa1ddd48be99cd08ab1e682c4e/9f4d00d32be64bc29e04be8ae075e166.png","height":8,"chars":["亄"],"type":"bitmap","ascent":8},{"file":"minecraft:font/c4930d73e37a4fc185cfa3a2e6d6191e/3fcafe8b161c4e39854ca68feda134ef.png","height":8,"chars":["亅"],"type":"bitmap","ascent":8},{"file":"minecraft:font/c5c23f7a8bbf4ce98f810c341a955fae/fd90c73f1afb496489fc0d8bdbe2b432.png","height":8,"chars":["了"],"type":"bitmap","ascent":8},{"file":"minecraft:font/726359ae2f56410e88a12235393a8185/b396e4cf344d40ec9e17da8325cb9fa7.png","height":8,"chars":["亇"],"type":"bitmap","ascent":8},{"file":"minecraft:font/1e21b414211e4066934734679bdbf6ef/0868dac80d48454780a5aaf8a0f00c9a.png","height":8,"chars":["予"],"type":"bitmap","ascent":8},{"file":"minecraft:font/dcc8321c00c048f4a66729fb7bbc7578/1e0c1e30900247fc9b5149f87805ecdf.png","height":8,"chars":["争"],"type":"bitmap","ascent":8},{"file":"minecraft:font/dcd505b694d742f3a04a5c78b3245012/1f756170e0dc4805bea3224504b7037d.png","height":8,"chars":["亊"],"type":"bitmap","ascent":8},{"file":"minecraft:font/1e7a64a7ef604e7dafe427ff743d790a/01561025a7024be3b9705df1716a94f2.png","height":8,"chars":["事"],"type":"bitmap","ascent":8},{"file":"minecraft:font/ba71624c5b024aa9af12d716face3a90/126e434734664d2fb2e5b5acadb4c94b.png","height":8,"chars":["二"],"type":"bitmap","ascent":8},{"file":"minecraft:font/31fa2f7a43c54061ac2d272e73354293/4d18aaaf02f14b5790184061b67ddb9f.png","height":8,"chars":["亍"],"type":"bitmap","ascent":8},{"file":"minecraft:font/40631b0417e3484195b03647ad09afd2/7f286c0539d947e9a7c8129932576c0f.png","height":8,"chars":["于"],"type":"bitmap","ascent":8},{"file":"minecraft:font/8a76c4cb0e154e00a8aadeab835cb918/bb7f54d840734d629575daf162046db9.png","height":8,"chars":["亏"],"type":"bitmap","ascent":8},{"file":"minecraft:font/676652388e414a479edf84a7601669a1/ebd8e9adcae1484f85332d83d76c3570.png","height":8,"chars":["亐"],"type":"bitmap","ascent":8},{"file":"minecraft:font/972941d487e348089bdb69ffe985042b/4ebc9b15e5e24c8eb9864135074dac0a.png","height":8,"chars":["云"],"type":"bitmap","ascent":8},{"file":"minecraft:font/5ac89bd65cd44ac1bee58d8e8ba26021/4b7ebe97c70745bdb4866cc27dc05553.png","height":8,"chars":["互"],"type":"bitmap","ascent":8},{"file":"minecraft:font/69ebb101abb64cdcb0c6fb95b0cea84b/074e40ca5d9b46d59c5da281874d4abc.png","height":8,"chars":["亓"],"type":"bitmap","ascent":8},{"file":"minecraft:font/234348a121ef4a0d963e1c7734817c3f/3e2fd7eb54ac42bfb4734b1e76d04e18.png","height":8,"chars":["五"],"type":"bitmap","ascent":8},{"file":"minecraft:font/991d91198b3d4e1a8be1c6828bebcac7/5e814b0736c24ac9a5e062920a623aef.png","height":8,"chars":["井"],"type":"bitmap","ascent":8},{"file":"minecraft:font/f24bfe61b8c143aaad5d3c1a3c65a472/52aee2253d134e22bf226cb235ea7334.png","height":8,"chars":["亖"],"type":"bitmap","ascent":8},{"file":"minecraft:font/d8206d0c7c724311909fb9fcf216f60e/6652c348de7446fdb2c878a3e8154b7c.png","height":8,"chars":["亗"],"type":"bitmap","ascent":8},{"file":"minecraft:font/30c46a0aeb70481897f773c06dbd293b/8b03765597974247b6237c9c9840e779.png","height":8,"chars":["亘"],"type":"bitmap","ascent":8},{"file":"minecraft:font/51c2ab560ac749f5a68b8a5e09189f87/1e72e28c975f48ec84d0a72fb64d3953.png","height":8,"chars":["亙"],"type":"bitmap","ascent":8},{"file":"minecraft:font/765370b964b84d60b387d8fe1f0a9293/5c8ddfc35fa94e9891d31a6d1b1dcfc4.png","height":8,"chars":["亚"],"type":"bitmap","ascent":8},{"file":"minecraft:font/2f09305b805047fab7a62c0467d64505/6b2dc6c73433461d83e88838b5a009ea.png","height":8,"chars":["些"],"type":"bitmap","ascent":8},{"file":"minecraft:font/c38f511c1c5740ceb1429eeb2bc6ab9b/dacfb6529ad9435596d09a868143c142.png","height":8,"chars":["亜"],"type":"bitmap","ascent":8},{"file":"minecraft:font/4295d9ee3e514afab20672a27eeede4b/77700664814d42049d4e7aa20a3bb346.png","height":8,"chars":["亝"],"type":"bitmap","ascent":8},{"file":"minecraft:font/9a0a49253f164981a298ef44d508438c/ffbe920e62e0427b8c63f6312dda072a.png","height":8,"chars":["亞"],"type":"bitmap","ascent":8},{"file":"minecraft:font/23fd74e6e4bc444d8c4264829bb72c6a/d456385d3a7f4f22b6493cfa05759790.png","height":8,"chars":["亟"],"type":"bitmap","ascent":8},{"file":"minecraft:font/9cef8e795ca44baeb45c3da735eb67fb/8bac781390e540c7a882df1eebb882d0.png","height":8,"chars":["亠"],"type":"bitmap","ascent":8},{"file":"minecraft:font/7a5db4ff83244d8e9579a182472819fb/f3c0940bddef4d64a70dbbfc1226025f.png","height":8,"chars":["亡"],"type":"bitmap","ascent":8},{"file":"minecraft:font/27bcce50417d43989fe1f405634a2731/4bfcc2e4e5d041e59ad2ac54a4616c9e.png","height":8,"chars":["亢"],"type":"bitmap","ascent":8},{"file":"minecraft:font/3757db6e43e7479e9b71ff438a139274/6c77061b03924b5588423c133a88c717.png","height":8,"chars":["亣"],"type":"bitmap","ascent":8},{"file":"minecraft:font/97e6c7db063c4e36ad31a3cbc6d5c133/e098a3b78d794788875e009b94bf2d82.png","height":8,"chars":["交"],"type":"bitmap","ascent":8},{"file":"minecraft:font/0e9d64fe6b8c4415895461089ac4031c/b1bac2db68484fe78caf3e61bc840f5c.png","height":8,"chars":["亥"],"type":"bitmap","ascent":8},{"file":"minecraft:font/fa40af8b4991438780060d317dae2c16/58377f45f67b4031954ceae4f9abb710.png","height":8,"chars":["亦"],"type":"bitmap","ascent":8},{"file":"minecraft:font/d5b35d592a484804a8364e4d232d8dec/aae5dc5430f14bf681dfbe9ce77b1ea7.png","height":8,"chars":["产"],"type":"bitmap","ascent":8},{"file":"minecraft:font/0334a29dbd234e129fa1218a9b068ec0/00a02f8b4c6940c58d53d0edb031711d.png","height":8,"chars":["亨"],"type":"bitmap","ascent":8},{"file":"minecraft:font/98d55602501d4b019422a5e3972ca5d1/a8d322b716204f1b830e5b2d49e4fde9.png","height":8,"chars":["亩"],"type":"bitmap","ascent":8},{"file":"minecraft:font/de6a9e3605474422b4a149996897f6bb/3d8756436502437988727ba957dddf10.png","height":8,"chars":["亪"],"type":"bitmap","ascent":8},{"file":"minecraft:font/8a0df6f8d2b844719d7a4d0242cc8f23/355943f0af7a4859847621160d884474.png","height":8,"chars":["享"],"type":"bitmap","ascent":8},{"file":"minecraft:font/641ec5d2c9d44bf3b3cea9704dc83857/94d5ecf0416d4ce5a43b770d6ae97e21.png","height":8,"chars":["京"],"type":"bitmap","ascent":8},{"file":"minecraft:font/a8ffe7940b154ec6b463ef2c34ef4247/b0e4efa4bd594792bbe61ebfb11d9381.png","height":8,"chars":["亭"],"type":"bitmap","ascent":8},{"file":"minecraft:font/1b91782ebbbd45688482d4a5627d9c73/3b93df101f8c48788d6848729f2240f8.png","height":8,"chars":["亮"],"type":"bitmap","ascent":8},{"file":"minecraft:font/c1a2d98ee2894b8b82a1962cb2d43723/ad5f886e85af4d1eb7937b53bdc42578.png","height":8,"chars":["亯"],"type":"bitmap","ascent":8},{"file":"minecraft:font/74963cc9b75c451c9d61ad93567bb52e/aab60b6fb09c4304a364a6e0887d6e83.png","height":8,"chars":["亰"],"type":"bitmap","ascent":8},{"file":"minecraft:font/3743d6305a6d4e08ad7985b22a79754d/93fca6b265f54565afdecc0485c96e60.png","height":8,"chars":["亱"],"type":"bitmap","ascent":8},{"file":"minecraft:font/c82318c3dd6c4efc868bc53846804079/251d0d3f9e4f435dbf6c2977a893f3bc.png","height":8,"chars":["亲"],"type":"bitmap","ascent":8},{"file":"minecraft:font/fb19492c868e4e768bc1660427bc6f76/dfb0e2f1fc164a929a5e49da4c8aa446.png","height":8,"chars":["亳"],"type":"bitmap","ascent":8},{"file":"minecraft:font/1efc252a4a324e62956563b84d87d1ea/5979464c665446e6975bcc3b9c589110.png","height":8,"chars":["亴"],"type":"bitmap","ascent":8},{"file":"minecraft:font/135a0a02315d4743b032e04433a49fe2/cb3415dce4314a50b615968189e04aef.png","height":8,"chars":["亵"],"type":"bitmap","ascent":8},{"file":"minecraft:font/d31837756a5240df87cca90713b40134/5fd9380a553d48d2a4520c3be5dcf390.png","height":8,"chars":["亶"],"type":"bitmap","ascent":8},{"file":"minecraft:font/0c2587a4ed4f4207aa9bf34efa248e08/8ab7f372a1fc43e09b49a3538842bca2.png","height":8,"chars":["亷"],"type":"bitmap","ascent":8},{"file":"minecraft:font/406ecf2c4308499db5a89988ddefc71b/64af0b919f91471b98a0d063b9fd64ff.png","height":8,"chars":["亸"],"type":"bitmap","ascent":8},{"file":"minecraft:font/b529bc56019f4171bf7a03f8eea319cb/010a0093bf284c83af95eb0b5643e3a6.png","height":8,"chars":["亹"],"type":"bitmap","ascent":8},{"file":"minecraft:font/94f91754eb2046cd9f907977481c763d/ac74cad32a9b454fb87abb47cb36036b.png","height":8,"chars":["人"],"type":"bitmap","ascent":8},{"file":"minecraft:font/09263d18b5ab4f5e9f575a5ee6a1fb39/a89c6877d20d497d8d47b9e1a38d58e8.png","height":8,"chars":["亻"],"type":"bitmap","ascent":8},{"file":"minecraft:font/88f2c3f80af242f7b408f59c1fbb7ab7/f15cf1c8e90041cb9c952fd83ba9a5b7.png","height":8,"chars":["亼"],"type":"bitmap","ascent":8},{"file":"minecraft:font/1a9afcebf0004f14a21c32024109473e/5957bcaeb0b14b59998754da90ee390b.png","height":8,"chars":["亽"],"type":"bitmap","ascent":8},{"file":"minecraft:font/bca46a92a7bf4134aa6250cc99f93993/02cc46ea80554118add0a14d8002afa2.png","height":8,"chars":["亾"],"type":"bitmap","ascent":8},{"file":"minecraft:font/397f8e8c19074be3b8f4920e6b3e1791/5ceaf60ee7084c7e98a50688f5640aa0.png","height":8,"chars":["亿"],"type":"bitmap","ascent":8},{"file":"minecraft:font/37d3399409c0413bb7ce622e0cd96cd3/46553fb0c2274e96a401ac32cd426295.png","height":8,"chars":["什"],"type":"bitmap","ascent":8},{"file":"minecraft:font/bbe87638498e422b815570369d4c827d/7b5904c3ff274a08a1eb464184a4c4d2.png","height":8,"chars":["仁"],"type":"bitmap","ascent":8},{"file":"minecraft:font/ac47491d67964540a00a7054a3c6a273/d7f2f01aaf354e508922b266e952265d.png","height":8,"chars":["仂"],"type":"bitmap","ascent":8},{"file":"minecraft:font/c1a7c647e62c489c8c9c8fac6eef531b/6ed353d78570451396085a10618df4a0.png","height":8,"chars":["仃"],"type":"bitmap","ascent":8},{"file":"minecraft:font/690141ac334d44958e81eef33219175c/e265007664024dd09ed22f8765700dab.png","height":8,"chars":["仄"],"type":"bitmap","ascent":8},{"file":"minecraft:font/bce444553f9a4f1c89afd10d66a999ea/3194ec8480734ac3aca69796ff2eddf0.png","height":8,"chars":["仅"],"type":"bitmap","ascent":8},{"file":"minecraft:font/7420d15796464c008c30d05dc65e40d5/0233f5097e3247509c81e2c2267aa66f.png","height":8,"chars":["仆"],"type":"bitmap","ascent":8},{"file":"minecraft:font/01a27b02a95944d6b1cb9b8464fee414/0a4be4e85a404c81bb808fc922a17bcc.png","height":8,"chars":["仇"],"type":"bitmap","ascent":8},{"file":"minecraft:font/16be602886d5474f9f48552a66752101/7d6123f87189428997541679671282f9.png","height":8,"chars":["仈"],"type":"bitmap","ascent":8},{"file":"minecraft:font/d77457b58e464688bd62c3a67f84650c/d510835a0f5746a49537806e24304429.png","height":8,"chars":["仉"],"type":"bitmap","ascent":8},{"file":"minecraft:font/86065254773e42b38237a3d1c1a2d09b/6776e6e25b6e450884773aa9989be226.png","height":8,"chars":["今"],"type":"bitmap","ascent":8},{"file":"minecraft:font/495d861dfba14e7a89db296d5c90d7dd/e1dae5c0bae74e06b56e7461ee855b94.png","height":8,"chars":["介"],"type":"bitmap","ascent":8},{"file":"minecraft:font/f9afced63c274a6a84d2a22bfc019024/06bd292a4e7d4e26b53333d65efb8c2a.png","height":8,"chars":["仌"],"type":"bitmap","ascent":8},{"file":"minecraft:font/f9830c6bdcb8431a9a319aae7d557190/4e2c5688b1604d9689faafb4c879562a.png","height":8,"chars":["仍"],"type":"bitmap","ascent":8},{"file":"minecraft:font/b0e0b048d12941acba6ddeb4880d55c4/4bf3d0712ea247f48a1e54f4b4977470.png","height":8,"chars":["从"],"type":"bitmap","ascent":8},{"file":"minecraft:font/a439648a38a2423fba7866c00e58829b/af80edecd9bd443b8cbe28cadc0fcda2.png","height":8,"chars":["仏"],"type":"bitmap","ascent":8},{"file":"minecraft:font/e161a54c38674491811e15d420225b69/b075f578ea9e40b7905e16a74c15d5dc.png","height":8,"chars":["仐"],"type":"bitmap","ascent":8},{"file":"minecraft:font/cc35772d9b934ab7ab60b7a0beb3487d/52503483c41749518cfffb2cc7db3ac1.png","height":8,"chars":["仑"],"type":"bitmap","ascent":8},{"file":"minecraft:font/8946d8ea2c774f8883aafe3a12400a89/3603a91a35924557b7a68168e9c48939.png","height":8,"chars":["仒"],"type":"bitmap","ascent":8},{"file":"minecraft:font/b431dda132344656b3764f87f62c97f4/9042f9c1f5064f35b9cd59c501ecebab.png","height":8,"chars":["仓"],"type":"bitmap","ascent":8},{"file":"minecraft:font/50bc8720ec464a809a8f30ef397eb248/23596d1c50614ebcbcd05cd71201cb0a.png","height":8,"chars":["仔"],"type":"bitmap","ascent":8},{"file":"minecraft:font/b06a1f276639472790a76391ef734a1a/dacf04689bcf4d9ba3f3cff437352b17.png","height":8,"chars":["仕"],"type":"bitmap","ascent":8},{"file":"minecraft:font/5230b942ff3d4d1191e525740744baa6/fc303d344fbb47208db442391f846ee6.png","height":8,"chars":["他"],"type":"bitmap","ascent":8},{"file":"minecraft:font/44b8fdf7ff89410c8b991fb56b449243/6786f480f5074dabb5683144d945df77.png","height":8,"chars":["仗"],"type":"bitmap","ascent":8},{"file":"minecraft:font/ffdc252655724f9d95c5f0155965bb21/d4a44de7dd5044ba9c31783bd400fddf.png","height":8,"chars":["付"],"type":"bitmap","ascent":8},{"file":"minecraft:font/932c7739e3444e7cbafbcc498d9b6ed8/a5e23d6325414500a46c5ac11dfe184b.png","height":8,"chars":["仙"],"type":"bitmap","ascent":8},{"file":"minecraft:font/4140a6bcd8014111b46b6c8c2e03dc93/2b6d84c7b9674ee1b4181b0e3c745d5f.png","height":8,"chars":["仚"],"type":"bitmap","ascent":8},{"file":"minecraft:font/66dc6b7a98f74e62912d18558f19f2ab/9a12f977538a4948a427c1be63ba501f.png","height":8,"chars":["仛"],"type":"bitmap","ascent":8},{"file":"minecraft:font/1f7142977ea2434e9c3dffa38f73f1df/ae1ef0dd44dd488ca0f798ec9d2519c8.png","height":8,"chars":["仜"],"type":"bitmap","ascent":8},{"file":"minecraft:font/d837e1a2686a4db58326a72398626855/a38af58d13c24566bee380c8c820d7a3.png","height":8,"chars":["仝"],"type":"bitmap","ascent":8},{"file":"minecraft:font/d0e1fbe9a894414eb732b5452e103f74/effc334f00b14dc3bcc9a40b94417321.png","height":8,"chars":["仞"],"type":"bitmap","ascent":8},{"file":"minecraft:font/266e829c972040ed8ed6bf76d2147f46/63813da4cf844f54b920ee62773c15ea.png","height":8,"chars":["仟"],"type":"bitmap","ascent":8},{"file":"minecraft:font/6b1cb98be59e4b8891de6dc5399df395/62cce925c3bf42ae928cca9d3824b397.png","height":8,"chars":["仠"],"type":"bitmap","ascent":8},{"file":"minecraft:font/58efbb11c33b4482827f0b58cbbd3766/0cc4f9e9a0574c029d04f5c900c573df.png","height":8,"chars":["仡"],"type":"bitmap","ascent":8},{"file":"minecraft:font/745f1a429ee84c81989d04a7e72ecf96/75ccdbccbb974fe4a1407436554a5bc7.png","height":8,"chars":["仢"],"type":"bitmap","ascent":8},{"file":"minecraft:font/6e6f68cd3b33477b8f054b0cd42d9826/e6928f59e5874ff4a89e2eec470b621a.png","height":8,"chars":["代"],"type":"bitmap","ascent":8},{"file":"minecraft:font/ed63044699c548cfa1540d3e2b0ddca4/15ecd8f9c9024e6da946b88a89b6e7b1.png","height":8,"chars":["令"],"type":"bitmap","ascent":8},{"file":"minecraft:font/61812b8a04974a6fb9a243587c84a110/da845c72c81647afbcb0ba1a42b7ca76.png","height":8,"chars":["以"],"type":"bitmap","ascent":8},{"file":"minecraft:font/51530f429ce64e8ba0f0235453057775/1f59c3f93b8e4843bba9d4cb8ade5676.png","height":8,"chars":["仦"],"type":"bitmap","ascent":8},{"file":"minecraft:font/b714c212f6d74e12a645502afc743933/e1a59849c6644a7f9103cd26370d7474.png","height":8,"chars":["仧"],"type":"bitmap","ascent":8},{"file":"minecraft:font/b9ac79e6c04f4cd1876e27b4fa439a5e/878938a5e34645ae878caac469fefb73.png","height":8,"chars":["仨"],"type":"bitmap","ascent":8},{"file":"minecraft:font/166d761812f94dafb10a5e79fd313010/f5b4afa2821f4eb78d8ae635e7e37979.png","height":8,"chars":["仩"],"type":"bitmap","ascent":8},{"file":"minecraft:font/78b6934dd5fc468aa7c5a9391060d178/14fa9a8319694b949ce8f588afae9c19.png","height":8,"chars":["仪"],"type":"bitmap","ascent":8},{"file":"minecraft:font/08289010809b44168f24e24aca28c0f9/a0273931511d434594f00b488dd8c299.png","height":8,"chars":["仫"],"type":"bitmap","ascent":8},{"file":"minecraft:font/5ba35b5694ef44ba8b4762d7fb486fd0/938b50bce1aa45b18975bb169ec3f525.png","height":8,"chars":["们"],"type":"bitmap","ascent":8},{"file":"minecraft:font/72eedf4576ca433e9135555f421678f0/fd152e4dfe2043bcadf68da3eeb83228.png","height":8,"chars":["仭"],"type":"bitmap","ascent":8},{"file":"minecraft:font/298ec9d14d7e4ea79ab6361e484e9650/5c38131ae50945568309eb6392739a7a.png","height":8,"chars":["仮"],"type":"bitmap","ascent":8},{"file":"minecraft:font/c1a2e0b498484dabb1bd9bdb111fa200/3d17c5a68f1e4172943d472bf43428f6.png","height":8,"chars":["仯"],"type":"bitmap","ascent":8},{"file":"minecraft:font/da4950d39e0a43c69792daf344f51575/fd996119cdcc438f94ea1969cf94d6d5.png","height":8,"chars":["仰"],"type":"bitmap","ascent":8},{"file":"minecraft:font/9d1da30f2ec8454486b32771f44feafd/b4495c4db02948fead766e625be1ef68.png","height":8,"chars":["仱"],"type":"bitmap","ascent":8},{"file":"minecraft:font/cd8149c822694f1894f1a440eac72c2d/df287caa655f43b890aa14960c2a36cd.png","height":8,"chars":["仲"],"type":"bitmap","ascent":8},{"file":"minecraft:font/a6ee4a111eb94a2fa2262a7d7f942f00/68a0819b4d2e4c7aa4e44b8a53284b15.png","height":8,"chars":["垗"],"type":"bitmap","ascent":8},{"file":"minecraft:font/1ef1e54fec134a5aa272b09251c328e7/a1702ce8c6414515829679c64d20a2ab.png","height":8,"chars":["仳"],"type":"bitmap","ascent":8},{"file":"minecraft:font/776dc0282b124abc9bad1036139e64e0/2c9a5d66a99e42d398a6d08d3bd126e3.png","height":8,"chars":["仴"],"type":"bitmap","ascent":8},{"file":"minecraft:font/0376e5a858a343f7acc52734a0bd6179/e0047a509a66482d96aee66b83d7889f.png","height":8,"chars":["仵"],"type":"bitmap","ascent":8},{"file":"minecraft:font/d5922f6e44fb4d4489ba9c70a1c5801e/17927a6df2fb4a048298b7ac53628d20.png","height":8,"chars":["件"],"type":"bitmap","ascent":8},{"file":"minecraft:font/ceeffb0d4e234fdab4669e3e5c2dd7cb/0e87161a918f44d58ea51faf3944b961.png","height":8,"chars":["价"],"type":"bitmap","ascent":8},{"file":"minecraft:font/9a2b9325258f40a08f5b215e708f2173/101261d16ffa4ef587a744bd4561adbc.png","height":8,"chars":["仸"],"type":"bitmap","ascent":8},{"file":"minecraft:font/9e34f3b0f97045f8a5d4661863197de9/e1b773c75e004631adbf88a0f55bd85a.png","height":8,"chars":["仹"],"type":"bitmap","ascent":8},{"file":"minecraft:font/42db2cc1f02145a18228f0f298beb588/c64876a6b73d4b939f2e0b1109d16097.png","height":8,"chars":["仺"],"type":"bitmap","ascent":8},{"file":"minecraft:font/4826b36adfcc469781fe6994046830ad/3313d4e558384c649ff875762d3d3213.png","height":8,"chars":["任"],"type":"bitmap","ascent":8},{"file":"minecraft:font/32401c23d63243ae9b1dba36e7aec65a/9406a69455d546279586207c56389189.png","height":8,"chars":["仼"],"type":"bitmap","ascent":8},{"file":"minecraft:font/dd1381285a6b4d48ba3b16e8971f2e60/e3c6b1c563124cfd83e6858b09ce411e.png","height":8,"chars":["份"],"type":"bitmap","ascent":8},{"file":"minecraft:font/aaeaef10e2124fac8ebd2e1c27e44bcf/63b819d221b740fab90776c9380b5f7b.png","height":8,"chars":["仾"],"type":"bitmap","ascent":8},{"file":"minecraft:font/7f9a8d7c407b4fb893297ef3b1cd2a81/629c229a997948458327420e96c4dd93.png","height":8,"chars":["仿"],"type":"bitmap","ascent":8},{"file":"minecraft:font/72d2241004ac4fa28c1a0f1a56d13933/51d2aead487645a3b313c82949b29f28.png","height":8,"chars":["伀"],"type":"bitmap","ascent":8},{"file":"minecraft:font/87e57327173f47a988435e60dfd5ed3b/3e034d6f4f9049558d3722a9cb0fa310.png","height":8,"chars":["企"],"type":"bitmap","ascent":8},{"file":"minecraft:font/379c004c4b794d9d8fe35cf7c8f01b7d/0904d2ed68b44c66863a992b01d8f00a.png","height":8,"chars":["伂"],"type":"bitmap","ascent":8},{"file":"minecraft:font/dbe04415182d44b29038ce187126137c/a6d8fb560a234aa7b036a416471fa151.png","height":8,"chars":["伃"],"type":"bitmap","ascent":8},{"file":"minecraft:font/0586cc3f825b4a048284d8ce0666c557/a72fe148fd7a4adf809cca89ee9916ae.png","height":8,"chars":["伄"],"type":"bitmap","ascent":8},{"file":"minecraft:font/9982c5d417c4472e8f6824149263e65e/ef0829d101b245b099273bbfa3196f31.png","height":8,"chars":["伅"],"type":"bitmap","ascent":8},{"file":"minecraft:font/63b9080a30fa4304b3adabda7f3192e6/998fb6806d3d480291f2c868418c4307.png","height":8,"chars":["伆"],"type":"bitmap","ascent":8},{"file":"minecraft:font/be2fd40bb3e343a6a7d3d7ed5d5f0f39/656f72165c2448b99b3b1a318ff731a1.png","height":8,"chars":["伇"],"type":"bitmap","ascent":8},{"file":"minecraft:font/6c2bea3cb82741feaed377c63cc05818/4c91797522f54102a3ff546df9e32b24.png","height":8,"chars":["伈"],"type":"bitmap","ascent":8},{"file":"minecraft:font/18671d89868447e9a3a778f17ff95f8a/daeca8b72b5d4266a0fb6ce6543d3bcc.png","height":8,"chars":["伉"],"type":"bitmap","ascent":8},{"file":"minecraft:font/8232c11dadef4e4e9c5c9ace4214284c/e62f61c5e3604e46915c4398b9f5cb82.png","height":8,"chars":["伊"],"type":"bitmap","ascent":8},{"file":"minecraft:font/bd5d129aa54e44f5884806294af1791c/563115d27e084e648323bd3a55063667.png","height":8,"chars":["伋"],"type":"bitmap","ascent":8},{"file":"minecraft:font/4cf91b295fd9420791fc4e584731d551/51093cd34bc445aea33fcfc208c1017d.png","height":8,"chars":["伌"],"type":"bitmap","ascent":8},{"file":"minecraft:font/7ee426bfebd74fad865b4c6addbf8074/f02286946034467b86ee716edcd010d6.png","height":8,"chars":["伍"],"type":"bitmap","ascent":8},{"file":"minecraft:font/d93bec2a96b84e5fbf6b11aa98816113/2a3897f46d1c4cc584911db2486b36bd.png","height":8,"chars":["伎"],"type":"bitmap","ascent":8},{"file":"minecraft:font/1df71e840b6c4c469fb57c3a10fb87b9/d9ced5838e6845f181a39753bad68e61.png","height":8,"chars":["伏"],"type":"bitmap","ascent":8},{"file":"minecraft:font/7425c2f77e694e58bbb309606d3425f1/1363135e5f9747c2b9d5173668bea9b3.png","height":8,"chars":["伐"],"type":"bitmap","ascent":8},{"file":"minecraft:font/a5c77a75597744e398dc29ccdf51fdbf/d01ceedec1444df894f41b348b08a58f.png","height":8,"chars":["休"],"type":"bitmap","ascent":8},{"file":"minecraft:font/04c997165c3c4850a3ddde7857893236/6f7c1a6f58db48fab1b5f8960c003977.png","height":8,"chars":["伒"],"type":"bitmap","ascent":8},{"file":"minecraft:font/44078a2141d04073b14248e7e4d0a63d/f90dc17219804f74bee7bac5692fb9de.png","height":8,"chars":["伓"],"type":"bitmap","ascent":8},{"file":"minecraft:font/6ab16f081b634194944527e356c5b03b/32fb49ba8627473987c8aaebe597abc6.png","height":8,"chars":["伔"],"type":"bitmap","ascent":8},{"file":"minecraft:font/4b903039f2274594a0fd0514a113cfd9/d426b6dffaa8484987bc0c22c124adc8.png","height":8,"chars":["伕"],"type":"bitmap","ascent":8},{"file":"minecraft:font/ca78387be2b140e89f632af9d61ca370/1796f576fb5642b3946886f8fa5e6bf1.png","height":8,"chars":["伖"],"type":"bitmap","ascent":8},{"file":"minecraft:font/f27f730a6cfe4aeb9033b313a5c97dd6/d2469aef495347838c60f8a15a222e84.png","height":8,"chars":["众"],"type":"bitmap","ascent":8},{"file":"minecraft:font/1e769b36f7a14d27ba5f5ec2a9407d19/1db88e6e4b0841a09c770d3385c6e60e.png","height":8,"chars":["优"],"type":"bitmap","ascent":8},{"file":"minecraft:font/efb3ea9557e24bc693a977ffed3c4e76/122c02427ed041028b6d9e395e288445.png","height":8,"chars":["伙"],"type":"bitmap","ascent":8},{"file":"minecraft:font/35779b5cdfe54e1ca1f5a09d654aa3d7/9b3899c0515a4fdaab47db4e518d3df3.png","height":8,"chars":["会"],"type":"bitmap","ascent":8},{"file":"minecraft:font/ec83a699ffd24f1f9e3a46067eadc99b/3b4eafb5082747e096bcbe8145f4bbd2.png","height":8,"chars":["偹"],"type":"bitmap","ascent":8},{"file":"minecraft:font/e9a4232e0ab8410fbf8971da0cc678d5/db50b29a10ce4f1685a6a5c131ca551f.png","height":8,"chars":["偺"],"type":"bitmap","ascent":8},{"file":"minecraft:font/36b3f6907b0b44eb8d2ee5fc864d4489/dc56e39f572a4d15a48321ce45c13470.png","height":8,"chars":["偻"],"type":"bitmap","ascent":8},{"file":"minecraft:font/b60c626b32ba4c7abe5d96982a4a3db6/b8913ad7e57340689140b9f3a53a87f9.png","height":8,"chars":["偼"],"type":"bitmap","ascent":8},{"file":"minecraft:font/28ab874be1c444d0b19ab15a7cd9bb59/3988fe761d0f4229b4a0334c161079a9.png","height":8,"chars":["偽"],"type":"bitmap","ascent":8},{"file":"minecraft:font/6f8552f9eaa4494fbbb84e8100d3f4a5/c4454c21e45c4e1ba873a888246dc17b.png","height":8,"chars":["偾"],"type":"bitmap","ascent":8},{"file":"minecraft:font/503ea357da3542cb807b2db689cb1450/de53c47468974e9ea7cc5727363c473a.png","height":8,"chars":["偿"],"type":"bitmap","ascent":8},{"file":"minecraft:font/b92ec8e46dda47099ee29c4e74f4bc9e/d2cb44547e7245e8b2869e3e89aaf881.png","height":8,"chars":["傀"],"type":"bitmap","ascent":8},{"file":"minecraft:font/2f7b14df5819460395a984e3c5d4b929/89a948cf5a53409d84649e1471acfc8e.png","height":8,"chars":["傁"],"type":"bitmap","ascent":8},{"file":"minecraft:font/cfbe939185234e7f88d8ee570f8b94ec/06dda365728a471d9993fae4007fb3cd.png","height":8,"chars":["傂"],"type":"bitmap","ascent":8},{"file":"minecraft:font/4ce278ff81534c2db583ba809ae9450f/9d6cb3ef8ff4462a9c145cdb59aa765d.png","height":8,"chars":["傃"],"type":"bitmap","ascent":8},{"file":"minecraft:font/e1ee2d9d7cbe4720bf3b5edc4f72f518/f1e2f7f835334f2f97dab1e3451b3738.png","height":8,"chars":["傄"],"type":"bitmap","ascent":8},{"file":"minecraft:font/d34664d75d9f4aa29cc726c1f43ff951/48a74963674d442aaf6571cc31d7501e.png","height":8,"chars":["傅"],"type":"bitmap","ascent":8},{"file":"minecraft:font/d57460bdb0a347b099ef232e1b25ee24/1760d659369643b2b655a9252b9ee969.png","height":8,"chars":["傆"],"type":"bitmap","ascent":8},{"file":"minecraft:font/81dc2be0f4cd48de9eb0895a31c13fe0/67b2e41121024834b51ea7f8024c34ee.png","height":8,"chars":["傇"],"type":"bitmap","ascent":8},{"file":"minecraft:font/9d1feae4b6b040eab212b31dc31f27ff/86776f9b48bf448c85cc445c58c2e5e7.png","height":8,"chars":["傈"],"type":"bitmap","ascent":8},{"file":"minecraft:font/cb43db119b344082945c974e3be2f12f/14e26d55e94c4647a2d5c4681c57e109.png","height":8,"chars":["傉"],"type":"bitmap","ascent":8},{"file":"minecraft:font/2ed58bbdd33a40ee8d5a775c1ab36d71/073756d8ecbc481c87053cd101f36dba.png","height":8,"chars":["傊"],"type":"bitmap","ascent":8},{"file":"minecraft:font/c9eab198e28b430690840ee9353b3404/6c6b397d2fb94c51830dfae953dbd811.png","height":8,"chars":["傋"],"type":"bitmap","ascent":8},{"file":"minecraft:font/4783c93496c94c4f8857419c3404b453/4396e8baf10c43cf9e3668882421b397.png","height":8,"chars":["傌"],"type":"bitmap","ascent":8},{"file":"minecraft:font/e17baafebc57448aab4be9ddfb181dec/973c1e3885534b459ee048466596119b.png","height":8,"chars":["垃"],"type":"bitmap","ascent":8},{"file":"minecraft:font/acdaa1a2442b4f2aad85561403ae211a/ef31e0cbe54d4e37ab221a842d46959c.png","height":8,"chars":["垄"],"type":"bitmap","ascent":8},{"file":"minecraft:font/b6675d9858c54b26b0b2be5041d2e1f2/333f7a9f374949ad9d67d494f7544815.png","height":8,"chars":["垅"],"type":"bitmap","ascent":8},{"file":"minecraft:font/86b8e4abe7504074b99bd7c4c0be5771/354d5d56f9d34d6db04ba6cd44100a26.png","height":8,"chars":["垆"],"type":"bitmap","ascent":8},{"file":"minecraft:font/cdb16e4c10d542069221359570e0d9cd/fb99f0e4daea45d5a3b149bf552da93c.png","height":8,"chars":["垇"],"type":"bitmap","ascent":8},{"file":"minecraft:font/ef76b59ed38e4cc6a00dc870fc5a6114/ad2a6a644eff4d2bad45577a924bbdf2.png","height":8,"chars":["垈"],"type":"bitmap","ascent":8},{"file":"minecraft:font/5e69e4091d854f02b5c33593f6b55408/5955472dfda546f8810ea180a3c65de8.png","height":8,"chars":["垉"],"type":"bitmap","ascent":8},{"file":"minecraft:font/530f4fd42b304253aebf017f221b1cda/0006b63b53894279b6e65f71ae781d49.png","height":8,"chars":["垊"],"type":"bitmap","ascent":8},{"file":"minecraft:font/5042f9934e0a4fff8296a3c598e184e9/8fefb68901ad4d74b3347d463dec359e.png","height":8,"chars":["型"],"type":"bitmap","ascent":8},{"file":"minecraft:font/3a5ba2b975a44e6e9c9cd55dce78dd71/457e5eedef39408d81abbb8904e2af8e.png","height":8,"chars":["垌"],"type":"bitmap","ascent":8},{"file":"minecraft:font/acc2d6c3438349cbaeff65397044da5b/ec8490ec4f6a42e59eb88a4ff990cb8b.png","height":8,"chars":["垍"],"type":"bitmap","ascent":8},{"file":"minecraft:font/aaa284ba8d3846c7993bfbecea4f0264/ae3ecf15c5844c6fb3c1ac9c5b1759d5.png","height":8,"chars":["垎"],"type":"bitmap","ascent":8},{"file":"minecraft:font/7c87856f15254dd392b11f63d6f77ee0/a0c7e8974c1f454babb5414d550706d6.png","height":8,"chars":["垏"],"type":"bitmap","ascent":8},{"file":"minecraft:font/9e7610522ee543a98ae9bcd1c27c0776/5820f7782bd247ce8123c8217c937357.png","height":8,"chars":["垐"],"type":"bitmap","ascent":8},{"file":"minecraft:font/5d2f7a3b9c824984ac21fee8c3630533/bf0ce05736c447ae8482c8f0ef71819b.png","height":8,"chars":["垑"],"type":"bitmap","ascent":8},{"file":"minecraft:font/8ddbf45a44f449a1b05ba81448f1cc7c/45db2e89015c4d34afecbacbf2e64a77.png","height":8,"chars":["垒"],"type":"bitmap","ascent":8},{"file":"minecraft:font/aa8a7dfb864b4cf58c8e70f8aeb40475/2360e42fe16743f0ba6230228cb60581.png","height":8,"chars":["垓"],"type":"bitmap","ascent":8},{"file":"minecraft:font/e3022b6999b143e9be48ec2d585a7114/cc98064e3a7a42779cf3c4f2d87b06ff.png","height":8,"chars":["垔"],"type":"bitmap","ascent":8},{"file":"minecraft:font/0008a419d3664988ae154cf25a17ce52/3b70b3360b41480f9007e9a87cd3dc65.png","height":8,"chars":["垕"],"type":"bitmap","ascent":8},{"file":"minecraft:font/75b62b19fe4e47de8a722337a82396b9/cc3f1a6b854549959218e04493f36190.png","height":8,"chars":["垖"],"type":"bitmap","ascent":8},{"type":"bitmap","file":"font/pixel.png","ascent":-1000,"height":-2,"chars":["ᨓ"]},{"type":"bitmap","file":"font/pixel.png","ascent":-10000,"height":1,"chars":["ᨒ"]},{"type":"bitmap","file":"font/pixel.png","ascent":-10000,"height":-2,"chars":["⻙"]}]}