{"format_version":"1.9.0","credit":"Made with Blockbench","texture_size":[32,32],"textures":{"0":"item/31c35a6af0ad4fa88af218d6e639413a/8664701fcf9e4f489ea9e869c383f37e"},"elements":[{"from":[4,0,4],"to":[12,10,12],"rotation":{"angle":0,"axis":"y","origin":[4,0,4]},"faces":{"north":{"uv":[0,0,4,5],"texture":"#0"},"east":{"uv":[4,0,8,5],"texture":"#0"},"south":{"uv":[0,5,4,10],"texture":"#0"},"west":{"uv":[4,5,8,10],"texture":"#0"},"up":{"uv":[12,4,8,0],"texture":"#0"},"down":{"uv":[12,4,8,8],"texture":"#0"}}}],"display":{"head":{"translation":[0,6.5,0],"scale":[1.5,1.5,1.5]}}}