{"format_version":"1.9.0","credit":"Made with Blockbench","texture_size":[64,64],"textures":{"0":"item/c553dc0278e34de08d46c588057d72ff/bb6e625078c64759b7b2e02a50d70b0c"},"elements":[{"from":[11,-7,2],"to":[14,-4,7],"rotation":{"angle":0,"axis":"y","origin":[11,-7,2]},"faces":{"north":{"uv":[5.75,10.25,6.5,11],"texture":"#0"},"east":{"uv":[3.5,9,4.75,9.75],"texture":"#0"},"south":{"uv":[6.5,10.25,7.25,11],"texture":"#0"},"west":{"uv":[4.75,9,6,9.75],"texture":"#0"},"up":{"uv":[6.75,10.25,6,9],"texture":"#0"},"down":{"uv":[7.5,9,6.75,10.25],"texture":"#0"}}},{"from":[1,11,9],"to":[3,15,13],"rotation":{"angle":-22.5,"axis":"z","origin":[1,11,9]},"faces":{"north":{"uv":[8,10.5,8.5,11.5],"texture":"#0"},"east":{"uv":[9,0,10,1],"texture":"#0"},"south":{"uv":[8.5,10.5,9,11.5],"texture":"#0"},"west":{"uv":[9,1,10,2],"texture":"#0"},"up":{"uv":[9.5,11.5,9,10.5],"texture":"#0"},"down":{"uv":[10,10.5,9.5,11.5],"texture":"#0"}}},{"from":[5,12,5],"to":[7,14,6],"rotation":{"angle":0,"axis":"y","origin":[5,12,5]},"faces":{"north":{"uv":[8.5,5.5,9,6],"texture":"#0"},"east":{"uv":[5.75,9.75,6,10.25],"texture":"#0"},"south":{"uv":[9,5.5,9.5,6],"texture":"#0"},"west":{"uv":[3.25,10,3.5,10.5],"texture":"#0"},"up":{"uv":[10.5,3,10,2.75],"texture":"#0"},"down":{"uv":[11,2.75,10.5,3],"texture":"#0"}}},{"from":[11,12,5],"to":[13,14,6],"rotation":{"angle":0,"axis":"y","origin":[11,12,5]},"faces":{"north":{"uv":[9.5,5.5,10,6],"texture":"#0"},"east":{"uv":[3.25,10.5,3.5,11],"texture":"#0"},"south":{"uv":[10,5.5,10.5,6],"texture":"#0"},"west":{"uv":[10.5,8.5,10.75,9],"texture":"#0"},"up":{"uv":[11.25,1.25,10.75,1],"texture":"#0"},"down":{"uv":[11.5,3.25,11,3.5],"texture":"#0"}}},{"from":[8,9,5],"to":[10,11,6],"rotation":{"angle":0,"axis":"y","origin":[8,9,5]},"faces":{"north":{"uv":[11,2.75,11.5,3.25],"texture":"#0"},"east":{"uv":[11,3.5,11.25,4],"texture":"#0"},"south":{"uv":[3.25,11,3.75,11.5],"texture":"#0"},"west":{"uv":[3.75,11,4,11.5],"texture":"#0"},"up":{"uv":[4.5,11.25,4,11],"texture":"#0"},"down":{"uv":[11.5,4,11,4.25],"texture":"#0"}}},{"from":[5,14,5],"to":[7,15,6],"rotation":{"angle":0,"axis":"y","origin":[5,14,5]},"faces":{"north":{"uv":[11,4.25,11.5,4.5],"texture":"#0"},"east":{"uv":[7.25,10.25,7.5,10.5],"texture":"#0"},"south":{"uv":[4.5,11,5,11.25],"texture":"#0"},"west":{"uv":[6,11,6.25,11.25],"texture":"#0"},"up":{"uv":[11.5,4.75,11,4.5],"texture":"#0"},"down":{"uv":[11.5,4.75,11,5],"texture":"#0"}}},{"from":[11,14,5],"to":[13,15,6],"rotation":{"angle":0,"axis":"y","origin":[11,14,5]},"faces":{"north":{"uv":[5,11,5.5,11.25],"texture":"#0"},"east":{"uv":[6.25,11,6.5,11.25],"texture":"#0"},"south":{"uv":[11,5,11.5,5.25],"texture":"#0"},"west":{"uv":[6.5,11,6.75,11.25],"texture":"#0"},"up":{"uv":[11.5,5.5,11,5.25],"texture":"#0"},"down":{"uv":[6,11,5.5,11.25],"texture":"#0"}}},{"from":[3,5,6],"to":[15,17,18],"rotation":{"angle":0,"axis":"y","origin":[3,5,6]},"faces":{"north":{"uv":[0,0,3,3],"texture":"#0"},"east":{"uv":[0,3,3,6],"texture":"#0"},"south":{"uv":[3,0,6,3],"texture":"#0"},"west":{"uv":[3,3,6,6],"texture":"#0"},"up":{"uv":[3,9,0,6],"texture":"#0"},"down":{"uv":[9,0,6,3],"texture":"#0"}}},{"from":[15,10,9],"to":[17,14,13],"rotation":{"angle":22.5,"axis":"z","origin":[15,10,9]},"faces":{"north":{"uv":[10.75,0,11.25,1],"texture":"#0"},"east":{"uv":[9,2,10,3],"texture":"#0"},"south":{"uv":[10.75,8.5,11.25,9.5],"texture":"#0"},"west":{"uv":[2.5,9,3.5,10],"texture":"#0"},"up":{"uv":[11.25,10.5,10.75,9.5],"texture":"#0"},"down":{"uv":[11.25,10.5,10.75,11.5],"texture":"#0"}}},{"from":[4,-7,7],"to":[14,5,17],"rotation":{"angle":0,"axis":"y","origin":[4,-7,7]},"faces":{"north":{"uv":[3,6,5.5,9],"texture":"#0"},"east":{"uv":[6,3,8.5,6],"texture":"#0"},"south":{"uv":[5.5,6,8,9],"texture":"#0"},"west":{"uv":[8,6,10.5,9],"texture":"#0"},"up":{"uv":[11,5.5,8.5,3],"texture":"#0"},"down":{"uv":[2.5,9,0,11.5],"texture":"#0"}}},{"from":[4,-7,2],"to":[7,-4,7],"rotation":{"angle":0,"axis":"y","origin":[4,-7,2]},"faces":{"north":{"uv":[10,10.25,10.75,11],"texture":"#0"},"east":{"uv":[7.5,9,8.75,9.75],"texture":"#0"},"south":{"uv":[10.5,5.5,11.25,6.25],"texture":"#0"},"west":{"uv":[8.75,9,10,9.75],"texture":"#0"},"up":{"uv":[4.25,11,3.5,9.75],"texture":"#0"},"down":{"uv":[5,9.75,4.25,11],"texture":"#0"}}},{"from":[11,0,2],"to":[14,3,7],"rotation":{"angle":0,"axis":"y","origin":[11,0,2]},"faces":{"north":{"uv":[10.5,6.25,11.25,7],"texture":"#0"},"east":{"uv":[7.5,9.75,8.75,10.5],"texture":"#0"},"south":{"uv":[10.5,7,11.25,7.75],"texture":"#0"},"west":{"uv":[8.75,9.75,10,10.5],"texture":"#0"},"up":{"uv":[5.75,11,5,9.75],"texture":"#0"},"down":{"uv":[10.75,0,10,1.25],"texture":"#0"}}},{"from":[4,0,2],"to":[7,3,7],"rotation":{"angle":0,"axis":"y","origin":[4,0,2]},"faces":{"north":{"uv":[7.25,10.5,8,11.25],"texture":"#0"},"east":{"uv":[10,1.25,11.25,2],"texture":"#0"},"south":{"uv":[10.5,7.75,11.25,8.5],"texture":"#0"},"west":{"uv":[10,2,11.25,2.75],"texture":"#0"},"up":{"uv":[3.25,11.25,2.5,10],"texture":"#0"},"down":{"uv":[10.75,9,10,10.25],"texture":"#0"}}}],"display":{"head":{"translation":[-1.5,-13.5,0],"scale":[2,2,2]}},"groups":[{"name":"group","origin":[11,-7,2],"color":0,"children":[0,1,2,3,4,5,6,7,8,9,10,11,12]}]}