{"format_version":"1.9.0","credit":"Made with Blockbench","texture_size":[64,64],"textures":{"0":"item/cce3134e541a4406860f6b509572cc5f/3c366ace0a044339bf2ddfd2ffc29c9e"},"elements":[{"from":[2,16,3],"to":[14,18,11],"rotation":{"angle":0,"axis":"y","origin":[2,16,3]},"faces":{"north":{"uv":[10,0,13,0.5],"texture":"#0"},"east":{"uv":[7,6,9,6.5],"texture":"#0"},"south":{"uv":[10,0.5,13,1],"texture":"#0"},"west":{"uv":[7,6.5,9,7],"texture":"#0"},"up":{"uv":[12,11,9,9],"texture":"#0"},"down":{"uv":[3,10,0,12],"texture":"#0"}}},{"from":[2,4,1],"to":[14,16,13],"rotation":{"angle":0,"axis":"y","origin":[2,4,1]},"faces":{"north":{"uv":[0,7,3,10],"texture":"#0"},"east":{"uv":[7,0,10,3],"texture":"#0"},"south":{"uv":[3,7,6,10],"texture":"#0"},"west":{"uv":[7,3,10,6],"texture":"#0"},"up":{"uv":[9,10,6,7],"texture":"#0"},"down":{"uv":[12,6,9,9],"texture":"#0"}}},{"from":[7,9,-1],"to":[9,13,1],"rotation":{"angle":0,"axis":"y","origin":[7,9,-1]},"faces":{"north":{"uv":[7.5,10,8,11],"texture":"#0"},"east":{"uv":[8,10,8.5,11],"texture":"#0"},"south":{"uv":[8.5,10,9,11],"texture":"#0"},"west":{"uv":[10.5,1.5,11,2.5],"texture":"#0"},"up":{"uv":[11,4,10.5,3.5],"texture":"#0"},"down":{"uv":[4.5,10.5,4,11],"texture":"#0"}}},{"from":[1,5,0],"to":[15,6,14],"rotation":{"angle":0,"axis":"y","origin":[1,5,0]},"faces":{"north":{"uv":[4,10,7.5,10.25],"texture":"#0"},"east":{"uv":[10,5,13.5,5.25],"texture":"#0"},"south":{"uv":[10,5.25,13.5,5.5],"texture":"#0"},"west":{"uv":[10,5.5,13.5,5.75],"texture":"#0"},"up":{"uv":[3.5,3.5,0,0],"texture":"#0"},"down":{"uv":[3.5,3.5,0,7],"texture":"#0"}}},{"from":[4,16,1],"to":[6,17,3],"rotation":{"angle":0,"axis":"y","origin":[4,16,1]},"faces":{"north":{"uv":[11,1.5,11.5,1.75],"texture":"#0"},"east":{"uv":[11,1.75,11.5,2],"texture":"#0"},"south":{"uv":[11,2,11.5,2.25],"texture":"#0"},"west":{"uv":[11,2.25,11.5,2.5],"texture":"#0"},"up":{"uv":[11,4.5,10.5,4],"texture":"#0"},"down":{"uv":[5,10.5,4.5,11],"texture":"#0"}}},{"from":[4,17,2],"to":[6,18,3],"rotation":{"angle":0,"axis":"y","origin":[4,17,2]},"faces":{"north":{"uv":[11,3.5,11.5,3.75],"texture":"#0"},"east":{"uv":[9.5,11.25,9.75,11.5],"texture":"#0"},"south":{"uv":[11,3.75,11.5,4],"texture":"#0"},"west":{"uv":[9.75,11.25,10,11.5],"texture":"#0"},"up":{"uv":[4.5,11.25,4,11],"texture":"#0"},"down":{"uv":[11.5,4,11,4.25],"texture":"#0"}}},{"from":[4,18,3],"to":[6,19,11],"rotation":{"angle":0,"axis":"y","origin":[4,18,3]},"faces":{"north":{"uv":[11,4.25,11.5,4.5],"texture":"#0"},"east":{"uv":[10.5,2.5,12.5,2.75],"texture":"#0"},"south":{"uv":[4.5,11,5,11.25],"texture":"#0"},"west":{"uv":[10.5,2.75,12.5,3],"texture":"#0"},"up":{"uv":[10.5,3,10,1],"texture":"#0"},"down":{"uv":[3.5,10,3,12],"texture":"#0"}}},{"from":[4,16,11],"to":[6,17,13],"rotation":{"angle":0,"axis":"y","origin":[4,16,11]},"faces":{"north":{"uv":[11,4.5,11.5,4.75],"texture":"#0"},"east":{"uv":[11,4.75,11.5,5],"texture":"#0"},"south":{"uv":[5,11,5.5,11.25],"texture":"#0"},"west":{"uv":[5.5,11,6,11.25],"texture":"#0"},"up":{"uv":[11,5,10.5,4.5],"texture":"#0"},"down":{"uv":[5.5,10.5,5,11],"texture":"#0"}}},{"from":[4,17,11],"to":[6,18,12],"rotation":{"angle":0,"axis":"y","origin":[4,17,11]},"faces":{"north":{"uv":[6,11,6.5,11.25],"texture":"#0"},"east":{"uv":[10,11.25,10.25,11.5],"texture":"#0"},"south":{"uv":[6.5,11,7,11.25],"texture":"#0"},"west":{"uv":[10.25,11.25,10.5,11.5],"texture":"#0"},"up":{"uv":[7.5,11.25,7,11],"texture":"#0"},"down":{"uv":[8,11,7.5,11.25],"texture":"#0"}}},{"from":[10,17,2],"to":[12,18,3],"rotation":{"angle":0,"axis":"y","origin":[10,17,2]},"faces":{"north":{"uv":[8,11,8.5,11.25],"texture":"#0"},"east":{"uv":[10.5,11.25,10.75,11.5],"texture":"#0"},"south":{"uv":[8.5,11,9,11.25],"texture":"#0"},"west":{"uv":[10.75,11.25,11,11.5],"texture":"#0"},"up":{"uv":[9.5,11.25,9,11],"texture":"#0"},"down":{"uv":[10,11,9.5,11.25],"texture":"#0"}}},{"from":[10,16,1],"to":[12,17,3],"rotation":{"angle":0,"axis":"y","origin":[10,16,1]},"faces":{"north":{"uv":[10,11,10.5,11.25],"texture":"#0"},"east":{"uv":[10.5,11,11,11.25],"texture":"#0"},"south":{"uv":[11,11,11.5,11.25],"texture":"#0"},"west":{"uv":[4,11.25,4.5,11.5],"texture":"#0"},"up":{"uv":[6,11,5.5,10.5],"texture":"#0"},"down":{"uv":[6.5,10.5,6,11],"texture":"#0"}}},{"from":[10,17,11],"to":[12,18,12],"rotation":{"angle":0,"axis":"y","origin":[10,17,11]},"faces":{"north":{"uv":[4.5,11.25,5,11.5],"texture":"#0"},"east":{"uv":[11,11.25,11.25,11.5],"texture":"#0"},"south":{"uv":[5,11.25,5.5,11.5],"texture":"#0"},"west":{"uv":[11.25,11.25,11.5,11.5],"texture":"#0"},"up":{"uv":[6,11.5,5.5,11.25],"texture":"#0"},"down":{"uv":[6.5,11.25,6,11.5],"texture":"#0"}}},{"from":[10,16,11],"to":[12,17,13],"rotation":{"angle":0,"axis":"y","origin":[10,16,11]},"faces":{"north":{"uv":[6.5,11.25,7,11.5],"texture":"#0"},"east":{"uv":[7,11.25,7.5,11.5],"texture":"#0"},"south":{"uv":[7.5,11.25,8,11.5],"texture":"#0"},"west":{"uv":[8,11.25,8.5,11.5],"texture":"#0"},"up":{"uv":[7,11,6.5,10.5],"texture":"#0"},"down":{"uv":[7.5,10.5,7,11],"texture":"#0"}}},{"from":[10,18,3],"to":[12,19,11],"rotation":{"angle":0,"axis":"y","origin":[10,18,3]},"faces":{"north":{"uv":[8.5,11.25,9,11.5],"texture":"#0"},"east":{"uv":[10.5,3,12.5,3.25],"texture":"#0"},"south":{"uv":[9,11.25,9.5,11.5],"texture":"#0"},"west":{"uv":[10.5,3.25,12.5,3.5],"texture":"#0"},"up":{"uv":[10.5,5,10,3],"texture":"#0"},"down":{"uv":[4,10,3.5,12],"texture":"#0"}}},{"from":[1,14,0],"to":[15,15,14],"rotation":{"angle":0,"axis":"y","origin":[1,14,0]},"faces":{"north":{"uv":[10,5.75,13.5,6],"texture":"#0"},"east":{"uv":[4,10.25,7.5,10.5],"texture":"#0"},"south":{"uv":[10.5,1,14,1.25],"texture":"#0"},"west":{"uv":[10.5,1.25,14,1.5],"texture":"#0"},"up":{"uv":[7,3.5,3.5,0],"texture":"#0"},"down":{"uv":[7,3.5,3.5,7],"texture":"#0"}}}],"display":{"gui":{"rotation":[26,-139,2],"translation":[-0.5,-1.25,0],"scale":[0.8,0.8,0.8]},"head":{"translation":[0,-5.25,0],"scale":[1.5,1.5,1.5]}},"groups":[{"name":"group","origin":[2,16,3],"color":0,"children":[0,1,2,3,4,5,6,7,8,9,10,11,12,13,14]}]}