{"format_version":"1.9.0","credit":"Made with Blockbench","texture_size":[32,32],"textures":{"0":"item/14c59b2b05b644578eda2c327296795e/4dca1b9fe35e46168fe8419f883729a4"},"elements":[{"from":[3,0,7],"to":[11,8,9],"rotation":{"angle":0,"axis":"y","origin":[3,0,7]},"faces":{"north":{"uv":[0,0,4,4],"texture":"#0"},"east":{"uv":[0,8,1,12],"texture":"#0"},"south":{"uv":[0,4,4,8],"texture":"#0"},"west":{"uv":[1,8,2,12],"texture":"#0"},"up":{"uv":[11,5,7,4],"texture":"#0"},"down":{"uv":[11,5,7,6],"texture":"#0"}}},{"from":[4,1,6],"to":[10,7,10],"rotation":{"angle":0,"axis":"y","origin":[4,1,6]},"faces":{"north":{"uv":[4,0,7,3],"texture":"#0"},"east":{"uv":[4,6,6,9],"texture":"#0"},"south":{"uv":[4,3,7,6],"texture":"#0"},"west":{"uv":[6,6,8,9],"texture":"#0"},"up":{"uv":[10,2,7,0],"texture":"#0"},"down":{"uv":[10,2,7,4],"texture":"#0"}}}],"display":{"thirdperson_righthand":{"translation":[0,3,0],"scale":[0.5,0.5,0.5]},"thirdperson_lefthand":{"translation":[-0.5,2.75,0],"scale":[0.5,0.5,0.5]},"firstperson_righthand":{"rotation":[24,121,-8],"translation":[4.5,6.25,-6.25]},"firstperson_lefthand":{"rotation":[-14,-56,-20],"translation":[3.75,6.25,-7.25]},"ground":{"rotation":[-70,0,0],"translation":[0,0.75,0]},"gui":{"rotation":[28,34,0],"translation":[1.5,5.75,0],"scale":[1.5,1.5,1.5]}},"groups":[{"name":"group","origin":[3,0,7],"color":0,"children":[0,1]}]}