{"parent":"item/generated","textures":{"layer0":"item/stick"},"overrides":[{"predicate":{"custom_model_data":1},"model":"item/73d25cac19674a268b2b9ff3467569be/020e508400014cb596300b7fe28813c3"},{"predicate":{"custom_model_data":2},"model":"item/1984b8194a5c4b8aa72c847ea36fdbaa/e04cf26ef0664890985ca9556767beb0"},{"predicate":{"custom_model_data":3},"model":"item/ed38419bb3854579ba18c58476a85ed5/3d1434d44bf2480ca9a55aac02804e92"},{"predicate":{"custom_model_data":4},"model":"item/eff814edde6b49c6b097fcd30ee5c993/23c243e5831c472fb7bc718c7bdea2ac"},{"predicate":{"custom_model_data":5},"model":"item/ec012f8e50134d2dbc7187f199a55063/33f206832363465c8feb14a219657056"},{"predicate":{"custom_model_data":6},"model":"item/84a3007b9a4047058f21546300386b42/0aa0288edb574db3a88a4b3c70af8fff"},{"predicate":{"custom_model_data":7},"model":"item/30ee33deb18e4f2f99f8a0ab1d2f78b0/b26c8ea32c204379bb1b11b33bf4f2bb"},{"predicate":{"custom_model_data":8},"model":"item/3354d0855b104e86831dc9a63f8dc241/340fe54b9379409c91792ef22ca74381"},{"predicate":{"custom_model_data":10},"model":"item/17a305f711b2470f90d5afe328da1fdf/5882e1c0ad8b4c5bbd136aa968afa43b"},{"predicate":{"custom_model_data":11},"model":"item/69ff2002f6c44030a5e867d4ac9eaefe/8deb87b3381c45aea51bd278bc17c13a"},{"predicate":{"custom_model_data":12},"model":"item/58e15bbbb544453380eac7e340697c03/969f88df5a8a469cacec4d5736043292"},{"predicate":{"custom_model_data":13},"model":"item/7b5e1c969305401d8cc7caa1ea81556c/9ad54cae679947a59b2fd66fe7d87fde"},{"predicate":{"custom_model_data":14},"model":"item/d6eafae402644dfda0329987fceaf6c7/53eb3555822a474794465bc3870c590e"},{"predicate":{"custom_model_data":15},"model":"item/55903c3267814866abbfc7953b9d42c4/2c236cd6b2904ceea4c61e763a147907"},{"predicate":{"custom_model_data":16},"model":"item/f6476d5a2be449909ed267e3067483f0/d76b3af091144ca98e77e10d978f0da0"}]}