{"parent":"item/generated","textures":{"layer0":"item/stick"},"overrides":[{"predicate":{"custom_model_data":1},"model":"item/60f6708965b449d09b5a4dfb6877f34d/407f09f31cec4fe8b73ddefe2f09e230"},{"predicate":{"custom_model_data":2},"model":"item/6ae2f805bbf4443aada4bcffb10f4625/a2bdc1a97d9f4c86b494a1bddf01e510"},{"predicate":{"custom_model_data":3},"model":"item/7378f8d4851c40bd816aa2b2239db6f0/020f1d81baf64e2784e00bc7e123a235"},{"predicate":{"custom_model_data":4},"model":"item/75d2d8f57a70443db8fdc0d7ca000b97/04b576f2dedd452ca023e93ccc0be9cd"},{"predicate":{"custom_model_data":5},"model":"item/6a12467fa17141158458719e5d8bdb9d/171a503503124e65a2cb6fce7b6139eb"},{"predicate":{"custom_model_data":6},"model":"item/e0a6bc70c385445e8a99505a24187985/282c94579938484cb3a7f166f4a73baa"},{"predicate":{"custom_model_data":7},"model":"item/524d06e9a1374685b3f08e35d4c65f60/6cc3e117be6a4eb3bca9c82ffcd750ca"},{"predicate":{"custom_model_data":8},"model":"item/eae3f9c449054bd88b6a2facbf89b921/9667058fb8b641c583fa4e06f13bd2d1"},{"predicate":{"custom_model_data":10},"model":"item/bc3629c5ae89428b9340973a0bac5fc7/d9419572c4d14cb090a73df9a04685db"},{"predicate":{"custom_model_data":11},"model":"item/969306f75b234fe6a6397b46117cd8b1/3c6233042cf546de87852076b4b6b298"},{"predicate":{"custom_model_data":12},"model":"item/e677b80991444f7da14ec1d8b5a1e6a7/9f872a4ae7ec4ea68c2a69446ac0988e"},{"predicate":{"custom_model_data":13},"model":"item/ca98371979344b59b77fc9193ee612c3/e321ebc3f8734acb8c252b2056ea5473"},{"predicate":{"custom_model_data":14},"model":"item/251cfc2dcd1949f894f3fa2a489975c7/ec961c5562c343c78ce16023c3f978b4"},{"predicate":{"custom_model_data":15},"model":"item/abf71f6f764b4602aee43922966ea567/ea32ebd0902446b2a67598b5672729b8"},{"predicate":{"custom_model_data":16},"model":"item/48cff7b71a8840988db37ca436e54c5f/258fb5a13cfe4ce694906e15adda2e0f"}]}