{"parent":"item/generated","textures":{"layer0":"item/stick"},"overrides":[{"predicate":{"custom_model_data":1},"model":"item/a3c2e4172fb4461d8fe68aea20a34edd/746b15a7e5554e9eac1121284a30eeed"},{"predicate":{"custom_model_data":2},"model":"item/afa60589510847339073d22d6da95198/bb6d438542384f4ca1b0e1b45f48edae"},{"predicate":{"custom_model_data":3},"model":"item/5240d67b38704067ba1d9c4c79f61d65/81666869fca04fd787e5c8db99e6801c"},{"predicate":{"custom_model_data":4},"model":"item/c214c7a9578d4318a6cc804db9a97a33/6895be5192ca4b2d9dc3b7c68cd138c7"},{"predicate":{"custom_model_data":5},"model":"item/532178a0557e496c8cb2ae23f94cf9a8/c7fc4d3975f64e9f9fdd12d8f1850c85"},{"predicate":{"custom_model_data":6},"model":"item/dbb30ee336b54aeabf5c3ae9d3a02cfe/48385a7d4905424e9eabd40f6aa73374"},{"predicate":{"custom_model_data":7},"model":"item/baa391dcfc064bf2b975a9698c03fca5/c683abd874df491d9d3bdd1a6c77d5fd"},{"predicate":{"custom_model_data":8},"model":"item/557a71e3d9744145810b8f22d887c9fe/8f53e7efeab74b75ada8fa8cb616d52b"},{"predicate":{"custom_model_data":10},"model":"item/e77a42750f6046d19d5f72735d6e1465/44c11c5c7e3143d7b48258452ade303e"},{"predicate":{"custom_model_data":11},"model":"item/3e9e88ffd7864378afc6c7147dde7a37/c28df53c22af4a2ba490579714da4dde"},{"predicate":{"custom_model_data":12},"model":"item/9c33176da53245eda63d7fad8ebbc2dc/1ee7c9c7ec7744ffa66e23aa55c30945"},{"predicate":{"custom_model_data":13},"model":"item/d5fae0e9934b413aa2dd82015f0840f0/1535b555d9cd4c96b9fea0199d49228c"},{"predicate":{"custom_model_data":14},"model":"item/2289da272c804644a1f05428a00cf80c/909ebe5964c94a6f9c7f974457e6331f"},{"predicate":{"custom_model_data":15},"model":"item/dd638a3189a349bfad1aa8661cd8fa10/b96fa43323d744a8b36e0aa755ba354b"}]}