{"parent":"item/generated","textures":{"layer0":"item/stick"},"overrides":[{"predicate":{"custom_model_data":1},"model":"item/daae287d5d404826994ebce1baacda63/a0e3e8ba92a14d2499ed38cc500df61b"},{"predicate":{"custom_model_data":2},"model":"item/e84385cb17a64468b912029ae5dee32f/71e133b9d05e48b9b39486a1b59525d5"},{"predicate":{"custom_model_data":3},"model":"item/f017d8a6bf1148129ba5f1dfdeae3381/2964a14fec2c48ed885fd198debd2239"},{"predicate":{"custom_model_data":4},"model":"item/268ba95ced4f4177bb93ae84601a7b50/98b021bb90334419aa6ddf53510ad591"},{"predicate":{"custom_model_data":5},"model":"item/e157b4c9fde54b01982ad44af584b960/682adc06a0af4465b7fa3efddb136695"},{"predicate":{"custom_model_data":6},"model":"item/43d9e742b6134df0a33519a632946d67/dd8ed309826b4a94be01aeeeb08e8f78"},{"predicate":{"custom_model_data":7},"model":"item/ba6e8189f77e4759863fdccd04343dca/390e4811e5894599898121cf5ddf29f3"},{"predicate":{"custom_model_data":8},"model":"item/6c16ac080aa440dda65493e871d19733/1c0c7aafe07a47b299287255d75f50a2"},{"predicate":{"custom_model_data":10},"model":"item/85c904ea123a49709a69870efeeffc5f/d71fac1a49dd44b4a67c617029f9a85b"},{"predicate":{"custom_model_data":11},"model":"item/df7987fef68c484ab9b958dc852a1299/e1e552048483483a8126288ade5d50ad"},{"predicate":{"custom_model_data":12},"model":"item/7e381beae238409ab82e27151acb4e4e/bc39c3e6e4e74c3dbf87b041b90ea691"},{"predicate":{"custom_model_data":13},"model":"item/28e86bf19693458fb47b3dfea818158a/051c602756734a688a6669028dd37c5f"},{"predicate":{"custom_model_data":14},"model":"item/818338d2e05c4dec85d111d52b522269/a9574a408a1a4361b1f843b535feafb5"},{"predicate":{"custom_model_data":15},"model":"item/65dc64a3a4574e07a5234129660ae405/b4a73bde46de4d46874f80493397adcb"},{"predicate":{"custom_model_data":16},"model":"item/d91ac5fc05d34e82af32e48eb7991ef4/820dc648962a4ef2a00a2d4ba8925c47"}]}