{"parent":"item/generated","textures":{"layer0":"item/stick"},"overrides":[{"predicate":{"custom_model_data":1},"model":"item/d15ffd32f9ad40249b933326d22592c2/baa8a8e0617e49b9a7b9711db53e5990"},{"predicate":{"custom_model_data":2},"model":"item/0f39385964d048519180ecf698e1b937/3117b1e2ca7b42cabe05ddf50369fd68"},{"predicate":{"custom_model_data":3},"model":"item/c23837059e49459a8d79ec4f7828e085/8a58fdd336724ae7894286089d177e29"},{"predicate":{"custom_model_data":4},"model":"item/4908a341c68745ffba38fa92888e79c1/3447ac10306d49d5847a90062498964d"},{"predicate":{"custom_model_data":5},"model":"item/e6e44934071a4bb3b761601afea14c82/4105d04131f94b51bbb912056471aed4"},{"predicate":{"custom_model_data":6},"model":"item/8020c58f3c55402c8b3a8d729a866ad0/3dc9955fb16c44a5a83b2dc8f8e1aa81"},{"predicate":{"custom_model_data":7},"model":"item/630c2d189b5440b1ab4693b5ead470ed/d79848a6ac8e4c74926fdb1b6d82f7f2"},{"predicate":{"custom_model_data":8},"model":"item/6037098d90e84438a4a6fe2d5a54f3f0/3e914ef9e1cc4ab2b76d2ca7e5fdff28"},{"predicate":{"custom_model_data":10},"model":"item/2468527ca4ae48f4802e2649e55c8cfd/a74a8c757b6444f2801ad7b0585c1c8d"},{"predicate":{"custom_model_data":11},"model":"item/6a7f70ed702a4fc8bf453c4f13fa9da7/b38804116f7348f29218e2e79eea4923"},{"predicate":{"custom_model_data":12},"model":"item/cef917cbfd444b6dbdb58cd0a607bd90/eb3b144d519e47a9ad3b4c955a52fcc0"},{"predicate":{"custom_model_data":13},"model":"item/8a51324b58a2465ca276fb572c1d6fbf/9e2dbeb58d104da985b27c3b8f36c53a"},{"predicate":{"custom_model_data":14},"model":"item/718f9292355f4a5bbff9ace8729d1df1/f0f113b351964b37a021066f8ee85d36"},{"predicate":{"custom_model_data":15},"model":"item/8daff4063c14492fad56ebd6a3ef56fd/0cd775141bd4440d8fd992e122103037"},{"predicate":{"custom_model_data":16},"model":"item/62cf41c006d24deeab2776221c8c2a5e/62a4913b19c54dd7b0b1048871471e7f"},{"predicate":{"custom_model_data":17},"model":"item/c8399ede857a48e9b8174dedd88fe862/c24fd579240746f3b7c24f85fac5087f"},{"predicate":{"custom_model_data":18},"model":"item/b9b6bf4ca2824cd7baf6040fb0b5b4d5/cee4e9f92ac9471d9225b59b06f9e479"}]}