{"parent":"item/generated","textures":{"layer0":"item/stick"},"overrides":[{"predicate":{"custom_model_data":1},"model":"item/59eab8c4d7144de79880ef517918bb8d/c4f7c67a150a4dc8b14b715f7dafa9bc"},{"predicate":{"custom_model_data":2},"model":"item/e0e2465adef542ec89b5ec3aefaa00a8/5904cc0f82c84e1796a306a43d3a5d42"},{"predicate":{"custom_model_data":3},"model":"item/82c239da9f88418c8bf09538295c3400/121199e5b38541c481c677eccd554396"},{"predicate":{"custom_model_data":4},"model":"item/01b0b13d0c494c64b9aa02abd9058249/ac99b923469a4dc09afce7e0b2466906"},{"predicate":{"custom_model_data":5},"model":"item/3d02c550d5ca4e28b83cc4748a62ebf7/9d4f3486e6d9402caec62f2cd60ef9d9"},{"predicate":{"custom_model_data":6},"model":"item/78b67ff1bdac4eba81c41f5387bf37cb/8365915900d04da9a6b200b4ba2928a5"},{"predicate":{"custom_model_data":7},"model":"item/17a594f8b78744208d3669dec0a59a56/669234cf0368473fb3814a02c026e2b4"},{"predicate":{"custom_model_data":8},"model":"item/45904aec33214ac7911ded40af28fbd3/3d886ca683c74175ac137893a47c5f13"},{"predicate":{"custom_model_data":10},"model":"item/ba0bd84924b3465086c3bce6153dcb99/bf5942ee7cb5442f8b424469e2bd29e2"},{"predicate":{"custom_model_data":11},"model":"item/94ef872ff31f44799458e9ed556d5cfa/a1b3c5688d584503a3eb272bcff38c06"},{"predicate":{"custom_model_data":12},"model":"item/ee05d21c9b63438185adf7786bca4494/9f82995ea14140d48fc0079fc68623de"},{"predicate":{"custom_model_data":13},"model":"item/e191392f772f46128d04af0e7293b078/55ee02a0f40b47dc994f6f5653af9afe"},{"predicate":{"custom_model_data":14},"model":"item/0c821691655d4a89bbd3aaa1484ea2a7/d0eb65d735a1442d955d5c694c8dea6c"},{"predicate":{"custom_model_data":15},"model":"item/7319dd462b784f83bab713fec0e0f8a2/119655bd2cb24b0c8f262869fc038672"},{"predicate":{"custom_model_data":16},"model":"item/c417e6fd9b644b4d8bb5152ee80e9668/c384c7de69a94020b8aeef11a36a0bd4"}]}