{"parent":"item/generated","textures":{"layer0":"item/stick"},"overrides":[{"predicate":{"custom_model_data":1},"model":"item/9e6e9d8fc1e2474c8f2ca59d13b6a8ab/dc0c155bfada41ee8db02a4fcfc5539c"},{"predicate":{"custom_model_data":2},"model":"item/07088037e5384785bd24692ff82c6265/b02c6290d3f94fdaade19980e19fe1ff"},{"predicate":{"custom_model_data":3},"model":"item/ec79c70654ab4d2089bdeb89f926b606/4327bebe4e954375aa3d21c68933098d"},{"predicate":{"custom_model_data":4},"model":"item/4753dafdafd645759c58a6e368598ad4/5696a3a4cb904aad945d41dd6d1433d3"},{"predicate":{"custom_model_data":5},"model":"item/b7424936ffa947feaa858bff6bbe2b8a/a8652552ce68433d90911d4668f1740d"},{"predicate":{"custom_model_data":6},"model":"item/304a347a293146cead816fdb83ff96d1/583003c593f345248785441b528e2c0a"},{"predicate":{"custom_model_data":7},"model":"item/3c2af336adac42e5a34fe757a7302eb7/dd864f1d85984feda6ff8109486b7709"},{"predicate":{"custom_model_data":8},"model":"item/a52789e3b1cb48c4915ff9166d597f2a/a5e3da31f92d41e1a44c44830bad58eb"},{"predicate":{"custom_model_data":10},"model":"item/6e8d83d631b1499eb65e75f79793c86b/b4bf34c50bae47598378d180873151fd"},{"predicate":{"custom_model_data":11},"model":"item/fe4581a143524096baf51793689fa736/ad7bb24470a146c88f1d262708d10370"},{"predicate":{"custom_model_data":12},"model":"item/9e19c286646c493bb5865b58b666a455/efc87f09d5ba472aaaac0c1a56879fac"},{"predicate":{"custom_model_data":13},"model":"item/1211d9178e6f4da1b8a3d1eafdbffeb0/6a319c73f9e746188b4a6b7fcce2ad3f"},{"predicate":{"custom_model_data":14},"model":"item/6da1ccd36d46421e933f71f5e8df837e/915045e626474e298412a0630b3c067e"},{"predicate":{"custom_model_data":15},"model":"item/6642e1c6923343299b94b2c453f01294/6f26a58c46c34c2e858a080d5487b1db"},{"predicate":{"custom_model_data":16},"model":"item/f56757c01a8d4fcabc53ff35f762b429/80c43d60da13439ca2e785b1d7d61e3b"}]}