{"parent":"item/generated","textures":{"layer0":"item/stick"},"overrides":[{"predicate":{"custom_model_data":1},"model":"item/fe788fd9bd964c858d054bde5fb7cc39/fa85c8b5628246c7ae6a3ecaf0937ff3"},{"predicate":{"custom_model_data":2},"model":"item/95c9792cb9f9480081e3e856f08fa939/970b296bbe36433589961e26a2ad58d4"},{"predicate":{"custom_model_data":3},"model":"item/8eefc19ec9144260820a7f58b8fdc377/e1280df5a0364c3a9f5af45b26355295"},{"predicate":{"custom_model_data":4},"model":"item/c9a0f9e7cdbe491f8dc6e1f31274e5c5/55f28833f77542d4b4977ff23d86ddf4"},{"predicate":{"custom_model_data":5},"model":"item/3c21cbd3382c4e719f5bcba11b9f91b9/f45e38184bd3435891d7846a86997e58"},{"predicate":{"custom_model_data":6},"model":"item/5887dbae7b474581a62f932c6a17d9b4/0b9450ce38e4436699504a2658ca37b2"},{"predicate":{"custom_model_data":7},"model":"item/dc5ca18ab7a046cab058c6d6ecd80632/63d26340756f419ebc474e0b46519a6a"},{"predicate":{"custom_model_data":8},"model":"item/f4ba63a5610b4abd903988e6702ac093/0be8f30cdba643f1b42ba7e6fead5b5b"},{"predicate":{"custom_model_data":10},"model":"item/e13439e4c92b45e79063fdf5d71740ec/2b0ef5e08bf84b8383b54157cec2e9f2"},{"predicate":{"custom_model_data":11},"model":"item/6860524329d445f4b95194a92e03ca6f/9fc5d8356ea8425daa128c599f2565a1"},{"predicate":{"custom_model_data":12},"model":"item/8d243e118f694ff98a9f8c4c25abbd04/e3057a1d2f1f45759337373bd9c80af5"},{"predicate":{"custom_model_data":13},"model":"item/92e12a46914b46ba8792f8454b3695ae/4172fa8989eb4783883be96925e8a141"},{"predicate":{"custom_model_data":14},"model":"item/a41f9f4e0ee44fd0b84155c944eaa655/7f8f27d74e0c453083187c2a934fc311"},{"predicate":{"custom_model_data":15},"model":"item/77b4e7e90ac74429ad8aa2b2f7296f5a/b80699c1e5fd4aef95e7989b445962c9"},{"predicate":{"custom_model_data":16},"model":"item/d2fde169893c4a26afc29530a1d820a0/ce8168cea8934cbc838de202a99fce86"}]}