{"parent":"item/generated","textures":{"layer0":"item/stick"},"overrides":[{"predicate":{"custom_model_data":1},"model":"item/507c5456f71e4188861475e1a5fdbdf3/3f52e72552194b7f9360f3a67ef39945"},{"predicate":{"custom_model_data":2},"model":"item/cb4fdd4595dc48e18ac128ab54a92151/65413e6a20e2414e8ebee5e17e605e07"},{"predicate":{"custom_model_data":3},"model":"item/b2bb453db97e4d70beb26e6ad1285d50/68188c0227f7416ea007d8833b758b93"},{"predicate":{"custom_model_data":4},"model":"item/07216baf7723456baf0688538f9bb66b/7ec204e3f2004addaa90df1b91d65004"},{"predicate":{"custom_model_data":5},"model":"item/0f1eb85764764d208e8153b2e6314448/87906d1bc24748abb2fbac1b79fd2547"},{"predicate":{"custom_model_data":6},"model":"item/2b40b0fb89da434baab549bc02a76ad4/45da92aaf25745dd9fbd86ad323092f2"},{"predicate":{"custom_model_data":7},"model":"item/55be8702f2dd48b887611b157a2a95cb/321d17852e614022aecbd6dc0e380886"},{"predicate":{"custom_model_data":8},"model":"item/2f9dd904500949e3b501b66aac2f94dd/2bf0d5a4643f470480a6ba85065922d4"},{"predicate":{"custom_model_data":10},"model":"item/b0c2504a7d8e4164a72f18fad229b6e9/3b334a91674446bd919038e44ec171b5"},{"predicate":{"custom_model_data":11},"model":"item/466047dde22044abba3a4a538fddcd6c/b354714a5fd543a191961da537f0f250"},{"predicate":{"custom_model_data":12},"model":"item/9be193621fb249399b551d412b5f5301/22cfad35c2d7448eb1211413a5987a93"},{"predicate":{"custom_model_data":13},"model":"item/f198c3b2436942f6bdb4060b6243873a/aef4134147fb4dc787b9dd71e9822f6b"},{"predicate":{"custom_model_data":14},"model":"item/cfdc391d885241a7be2ba6951c5451fa/2a3684f1c0ce44d1a7c47794ff9da5b6"},{"predicate":{"custom_model_data":15},"model":"item/b692624b7e3c40ddb6da6d402dee6bed/54cab5681c674f3ab684c235113e589e"}]}