{"parent":"item/generated","textures":{"layer0":"item/stick"},"overrides":[{"predicate":{"custom_model_data":1},"model":"item/6fa9654da78c4acdab30324c815ef471/1cc4e80823b74b7e9a41524be50e4d95"},{"predicate":{"custom_model_data":2},"model":"item/e9d529cb11894f3997cc5c04074d6c22/95d4f388732948959f5b85f045f95ede"},{"predicate":{"custom_model_data":3},"model":"item/d5341c7f17254f0cbaa6db82c58ef8a7/8919fcbc383e4ea381b61864dd9ee134"},{"predicate":{"custom_model_data":4},"model":"item/3442277e92fd440fb8ec6faa90051838/ae89e4be0e1642c8ba8abdd2c11e4ea7"},{"predicate":{"custom_model_data":5},"model":"item/17dd5422df1b44e2a8e493514410fbfc/aa51746ab66349d7860cf3ee0b42a955"},{"predicate":{"custom_model_data":6},"model":"item/bca3d0ddbee74242ab3fc56180a36d67/f256bc62a0414a1e9ba3485f60555ebd"},{"predicate":{"custom_model_data":7},"model":"item/5f4f8c60f3dc42f5b46bc3441a7e5678/8c82c753d0f54eeb9283229ce6e90bde"},{"predicate":{"custom_model_data":8},"model":"item/ec6176415d854794a32e790512eb0249/faffb069d96442fdb7bdb20f28b76502"},{"predicate":{"custom_model_data":10},"model":"item/7799b75cf462435f8d1d921d253ec2fd/09d0ba887ce54c3f91b1fa27781bec5b"},{"predicate":{"custom_model_data":11},"model":"item/e83c1f05f0d64194a2f8bdde9ae9791b/c0cf99ec68e5462ba1ac6862b6c8d261"},{"predicate":{"custom_model_data":12},"model":"item/09254402b87443de920931968429df93/bcdecc1539f24a48a1eefaed904ed3e7"},{"predicate":{"custom_model_data":13},"model":"item/dd9dc065ac164c8a9ed131d103451219/9e8148420bdb4602b5b9ce04e118f8cd"},{"predicate":{"custom_model_data":14},"model":"item/87bf447de63947ae90adb29e2d0ab84d/95b8a319ef0e4991a3a6b3c941d97e39"},{"predicate":{"custom_model_data":15},"model":"item/9dcf1d257bd34365a16feb9b11df499f/9b643e4181de41c1a13bd2f2549ab97a"},{"predicate":{"custom_model_data":16},"model":"item/debf0b6a730f467999ea8a1f09f37389/a695aa9b0ecc478692390841c4e16f65"}]}