{"parent":"item/generated","textures":{"layer0":"item/stick"},"overrides":[{"predicate":{"custom_model_data":1},"model":"item/55d1f909ed4048e09fcc22d4bd639da1/9af8e16480584413afae7f0c31218044"},{"predicate":{"custom_model_data":2},"model":"item/771cf9395a8d41a7980be1118328ef97/a3d82f1c7a2c4b158e87e20b9d235d2e"},{"predicate":{"custom_model_data":3},"model":"item/09de01bbdc394a85ac66233d3f6986f7/d14737b2b2074a16b1b3fe8b35eb4234"},{"predicate":{"custom_model_data":4},"model":"item/f006c7e8f2a24e17adf9985c90ec7706/3efea7a94dfd4e9f86497da57806433d"},{"predicate":{"custom_model_data":5},"model":"item/63c075c56fd94ff2b9e6781b3e0c79a9/e395f79dcd5e45aca6c06b3ddb781a44"},{"predicate":{"custom_model_data":6},"model":"item/5a7edd0ecb25492d80fdf7aee825ed24/fe4ea23f606c4fa29ec99ddbc01dd39d"},{"predicate":{"custom_model_data":7},"model":"item/c25903717f5e4c428b38288e8b2b32eb/6653a9caa2be47e3b487224f406706a2"},{"predicate":{"custom_model_data":8},"model":"item/909c2cb1e7744be89c3e9b7e27808a00/78e73ef08f7c4df9850cc3d99c38b826"},{"predicate":{"custom_model_data":10},"model":"item/3f3906b0f4b94a78b88095710b209d5c/0fc71b1915034536b85168d4f0dc216a"},{"predicate":{"custom_model_data":11},"model":"item/0f67c6f2b8574121b6b170aecf055347/299927ebf87e4c65a241eb2e1025dca1"},{"predicate":{"custom_model_data":12},"model":"item/6e755e3173e14bc0990c1931514a2caa/5b2de713cc5146db839e1a4d12769a33"},{"predicate":{"custom_model_data":13},"model":"item/34bc2d7242d74defa6023965ceb97fba/4a66a9ae839d4b7e82cfaae374ff70f4"},{"predicate":{"custom_model_data":14},"model":"item/d241900e9efd427488e6b9fe2627458d/92dace1e933d48ce8f0f0c1ffa825e38"},{"predicate":{"custom_model_data":15},"model":"item/a72fe709d356422ea9f06e8a3a23a624/d810059d90b446469842768dd32dc41b"},{"predicate":{"custom_model_data":16},"model":"item/fbddad27513f424cb4dcd8ebd935004f/5b1230ca0f6d4e688fdf95a3ad8ac1c8"}]}