{"parent":"item/generated","textures":{"layer0":"item/stick"},"overrides":[{"predicate":{"custom_model_data":1},"model":"item/c20077adfec948daae3cea78416dad5f/a9d6189b623543af993d7e597951dbf9"},{"predicate":{"custom_model_data":2},"model":"item/9eac776b4a51454ca5b30e18226e18ae/4d048a0654084e15b4d0f358d5c28beb"},{"predicate":{"custom_model_data":3},"model":"item/c965ed43c94d4a8fb2fcd762b1a3b961/7bb8f78f636b4d62a000f48ea48890d3"},{"predicate":{"custom_model_data":4},"model":"item/60dc06a3b0e04bd6b9950e7b09b24233/a3e5736b42ff465292414e8845e5fece"},{"predicate":{"custom_model_data":5},"model":"item/a11b110d138f4a8e827f95ae5f8d7c08/d7e9673c03c7476c86b2469e2a4d1d5d"},{"predicate":{"custom_model_data":6},"model":"item/7e843d9cfe61408daf50126a729152b0/8d578662fcab4d47861da2a220ff0a49"},{"predicate":{"custom_model_data":7},"model":"item/b0b6294d9d8842ac96e338175b7f14ea/07ea4c0ee4c340da867dcca5f9c76a42"},{"predicate":{"custom_model_data":8},"model":"item/e491a9fd7e36480197f0e9e7eba11e1f/7283de0cbf6e4a5488f522d37baebfd5"},{"predicate":{"custom_model_data":10},"model":"item/b4fcb31a282b447bb711af87bd5f76e2/536fa42442bd44abb1cc859330f66fe6"},{"predicate":{"custom_model_data":11},"model":"item/ff0ea165163b4f37bf6fb4a20895e1f8/5aa19cd39305467581e4220378859520"},{"predicate":{"custom_model_data":12},"model":"item/bee4a3c95ea94954bf0d54542577cd3e/01f6baea734f4494b730b6bdc824ea88"},{"predicate":{"custom_model_data":13},"model":"item/dae9eb0f7c6742f9ad3ca0c0effc4560/17b9d62566e44d1c878e1e355e1fa46f"},{"predicate":{"custom_model_data":14},"model":"item/d6f80285317d49f2bfba1ea9c1677ba9/c81f49e7778a4034a9ac4294a60d6adc"},{"predicate":{"custom_model_data":15},"model":"item/38c4312306f448e6a8c27fa44c37ca84/0f59018f050c48c29ac6bb81cb7399a4"},{"predicate":{"custom_model_data":16},"model":"item/04f5f6d5edce4aae9b37e706538776a2/12c441d3e1ab463ca1fbf78c2e6766e6"}]}