{"parent":"item/generated","textures":{"layer0":"item/stick"},"overrides":[{"predicate":{"custom_model_data":1},"model":"item/8d183ce552154da2a67611ac149f8310/fd807dbb2141461790b3799f66438fc9"},{"predicate":{"custom_model_data":2},"model":"item/f4c3deafda5549e495b56184f2ba77e5/7dfe7f65c60b4117b830234302b6d1c4"},{"predicate":{"custom_model_data":3},"model":"item/3978bde745e4439e9fbc768599d63d81/546272fca027440c8bd8d8b886c3af18"},{"predicate":{"custom_model_data":4},"model":"item/e85e53e5ecce4bb8a7f93574e3c774f4/57939692d1364ee398868861ff84b2ee"},{"predicate":{"custom_model_data":5},"model":"item/65b14616518a42608936eca3e8b92445/5ddf216627cf49f09b63a2ad74de22bf"},{"predicate":{"custom_model_data":6},"model":"item/b6169627fd854001804641e94cc290e2/e6690ff6664044559142a43d9d5390f1"},{"predicate":{"custom_model_data":7},"model":"item/aa0493dd0a3a43ce96956e9a4f91840a/33b2dff71f2040818587ad7b4a0d5b40"},{"predicate":{"custom_model_data":8},"model":"item/ebcabd60a67b4620a583d75e2286ee0c/1b5d1ba296ae42a6bf39eceb6745657d"},{"predicate":{"custom_model_data":10},"model":"item/df303cbed3db4ea0b365160307028ce5/c1bae8486da4477d9725ff0e798c8910"},{"predicate":{"custom_model_data":11},"model":"item/79568d37f2144091956437ee1685ce68/b19c03ffa3ca4c20a2645f13d41df7f2"},{"predicate":{"custom_model_data":12},"model":"item/299368a6b92e41488cd171e6e893673c/65d8e1b8f67a426490a0582fc8e3d782"},{"predicate":{"custom_model_data":13},"model":"item/b9dd6a55824c40eb942baf8883ccf971/7c5fb35837bb4db88c0c03d34bf551cb"},{"predicate":{"custom_model_data":14},"model":"item/e8ae86211e83428885b0354867d785cd/0d9f5563247049e7a59aeee11bc75b9f"},{"predicate":{"custom_model_data":15},"model":"item/87968c1c45c547f2905098e09bda19b9/7ff9d2e0b0f64973afd628533aa9b051"},{"predicate":{"custom_model_data":16},"model":"item/1e7d25604aa748afaeadaf574a88bad4/0bc5179ab9b64fa584da73011cfe6ba0"}]}