{"parent":"item/generated","textures":{"layer0":"item/stick"},"overrides":[{"predicate":{"custom_model_data":1},"model":"item/d578b9a2d8d24c518ebd83036b4945dd/708ae0624ce345aab71e082e958f468b"},{"predicate":{"custom_model_data":2},"model":"item/bb693fb6bff64f1295f3c670dfbffe78/5ade4e5c87724a0ba3bf71d9ab479927"},{"predicate":{"custom_model_data":3},"model":"item/fab0d6ddbb914da8a2cf70bc26f6c8d3/2c0796835bbb40cdaca56945d2ecda44"},{"predicate":{"custom_model_data":4},"model":"item/52fad3c38ee14cc6b56d87c88e965914/53bf56faffed4a2c837b3bc307352ed2"},{"predicate":{"custom_model_data":5},"model":"item/012ff3590897499c9949474919ddf6b1/a93c39f9a88e486489d8951267b67670"},{"predicate":{"custom_model_data":6},"model":"item/388cad297eba47c5a593e50dc85c990b/f886ad9d7c684ec3b881c97dfd1368ad"},{"predicate":{"custom_model_data":7},"model":"item/d854443a6f93453485c464b31cc1acbc/24c7e98f7be84d0e98c5666d06dfb672"},{"predicate":{"custom_model_data":8},"model":"item/9f7f80fd1f744355ac7986782967e8b8/1c406a12ebe74a6381568767e6fa6668"},{"predicate":{"custom_model_data":10},"model":"item/2942afb17c8046b1b831e7c31f729268/0febb1f482a9467ea1f3b46dffcd5a3c"},{"predicate":{"custom_model_data":11},"model":"item/43eae57e7e7f4f08ad1b3c04d313562d/e088e3912b614b99a22c01e507603126"},{"predicate":{"custom_model_data":12},"model":"item/358e1250284247f5b71ba6e1373abc3e/0d94a6feb0a24ac5a50a59f45b9d7d66"},{"predicate":{"custom_model_data":13},"model":"item/66eba317e897469c8a5af21e4094cfe2/35403483959a4b18b4a40f6bc60cd1b0"},{"predicate":{"custom_model_data":14},"model":"item/b696d2f899774bddaacba53a298b14ba/9b4f016722314476b8951b87c96c9b75"},{"predicate":{"custom_model_data":15},"model":"item/4666c677e59a4b47b95740c793663ade/23d3bb6607df4ed48a30032b6a5514b2"}]}