{"parent":"item/generated","textures":{"layer0":"item/stick"},"overrides":[{"predicate":{"custom_model_data":1},"model":"item/9fc50d441fe1440a8a67de9deb470221/d6a7f7c8bd194b02aff4394154d969d0"},{"predicate":{"custom_model_data":2},"model":"item/a868f48b9b6e4cad9776d02873b318a6/427a2bcf997e4dfeb52197ec2c1eb615"},{"predicate":{"custom_model_data":3},"model":"item/b0ccc0e78b14478faae3e4abf72c5ae6/fa690261dfc84ff28833c5a539426a63"},{"predicate":{"custom_model_data":4},"model":"item/babf42627edb40b5830e57fac9d46c9e/9d71a06011ab4748ade0ccef7865100c"},{"predicate":{"custom_model_data":5},"model":"item/ed905aafde724f5c81092e32af946661/0f5b983b3e4b48428b4a080166f09fd5"},{"predicate":{"custom_model_data":6},"model":"item/de364050c3b848938f451756f188acc8/4239ae5a4f7d4635b023c18cf5dee6e0"},{"predicate":{"custom_model_data":7},"model":"item/418f82a5a3054b8f8696a29ad1e7b697/4cfac1ea7490479395a2f503822a290f"},{"predicate":{"custom_model_data":8},"model":"item/4dd65646e8954a1c85fcd10dd10bc9f2/9c63627353024bc1926815648e46c6c5"},{"predicate":{"custom_model_data":10},"model":"item/e3931ad5868c4e4288010721b10b0aee/bfbd35e52f1a4e6cb8e2e762e9325eba"},{"predicate":{"custom_model_data":11},"model":"item/0988ccab62f9410b9a300602314a2858/02856d0303d74697bb16e7c52283afc9"},{"predicate":{"custom_model_data":12},"model":"item/939d7822937340ad92520dec5940f1c8/4d2a1d7923864cac80b7387bc53ef14e"},{"predicate":{"custom_model_data":13},"model":"item/dd9e1697dc754bcf9de72006710168f5/ac6c886a6bfb453e899b2c813fccbe57"},{"predicate":{"custom_model_data":14},"model":"item/6d450a320cac4db7937496c291a15a28/e785f37d8273490b8d44f61ed3da83bb"},{"predicate":{"custom_model_data":15},"model":"item/c8d0cfa37dec47af9a9d96966b8525e4/68c66a3df28345d8a4341f3c30f41294"},{"predicate":{"custom_model_data":16},"model":"item/5d6a47c4e343415494b6aaf1b7611a1a/84d8ed3991f14d42b34c3f1a598d44b9"}]}