{"parent":"item/generated","textures":{"layer0":"item/stick"},"overrides":[{"predicate":{"custom_model_data":1},"model":"item/6221e6b3743a4bbb91955efc63d9d3d9/08d73a4561ae45b5a6e0e03af4c3f422"},{"predicate":{"custom_model_data":2},"model":"item/a925ac93652d44829b6cfb4e963542e8/534a661b786243fc9b046490b628be77"},{"predicate":{"custom_model_data":3},"model":"item/aa6eab296ef940938d870892de474259/a8ccf6b9a6404e788ed719692a9a144a"},{"predicate":{"custom_model_data":4},"model":"item/33679897b6ad443e88af14b0d47aa20e/49f355d4537246d1b9337bd654c7d2ff"},{"predicate":{"custom_model_data":5},"model":"item/950ad398002243ef84ab5eb4beec4e89/e4504f1872284623b0026c98552a946f"},{"predicate":{"custom_model_data":6},"model":"item/a85fbf8670ef47a8b560088c9b48f37d/c843750237ba4756a86159f4bdcdfb6e"},{"predicate":{"custom_model_data":7},"model":"item/bc0517640f6544bf9d7ef80c8c98bbee/a1a4798589cf4764aa378b91ea0fdd76"},{"predicate":{"custom_model_data":8},"model":"item/05e33bee3eb34686b61e5914a6b94130/2d6f05269fe84b5aabb57e25d2a06832"},{"predicate":{"custom_model_data":10},"model":"item/1bd339af81784ac0838d722bef0e8387/b7a78ad81b6d4a83b1fd949a429dfcf1"},{"predicate":{"custom_model_data":11},"model":"item/728771be9bf048a592bcafbbce86ec8f/9d67e48074624cdea4c3c08ad12ef93b"},{"predicate":{"custom_model_data":12},"model":"item/f8b91413844d436f9a1d84bca6993eff/7c03d9c0ff8d4e73bf3fe1c9c183feaf"},{"predicate":{"custom_model_data":13},"model":"item/246d9e869f2c48b381828635d31cc255/83d7cf9f24194905be095ef67a15929d"},{"predicate":{"custom_model_data":14},"model":"item/87d39b1c67294a8eb8c499ae2aafa64e/72c70925c77b46859a59cbfed322b74f"},{"predicate":{"custom_model_data":15},"model":"item/4ccf578445354e26a0654860de676a64/dda3a774112844f48781e9af79e51410"},{"predicate":{"custom_model_data":16},"model":"item/33b6614f0be5445bae8994bf79c9ff20/b366759a639149b9a69082e70d3ae32f"},{"predicate":{"custom_model_data":17},"model":"item/5c642531543d4417899d8b37a8a81f3a/d108befd4315407599c5c58aafcd7c7c"},{"predicate":{"custom_model_data":18},"model":"item/f601d49465e74956beb3f769f584b2f5/5d672d9fc1684f3fbaa380ff6317b691"},{"predicate":{"custom_model_data":19},"model":"item/43f556c7291c44bc8a7117e190f63c1f/30787e4c40f047a09bd71de914efd6b1"},{"predicate":{"custom_model_data":20},"model":"item/7d843616850e4d82a4d868a428d84460/a6e96d458b244b5096422e33887b9f85"},{"predicate":{"custom_model_data":21},"model":"item/47b7875fabb84e27b7e3723f5af07590/82c8ddf1b3dd4ccc86d9cb5660a0dcd3"}]}