{"parent":"item/generated","textures":{"layer0":"item/stick"},"overrides":[{"predicate":{"custom_model_data":1},"model":"item/352fc13db28c424c8a2ed6686d5e8d4d/e127623fc443448e8d0621b84191f56b"},{"predicate":{"custom_model_data":2},"model":"item/67343a9cd71b4cb2ad327c5ea1893b30/61f6d4729757424e87f887c4ecec3ca7"},{"predicate":{"custom_model_data":3},"model":"item/f23d120e040c49c0918d97f11d881659/3f3151de0e314d2d998dd38eae49f9b8"},{"predicate":{"custom_model_data":4},"model":"item/7a352223ba8b4ebf8183bacc9fd36452/cc325624745b4e5f9c1451cc46e8b99b"},{"predicate":{"custom_model_data":5},"model":"item/ad217452ec534c89a3272689ac97dd6e/d73c116cd8dc41eeb0714978cc1e1b7e"},{"predicate":{"custom_model_data":6},"model":"item/0b2233c688c049648dd6410c6facba48/96fcec8e7d1f4dfea63a42bb051cd1ac"},{"predicate":{"custom_model_data":7},"model":"item/cce030c000f147c5a1adea7971050950/24f3484236ea4da1972dc523a5c1e1fd"},{"predicate":{"custom_model_data":8},"model":"item/612c7b11623d4cfebe05752bb68855da/f89d30f05279463e81895203f497e6fe"},{"predicate":{"custom_model_data":10},"model":"item/674c44c23dd942a0a5597b47024e67c5/22d7ff691fa24dcc8ccc5a3e036a27be"},{"predicate":{"custom_model_data":11},"model":"item/b37ded00205145e6a09a9e179119cd20/6967733f82ec40aabf8dc33848f9c8e1"},{"predicate":{"custom_model_data":12},"model":"item/fc848ce72b464bf0ad4ac1bf958d063f/592c96b1dff44a7c9687e46378a8078c"},{"predicate":{"custom_model_data":13},"model":"item/0097c6afdc5b4faaba5eb31a4951995c/8fbd9d942d054aa38248de6606467a42"},{"predicate":{"custom_model_data":14},"model":"item/cc2495411d874df58c422db42546b003/e6af0c6af8244cef8cde7cea63fba053"},{"predicate":{"custom_model_data":15},"model":"item/8b9cc7fea722404bba93f9ad35585dad/fb3e6aea1b6e48e9bbefcc1b328dccea"},{"predicate":{"custom_model_data":16},"model":"item/079a68590acc4dba9282417d89ed4161/b0ee613828c347a7b7b4f249c8825187"}]}