{"parent":"item/generated","textures":{"layer0":"item/stick"},"overrides":[{"predicate":{"custom_model_data":1},"model":"item/2af729a26cf944bc950d69ff98b459a9/3ee22b97cc6c4446bc3f88766a103b58"},{"predicate":{"custom_model_data":2},"model":"item/e13e41293f754a5fb4b3699d36126b39/0bd82458ac764ea7bc45ef12cafa1818"},{"predicate":{"custom_model_data":3},"model":"item/d9fc41013412447ba0579fd01d45d9fa/36d02b86990344159cd8f5f2ca465f0a"},{"predicate":{"custom_model_data":4},"model":"item/a9e20d6e494e4ceb96710328151a1687/7ed0b221781b4163bf90f92988de7d09"},{"predicate":{"custom_model_data":5},"model":"item/3903fc59d5e44649bae481f87bd16c78/83c79bb12f164e598c1a81f06868197f"},{"predicate":{"custom_model_data":6},"model":"item/559fdac1a4c54781a6df6f5c5b7c9c8f/c038c23ea50644f28a0a9e65194913f3"},{"predicate":{"custom_model_data":7},"model":"item/8012af4083e54dcfa3ea6ec388b45594/7e29324388a24b5186df1e73d29b914b"},{"predicate":{"custom_model_data":8},"model":"item/22ba1b355369461b8e3f1b4206f38108/0ddd483d1a5d450ea5038467c3973ef5"},{"predicate":{"custom_model_data":10},"model":"item/3538b1a816e4475993e96aee270c10c6/764c318b77bc452caa6cd8a10139be80"},{"predicate":{"custom_model_data":11},"model":"item/26399503a98a4652986ec26aac02f53b/3d81ff520ecd476a9baf24a56fe50eab"},{"predicate":{"custom_model_data":12},"model":"item/5e4db44096f44459af7ac29de76afc20/070371d25817470dabebeb6192082d17"},{"predicate":{"custom_model_data":13},"model":"item/f55725cb4d0049ba9ab2dbe1760664da/0b0afbb2e21e4e7a802d49d236dd51c9"},{"predicate":{"custom_model_data":14},"model":"item/7dda6f5449604643978f79e17dc03268/14adc97623c1493e9e9f97b60094d142"}]}