{"parent":"item/generated","textures":{"layer0":"item/stick"},"overrides":[{"predicate":{"custom_model_data":1},"model":"item/c27eabf0eaba46c9bfee8f8e97363a0b/976fbee3a0304dcab2685a71c0537fed"},{"predicate":{"custom_model_data":2},"model":"item/e2dfa42a24264f91ab324f75a72e69bf/daa54839a04d498aa3ed29c18066b37b"},{"predicate":{"custom_model_data":3},"model":"item/87e57e87bba54f61a7006eb04c6f539b/70c0bd872a86468b952b08ace08a8b9d"},{"predicate":{"custom_model_data":4},"model":"item/5f4ea4c279d146ed8a0894ebbd6814b3/6c1e353e1a864e39a39ca7ff11e4947f"},{"predicate":{"custom_model_data":5},"model":"item/a9cb0e26f596497ba051904f9d72c6be/884c325bc6374fc0a335ab31cab7f4c9"},{"predicate":{"custom_model_data":6},"model":"item/e5ba3545b0d54fcb846e7137e2e8a7b3/95009a38ac6444409d12c50495d77b42"},{"predicate":{"custom_model_data":7},"model":"item/a7a6012213cc45ed933b1e54dbffba06/08e4bb8e19234ce3be1240fdd7892769"},{"predicate":{"custom_model_data":8},"model":"item/e01bbe07346f4035b3f251c0c085aa3b/9ca635ec6bea4d6ca03ff0ab2fb53fb0"},{"predicate":{"custom_model_data":10},"model":"item/258105aa56fd41eaa5059f6b5b99aff9/ca820776544148caa578252b8a654995"},{"predicate":{"custom_model_data":11},"model":"item/c584e2a605004c228613e217b52bccbd/23f34af0e2db4bd081f8186dcea0d694"},{"predicate":{"custom_model_data":12},"model":"item/e1f4745db6b24868a3b45cdafc8f20d0/2dbe13a53305430ab45a049bf6342456"},{"predicate":{"custom_model_data":13},"model":"item/b9f37566bbbb49e8a8a46347ee79cf61/f6c9fd448a0a42bd859e4f9494583178"},{"predicate":{"custom_model_data":14},"model":"item/0ffea1a85c99458c8ab56fdc9fb2ec84/95a319f9444842ac8093489775097b05"},{"predicate":{"custom_model_data":15},"model":"item/b19ed36832ea4490bf5000cd81ad17aa/39289d56946149eeb23fd608ecf80d8f"},{"predicate":{"custom_model_data":16},"model":"item/12c25b45c6724b6eb0a39337c9f04aa1/34aa3352a3294c8e931045a8a95fdc42"}]}