{"parent":"item/generated","textures":{"layer0":"item/stick"},"overrides":[{"predicate":{"custom_model_data":1},"model":"item/5ee05044830a4218aa69cfc3c8691e00/4fbf365a20c848a5802ef5e67f46d80c"},{"predicate":{"custom_model_data":2},"model":"item/847763ac659d416fa28b8e55041f7808/d18e9e2ee51540879259fe3cb33bc8f7"},{"predicate":{"custom_model_data":3},"model":"item/05757d887ff742528d552fc3541cd8d9/b11f6753a9e142669b945dc67d5eb7ea"},{"predicate":{"custom_model_data":4},"model":"item/6b9703559c7a4c4686c7d356d26cf663/87ec1d5ebe5848b6b47edb8447b06859"},{"predicate":{"custom_model_data":5},"model":"item/3428d32143c54b7b8e65acf6b03ddb1d/139318d5ecf2487bb89c6897bde833aa"},{"predicate":{"custom_model_data":6},"model":"item/b544814dddb449a6b417c54269fc396d/60258e73ec4b41708dae181046130dd7"},{"predicate":{"custom_model_data":7},"model":"item/64d9b1e5700e434caa082d68cf3be6b3/f3526ee843b24c408fb8a6198ea55037"},{"predicate":{"custom_model_data":8},"model":"item/76061010dd744f32b8a3d72dcac0162c/6c24cbacaa784f72873543a699a147d6"},{"predicate":{"custom_model_data":10},"model":"item/afc3fb9e0f054047bcada6f5c0f9b77d/dc646d1474df416c83744ab5affd76e4"},{"predicate":{"custom_model_data":11},"model":"item/1892b788369f4ed7917203861c31f38f/53c603f372a14f908763d34b231f28ca"},{"predicate":{"custom_model_data":12},"model":"item/d0eceda4afbe4d8586a17e96c01a3ec6/d77606cff3f9402b990bdfe52143be94"},{"predicate":{"custom_model_data":13},"model":"item/df1d89f201c44d5d95a1957d5d17773e/d85ec72b8a554876a5e4443d4306b55f"},{"predicate":{"custom_model_data":14},"model":"item/e59b92f1c88240849baf6f8c17f1a3c1/f9823a65c392441e85c437914cd134b6"},{"predicate":{"custom_model_data":15},"model":"item/250ebedd896748578429e4f69b3b9293/c996fba32d9148c98307144e25f26b85"},{"predicate":{"custom_model_data":16},"model":"item/98fafbdb3a2747f799bb42a1642f3553/32957d3e1c4a48d59b7966e39eed2adb"}]}