{"parent":"item/generated","textures":{"layer0":"item/stick"},"overrides":[{"predicate":{"custom_model_data":1},"model":"item/ba214737e1bc40c08cbc5b6555ca9b07/e6c0b84a5120401a898692fb2765fe74"},{"predicate":{"custom_model_data":2},"model":"item/fbed63a10a464c5696bbac23e35326b4/53e2e1065bc945b48d059514e962f516"},{"predicate":{"custom_model_data":3},"model":"item/aa4da4fef11f4b33b915edc9e7999cd1/335c439be3754e74ac71c5814584e617"},{"predicate":{"custom_model_data":4},"model":"item/3a2b7fe8921948d8a11e1aebd33d2a04/223941bcbdfd4d57931655db6be41730"},{"predicate":{"custom_model_data":5},"model":"item/764fc62e8e3d4218a9673f2696f03c6e/a9ef3ea42e8a4b46a97627294fad487d"},{"predicate":{"custom_model_data":6},"model":"item/5dd2c0af544e47d9aafa491d20701e0b/71cee327f1e4420baf3b4e47e1abef18"},{"predicate":{"custom_model_data":7},"model":"item/c24bbfb4ae0844e687b707864bfffc4b/70d219da85494963af2c731f6d6cb4c5"},{"predicate":{"custom_model_data":8},"model":"item/e6df2705ffb1437a8fa495b5ceca8cdf/154abc821a3a4cbd9a5c721a1e180cf0"},{"predicate":{"custom_model_data":10},"model":"item/76f2e159f4c64399b71102c75bcae7f9/3f2950e0cc4c4595bc8a437fd7296e25"},{"predicate":{"custom_model_data":11},"model":"item/590332e5b2dd43f99aff1e8ccf4db914/a3e15c16a4284703a753d9347e423e1f"},{"predicate":{"custom_model_data":12},"model":"item/d9fdd407bffa41d59d01011c53973a40/3ffb13171c2141288a5e65d110db8975"},{"predicate":{"custom_model_data":13},"model":"item/61616f20ba41434e8f84063d93d83f92/935c5b6ad03d4c6c9b18d8000a2185a6"},{"predicate":{"custom_model_data":14},"model":"item/4f24834df71d442593621cddf2305be6/eb9b507c222e4fe4aa761f5ca5bf4869"},{"predicate":{"custom_model_data":15},"model":"item/5752557964a844d487ab7b9eb514fb42/74772376eb5646a5b5ab788e5707246f"},{"predicate":{"custom_model_data":16},"model":"item/d67ffd6e60f44b20b1b61e2e8b293b14/be50159e7880436a92c7ebc5bc2d3234"},{"predicate":{"custom_model_data":17},"model":"item/c882bd5ee5f940b48f1683d34d6b1020/b9b94e21b50a445f87650d1923aa5e7b"},{"predicate":{"custom_model_data":18},"model":"item/0607b7d9f0604f99b54ff0aac3530d7c/99daa571c6e34df0befa7de7c72ea6f1"}]}