{"parent":"item/generated","textures":{"layer0":"item/stick"},"overrides":[{"predicate":{"custom_model_data":1},"model":"item/eebdce9eefbb469d98ca972ff08d44d7/82e3e598cafc4a7499ea80c2255010fb"},{"predicate":{"custom_model_data":2},"model":"item/d66aa2aada894703b10482d4f28d32d7/e622248a8868474791208a13cc1da8e3"},{"predicate":{"custom_model_data":3},"model":"item/03f2ad7501da4372afbdd5e9981c929f/733d884a47cc43c684b50bfa68146741"},{"predicate":{"custom_model_data":4},"model":"item/f7def0a8a91e4e318e0000bfb5a59239/32e1bb0e862d4b459db068541067cff9"},{"predicate":{"custom_model_data":5},"model":"item/3c1b7de020a9463aaa7ab4676bc1465c/343426f1258143679478bed2adecfd59"},{"predicate":{"custom_model_data":6},"model":"item/44feb78d7ee04ffb9bb1489166b55aa4/39a9d920a9d3430ba4faaf8051147187"},{"predicate":{"custom_model_data":7},"model":"item/553752826e6c4ec8aa94e39b9e9ed092/aed4968e8a6f45c38f5b92f8229ad5ab"},{"predicate":{"custom_model_data":8},"model":"item/a99668d379d64a29821bef8f3465c1fd/55db0797df4543d5a7850c9ffa2ab240"},{"predicate":{"custom_model_data":10},"model":"item/cf472c7aba6e45d9b3ae67538ba499cc/cd44ffa4622b49069d3581daae71343b"},{"predicate":{"custom_model_data":11},"model":"item/e8c6ccfcc20d4b1dac0004d748cb6b86/dde0b6343fb4489f96c220e8f999d6a8"},{"predicate":{"custom_model_data":12},"model":"item/a24a0226f6dc4a968d562967950ccbe2/8db484b761c44dc2af5e6448c37f3a52"},{"predicate":{"custom_model_data":13},"model":"item/a99554417a1646bb816b519c2da2d461/281f9cc6c97c4eec95410d3dec25fd6b"},{"predicate":{"custom_model_data":14},"model":"item/7c09659bcbfd4ab392b0b7bc70b0e89a/3418a6ddc81144009e1f0a96b438fe25"},{"predicate":{"custom_model_data":15},"model":"item/4c57aa734153481886c4fe1098d21afa/687ff8cd5dcb4590a8937b912f5a57c5"},{"predicate":{"custom_model_data":16},"model":"item/2bbfc2a8b4c845b99d1995e8fd03910f/c25f41cef61e40b29f0d6afac43fcf91"}]}