{"parent":"item/generated","textures":{"layer0":"item/stick"},"overrides":[{"predicate":{"custom_model_data":1},"model":"item/131f696158b147b480d6c4199f624f54/1fbaed46d740444aa552b1a496e511fb"},{"predicate":{"custom_model_data":2},"model":"item/5bcad77c58734e64bc80eecd807337d1/8461caa9e3bb4fe5b4ac60c24baca409"},{"predicate":{"custom_model_data":3},"model":"item/f41759a81b114acc90e15913757ab746/5e36180703bc4b969b3427321a9f8af6"},{"predicate":{"custom_model_data":4},"model":"item/7bdef16e261b44b6a2fbda45a350f6fe/85e5c074074a45dd8498d9b6fdbb35ea"},{"predicate":{"custom_model_data":5},"model":"item/6944fcca0dfb432fbe95046313619cde/a80b06a3220648a6973831f0fb0ecea5"},{"predicate":{"custom_model_data":6},"model":"item/94ae91fb201a4a91b49358dc7b8230e8/fcf0ee56e30744b48bc2f514b179bbe9"},{"predicate":{"custom_model_data":7},"model":"item/b32ea0163efe4e05aaf958534d7fc07f/1fb27466f2d3465cb37d53f6bde67b97"},{"predicate":{"custom_model_data":8},"model":"item/38a42909c227414a82d8514d5714aaa2/38e63a0b3f7c48bcb939726e64fbb99b"},{"predicate":{"custom_model_data":10},"model":"item/b504ef298f9345cab6013a74098bb645/9ec27e2cda6d4df8b8dab977abe4c548"},{"predicate":{"custom_model_data":11},"model":"item/ebc2aae1c0394de784811655ec646cd0/60414900de5a4ccfb7f670efe0868222"},{"predicate":{"custom_model_data":12},"model":"item/adf97f8aa27640c2aa1cd3c06ae6fb71/55bfbdd7dfdc4168a9e70755e02aecf2"},{"predicate":{"custom_model_data":13},"model":"item/f9c480e1b6f848b78accba2f71626d96/20b0f2b37aac4cddb2f292fb70fa56b1"},{"predicate":{"custom_model_data":14},"model":"item/15b2dc5dd25f4ee0ae79b64ca2f06ce9/8825a06a85794efb9fd66a8e6615f23b"},{"predicate":{"custom_model_data":15},"model":"item/6e1e599a7fee431ca23f06c32447a5dc/d6bce32657ef418a92a73f2b2f393fe6"},{"predicate":{"custom_model_data":16},"model":"item/ee3946201c6248a999ff310daa3b98a8/9291d386d2d44e7f99bb6dacf47c70fe"}]}