{"format_version":"1.9.0","credit":"Made with Blockbench","textures":{"0":"item/ccebaaa13c6840bca935313f97bc4496/579ab6ff60344ee0b2a2e3936a84c6b6"},"elements":[{"from":[6,6,5],"to":[10,8,9],"rotation":{"angle":0,"axis":"y","origin":[6,6,5]},"faces":{"north":{"uv":[0,8,4,10],"texture":"#0"},"east":{"uv":[8,0,12,2],"texture":"#0"},"south":{"uv":[8,2,12,4],"texture":"#0"},"west":{"uv":[8,4,12,6],"texture":"#0"},"up":{"uv":[4,4,0,0],"texture":"#0"},"down":{"uv":[4,4,0,8],"texture":"#0"}}},{"from":[7,0,6],"to":[9,6,8],"rotation":{"angle":0,"axis":"y","origin":[7,0,6]},"faces":{"north":{"uv":[4,0,6,6],"texture":"#0"},"east":{"uv":[6,0,8,6],"texture":"#0"},"south":{"uv":[4,6,6,12],"texture":"#0"},"west":{"uv":[6,6,8,12],"texture":"#0"},"up":{"uv":[10,8,8,6],"texture":"#0"},"down":{"uv":[10,8,8,10],"texture":"#0"}}}],"display":{"gui":{"rotation":[22,53,0],"translation":[1.5,4.5,0],"scale":[1.5,1.5,1.5]},"head":{"translation":[0,3.5,1.5],"scale":[1.5,1.5,1.5]}},"groups":[{"name":"group","origin":[6,6,5],"color":0,"children":[0,1]}]}