{"format_version":"1.21.11","credit":"Made with Blockbench","texture_size":[64,64],"textures":{"0":"item/bad9c3c91b904d549bc606379f9321d2/42ebfd0ebcfc408c92c8280c0bf2b11a"},"elements":[{"name":"bone","from":[5,0,4],"to":[12,5,11],"rotation":{"angle":0,"axis":"y","origin":[8,0,8]},"faces":{"north":{"uv":[1.75,8.5,3.5,9.75],"texture":"#0"},"east":{"uv":[0,8.5,1.75,9.75],"texture":"#0"},"south":{"uv":[5.25,8.5,7,9.75],"texture":"#0"},"west":{"uv":[3.5,8.5,5.25,9.75],"texture":"#0"},"up":{"uv":[3.5,8.5,1.75,6.75],"texture":"#0"},"down":{"uv":[5.25,6.75,3.5,8.5],"texture":"#0"}}},{"name":"bone","from":[4,5,3],"to":[13,7,12],"rotation":{"angle":0,"axis":"y","origin":[8,0,8]},"faces":{"north":{"uv":[2.25,6.25,4.5,6.75],"texture":"#0"},"east":{"uv":[0,6.25,2.25,6.75],"texture":"#0"},"south":{"uv":[6.75,6.25,9,6.75],"texture":"#0"},"west":{"uv":[4.5,6.25,6.75,6.75],"texture":"#0"},"up":{"uv":[4.5,6.25,2.25,4],"texture":"#0"},"down":{"uv":[6.75,4,4.5,6.25],"texture":"#0"}}},{"name":"bone","from":[5.5,7,4.5],"to":[11.5,16,10.5],"rotation":{"angle":0,"axis":"y","origin":[8,0,8]},"faces":{"north":{"uv":[8.5,8.25,10,10.5],"texture":"#0"},"east":{"uv":[7,8.25,8.5,10.5],"texture":"#0"},"south":{"uv":[11.5,8.25,13,10.5],"texture":"#0"},"west":{"uv":[10,8.25,11.5,10.5],"texture":"#0"},"up":{"uv":[10,8.25,8.5,6.75],"texture":"#0"},"down":{"uv":[11.5,6.75,10,8.25],"texture":"#0"}}},{"name":"bone8","from":[-1.5,3,4.4],"to":[19.5,19,4.4],"rotation":{"angle":0,"axis":"y","origin":[8,0,8]},"faces":{"north":{"uv":[0,0,5.25,4],"texture":"#0"},"east":{"uv":[0,0,0,4],"texture":"#0"},"south":{"uv":[5.25,0,10.5,4],"texture":"#0"},"west":{"uv":[5.25,0,5.25,4],"texture":"#0"},"up":{"uv":[5.25,0,0,0],"texture":"#0"},"down":{"uv":[10.5,0,5.25,0],"texture":"#0"}}},{"name":"bone4","from":[5,16,5],"to":[11,20,11],"rotation":{"angle":0,"axis":"y","origin":[8,0,8]},"faces":{"north":{"uv":[1.5,11.25,3,12.25],"texture":"#0"},"east":{"uv":[0,11.25,1.5,12.25],"texture":"#0"},"south":{"uv":[4.5,11.25,6,12.25],"texture":"#0"},"west":{"uv":[3,11.25,4.5,12.25],"texture":"#0"},"up":{"uv":[3,11.25,1.5,9.75],"texture":"#0"},"down":{"uv":[4.5,9.75,3,11.25],"texture":"#0"}}},{"name":"bone5","from":[4.2639,16.4308,7.6828],"to":[9.2639,21.4308,11.6828],"rotation":{"angle":0,"axis":"y","origin":[8,0,8]},"faces":{"north":{"uv":[11.5,1,12.75,2.25],"texture":"#0"},"east":{"uv":[10.5,1,11.5,2.25],"texture":"#0"},"south":{"uv":[13.75,1,15,2.25],"texture":"#0"},"west":{"uv":[12.75,1,13.75,2.25],"texture":"#0"},"up":{"uv":[12.75,1,11.5,0],"texture":"#0"},"down":{"uv":[14,0,12.75,1],"texture":"#0"}}},{"name":"bone6","from":[4.4168,16.5113,11.8002],"to":[6.4168,21.5113,13.8002],"rotation":{"angle":0,"axis":"y","origin":[8,0,8]},"faces":{"north":{"uv":[0.5,4.5,1,5.75],"texture":"#0"},"east":{"uv":[0,4.5,0.5,5.75],"texture":"#0"},"south":{"uv":[1.5,4.5,2,5.75],"texture":"#0"},"west":{"uv":[1,4.5,1.5,5.75],"texture":"#0"},"up":{"uv":[1,4.5,0.5,4],"texture":"#0"},"down":{"uv":[1.5,4,1,4.5],"texture":"#0"}}},{"name":"bone6","from":[3.9168,21.5113,11.3002],"to":[6.9168,24.5113,14.3002],"rotation":{"angle":0,"axis":"y","origin":[8,0,8]},"faces":{"north":{"uv":[6,7.5,6.75,8.25],"texture":"#0"},"east":{"uv":[5.25,7.5,6,8.25],"texture":"#0"},"south":{"uv":[7.5,7.5,8.25,8.25],"texture":"#0"},"west":{"uv":[6.75,7.5,7.5,8.25],"texture":"#0"},"up":{"uv":[6.75,7.5,6,6.75],"texture":"#0"},"down":{"uv":[7.5,6.75,6.75,7.5],"texture":"#0"}}},{"name":"bone3","from":[5,14.5,4.25],"to":[12,16.5,11.25],"rotation":{"angle":0,"axis":"y","origin":[8,0,8]},"faces":{"north":{"uv":[8.5,5.75,10.25,6.25],"texture":"#0"},"east":{"uv":[6.75,5.75,8.5,6.25],"texture":"#0"},"south":{"uv":[12,5.75,13.75,6.25],"texture":"#0"},"west":{"uv":[10.25,5.75,12,6.25],"texture":"#0"},"up":{"uv":[10.25,5.75,8.5,4],"texture":"#0"},"down":{"uv":[12,4,10.25,5.75],"texture":"#0"}}},{"name":"bone2","from":[3.25,9,6],"to":[6.25,12,9],"rotation":{"angle":0,"axis":"y","origin":[8,0,8]},"faces":{"north":{"uv":[5.25,10.5,6,11.25],"texture":"#0"},"east":{"uv":[4.5,10.5,5.25,11.25],"texture":"#0"},"south":{"uv":[6.75,10.5,7.5,11.25],"texture":"#0"},"west":{"uv":[6,10.5,6.75,11.25],"texture":"#0"},"up":{"uv":[6,10.5,5.25,9.75],"texture":"#0"},"down":{"uv":[6.75,9.75,6,10.5],"texture":"#0"}}},{"name":"bone7","from":[10.75,10,6],"to":[13.75,13,9],"rotation":{"angle":0,"axis":"y","origin":[8,0,8]},"faces":{"north":{"uv":[6,10.5,5.25,11.25],"texture":"#0"},"east":{"uv":[6.75,10.5,6,11.25],"texture":"#0"},"south":{"uv":[7.5,10.5,6.75,11.25],"texture":"#0"},"west":{"uv":[5.25,10.5,4.5,11.25],"texture":"#0"},"up":{"uv":[5.25,10.5,6,9.75],"texture":"#0"},"down":{"uv":[6,9.75,6.75,10.5],"texture":"#0"}}}],"display":{"gui":{"rotation":[-24,-124,-10],"translation":[0,-2.25,0],"scale":[0.7,0.7,0.7]},"head":{"translation":[17,-41.25,0]}},"groups":[{"name":"bone","origin":[9,0,7],"color":0,"children":[0,1,2,{"name":"bone8","origin":[9,11,4.4],"color":1,"children":[3]},{"name":"bone4","origin":[8,18.5,8],"color":2,"children":[4]},{"name":"bone5","origin":[6.7639,18.9308,9.6828],"color":3,"children":[5]},{"name":"bone6","origin":[5.9168,19.0113,12.3002],"color":4,"children":[6,7]},{"name":"bone3","origin":[8.5,15.5,7.75],"color":5,"children":[8]},{"name":"bone2","origin":[4.75,10.5,7.5],"color":6,"children":[9]},{"name":"bone7","origin":[12.25,11.5,7.5],"color":7,"children":[10]}]}]}