{"format_version":"1.9.0","credit":"Made with Blockbench","texture_size":[32,32],"textures":{"0":"item/09cee5a795934d1692d715f9b9d6b32f/ccaf32cfd2204675b2deb6c7bf3f7767"},"elements":[{"from":[8,9,7],"to":[10,14,9],"rotation":{"angle":0,"axis":"y","origin":[8,9,7]},"faces":{"north":{"uv":[6,0,7,2.5],"texture":"#0"},"east":{"uv":[6,2.5,7,5],"texture":"#0"},"south":{"uv":[6,5,7,7.5],"texture":"#0"},"west":{"uv":[2,6.5,3,9],"texture":"#0"},"up":{"uv":[4,7.5,3,6.5],"texture":"#0"},"down":{"uv":[5,6.5,4,7.5],"texture":"#0"}}},{"from":[7,0,6],"to":[11,9,10],"rotation":{"angle":0,"axis":"y","origin":[7,0,6]},"faces":{"north":{"uv":[0,0,2,4.5],"texture":"#0"},"east":{"uv":[2,0,4,4.5],"texture":"#0"},"south":{"uv":[4,0,6,4.5],"texture":"#0"},"west":{"uv":[0,4.5,2,9],"texture":"#0"},"up":{"uv":[4,6.5,2,4.5],"texture":"#0"},"down":{"uv":[6,4.5,4,6.5],"texture":"#0"}}}],"display":{"gui":{"rotation":[22,53,0],"translation":[1.5,4.5,0],"scale":[1.5,1.5,1.5]},"head":{"translation":[0,3.5,1.5],"scale":[1.5,1.5,1.5]}},"groups":[{"name":"group","origin":[8,9,7],"color":0,"children":[0,1]}]}