{"format_version":"1.9.0","credit":"Made with Blockbench","texture_size":[32,32],"textures":{"0":"item/518ef9c559064ff38be27e55457b33d4/bf33a6c83e1a41c397627d86faf6d749"},"elements":[{"from":[9,1,8],"to":[11,4,10],"rotation":{"angle":0,"axis":"y","origin":[9,1,8]},"faces":{"north":{"uv":[9,6,10,7.5],"texture":"#0"},"east":{"uv":[9,7.5,10,9],"texture":"#0"},"south":{"uv":[9,9,10,10.5],"texture":"#0"},"west":{"uv":[4,10,5,11.5],"texture":"#0"},"up":{"uv":[8,11,7,10],"texture":"#0"},"down":{"uv":[11,7,10,8],"texture":"#0"}}},{"from":[5,12,8],"to":[7,16,9],"rotation":{"angle":0,"axis":"y","origin":[5,12,8]},"faces":{"north":{"uv":[4,8,5,10],"texture":"#0"},"east":{"uv":[8,10,8.5,12],"texture":"#0"},"south":{"uv":[8,4,9,6],"texture":"#0"},"west":{"uv":[10,8,10.5,10],"texture":"#0"},"up":{"uv":[12,11.5,11,11],"texture":"#0"},"down":{"uv":[5,11.5,4,12],"texture":"#0"}}},{"from":[4,4,5],"to":[12,12,13],"rotation":{"angle":0,"axis":"y","origin":[4,4,5]},"faces":{"north":{"uv":[0,0,4,4],"texture":"#0"},"east":{"uv":[0,4,4,8],"texture":"#0"},"south":{"uv":[4,0,8,4],"texture":"#0"},"west":{"uv":[4,4,8,8],"texture":"#0"},"up":{"uv":[4,12,0,8],"texture":"#0"},"down":{"uv":[12,0,8,4],"texture":"#0"}}},{"from":[5,16,7],"to":[7,20,8],"rotation":{"angle":0,"axis":"y","origin":[5,14,8]},"faces":{"north":{"uv":[5,8,6,10],"texture":"#0"},"east":{"uv":[8.5,10,9,12],"texture":"#0"},"south":{"uv":[6,8,7,10],"texture":"#0"},"west":{"uv":[10,10,10.5,12],"texture":"#0"},"up":{"uv":[6,12,5,11.5],"texture":"#0"},"down":{"uv":[7,11.5,6,12],"texture":"#0"}}},{"from":[9,12,8],"to":[11,16,9],"rotation":{"angle":0,"axis":"y","origin":[9,12,8]},"faces":{"north":{"uv":[8,6,9,8],"texture":"#0"},"east":{"uv":[10.5,8,11,10],"texture":"#0"},"south":{"uv":[7,8,8,10],"texture":"#0"},"west":{"uv":[9,10.5,9.5,12.5],"texture":"#0"},"up":{"uv":[12,12,11,11.5],"texture":"#0"},"down":{"uv":[1,12,0,12.5],"texture":"#0"}}},{"from":[9,16,7],"to":[11,20,8],"rotation":{"angle":0,"axis":"y","origin":[9,14,8]},"faces":{"north":{"uv":[8,8,9,10],"texture":"#0"},"east":{"uv":[9.5,10.5,10,12.5],"texture":"#0"},"south":{"uv":[9,4,10,6],"texture":"#0"},"west":{"uv":[10.5,10,11,12],"texture":"#0"},"up":{"uv":[13,0.5,12,0],"texture":"#0"},"down":{"uv":[13,0.5,12,1],"texture":"#0"}}},{"from":[5,8,4.5],"to":[7,10,5],"rotation":{"angle":0,"axis":"y","origin":[5,8,4]},"faces":{"north":{"uv":[11,4,12,5],"texture":"#0"},"east":{"uv":[1,12,1.5,13],"texture":"#0"},"south":{"uv":[11,5,12,6],"texture":"#0"},"west":{"uv":[12,1,12.5,2],"texture":"#0"},"up":{"uv":[2.5,12.5,1.5,12],"texture":"#0"},"down":{"uv":[13,2,12,2.5],"texture":"#0"}}},{"from":[9,8,4.5],"to":[11,10,5],"rotation":{"angle":0,"axis":"y","origin":[9,8,4]},"faces":{"north":{"uv":[11,6,12,7],"texture":"#0"},"east":{"uv":[2.5,12,3,13],"texture":"#0"},"south":{"uv":[7,11,8,12],"texture":"#0"},"west":{"uv":[12,2.5,12.5,3.5],"texture":"#0"},"up":{"uv":[4,12.5,3,12],"texture":"#0"},"down":{"uv":[13,3.5,12,4],"texture":"#0"}}},{"from":[7.25,6,4],"to":[8.75,7.5,5],"rotation":{"angle":0,"axis":"y","origin":[7,6,3]},"faces":{"north":{"uv":[11,7,12,8],"texture":"#0"},"east":{"uv":[4,12,4.5,13],"texture":"#0"},"south":{"uv":[11,8,12,9],"texture":"#0"},"west":{"uv":[12,4,12.5,5],"texture":"#0"},"up":{"uv":[5.5,12.5,4.5,12],"texture":"#0"},"down":{"uv":[13,5,12,5.5],"texture":"#0"}}},{"from":[5,10,4.75],"to":[7,11,5],"rotation":{"angle":0,"axis":"y","origin":[5,10,4]},"faces":{"north":{"uv":[5.5,12,6.5,12.5],"texture":"#0"},"east":{"uv":[12,8,12.5,8.5],"texture":"#0"},"south":{"uv":[12,5.5,13,6],"texture":"#0"},"west":{"uv":[8.5,12,9,12.5],"texture":"#0"},"up":{"uv":[13,6.5,12,6],"texture":"#0"},"down":{"uv":[7.5,12,6.5,12.5],"texture":"#0"}}},{"from":[9,10,4.75],"to":[11,11,5],"rotation":{"angle":0,"axis":"y","origin":[9,10,4]},"faces":{"north":{"uv":[12,6.5,13,7],"texture":"#0"},"east":{"uv":[12,8.5,12.5,9],"texture":"#0"},"south":{"uv":[12,7,13,7.5],"texture":"#0"},"west":{"uv":[12,9,12.5,9.5],"texture":"#0"},"up":{"uv":[8.5,12.5,7.5,12],"texture":"#0"},"down":{"uv":[13,7.5,12,8],"texture":"#0"}}},{"from":[5,1,8],"to":[7,4,10],"rotation":{"angle":0,"axis":"y","origin":[5,1,8]},"faces":{"north":{"uv":[10,4,11,5.5],"texture":"#0"},"east":{"uv":[5,10,6,11.5],"texture":"#0"},"south":{"uv":[10,5.5,11,7],"texture":"#0"},"west":{"uv":[6,10,7,11.5],"texture":"#0"},"up":{"uv":[12,10,11,9],"texture":"#0"},"down":{"uv":[12,10,11,11],"texture":"#0"}}},{"from":[2,5,8],"to":[4,8,10],"rotation":{"angle":0,"axis":"y","origin":[1,5,8]},"faces":{"north":{"uv":[10,4,11,5.5],"texture":"#0"},"east":{"uv":[5,10,6,11.5],"texture":"#0"},"south":{"uv":[10,5.5,11,7],"texture":"#0"},"west":{"uv":[6,10,7,11.5],"texture":"#0"},"up":{"uv":[12,10,11,9],"texture":"#0"},"down":{"uv":[12,10,11,11],"texture":"#0"}}},{"from":[12,5,8],"to":[14,8,10],"rotation":{"angle":0,"axis":"y","origin":[11,5,8]},"faces":{"north":{"uv":[10,4,11,5.5],"texture":"#0"},"east":{"uv":[5,10,6,11.5],"texture":"#0"},"south":{"uv":[10,5.5,11,7],"texture":"#0"},"west":{"uv":[6,10,7,11.5],"texture":"#0"},"up":{"uv":[12,10,11,9],"texture":"#0"},"down":{"uv":[12,10,11,11],"texture":"#0"}}}],"display":{"gui":{"rotation":[-9,140,20],"translation":[0,-2.25,0]},"head":{"translation":[21.5,-40.75,-1.5],"scale":[1.3,1.3,1.3]}},"groups":[{"name":"group","origin":[9,1,8],"color":0,"children":[0,1,2,3,4,5,6,7,8,9,10,11,12,13]}]}